ISO-10303-21;
HEADER;
FILE_DESCRIPTION (( 'STEP AP203' ),
    '1' );
FILE_NAME ('HX-35H直U支架.STEP',
    '2022-05-04T03:01:40',
    ( '' ),
    ( '' ),
    'SwSTEP 2.0',
    'SolidWorks 2017',
    '' );
FILE_SCHEMA (( 'CONFIG_CONTROL_DESIGN' ));
ENDSEC;

DATA;
#1 = CARTESIAN_POINT ( 'NONE',  ( 115.2872163415747300, 16.39438448116719700, 313.0966053090338100 ) ) ;
#2 = CARTESIAN_POINT ( 'NONE',  ( 110.6503813638965000, 17.89438507834088200, 313.9694058189152200 ) ) ;
#3 = CARTESIAN_POINT ( 'NONE',  ( 113.6925729120332800, -22.00157459363890700, 308.3981455041409800 ) ) ;
#4 = CARTESIAN_POINT ( 'NONE',  ( 114.0799485781700500, 17.89438463664997400, 307.7811866465052600 ) ) ;
#5 = CARTESIAN_POINT ( 'NONE',  ( 108.1666430912643200, -23.50157530531854600, 304.2557562286972400 ) ) ;
#6 = VERTEX_POINT ( 'NONE', #4791 ) ;
#7 = CARTESIAN_POINT ( 'NONE',  ( 108.6004269667915600, -23.50157524945197100, 318.7288753442324500 ) ) ;
#8 = CARTESIAN_POINT ( 'NONE',  ( 113.7363180538082800, 16.39438468090595400, 311.5459367771750900 ) ) ;
#9 = SECURITY_CLASSIFICATION_LEVEL ( 'unclassified' ) ;
#10 = B_SPLINE_CURVE_WITH_KNOTS ( 'NONE', 3,
 ( #2735, #6147, #3291, #3767, #3729, #2753, #1305, #2775, #1771, #6091, #1812, #5119, #2265, #5603, #6075, #378, #3703, #3211 ),
 .UNSPECIFIED., .F., .F.,
 ( 4, 2, 2, 2, 2, 2, 2, 2, 4 ),
 ( 0.0000000000000000000, 0.1250000000000000000, 0.2500000000000000000, 0.3750000000000000000, 0.5000000000000000000, 0.6250000000000000000, 0.7500000000000000000, 0.8750000000000000000, 1.000000000000000000 ),
 .UNSPECIFIED. ) ;
#11 = B_SPLINE_CURVE_WITH_KNOTS ( 'NONE', 3,
 ( #977, #2343, #536, #1451, #3779, #6162, #3306, #2362, #954, #6180, #512, #1017, #468, #5725, #4743, #50, #2867, #2885 ),
 .UNSPECIFIED., .F., .F.,
 ( 4, 2, 2, 2, 2, 2, 2, 2, 4 ),
 ( 0.0000000000000000000, 0.1250000000000000000, 0.2500000000000000000, 0.3750000000000000000, 0.5000000000000000000, 0.6250000000000000000, 0.7500000000000000000, 0.8750000000000000000, 1.000000000000000000 ),
 .UNSPECIFIED. ) ;
#12 = CARTESIAN_POINT ( 'NONE',  ( 111.1114545938273700, 16.39438501895962100, 312.2165221234050100 ) ) ;
#13 = CARTESIAN_POINT ( 'NONE',  ( 109.3661649316945600, -22.00157515083326500, 315.2543353907306000 ) ) ;
#14 = ORIENTED_EDGE ( 'NONE', *, *, #4152, .F. ) ;
#15 = CARTESIAN_POINT ( 'NONE',  ( 107.3223646621724600, -22.00157541405251700, 320.2879363579476100 ) ) ;
#16 = CARTESIAN_POINT ( 'NONE',  ( 113.7666393351569000, -23.50157458409995900, 306.2095504513999300 ) ) ;
#17 = CARTESIAN_POINT ( 'NONE',  ( 105.2978608433425900, 16.39438576768703700, 309.5802934123503300 ) ) ;
#18 = CARTESIAN_POINT ( 'NONE',  ( 101.1120718073686500, -22.00157621387064600, 307.6798427169298400 ) ) ;
#19 = CIRCLE ( 'NONE', #5168, 1.600000000000010700 ) ;
#20 = CARTESIAN_POINT ( 'NONE',  ( 119.0617339564258800, -23.50157390214944900, 315.2744100258167400 ) ) ;
#21 = CARTESIAN_POINT ( 'NONE',  ( 115.4271693325212600, 16.39438446314260400, 303.3073993680330900 ) ) ;
#22 = CARTESIAN_POINT ( 'NONE',  ( 106.6505745611803100, 17.89438559347235000, 319.7713667812112700 ) ) ;
#23 = CARTESIAN_POINT ( 'NONE',  ( 103.6423669394758300, 16.39438598089645500, 305.9846927683984700 ) ) ;
#24 = CYLINDRICAL_SURFACE ( 'NONE', #5924, 1.099999999999934400 ) ;
#25 = CARTESIAN_POINT ( 'NONE',  ( 101.7113138377088400, 17.89438622959509200, 312.0723655925215800 ) ) ;
#26 = CARTESIAN_POINT ( 'NONE',  ( 113.8433207200914600, 17.89438466712506000, 308.2473978892665500 ) ) ;
#27 = CARTESIAN_POINT ( 'NONE',  ( 113.6925729120333600, 16.39438468653972700, 308.3981455041409300 ) ) ;
#28 = CARTESIAN_POINT ( 'NONE',  ( 102.1452760000103300, 16.39438617370541400, 305.7483548845142400 ) ) ;
#29 = DIRECTION ( 'NONE',  ( 0.0000000000000000000, 0.0000000000000000000, 1.000000000000000000 ) ) ;
#30 = DIRECTION ( 'NONE',  ( 1.000000000000000000, 0.0000000000000000000, 0.0000000000000000000 ) ) ;
#31 = CARTESIAN_POINT ( 'NONE',  ( 108.7114547870129700, 17.89438532805331100, 305.2165221225490100 ) ) ;
#32 = APPROVAL_STATUS ( 'not_yet_approved' ) ;
#33 = CARTESIAN_POINT ( 'NONE',  ( 103.6425636396917600, -23.50157588797079500, 305.9848892754307600 ) ) ;
#34 = CARTESIAN_POINT ( 'NONE',  ( 104.4655844713167000, -22.00157578197464800, 313.7680796951631800 ) ) ;
#35 = CARTESIAN_POINT ( 'NONE',  ( 107.4672703511382400, 16.39438548829067700, 306.3097215714321400 ) ) ;
#36 = FACE_OUTER_BOUND ( 'NONE', #6108, .T. ) ;
#37 = CARTESIAN_POINT ( 'NONE',  ( 101.6007708868841500, -22.00157615093155500, 311.7295848452877700 ) ) ;
#38 = CARTESIAN_POINT ( 'NONE',  ( 112.4564528312713800, -23.50157475283770100, 305.6666932671869300 ) ) ;
#39 = CARTESIAN_POINT ( 'NONE',  ( 99.93568684068098700, 16.39438645827643300, 311.3364380419535600 ) ) ;
#40 = CARTESIAN_POINT ( 'NONE',  ( 123.5451026297750000, 17.89438341764170600, 324.0426435991170100 ) ) ;
#41 = AXIS2_PLACEMENT_3D ( 'NONE', #5130, #5065, #2272 ) ;
#42 = CARTESIAN_POINT ( 'NONE',  ( 103.4629470341549900, 17.89438600400390600, 315.7765338698858400 ) ) ;
#43 = CARTESIAN_POINT ( 'NONE',  ( 119.1356350871822500, 16.39438398553279100, 309.5328975673221000 ) ) ;
#44 = VERTEX_POINT ( 'NONE', #518 ) ;
#45 = CARTESIAN_POINT ( 'NONE',  ( 106.9408692484547000, 16.39438555608555200, 320.0916586625879200 ) ) ;
#46 = CARTESIAN_POINT ( 'NONE',  ( 109.7492330706449900, 17.89438519439893200, 314.9982838955685300 ) ) ;
#47 = CARTESIAN_POINT ( 'NONE',  ( 108.4920587320629900, -23.50157526340856900, 305.8917641799380900 ) ) ;
#48 = CARTESIAN_POINT ( 'NONE',  ( 112.1452520405489100, 16.39438488581771800, 305.7177230573852900 ) ) ;
#49 = CARTESIAN_POINT ( 'NONE',  ( 104.1335595844160800, -23.50157582473592300, 312.6749902375693200 ) ) ;
#50 = CARTESIAN_POINT ( 'NONE',  ( 101.2645756346249900, 17.89438628713013900, 316.3582496123328300 ) ) ;
#51 = CARTESIAN_POINT ( 'NONE',  ( 106.8854428040532700, -23.50157547032329600, 318.3870052037592600 ) ) ;
#52 = ORIENTED_EDGE ( 'NONE', *, *, #5712, .F. ) ;
#53 = CARTESIAN_POINT ( 'NONE',  ( 101.6803040876094300, 17.89438623358873700, 305.9852731688251300 ) ) ;
#54 = PLANE ( 'NONE',  #5543 ) ;
#55 = CARTESIAN_POINT ( 'NONE',  ( 104.8265535450655600, -22.00157573548580800, 314.3498970519823400 ) ) ;
#56 = CARTESIAN_POINT ( 'NONE',  ( 107.7556088688134400, 16.39438545115582700, 306.3163869779749000 ) ) ;
#57 = ORIENTED_EDGE ( 'NONE', *, *, #5436, .T. ) ;
#58 = CARTESIAN_POINT ( 'NONE',  ( 101.7115215906434100, -22.00157613666807400, 312.1452647846444400 ) ) ;
#59 = CARTESIAN_POINT ( 'NONE',  ( 111.5805424413634600, -23.50157486564544800, 305.9846927684014900 ) ) ;
#60 = CARTESIAN_POINT ( 'NONE',  ( 99.51158422294994900, 16.39438651289623300, 312.3606764386780700 ) ) ;
#61 = CARTESIAN_POINT ( 'NONE',  ( 103.0776571471067500, -22.00157596072459800, 305.7177230573851100 ) ) ;
#62 = CARTESIAN_POINT ( 'NONE',  ( 116.5004505982977000, -22.00157423201475000, 304.4065011100347500 ) ) ;
#63 = ORIENTED_EDGE ( 'NONE', *, *, #329, .F. ) ;
#64 = CARTESIAN_POINT ( 'NONE',  ( 112.8469046258151100, 16.39438479545248500, 301.6051667339712600 ) ) ;
#65 = CIRCLE ( 'NONE', #6058, 1.099999999999986500 ) ;
#66 = CARTESIAN_POINT ( 'NONE',  ( 115.6767117725250700, 16.39438443100446500, 312.5018187477683100 ) ) ;
#67 = CARTESIAN_POINT ( 'NONE',  ( 111.2798050449324400, 17.89438499727786800, 306.2854301648325200 ) ) ;
#68 = CARTESIAN_POINT ( 'NONE',  ( 101.1623035996462400, 17.89438630030159400, 311.2612806110416800 ) ) ;
#69 = CARTESIAN_POINT ( 'NONE',  ( 114.0792149656558900, 17.89438463674445100, 306.7501506681572300 ) ) ;
#70 = CARTESIAN_POINT ( 'NONE',  ( 76.11368797334542100, -7.753342210153429700, 317.1662699092009900 ) ) ;
#71 = CARTESIAN_POINT ( 'NONE',  ( 104.8265537382492600, -23.50157573548579400, 314.3498970519823400 ) ) ;
#72 = ORIENTED_EDGE ( 'NONE', *, *, #2435, .T. ) ;
#73 = CARTESIAN_POINT ( 'NONE',  ( 114.0605999699703100, 17.89438463914203200, 313.1717622859301300 ) ) ;
#74 = FACE_OUTER_BOUND ( 'NONE', #2738, .T. ) ;
#75 = CARTESIAN_POINT ( 'NONE',  ( 101.0618136849966600, -22.00157622034331700, 307.1601467227555400 ) ) ;
#76 = CARTESIAN_POINT ( 'NONE',  ( 103.9438257834791100, -23.50157584917152300, 306.2861514192181300 ) ) ;
#77 = ORIENTED_EDGE ( 'NONE', *, *, #4558, .T. ) ;
#78 = EDGE_CURVE ( 'NONE', #4540, #3212, #6185, .T. ) ;
#79 = CARTESIAN_POINT ( 'NONE',  ( 101.1026637359989200, -23.50157621508229200, 306.8488027334282700 ) ) ;
#80 = CARTESIAN_POINT ( 'NONE',  ( 110.3939127581327700, -22.00157501847052200, 314.3531282257542900 ) ) ;
#81 = VECTOR ( 'NONE', #1122, 1000.000000000000000 ) ;
#82 = CARTESIAN_POINT ( 'NONE',  ( 108.4401628793768400, 16.39438536299274000, 305.9433811860969300 ) ) ;
#83 = EDGE_CURVE ( 'NONE', #2620, #2446, #5326, .T. ) ;
#84 = CARTESIAN_POINT ( 'NONE',  ( 113.3642589959208100, 17.89438472882298100, 308.6553067057716900 ) ) ;
#85 = CARTESIAN_POINT ( 'NONE',  ( 103.0764131812995600, 16.39438605378515800, 308.8161403989174100 ) ) ;
#86 = CARTESIAN_POINT ( 'NONE',  ( 111.5045230480793400, -22.00157487543605600, 318.3723322765970400 ) ) ;
#87 = CARTESIAN_POINT ( 'NONE',  ( 103.3711119950680800, -22.00157592293080500, 305.8283512273245600 ) ) ;
#88 = VECTOR ( 'NONE', #6007, 1000.000000000000100 ) ;
#89 = CARTESIAN_POINT ( 'NONE',  ( 104.2618123808949800, 17.89438590111879200, 317.2706459388239800 ) ) ;
#90 = CARTESIAN_POINT ( 'NONE',  ( 114.6114547870119900, 17.89438456819793900, 311.1165221225489900 ) ) ;
#91 = CARTESIAN_POINT ( 'NONE',  ( 115.6007708868816500, 16.39438444078483300, 312.7034593998099600 ) ) ;
#92 = CARTESIAN_POINT ( 'NONE',  ( 103.4676045290658500, 16.39438600340394100, 305.8679952347747000 ) ) ;
#93 = CARTESIAN_POINT ( 'NONE',  ( 101.6767064835652300, 16.39438623405212800, 312.5018162318410200 ) ) ;
#94 = CARTESIAN_POINT ( 'NONE',  ( 113.9594324223991500, 17.89438465217114400, 308.0721426215894800 ) ) ;
#95 = AXIS2_PLACEMENT_3D ( 'NONE', #1000, #497, #4261 ) ;
#96 = CARTESIAN_POINT ( 'NONE',  ( 106.5114547870119600, -23.50157551848880600, 305.0699728882521500 ) ) ;
#97 = CARTESIAN_POINT ( 'NONE',  ( 109.1623559836011700, 16.39438526998234000, 315.3625580325343700 ) ) ;
#98 = CARTESIAN_POINT ( 'NONE',  ( 108.1628882935327500, 16.39438539870266400, 304.2616309134688800 ) ) ;
#99 = DIRECTION ( 'NONE',  ( 1.000000000000000000, -0.0000000000000000000, -0.0000000000000000000 ) ) ;
#100 = CARTESIAN_POINT ( 'NONE',  ( 108.5723348196602600, 16.39438534597059400, 318.6616774638874900 ) ) ;
#101 = CARTESIAN_POINT ( 'NONE',  ( 106.7827463082792100, 16.39438557645005200, 318.4896630590026200 ) ) ;
#102 = CARTESIAN_POINT ( 'NONE',  ( 102.4491891127316700, 17.89438613456485400, 315.5663883796449300 ) ) ;
#103 = CARTESIAN_POINT ( 'NONE',  ( 113.0768361784150400, 16.39438476583989200, 308.7854748667057300 ) ) ;
#104 = CARTESIAN_POINT ( 'NONE',  ( 113.9590640166525000, -22.00157455931774900, 308.0727106423938700 ) ) ;
#105 = CARTESIAN_POINT ( 'NONE',  ( 99.94108740955780900, 16.39438645758091800, 313.0918457305392100 ) ) ;
#106 = B_SPLINE_CURVE_WITH_KNOTS ( 'NONE', 3,
 ( #5696, #1909, #500, #2333, #6167, #1458, #4797, #1936, #5678, #2812, #436, #58, #2023, #3415, #3933, #37, #586, #1538, #1959, #2436, #4880, #4412, #5360, #4347 ),
 .UNSPECIFIED., .F., .F.,
 ( 4, 2, 2, 2, 2, 2, 2, 2, 2, 2, 2, 4 ),
 ( 0.0000000000000000000, 0.1250000000000000000, 0.1875000000000000000, 0.2500000000000000000, 0.3750000000000000000, 0.5000000000000000000, 0.5625000000000000000, 0.6250000000000000000, 0.6875000000000000000, 0.7500000000000000000, 0.8750000000000000000, 1.000000000000000000 ),
 .UNSPECIFIED. ) ;
#107 = CARTESIAN_POINT ( 'NONE',  ( 101.2731031491845500, -22.00157619313153000, 306.4646310084531800 ) ) ;
#108 = CARTESIAN_POINT ( 'NONE',  ( 110.6616048742526000, -22.00157498399453400, 300.7644864900992700 ) ) ;
#109 = VERTEX_POINT ( 'NONE', #5838 ) ;
#110 = CARTESIAN_POINT ( 'NONE',  ( 107.8967512190484100, -22.00157534007770000, 306.2817793012379800 ) ) ;
#111 = CARTESIAN_POINT ( 'NONE',  ( 113.9369318835598100, -23.50157456216817700, 311.3355471030685100 ) ) ;
#112 = CARTESIAN_POINT ( 'NONE',  ( 78.36368845172512500, -23.50157914361523500, 324.0426434307000200 ) ) ;
#113 = CARTESIAN_POINT ( 'NONE',  ( 104.0588980855566500, -23.50157583435158800, 317.9738229330913600 ) ) ;
#114 = CARTESIAN_POINT ( 'NONE',  ( 108.7114547870120300, -23.50157523515282400, 319.2165221225490100 ) ) ;
#115 = CARTESIAN_POINT ( 'NONE',  ( 77.61368792387070000, -2.803594741847749800, 305.2165224408963700 ) ) ;
#116 = EDGE_CURVE ( 'NONE', #3129, #1070, #2790, .T. ) ;
#117 = CARTESIAN_POINT ( 'NONE',  ( 107.3223646621630500, 16.39438550695293300, 304.1451078871456300 ) ) ;
#118 = CARTESIAN_POINT ( 'NONE',  ( 102.2457571039351800, 16.39438616076465700, 315.6172179939942500 ) ) ;
#119 = CARTESIAN_POINT ( 'NONE',  ( 108.4915377803186200, 16.39438535637636500, 318.5407603748010400 ) ) ;
#120 = CARTESIAN_POINT ( 'NONE',  ( 112.7729422548555200, 17.89438480497809500, 305.6666562100023200 ) ) ;
#121 = CARTESIAN_POINT ( 'NONE',  ( 112.0464400843518700, -23.50157480564290000, 305.7478651175375700 ) ) ;
#122 = CARTESIAN_POINT ( 'NONE',  ( 113.6179446459831600, -23.50157460325035100, 318.3721201830294900 ) ) ;
#123 = CARTESIAN_POINT ( 'NONE',  ( 99.65655735902952000, 16.39438649422526200, 311.6650879136098000 ) ) ;
#124 = ORIENTED_EDGE ( 'NONE', *, *, #4878, .F. ) ;
#125 = CARTESIAN_POINT ( 'NONE',  ( 109.1598315036226600, -22.00157517740689900, 323.9663481035949000 ) ) ;
#126 = AXIS2_PLACEMENT_3D ( 'NONE', #1753, #5053, #3186 ) ;
#127 = CARTESIAN_POINT ( 'NONE',  ( 106.9349588946298700, -23.50157546394609300, 306.0957957637277800 ) ) ;
#128 = CARTESIAN_POINT ( 'NONE',  ( 113.9498060384841600, 16.39438465341087800, 306.4646310084558000 ) ) ;
#129 = CARTESIAN_POINT ( 'NONE',  ( 108.0684295122954900, 16.39438541086809000, 315.6947257348622900 ) ) ;
#130 = CARTESIAN_POINT ( 'NONE',  ( 77.61368816194959700, -21.25157914361497500, 300.3904008652820000 ) ) ;
#131 = EDGE_LOOP ( 'NONE', ( #4178, #2356, #6083, #5212 ) ) ;
#132 = CARTESIAN_POINT ( 'NONE',  ( 114.1513059727350600, -22.00157453455917900, 316.9575819995110900 ) ) ;
#133 = CARTESIAN_POINT ( 'NONE',  ( 108.2879506793954800, -23.50157528969543800, 304.3372484813703000 ) ) ;
#134 = CARTESIAN_POINT ( 'NONE',  ( 114.4649055527161700, 17.89438458707192200, 311.1165221225489900 ) ) ;
#135 = CARTESIAN_POINT ( 'NONE',  ( 100.6114545938283100, -22.00157627834475700, 313.3165221225489700 ) ) ;
#136 = ADVANCED_FACE ( 'NONE', ( #5635 ), #145, .T. ) ;
#137 = ORIENTED_EDGE ( 'NONE', *, *, #3428, .T. ) ;
#138 = CARTESIAN_POINT ( 'NONE',  ( 104.2108072709081900, -23.50157581478722000, 307.6817512918544300 ) ) ;
#139 = FACE_BOUND ( 'NONE', #1772, .T. ) ;
#140 = CARTESIAN_POINT ( 'NONE',  ( 107.4673005120242900, 17.89438548828693200, 318.1166572671224300 ) ) ;
#141 = CARTESIAN_POINT ( 'NONE',  ( 78.36368816194959700, -21.25157914361525600, 324.0426434307000200 ) ) ;
#142 = CARTESIAN_POINT ( 'NONE',  ( 106.6503873755368900, -23.50157550059596500, 319.7715959266219000 ) ) ;
#143 = CARTESIAN_POINT ( 'NONE',  ( 112.6660268544657700, 16.39438481874765300, 308.8667160845101900 ) ) ;
#144 = ORIENTED_EDGE ( 'NONE', *, *, #4346, .F. ) ;
#145 = B_SPLINE_SURFACE_WITH_KNOTS ( 'NONE', 1, 3, ( 
 ( #2059, #2954, #3967, #5875, #2478, #3011, #1119, #3949, #3409, #3431, #1553, #5858, #1096, #2076, #3908, #581, #3450, #5794, #161, #3926, #2994, #602, #138, #624, #2017, #4450, #1601, #4935, #2934, #5353, #76, #4382 ),
 ( #1080, #560, #3887, #1992, #4406, #1038, #2041, #2518, #1533, #4361, #1513, #5816, #4872, #2099, #1661, #3098, #5418, #5025, #4073, #1185, #5441, #2167, #4006, #3512, #3029, #251, #732, #3555, #1617, #3532, #5920, #665 ) ),
 .UNSPECIFIED., .F., .F., .F.,
 ( 2, 2 ),
 ( 4, 2, 2, 2, 2, 2, 2, 2, 2, 2, 2, 2, 2, 2, 2, 4 ),
 ( 0.0000000000000000000, 1.000000000000000000 ),
 ( 1.387778780781445700E-017, 0.0003124349154431136200, 0.0006248698308862133600, 0.0009373047463293131500, 0.001249739661772412800, 0.001562174577215512700, 0.001874609492658612400, 0.002187044408101712100, 0.002499479323544811800, 0.002811914238987911500, 0.003124349154431011600, 0.003436784069874111300, 0.003749218985317211000, 0.004061653900760310200, 0.004374088816203410300, 0.004998958647089609700 ),
 .UNSPECIFIED. ) ;
#146 = CARTESIAN_POINT ( 'NONE',  ( 101.0617850274907600, -23.50157622034714700, 316.9539555758510700 ) ) ;
#147 = CARTESIAN_POINT ( 'NONE',  ( 111.8517971925758300, -22.00157483071091800, 318.6046930177775500 ) ) ;
#148 = CYLINDRICAL_SURFACE ( 'NONE', #2012, 3.500000000000003100 ) ;
#149 = CARTESIAN_POINT ( 'NONE',  ( 102.8707514628823500, -23.50157598737195000, 318.7563571685201400 ) ) ;
#150 = CARTESIAN_POINT ( 'NONE',  ( 106.6562144304522000, -22.00157549984533000, 305.7673769395868800 ) ) ;
#151 = ORIENTED_EDGE ( 'NONE', *, *, #1828, .F. ) ;
#152 = CARTESIAN_POINT ( 'NONE',  ( 114.6114547870119900, -23.50157447529691300, 311.1165221225489900 ) ) ;
#153 = CARTESIAN_POINT ( 'NONE',  ( 107.1525821265215800, 16.39438552881927100, 315.6944587846202200 ) ) ;
#154 = CARTESIAN_POINT ( 'NONE',  ( 111.2800461897556700, 17.89438499724694200, 318.1478552250887300 ) ) ;
#155 = CARTESIAN_POINT ( 'NONE',  ( 113.9594322292229300, -22.00157455927042300, 316.3609016235024600 ) ) ;
#156 = PLANE ( 'NONE',  #2213 ) ;
#157 = CARTESIAN_POINT ( 'NONE',  ( 104.4664784493599700, 16.39438587476008300, 313.7697956526944800 ) ) ;
#158 = B_SPLINE_SURFACE_WITH_KNOTS ( 'NONE', 1, 3, ( 
 ( #4580, #3638, #3162, #779, #6005, #4095, #796, #3679, #1728, #5574, #815, #2214, #1746, #4137, #3141, #4624, #5594, #292, #2726, #6068, #3201, #1782, #2744, #6084 ),
 ( #3219, #366, #4664, #3695, #857, #4176, #895, #3794, #4251, #3741, #4760, #2303, #1839, #951, #5703, #5207, #1860, #4211, #4722, #3303, #1406, #2765, #5147, #2843 ) ),
 .UNSPECIFIED., .F., .F., .F.,
 ( 2, 2 ),
 ( 4, 2, 2, 2, 2, 2, 2, 2, 2, 2, 2, 4 ),
 ( 0.0000000000000000000, 1.000000000000000000 ),
 ( 5.721958498152796800E-017, 0.0004295930917396022200, 0.0006443896376093746800, 0.0008591861834791472000, 0.001288779275218692100, 0.001718372366958237100, 0.001933168912828009700, 0.002147965458697782000, 0.002362762004567554700, 0.002577558550437327000, 0.003007151642176872000, 0.003436744733916417000 ),
 .UNSPECIFIED. ) ;
#159 = CYLINDRICAL_SURFACE ( 'NONE', #696, 1.599999999999990300 ) ;
#160 = CARTESIAN_POINT ( 'NONE',  ( 106.5114547870119700, -23.50157551848880600, 305.2165221225490100 ) ) ;
#161 = CARTESIAN_POINT ( 'NONE',  ( 103.9340882057470600, -23.50157585042563500, 308.2429439628657000 ) ) ;
#162 = EDGE_CURVE ( 'NONE', #5274, #5894, #3230, .T. ) ;
#163 = CARTESIAN_POINT ( 'NONE',  ( 76.11368769947755200, 4.196405258152250200, 311.1165224408962900 ) ) ;
#164 = CARTESIAN_POINT ( 'NONE',  ( 108.0983918710911400, 16.39438540700926000, 318.2272058294947200 ) ) ;
#165 = ORIENTED_EDGE ( 'NONE', *, *, #3628, .T. ) ;
#166 = CARTESIAN_POINT ( 'NONE',  ( 100.4652098967146800, -23.50157629717946200, 311.1165221225489900 ) ) ;
#167 = AXIS2_PLACEMENT_3D ( 'NONE', #5921, #2101, #2521 ) ;
#168 = CARTESIAN_POINT ( 'NONE',  ( 111.3566427111149700, 17.89438498738203600, 308.3251036230547000 ) ) ;
#169 = CARTESIAN_POINT ( 'NONE',  ( 78.36368845172501100, 17.89438923651436800, 324.0426435991170100 ) ) ;
#170 = CARTESIAN_POINT ( 'NONE',  ( 76.11368781388297600, -2.803594741847680100, 318.1165224408962900 ) ) ;
#171 = ADVANCED_FACE ( 'NONE', ( #5932 ), #4207, .T. ) ;
#172 = CARTESIAN_POINT ( 'NONE',  ( 103.7930779754213700, 16.39438596148665900, 318.2976404407530100 ) ) ;
#173 = CARTESIAN_POINT ( 'NONE',  ( 108.5723348196566500, -22.00157525306987000, 305.7713667812051300 ) ) ;
#174 = CARTESIAN_POINT ( 'NONE',  ( 76.11368832563675800, -2.803594741848483900, 315.7165224408957400 ) ) ;
#175 = CARTESIAN_POINT ( 'NONE',  ( 103.9436231202049500, -23.50157584919773200, 316.1856072109887400 ) ) ;
#176 = CARTESIAN_POINT ( 'NONE',  ( 113.6925729120333700, 16.39438468653972000, 308.3981455041409800 ) ) ;
#177 = AXIS2_PLACEMENT_3D ( 'NONE', #1562, #2063, #2567 ) ;
#178 = DIRECTION ( 'NONE',  ( -0.9999999999999916700, 1.287890777357250000E-007, 0.0000000000000000000 ) ) ;
#179 = CARTESIAN_POINT ( 'NONE',  ( 115.0991013721428800, -22.00157441249335500, 313.2054943023295000 ) ) ;
#180 = CARTESIAN_POINT ( 'NONE',  ( 114.6114545938283100, -22.00157447529697300, 311.1165221225489900 ) ) ;
#181 = CARTESIAN_POINT ( 'NONE',  ( 101.3795886607499300, -22.00157617941737700, 308.2473978892666100 ) ) ;
#182 = DIRECTION ( 'NONE',  ( 0.9999999999999916700, 1.287891253920479600E-007, 0.0000000000000000000 ) ) ;
#183 = CARTESIAN_POINT ( 'NONE',  ( 109.9215065009192200, 16.39438517221193700, 309.5770659144742500 ) ) ;
#184 = CARTESIAN_POINT ( 'NONE',  ( 114.4644885901888600, 17.89438458712546500, 311.1165221225489900 ) ) ;
#185 = CARTESIAN_POINT ( 'NONE',  ( 111.4298312122363800, 16.39438497795626000, 318.2976404407529600 ) ) ;
#186 = CARTESIAN_POINT ( 'NONE',  ( 100.1238080087007200, -23.50157634114831100, 311.2275499427685800 ) ) ;
#187 = CARTESIAN_POINT ( 'NONE',  ( 106.5114547870119800, 17.89438561138928200, 305.2165221225490100 ) ) ;
#188 = CARTESIAN_POINT ( 'NONE',  ( 101.8597824290823600, -23.50157611757377700, 318.5555116246640600 ) ) ;
#189 = B_SPLINE_CURVE_WITH_KNOTS ( 'NONE', 3,
 ( #3084, #3992, #4941, #2527, #146, #1146, #4480, #1624, #4963, #4434, #1169, #3476, #3539, #3955, #5450, #1103, #1584, #5073 ),
 .UNSPECIFIED., .F., .F.,
 ( 4, 2, 2, 2, 2, 2, 2, 2, 4 ),
 ( 0.0000000000000000000, 0.1250000000000000000, 0.2500000000000000000, 0.3750000000000000000, 0.5000000000000000000, 0.6250000000000000000, 0.7500000000000000000, 0.8750000000000000000, 1.000000000000000000 ),
 .UNSPECIFIED. ) ;
#190 = CIRCLE ( 'NONE', #2524, 1.599999999999899700 ) ;
#191 = CARTESIAN_POINT ( 'NONE',  ( 114.7554149298143500, 16.39438454965743100, 311.1165221225489900 ) ) ;
#192 = DIRECTION ( 'NONE',  ( 0.0000000000000000000, 0.0000000000000000000, 1.000000000000000000 ) ) ;
#193 = CARTESIAN_POINT ( 'NONE',  ( 104.9747277969476600, 16.39438580930306700, 314.5297795267633800 ) ) ;
#194 = CARTESIAN_POINT ( 'NONE',  ( 110.9612799640963800, -23.50157494539973900, 307.0544606392454600 ) ) ;
#195 = CARTESIAN_POINT ( 'NONE',  ( 114.1108373802791500, -22.00157453977109200, 316.7532015281622100 ) ) ;
#196 = CARTESIAN_POINT ( 'NONE',  ( 102.2482783280287900, -23.50157606753968800, 315.6165571839641800 ) ) ;
#197 = EDGE_CURVE ( 'NONE', #1851, #6056, #472, .T. ) ;
#198 = EDGE_LOOP ( 'NONE', ( #633, #4190 ) ) ;
#199 = CARTESIAN_POINT ( 'NONE',  ( 112.4549518789842300, -22.00157475303102900, 308.8666924405145600 ) ) ;
#200 = CARTESIAN_POINT ( 'NONE',  ( 101.8558099151547200, 17.89438621098554100, 308.6655540737178900 ) ) ;
#201 = EDGE_CURVE ( 'NONE', #1334, #109, #4877, .T. ) ;
#202 = CARTESIAN_POINT ( 'NONE',  ( 107.4672703511352100, -22.00157539539021600, 318.1233226736707700 ) ) ;
#203 = CARTESIAN_POINT ( 'NONE',  ( 111.5044598646506600, -23.50157487544416700, 315.9604189986855000 ) ) ;
#204 = CARTESIAN_POINT ( 'NONE',  ( 108.5723348196602600, 16.39438534597059400, 318.6616774638874900 ) ) ;
#205 = CARTESIAN_POINT ( 'NONE',  ( 108.5720032877030300, -23.50157525311274000, 319.7721641326199900 ) ) ;
#206 = EDGE_LOOP ( 'NONE', ( #4663, #305 ) ) ;
#207 = CARTESIAN_POINT ( 'NONE',  ( 76.11368816194959700, -21.25157914361497500, 300.1538784402420100 ) ) ;
#208 = CARTESIAN_POINT ( 'NONE',  ( 112.6659516793483700, 17.89438481875742700, 315.5661882038039600 ) ) ;
#209 = CARTESIAN_POINT ( 'NONE',  ( 107.1498276568779600, -23.50157543627336000, 308.7162692107124800 ) ) ;
#210 = CARTESIAN_POINT ( 'NONE',  ( 99.88459572346525300, -23.50157637195626100, 311.3878138369962000 ) ) ;
#211 = CARTESIAN_POINT ( 'NONE',  ( 107.7556388365135000, -22.00157535825144000, 306.3097215714251400 ) ) ;
#212 = CARTESIAN_POINT ( 'NONE',  ( 103.0761432027616800, 16.39438605382001100, 315.6167519857151500 ) ) ;
#213 = ORIENTED_EDGE ( 'NONE', *, *, #519, .T. ) ;
#214 = AXIS2_PLACEMENT_3D ( 'NONE', #4622, #6003, #4679 ) ;
#215 = CARTESIAN_POINT ( 'NONE',  ( 114.6114545938283700, 16.39438456819797100, 313.3165221225489700 ) ) ;
#216 = FACE_BOUND ( 'NONE', #249, .T. ) ;
#217 = CARTESIAN_POINT ( 'NONE',  ( 113.6565633847562100, -22.00157459827653400, 312.7679558222539500 ) ) ;
#218 = PRODUCT_DEFINITION_SHAPE ( 'NONE', 'NONE',  #3838 ) ;
#219 = CARTESIAN_POINT ( 'NONE',  ( 113.7321809526438300, -22.00157458853782400, 311.5400262301603200 ) ) ;
#220 = CARTESIAN_POINT ( 'NONE',  ( 110.9710981515309500, -22.00157494413538100, 317.3749571822010000 ) ) ;
#221 = CARTESIAN_POINT ( 'NONE',  ( 104.2616690653894100, -23.50157580823688300, 317.2707861098248300 ) ) ;
#222 = ORIENTED_EDGE ( 'NONE', *, *, #1680, .F. ) ;
#223 = CARTESIAN_POINT ( 'NONE',  ( 113.8415957177602700, 17.89438466734720700, 306.2841279892496700 ) ) ;
#224 = LINE ( 'NONE', #174, #5289 ) ;
#225 = CARTESIAN_POINT ( 'NONE',  ( 103.3711121882592300, 17.89438601583126600, 318.6046930177761300 ) ) ;
#226 = CARTESIAN_POINT ( 'NONE',  ( 103.9412032711715900, 17.89438594240961300, 306.2835289069126400 ) ) ;
#227 = CARTESIAN_POINT ( 'NONE',  ( 106.5114547870120000, -23.50157551848882400, 319.0699728882504500 ) ) ;
#228 = CARTESIAN_POINT ( 'NONE',  ( 110.9610971931289600, -23.50157494542341000, 317.2706459388185700 ) ) ;
#229 = ORIENTED_EDGE ( 'NONE', *, *, #5530, .T. ) ;
#230 = CARTESIAN_POINT ( 'NONE',  ( 119.0572083946739500, 16.39438399563335100, 315.2912558548484900 ) ) ;
#231 = CARTESIAN_POINT ( 'NONE',  ( 113.2711364986868300, -22.00157464791529800, 305.8286206694872400 ) ) ;
#232 = CARTESIAN_POINT ( 'NONE',  ( 108.2855889435624300, -23.50157528999979900, 320.0978104553764800 ) ) ;
#233 = CYLINDRICAL_SURFACE ( 'NONE', #214, 3.500000000000003100 ) ;
#234 = CARTESIAN_POINT ( 'NONE',  ( 112.0457794725185600, 16.39438489862875100, 308.7854110804364000 ) ) ;
#235 = ADVANCED_FACE ( 'NONE', ( #3901 ), #158, .T. ) ;
#236 = CARTESIAN_POINT ( 'NONE',  ( 104.1114547870119900, -23.50157582758272000, 312.2165221217624100 ) ) ;
#237 = ORIENTED_EDGE ( 'NONE', *, *, #1367, .T. ) ;
#238 = CARTESIAN_POINT ( 'NONE',  ( 113.8331334164665500, 16.39438466843718700, 318.1430529968753300 ) ) ;
#239 = CARTESIAN_POINT ( 'NONE',  ( 102.5568823331902700, 16.39438612069513800, 315.5663281605769700 ) ) ;
#240 = B_SPLINE_CURVE_WITH_KNOTS ( 'NONE', 3,
 ( #2993, #5873, #5464, #2166, #778, #2121, #1702, #708, #1183, #5983, #4557, #2628, #2601, #1229, #3575, #689, #5918, #289, #4516, #3594, #4072, #6004, #2191, #5001 ),
 .UNSPECIFIED., .F., .F.,
 ( 4, 2, 2, 2, 2, 2, 2, 2, 2, 2, 2, 4 ),
 ( 0.0000000000000000000, 0.1250000000000000000, 0.1875000000000000300, 0.2500000000000000000, 0.3750000000000000600, 0.5000000000000000000, 0.5625000000000000000, 0.6250000000000000000, 0.6875000000000000000, 0.7500000000000001100, 0.8750000000000000000, 1.000000000000000000 ),
 .UNSPECIFIED. ) ;
#241 = CARTESIAN_POINT ( 'NONE',  ( 114.8997397834197000, 16.39438453106994600, 313.2883000975355100 ) ) ;
#242 = VERTEX_POINT ( 'NONE', #4272 ) ;
#243 = EDGE_CURVE ( 'NONE', #2620, #2537, #4954, .T. ) ;
#244 = CARTESIAN_POINT ( 'NONE',  ( 113.6501156362535300, -23.50157459910689200, 311.6627124447521200 ) ) ;
#245 = CARTESIAN_POINT ( 'NONE',  ( 100.0558067876175000, 17.89438644280630400, 311.2559726519064000 ) ) ;
#246 = CARTESIAN_POINT ( 'NONE',  ( 113.5373484263412700, -22.00157461363021800, 315.8937396307615600 ) ) ;
#247 = CARTESIAN_POINT ( 'NONE',  ( 101.5303364688080000, -23.50157616000281300, 316.0348987409560700 ) ) ;
#248 = DIRECTION ( 'NONE',  ( 3.079986266030114900E-007, 0.0000000000000000000, 0.9999999999999525900 ) ) ;
#249 = EDGE_LOOP ( 'NONE', ( #5447, #384 ) ) ;
#250 = CARTESIAN_POINT ( 'NONE',  ( 103.8671443985508200, 17.89438595194762300, 308.3239988570860000 ) ) ;
#251 = CARTESIAN_POINT ( 'NONE',  ( 104.2618121877127500, -22.00157580821830500, 307.1623983062666000 ) ) ;
#252 = DIRECTION ( 'NONE',  ( 0.0000000000000000000, 1.000000000000000000, 0.0000000000000000000 ) ) ;
#253 = CARTESIAN_POINT ( 'NONE',  ( 108.7114545938283400, -22.00157523515290900, 319.2165221225490100 ) ) ;
#254 = CARTESIAN_POINT ( 'NONE',  ( 113.0776333808285300, 17.89438476573735000, 318.6846893605948000 ) ) ;
#255 = EDGE_CURVE ( 'NONE', #1132, #1767, #1435, .T. ) ;
#256 = CARTESIAN_POINT ( 'NONE',  ( 114.4652098967518400, 17.89438458703259000, 313.3165221225490300 ) ) ;
#257 =( GEOMETRIC_REPRESENTATION_CONTEXT ( 3 ) GLOBAL_UNCERTAINTY_ASSIGNED_CONTEXT ( ( #3089 ) ) GLOBAL_UNIT_ASSIGNED_CONTEXT ( ( #5709, #5694, #1954 ) ) REPRESENTATION_CONTEXT ( 'NONE', 'WORKASPACE' ) );
#258 = CARTESIAN_POINT ( 'NONE',  ( 101.1429608026674900, 16.39438630279279600, 316.6518575985970200 ) ) ;
#259 = CARTESIAN_POINT ( 'NONE',  ( 101.4907284281987400, -23.50157616510385600, 312.8930180149400800 ) ) ;
#260 = DIRECTION ( 'NONE',  ( -0.0000000000000000000, 1.176836406102669200E-014, -1.000000000000000000 ) ) ;
#261 = FACE_BOUND ( 'NONE', #4870, .T. ) ;
#262 = CARTESIAN_POINT ( 'NONE',  ( 115.2866968443418900, 17.89438448123403800, 313.0971260676362800 ) ) ;
#263 = CARTESIAN_POINT ( 'NONE',  ( 113.5115897384027300, -22.00157461694750400, 312.0723678475598000 ) ) ;
#264 = CARTESIAN_POINT ( 'NONE',  ( 113.5671400080325200, -22.00157460979330200, 312.5703204456482400 ) ) ;
#265 = CARTESIAN_POINT ( 'NONE',  ( 110.9610969999452700, -22.00157494542342500, 317.2706459388185700 ) ) ;
#266 = CARTESIAN_POINT ( 'NONE',  ( 104.2514966855578400, -23.50157580954697800, 317.3768627761618300 ) ) ;
#267 = ORIENTED_EDGE ( 'NONE', *, *, #5350, .F. ) ;
#268 = ADVANCED_FACE ( 'NONE', ( #3608 ), #424, .T. ) ;
#269 = CARTESIAN_POINT ( 'NONE',  ( 76.11368803827605200, 4.196405258152250200, 312.2165224408962600 ) ) ;
#270 = CARTESIAN_POINT ( 'NONE',  ( 111.8530563871877600, -23.50157483054874100, 315.7271548107781300 ) ) ;
#271 = CARTESIAN_POINT ( 'NONE',  ( 119.3617894202121100, 16.39438395640659600, 310.6723303013743600 ) ) ;
#272 = CARTESIAN_POINT ( 'NONE',  ( 114.1514342814269400, -22.00157453454253800, 307.0585181189908300 ) ) ;
#273 = CARTESIAN_POINT ( 'NONE',  ( 78.36368816194959700, -21.25157914361497500, 300.1538784402420100 ) ) ;
#274 = CARTESIAN_POINT ( 'NONE',  ( 111.1725980857868900, 16.39438501108496700, 308.0689183000334900 ) ) ;
#275 = LINE ( 'NONE', #3038, #5196 ) ;
#276 = CARTESIAN_POINT ( 'NONE',  ( 107.1525823213250700, -23.50157543591860000, 308.7385854602836200 ) ) ;
#277 = CARTESIAN_POINT ( 'NONE',  ( 101.1436944151856200, 16.39438630269831200, 317.6828935769432900 ) ) ;
#278 = CARTESIAN_POINT ( 'NONE',  ( 100.0566099351588900, -22.00157634980270400, 313.1774023483819200 ) ) ;
#279 = CARTESIAN_POINT ( 'NONE',  ( 113.6925729120333400, 16.39438468653981600, 316.0348987409560100 ) ) ;
#280 = CARTESIAN_POINT ( 'NONE',  ( 101.2233591318792600, -22.00157619953816700, 317.8746694045754000 ) ) ;
#281 = CARTESIAN_POINT ( 'NONE',  ( 115.5727939377758300, -23.50157435148687300, 312.7703318003456700 ) ) ;
#282 = CARTESIAN_POINT ( 'NONE',  ( 114.3236824214788200, -22.00157451235885700, 311.1448315593539200 ) ) ;
#283 = ORIENTED_EDGE ( 'NONE', *, *, #1477, .F. ) ;
#284 = DIRECTION ( 'NONE',  ( 3.079986439502559400E-007, 9.757819552369473600E-015, 0.9999999999999525900 ) ) ;
#285 = CARTESIAN_POINT ( 'NONE',  ( 102.8718629192312300, -23.50157598722879000, 315.5764053626330700 ) ) ;
#286 = CARTESIAN_POINT ( 'NONE',  ( 103.7930779754214000, 16.39438596148652400, 306.1354038043440400 ) ) ;
#287 = EDGE_CURVE ( 'NONE', #422, #1491, #3349, .T. ) ;
#288 = CARTESIAN_POINT ( 'NONE',  ( 115.5727937445921300, -22.00157435148688400, 312.7703318003456700 ) ) ;
#289 = CARTESIAN_POINT ( 'NONE',  ( 99.73631805379960700, -22.00157639105281900, 312.8871074679189000 ) ) ;
#290 = ORIENTED_EDGE ( 'NONE', *, *, #5569, .T. ) ;
#291 = EDGE_CURVE ( 'NONE', #4680, #4659, #1904, .T. ) ;
#292 = CARTESIAN_POINT ( 'NONE',  ( 108.2820401323838800, 17.89438538335722500, 304.3413855825214700 ) ) ;
#293 = DATE_AND_TIME ( #3118, #5730 ) ;
#294 = CARTESIAN_POINT ( 'NONE',  ( 113.8616315201995200, 16.39438466476675100, 302.1696051343948300 ) ) ;
#295 = CARTESIAN_POINT ( 'NONE',  ( 106.5114545938283200, -22.00157551848898400, 319.2165221225490100 ) ) ;
#296 = CARTESIAN_POINT ( 'NONE',  ( 76.11368816194959700, 2.146152726456537900, 317.1662699092002500 ) ) ;
#297 = ORIENTED_EDGE ( 'NONE', *, *, #5791, .F. ) ;
#298 = ADVANCED_FACE ( 'NONE', ( #3827 ), #861, .F. ) ;
#299 = CARTESIAN_POINT ( 'NONE',  ( 113.0759642330943700, 16.39438476595227500, 315.6473600541437500 ) ) ;
#300 = CARTESIAN_POINT ( 'NONE',  ( 111.7546230839012400, -23.50157484322587500, 315.7677704456425500 ) ) ;
#301 = CARTESIAN_POINT ( 'NONE',  ( 99.65011544307722600, -22.00157640215476100, 311.6627124447532000 ) ) ;
#302 = CYLINDRICAL_SURFACE ( 'NONE', #3320, 1.100000000000045400 ) ;
#303 = CARTESIAN_POINT ( 'NONE',  ( 114.0794423439666800, 16.39438463671526900, 317.6820160068776300 ) ) ;
#304 = CARTESIAN_POINT ( 'NONE',  ( 104.2010011748437800, 17.89438590895055000, 311.3048109978996100 ) ) ;
#305 = ORIENTED_EDGE ( 'NONE', *, *, #2556, .T. ) ;
#306 = LINE ( 'NONE', #493, #377 ) ;
#307 = CARTESIAN_POINT ( 'NONE',  ( 115.2818176912626600, -23.50157438896143000, 313.0918458203415200 ) ) ;
#308 = CARTESIAN_POINT ( 'NONE',  ( 114.0605997767913100, -22.00157454624098500, 311.2612819591780600 ) ) ;
#309 = CARTESIAN_POINT ( 'NONE',  ( 111.3566425179317000, -22.00157489448142200, 316.1079406220390000 ) ) ;
#310 = CARTESIAN_POINT ( 'NONE',  ( 76.11368816194959700, 15.64438923651438900, 324.0426433693249900 ) ) ;
#311 = ADVANCED_BREP_SHAPE_REPRESENTATION ( 'HX-35H直U支架', ( #2262, #571 ), #257 ) ;
#312 = EDGE_LOOP ( 'NONE', ( #913, #1836, #2640, #1990 ) ) ;
#313 = CARTESIAN_POINT ( 'NONE',  ( 115.7113194492569500, -22.00157433364625700, 312.3606763975362800 ) ) ;
#314 = CARTESIAN_POINT ( 'NONE',  ( 101.5303362756243800, 16.39438625290296500, 308.3981455041409800 ) ) ;
#315 = CARTESIAN_POINT ( 'NONE',  ( 102.5568823331902700, 16.39438612069513800, 315.5663281605769700 ) ) ;
#316 = CARTESIAN_POINT ( 'NONE',  ( 76.11368781155191200, -7.753342210153570900, 307.2667749725874800 ) ) ;
#317 = CARTESIAN_POINT ( 'NONE',  ( 112.4564528313117400, 17.89438484573861400, 318.7663509778900600 ) ) ;
#318 = CYLINDRICAL_SURFACE ( 'NONE', #5275, 1.599999999999990300 ) ;
#319 = CARTESIAN_POINT ( 'NONE',  ( 106.7308508419424400, 17.89438558313346700, 305.8917641799092200 ) ) ;
#320 = CARTESIAN_POINT ( 'NONE',  ( 106.7037377917676200, -23.50157549372489300, 308.8280201038178900 ) ) ;
#321 = CARTESIAN_POINT ( 'NONE',  ( 110.9614160264742400, -23.50157494538232300, 316.9527427516638300 ) ) ;
#322 = CARTESIAN_POINT ( 'NONE',  ( 100.6114545938283000, -22.00157627834475700, 313.3165221225489700 ) ) ;
#323 = ORIENTED_EDGE ( 'NONE', *, *, #4428, .T. ) ;
#324 = CARTESIAN_POINT ( 'NONE',  ( 104.5548594151118800, 17.89438586337745800, 310.4490700055246200 ) ) ;
#325 = EDGE_CURVE ( 'NONE', #1863, #2822, #2390, .T. ) ;
#326 = DIRECTION ( 'NONE',  ( -1.000000000000000000, 0.0000000000000000000, 0.0000000000000000000 ) ) ;
#327 = CARTESIAN_POINT ( 'NONE',  ( 101.6050281114684900, 16.39438624328355600, 315.9602069051118200 ) ) ;
#328 = CARTESIAN_POINT ( 'NONE',  ( 103.4676045290652300, -22.00157591050376000, 318.5650490103232100 ) ) ;
#329 = EDGE_CURVE ( 'NONE', #3879, #5274, #2122, .T. ) ;
#330 = ADVANCED_FACE ( 'NONE', ( #5407 ), #2372, .T. ) ;
#331 = CARTESIAN_POINT ( 'NONE',  ( 108.2820399392024800, -22.00157529045679500, 320.0916586625734200 ) ) ;
#332 = CARTESIAN_POINT ( 'NONE',  ( 101.1623034064626100, 16.39438630030160800, 311.2612806110416800 ) ) ;
#333 = CARTESIAN_POINT ( 'NONE',  ( 102.2472712414648400, 17.89438616056971300, 318.7157871959958600 ) ) ;
#334 = CARTESIAN_POINT ( 'NONE',  ( 111.0121021099292700, -22.00157493885449600, 316.7512929532389300 ) ) ;
#335 = CARTESIAN_POINT ( 'NONE',  ( 112.4977875219491600, 16.39438484041495100, 301.4400963880004800 ) ) ;
#336 = CARTESIAN_POINT ( 'NONE',  ( 106.4820214948102400, 16.39438561518009200, 308.8960227526879400 ) ) ;
#337 = DIRECTION ( 'NONE',  ( 0.0000000000000000000, 0.0000000000000000000, 1.000000000000000000 ) ) ;
#338 = CIRCLE ( 'NONE', #4766, 3.500000000000002700 ) ;
#339 = CARTESIAN_POINT ( 'NONE',  ( 101.1126071733188100, 16.39438630670201700, 317.5812462284689600 ) ) ;
#340 = CARTESIAN_POINT ( 'NONE',  ( 101.4865911338558400, -22.00157616563666000, 311.5459367771771900 ) ) ;
#341 = CARTESIAN_POINT ( 'NONE',  ( 101.4562700456769300, -22.00157616954176400, 318.2234937936991100 ) ) ;
#342 = CARTESIAN_POINT ( 'NONE',  ( 115.4907282350183100, -22.00157436205603300, 312.8930180149388300 ) ) ;
#343 = CARTESIAN_POINT ( 'NONE',  ( 118.8291470347527500, -22.00157393210401900, 308.3931092558067300 ) ) ;
#344 = CARTESIAN_POINT ( 'NONE',  ( 112.4999869132475500, 17.89438484013170700, 301.4410079226516900 ) ) ;
#345 = FACE_OUTER_BOUND ( 'NONE', #1054, .T. ) ;
#346 = CARTESIAN_POINT ( 'NONE',  ( 106.7361310892183500, -23.50157548955305100, 319.8868850267990100 ) ) ;
#347 = CARTESIAN_POINT ( 'NONE',  ( 100.8992209056965800, 16.39438633418376100, 311.1448303681613100 ) ) ;
#348 = CARTESIAN_POINT ( 'NONE',  ( 113.3670994656685000, -22.00157463555635600, 308.6655540737145900 ) ) ;
#349 = CARTESIAN_POINT ( 'NONE',  ( 111.5848303769178100, -22.00157486509331800, 315.8938129550240900 ) ) ;
#350 = CARTESIAN_POINT ( 'NONE',  ( 106.7025800924409500, 16.39438558677451900, 308.8282332039812000 ) ) ;
#351 = CARTESIAN_POINT ( 'NONE',  ( 106.5114545938283800, 16.39438561138945600, 319.3630713568467200 ) ) ;
#352 = ORIENTED_EDGE ( 'NONE', *, *, #4673, .T. ) ;
#353 = CARTESIAN_POINT ( 'NONE',  ( 106.7304797675150100, 17.89438558318141000, 318.5419992191131700 ) ) ;
#354 = CARTESIAN_POINT ( 'NONE',  ( 110.2480135437100300, -23.50157503726069000, 309.9034085599641900 ) ) ;
#355 = CARTESIAN_POINT ( 'NONE',  ( 111.8512678187711300, -23.50157483077898800, 308.7049286389911900 ) ) ;
#356 = CARTESIAN_POINT ( 'NONE',  ( 110.9321470527746400, -22.00157494915169900, 313.3456758703486000 ) ) ;
#357 = VERTEX_POINT ( 'NONE', #5370 ) ;
#358 = CARTESIAN_POINT ( 'NONE',  ( 110.6680501589629000, 17.89438507606530100, 313.9839742395041600 ) ) ;
#359 = CARTESIAN_POINT ( 'NONE',  ( 107.2576564639110600, 17.89438551528666500, 306.2608367083493000 ) ) ;
#360 = CARTESIAN_POINT ( 'NONE',  ( 118.2348760067080300, -22.00157400863965100, 306.9627624336344000 ) ) ;
#361 = ORIENTED_EDGE ( 'NONE', *, *, #4998, .F. ) ;
#362 = CARTESIAN_POINT ( 'NONE',  ( 108.1628884867191400, -23.50157530580222300, 320.1714133316265200 ) ) ;
#363 = VECTOR ( 'NONE', #2890, 1000.000000000000100 ) ;
#364 = CARTESIAN_POINT ( 'NONE',  ( 117.8761772598682000, 17.89438414773716300, 306.2927947683804200 ) ) ;
#365 = CARTESIAN_POINT ( 'NONE',  ( 101.1429609958511100, 17.89438630279278200, 316.6518575985970200 ) ) ;
#366 = CARTESIAN_POINT ( 'NONE',  ( 106.5114545938283800, 16.39438561138929300, 305.0725617865645600 ) ) ;
#367 = VERTEX_POINT ( 'NONE', #130 ) ;
#368 = CARTESIAN_POINT ( 'NONE',  ( 113.0766246517542700, 16.39438476586710500, 305.7481382280507200 ) ) ;
#369 = CARTESIAN_POINT ( 'NONE',  ( 112.7720746840156400, 16.39438480508985000, 308.8565641331314900 ) ) ;
#370 = CARTESIAN_POINT ( 'NONE',  ( 101.0719177586739500, 16.39438631194226300, 307.4773678395457100 ) ) ;
#371 = LINE ( 'NONE', #4957, #4844 ) ;
#372 = CARTESIAN_POINT ( 'NONE',  ( 109.1609623767452700, 16.39438527016173800, 309.0696579324661600 ) ) ;
#373 = CARTESIAN_POINT ( 'NONE',  ( 110.9611638537595900, -22.00157494541468100, 307.3711614948374500 ) ) ;
#374 = CARTESIAN_POINT ( 'NONE',  ( 112.6659516793335000, -23.50157472585656000, 308.8668560412775200 ) ) ;
#375 = CARTESIAN_POINT ( 'NONE',  ( 0.0000000000000000000, 0.0000000000000000000, 0.0000000000000000000 ) ) ;
#376 = VERTEX_POINT ( 'NONE', #4374 ) ;
#377 = VECTOR ( 'NONE', #4790, 1000.000000000000000 ) ;
#378 = CARTESIAN_POINT ( 'NONE',  ( 113.9583339394187400, -23.50157455941188500, 316.3582496123521000 ) ) ;
#379 = ORIENTED_EDGE ( 'NONE', *, *, #1868, .T. ) ;
#380 = CARTESIAN_POINT ( 'NONE',  ( 108.2879506793981800, 17.89438538259602400, 306.0957957637366500 ) ) ;
#381 = CARTESIAN_POINT ( 'NONE',  ( 117.8773021822125300, 17.89438414759229400, 306.2944796451648100 ) ) ;
#382 = CARTESIAN_POINT ( 'NONE',  ( 107.7556390296974800, -23.50157535825147500, 320.3097215714252600 ) ) ;
#383 = CARTESIAN_POINT ( 'NONE',  ( 116.5024019921838800, 17.89438432466457800, 320.0243342042744000 ) ) ;
#384 = ORIENTED_EDGE ( 'NONE', *, *, #5158, .T. ) ;
#385 = CARTESIAN_POINT ( 'NONE',  ( 114.7554149298143500, 16.39438454965743100, 311.1165221225489900 ) ) ;
#386 = CARTESIAN_POINT ( 'NONE',  ( 101.2638451710079700, 16.39438628722410500, 308.0727106423957500 ) ) ;
#387 = CARTESIAN_POINT ( 'NONE',  ( 108.2879504862117800, -22.00157528969544900, 304.3372484813703000 ) ) ;
#388 = CARTESIAN_POINT ( 'NONE',  ( 117.8529515596471500, -23.50157405782737300, 306.2902473608671700 ) ) ;
#389 = CARTESIAN_POINT ( 'NONE',  ( 106.8854426108728100, 16.39438556322388200, 320.0460390413338700 ) ) ;
#390 = ORIENTED_EDGE ( 'NONE', *, *, #1993, .F. ) ;
#391 = CARTESIAN_POINT ( 'NONE',  ( 101.4571477745109700, -23.50157616942859200, 306.2084456854357800 ) ) ;
#392 = CARTESIAN_POINT ( 'NONE',  ( 108.7408876945049200, -22.00157523136201100, 308.8960227532338100 ) ) ;
#393 = CARTESIAN_POINT ( 'NONE',  ( 104.2224578963969300, 17.89438590618721000, 311.3109307578334300 ) ) ;
#394 = CARTESIAN_POINT ( 'NONE',  ( 111.1633401076218900, -22.00157491937656600, 306.4608386661013800 ) ) ;
#395 = CARTESIAN_POINT ( 'NONE',  ( 110.3939127581327700, -22.00157501847052200, 314.3531282257542900 ) ) ;
#396 = EDGE_CURVE ( 'NONE', #3026, #4659, #5239, .T. ) ;
#397 = FACE_BOUND ( 'NONE', #756, .T. ) ;
#398 = CARTESIAN_POINT ( 'NONE',  ( 106.5114545938283000, -22.00157551848887400, 319.3604824585333400 ) ) ;
#399 = CARTESIAN_POINT ( 'NONE',  ( 108.7114545938293400, 16.39438532805332100, 305.2165221225490100 ) ) ;
#400 = CARTESIAN_POINT ( 'NONE',  ( 119.0567628654867600, 17.89438399569074200, 315.2934899537656900 ) ) ;
#401 = EDGE_CURVE ( 'NONE', #1476, #3330, #3316, .T. ) ;
#402 = CARTESIAN_POINT ( 'NONE',  ( 118.2436369681384600, 17.89438410041237800, 306.9806250172242100 ) ) ;
#403 = VECTOR ( 'NONE', #5902, 1000.000000000000000 ) ;
#404 = CARTESIAN_POINT ( 'NONE',  ( 76.11368803827605200, 4.196405258152250200, 312.2165224408962600 ) ) ;
#405 = CARTESIAN_POINT ( 'NONE',  ( 101.6038253659083100, 17.89438624343835800, 306.0618349918446500 ) ) ;
#406 = ORIENTED_EDGE ( 'NONE', *, *, #729, .T. ) ;
#407 = CARTESIAN_POINT ( 'NONE',  ( 106.6505743679955300, -22.00157550057170000, 304.6616774638834500 ) ) ;
#408 = CARTESIAN_POINT ( 'NONE',  ( 110.3963556425944300, -22.00157501815578300, 310.0831471931642200 ) ) ;
#409 = CARTESIAN_POINT ( 'NONE',  ( 119.4383104716031300, -23.50157385365045200, 312.9821638999431500 ) ) ;
#410 = CARTESIAN_POINT ( 'NONE',  ( 108.4401628793785500, 16.39438536299291400, 319.9433811860927200 ) ) ;
#411 = CARTESIAN_POINT ( 'NONE',  ( 110.9714226345680000, 16.39438503699414800, 307.4772872448535800 ) ) ;
#412 = AXIS2_PLACEMENT_3D ( 'NONE', #3329, #4772, #4815 ) ;
#413 = CARTESIAN_POINT ( 'NONE',  ( 112.3510464615897600, -22.00157476641292900, 308.8566388824925200 ) ) ;
#414 = CARTESIAN_POINT ( 'NONE',  ( 110.2481815839384200, 17.89438513013977400, 309.9032647183948400 ) ) ;
#415 = CARTESIAN_POINT ( 'NONE',  ( 114.1208002193369100, -23.50157453848788700, 306.8507587400511100 ) ) ;
#416 = DIRECTION ( 'NONE',  ( -0.9999999999999916700, 1.287890777357250000E-007, 0.0000000000000000000 ) ) ;
#417 = FACE_BOUND ( 'NONE', #1432, .T. ) ;
#418 = CARTESIAN_POINT ( 'NONE',  ( 112.6674524384439300, -23.50157472566324700, 305.6668568679917300 ) ) ;
#419 = CARTESIAN_POINT ( 'NONE',  ( 99.51158441613357300, 17.89438651289621900, 312.3606764386780700 ) ) ;
#420 = CARTESIAN_POINT ( 'NONE',  ( 117.0719328000654800, -23.50157415841425700, 319.4797872907930700 ) ) ;
#421 = CARTESIAN_POINT ( 'NONE',  ( 118.8169557917334600, 17.89438402657519200, 308.4157901856859800 ) ) ;
#422 = VERTEX_POINT ( 'NONE', #1135 ) ;
#423 = CARTESIAN_POINT ( 'NONE',  ( 101.9517728821517700, 17.89438619862651700, 305.8286206694862100 ) ) ;
#424 = PLANE ( 'NONE',  #1872 ) ;
#425 = CARTESIAN_POINT ( 'NONE',  ( 111.7592771724897300, 16.39438493552718900, 315.7770275570318300 ) ) ;
#426 = CARTESIAN_POINT ( 'NONE',  ( 108.4867782916232000, 16.39438535698935000, 319.8868850267953700 ) ) ;
#427 = CARTESIAN_POINT ( 'NONE',  ( 102.1462847290895600, -23.50157608067523200, 305.7481382280548100 ) ) ;
#428 = EDGE_LOOP ( 'NONE', ( #5740, #5604, #4370, #5333 ) ) ;
#429 = CARTESIAN_POINT ( 'NONE',  ( 110.7573247163586700, -22.00157497166693300, 310.6649645499840100 ) ) ;
#430 = CARTESIAN_POINT ( 'NONE',  ( 106.4820216879938600, 17.89438561518008100, 308.8960227526879400 ) ) ;
#431 = DIRECTION ( 'NONE',  ( 1.000000000000000000, 0.0000000000000000000, 0.0000000000000000000 ) ) ;
#432 = EDGE_CURVE ( 'NONE', #5288, #5765, #2354, .T. ) ;
#433 = CARTESIAN_POINT ( 'NONE',  ( 108.0703270595158500, -22.00157531772307700, 315.6944587848085500 ) ) ;
#434 = VERTEX_POINT ( 'NONE', #3979 ) ;
#435 = SHAPE_DEFINITION_REPRESENTATION ( #218, #311 ) ;
#436 = CARTESIAN_POINT ( 'NONE',  ( 101.7113194492564500, -22.00157613669410800, 312.3606763975407700 ) ) ;
#437 = CARTESIAN_POINT ( 'NONE',  ( 107.6114546150847200, 17.89438546972153800, 324.0426434868389800 ) ) ;
#438 = CARTESIAN_POINT ( 'NONE',  ( 104.2902757315078300, 16.39438589745306600, 311.0889164550149500 ) ) ;
#439 = EDGE_CURVE ( 'NONE', #1875, #2822, #1874, .T. ) ;
#440 = CARTESIAN_POINT ( 'NONE',  ( 76.11368782124857500, -7.753342210153459900, 315.5662699092009700 ) ) ;
#441 = ORIENTED_EDGE ( 'NONE', *, *, #4346, .T. ) ;
#442 = B_SPLINE_CURVE_WITH_KNOTS ( 'NONE', 3,
 ( #4502, #3586, #743, #2200, #3606, #4041, #3541, #5014, #5077, #2223, #5514, #6014, #211, #2660, #3563, #3150, #1738, #1715, #4986, #2153, #5994, #2639, #4016, #1262 ),
 .UNSPECIFIED., .F., .F.,
 ( 4, 2, 2, 2, 2, 2, 2, 2, 2, 2, 2, 4 ),
 ( 0.0000000000000000000, 0.1250000000000000000, 0.1875000000000000000, 0.2500000000000000000, 0.3750000000000000000, 0.5000000000000000000, 0.5625000000000000000, 0.6249999999999998900, 0.6874999999999998900, 0.7500000000000000000, 0.8750000000000001100, 1.000000000000000000 ),
 .UNSPECIFIED. ) ;
#443 = CARTESIAN_POINT ( 'NONE',  ( 108.3865022768467100, 16.39438536990385500, 324.0426433778898200 ) ) ;
#444 = VECTOR ( 'NONE', #5061, 1000.000000000000000 ) ;
#445 = CARTESIAN_POINT ( 'NONE',  ( 114.8992267661772400, 16.39438453113596900, 311.1448315593627300 ) ) ;
#446 = CARTESIAN_POINT ( 'NONE',  ( 102.1452760000103300, 16.39438617370541400, 305.7483548845142400 ) ) ;
#447 = CARTESIAN_POINT ( 'NONE',  ( 104.5754600289815500, -22.00157576782393000, 310.4586144236952800 ) ) ;
#448 = CC_DESIGN_DATE_AND_TIME_ASSIGNMENT ( #6105, #453, ( #3838 ) ) ;
#449 = VERTEX_POINT ( 'NONE', #749 ) ;
#450 = CARTESIAN_POINT ( 'NONE',  ( 111.1629718950609100, 16.39438501232468700, 306.4614066869058900 ) ) ;
#451 = CARTESIAN_POINT ( 'NONE',  ( 111.1721575885870100, -22.00157491824098700, 308.0683273150570500 ) ) ;
#452 = CARTESIAN_POINT ( 'NONE',  ( 106.0605533973172900, 17.89438566946059700, 309.0704862124967500 ) ) ;
#453 = DATE_TIME_ROLE ( 'creation_date' ) ;
#454 = CARTESIAN_POINT ( 'NONE',  ( 108.7114547870120300, -23.50157523515288800, 319.0702772322563300 ) ) ;
#455 = ORIENTED_EDGE ( 'NONE', *, *, #6042, .T. ) ;
#456 = CARTESIAN_POINT ( 'NONE',  ( 76.11368816194959700, 15.64438923651411200, 300.3904008652820000 ) ) ;
#457 = CARTESIAN_POINT ( 'NONE',  ( 114.1104646398425800, -23.50157453981899300, 306.8520413949538600 ) ) ;
#458 = CARTESIAN_POINT ( 'NONE',  ( 99.65655755221314400, 17.89438649422524800, 311.6650879136098000 ) ) ;
#459 = VERTEX_POINT ( 'NONE', #656 ) ;
#460 = CARTESIAN_POINT ( 'NONE',  ( 103.6375437701088600, -22.00157588861739600, 315.8934177073111300 ) ) ;
#461 = CARTESIAN_POINT ( 'NONE',  ( 103.9438255902954300, -22.00157584917153400, 306.2861514192181300 ) ) ;
#462 = CARTESIAN_POINT ( 'NONE',  ( 104.2210520288256000, 17.89438590636815700, 306.8499620199087900 ) ) ;
#463 = ORIENTED_EDGE ( 'NONE', *, *, #3196, .T. ) ;
#464 = CARTESIAN_POINT ( 'NONE',  ( 103.0751363093788300, 17.89438605394956700, 305.7170622473455000 ) ) ;
#465 = CARTESIAN_POINT ( 'NONE',  ( 106.5114545938282800, -22.00157551848882100, 305.0699728882521500 ) ) ;
#466 = CARTESIAN_POINT ( 'NONE',  ( 104.2109695100415200, 16.39438590766667000, 307.6815079135162100 ) ) ;
#467 = CARTESIAN_POINT ( 'NONE',  ( 112.7702462063098500, 16.39438480532541600, 315.5761820131780800 ) ) ;
#468 = CARTESIAN_POINT ( 'NONE',  ( 101.0619210898703800, 17.89438631322984800, 317.3797964300525200 ) ) ;
#469 = CARTESIAN_POINT ( 'NONE',  ( 102.5576607328073800, -23.50157602769450100, 305.6667164290752800 ) ) ;
#470 = CARTESIAN_POINT ( 'NONE',  ( 113.6565633847535400, 16.39438469117748900, 311.6650884228432100 ) ) ;
#471 = CARTESIAN_POINT ( 'NONE',  ( 104.1114547870110000, 17.89438592048322400, 312.2165221216940300 ) ) ;
#472 = B_SPLINE_CURVE_WITH_KNOTS ( 'NONE', 1,
 ( #4601, #5554 ),
 .UNSPECIFIED., .F., .F.,
 ( 2, 2 ),
 ( 0.0000000000000000000, 1.000000000000000000 ),
 .UNSPECIFIED. ) ;
#473 = APPLICATION_CONTEXT ( 'configuration controlled 3d designs of mechanical parts and assemblies' ) ;
#474 = CARTESIAN_POINT ( 'NONE',  ( 113.3696019654238800, 17.89438472813499100, 318.5635798689272600 ) ) ;
#475 = VECTOR ( 'NONE', #3452, 1000.000000000000000 ) ;
#476 = EDGE_CURVE ( 'NONE', #2371, #1805, #3757, .T. ) ;
#477 = CARTESIAN_POINT ( 'NONE',  ( 107.1245173165675900, 16.39438553243351700, 306.2058384155998300 ) ) ;
#478 = CARTESIAN_POINT ( 'NONE',  ( 104.5725280169795200, 16.39438586110202700, 310.4636384261163500 ) ) ;
#479 = CARTESIAN_POINT ( 'NONE',  ( 102.5576605396236800, -22.00157602769451200, 305.6667164290752800 ) ) ;
#480 = AXIS2_PLACEMENT_3D ( 'NONE', #141, #3514, #3472 ) ;
#481 = CARTESIAN_POINT ( 'NONE',  ( 104.2518110361259000, -22.00157580950636000, 307.0580870628948600 ) ) ;
#482 = CARTESIAN_POINT ( 'NONE',  ( 111.4267307432322300, 16.39438497835536200, 300.9961594090355600 ) ) ;
#483 = LINE ( 'NONE', #40, #5711 ) ;
#484 = CARTESIAN_POINT ( 'NONE',  ( 107.7556088688259300, 16.39438545115599100, 320.3163869779735400 ) ) ;
#485 = CARTESIAN_POINT ( 'NONE',  ( 106.7037377901961600, 17.89438558662553200, 315.6050241408727900 ) ) ;
#486 = CARTESIAN_POINT ( 'NONE',  ( 100.7554093733232200, 17.89438635270513700, 311.1165209732590100 ) ) ;
#487 = CARTESIAN_POINT ( 'NONE',  ( 111.5850558911169200, 17.89438495796488100, 305.9942446941524800 ) ) ;
#488 = CARTESIAN_POINT ( 'NONE',  ( 111.0427314316655200, 16.39438502781046800, 317.6815760792002800 ) ) ;
#489 = CARTESIAN_POINT ( 'NONE',  ( 106.5114547870119700, -23.50157551848880600, 305.2165221225490100 ) ) ;
#490 = CARTESIAN_POINT ( 'NONE',  ( 107.5401974490986400, -23.50157538599801300, 318.1164551257413100 ) ) ;
#491 = AXIS2_PLACEMENT_3D ( 'NONE', #5679, #2874, #943 ) ;
#492 = CARTESIAN_POINT ( 'NONE',  ( 113.7819376750578800, 16.39438467503058000, 311.4905101395872900 ) ) ;
#493 = CARTESIAN_POINT ( 'NONE',  ( 76.11368831404635700, 2.146152726457884400, 318.7662699092007300 ) ) ;
#494 = B_SPLINE_CURVE_WITH_KNOTS ( 'NONE', 3,
 ( #5419, #5467, #2193, #4581, #2693, #5575, #5046, #5067, #1254, #4121, #2713, #1729, #817, #5555, #797, #6025, #3163, #6048, #3180, #3661, #2118, #5590, #4857, #2482, #5820, #3759, #1821, #2842, #3775, #4250 ),
 .UNSPECIFIED., .F., .F.,
 ( 4, 2, 2, 2, 2, 2, 2, 2, 2, 2, 2, 2, 2, 2, 4 ),
 ( 0.0000000000000000000, 0.1250000000000000000, 0.1875000000000000000, 0.2500000000000000000, 0.3125000000000000000, 0.3750000000000000000, 0.4375000000000000600, 0.5000000000000000000, 0.5625000000000000000, 0.6250000000000000000, 0.6875000000000000000, 0.7500000000000000000, 0.8125000000000001100, 0.8750000000000001100, 1.000000000000000000 ),
 .UNSPECIFIED. ) ;
#495 = CARTESIAN_POINT ( 'NONE',  ( 108.4924298064688900, -23.50157526336092700, 318.5419992190758800 ) ) ;
#496 = B_SPLINE_CURVE_WITH_KNOTS ( 'NONE', 1,
 ( #5616, #4685 ),
 .UNSPECIFIED., .F., .F.,
 ( 2, 2 ),
 ( 0.0000000000000000000, 1.000000000000000000 ),
 .UNSPECIFIED. ) ;
#497 = DIRECTION ( 'NONE',  ( -0.0000000000000000000, 1.176836406102669200E-014, 1.000000000000000000 ) ) ;
#498 = CARTESIAN_POINT ( 'NONE',  ( 111.0888694641982400, -22.00157492896762100, 312.6792899497039600 ) ) ;
#499 = ORIENTED_EDGE ( 'NONE', *, *, #4225, .T. ) ;
#500 = CARTESIAN_POINT ( 'NONE',  ( 100.8992267661760300, -22.00157624128282000, 313.2882126857354600 ) ) ;
#501 = CARTESIAN_POINT ( 'NONE',  ( 106.5396766188363500, 16.39438560775461100, 305.5048073121379800 ) ) ;
#502 = DIRECTION ( 'NONE',  ( -1.000000000000000000, 0.0000000000000000000, 0.0000000000000000000 ) ) ;
#503 = VERTEX_POINT ( 'NONE', #4529 ) ;
#504 = CARTESIAN_POINT ( 'NONE',  ( 103.6380788107464500, -22.00157588854840500, 308.5392312900690400 ) ) ;
#505 = CARTESIAN_POINT ( 'NONE',  ( 104.2616296099277200, 17.89438590114221100, 307.0544606392563800 ) ) ;
#506 = CARTESIAN_POINT ( 'NONE',  ( 115.7115215906434000, 16.39438442652126300, 312.2877794604551100 ) ) ;
#507 = CARTESIAN_POINT ( 'NONE',  ( 111.7546230838917200, 17.89438493612651000, 308.6652737994486400 ) ) ;
#508 = CARTESIAN_POINT ( 'NONE',  ( 101.0990955937739400, 17.89438630844210100, 311.2275486395075200 ) ) ;
#509 = ORIENTED_EDGE ( 'NONE', *, *, #770, .T. ) ;
#510 = CARTESIAN_POINT ( 'NONE',  ( 111.5045232412641800, 17.89438496833661700, 306.0607119684999000 ) ) ;
#511 = CARTESIAN_POINT ( 'NONE',  ( 113.6925729120333400, 16.39438468653981600, 316.0348987409560100 ) ) ;
#512 = CARTESIAN_POINT ( 'NONE',  ( 101.2652060975920700, 17.89438628704896000, 317.9750482077504900 ) ) ;
#513 = FACE_BOUND ( 'NONE', #5939, .T. ) ;
#514 = CARTESIAN_POINT ( 'NONE',  ( 107.7556090619945800, -23.50157535825533700, 318.1166572671070300 ) ) ;
#515 = DIRECTION ( 'NONE',  ( -1.000000000000000000, 0.0000000000000000000, 0.0000000000000000000 ) ) ;
#516 = CARTESIAN_POINT ( 'NONE',  ( 106.7304797675396300, 17.89438558318125100, 304.5419992190900900 ) ) ;
#517 = ORIENTED_EDGE ( 'NONE', *, *, #3395, .T. ) ;
#518 = CARTESIAN_POINT ( 'NONE',  ( 76.11368823314965900, -7.753342210153551400, 308.8667749725868800 ) ) ;
#519 = EDGE_CURVE ( 'NONE', #5288, #1206, #6197, .T. ) ;
#520 = FACE_OUTER_BOUND ( 'NONE', #4001, .T. ) ;
#521 = CARTESIAN_POINT ( 'NONE',  ( 114.1612799191563100, 17.89438462617549800, 317.3784539274930100 ) ) ;
#522 = CARTESIAN_POINT ( 'NONE',  ( 110.9321472459583300, -23.50157494915168500, 313.3456758703486000 ) ) ;
#523 = CARTESIAN_POINT ( 'NONE',  ( 101.8540585792912300, 17.89438621121116700, 315.7685473633587200 ) ) ;
#524 = EDGE_CURVE ( 'NONE', #5747, #709, #3087, .T. ) ;
#525 = ORIENTED_EDGE ( 'NONE', *, *, #3428, .F. ) ;
#526 = CARTESIAN_POINT ( 'NONE',  ( 103.7930779754214000, 16.39438596148652400, 306.1354038043440400 ) ) ;
#527 = CARTESIAN_POINT ( 'NONE',  ( 112.9756383325409700, -23.50157468597241800, 318.7157871960013200 ) ) ;
#528 = FACE_BOUND ( 'NONE', #3448, .T. ) ;
#529 = CARTESIAN_POINT ( 'NONE',  ( 103.1771299083233500, 17.89438604081403000, 315.6476331646657100 ) ) ;
#530 = CARTESIAN_POINT ( 'NONE',  ( 119.0572083946739500, 16.39438399563335100, 315.2912558548484900 ) ) ;
#531 = ORIENTED_EDGE ( 'NONE', *, *, #2648, .T. ) ;
#532 = CARTESIAN_POINT ( 'NONE',  ( 114.6114545938283700, 16.39438456819785700, 313.3165221225489700 ) ) ;
#533 = CARTESIAN_POINT ( 'NONE',  ( 109.1623561767848000, 17.89438526998232600, 315.3625580325343700 ) ) ;
#534 = CARTESIAN_POINT ( 'NONE',  ( 112.3503294402501800, 16.39438485940599200, 305.6769851753463200 ) ) ;
#535 = CARTESIAN_POINT ( 'NONE',  ( 104.4655846645004000, -23.50157578197463300, 313.7680796951631800 ) ) ;
#536 = CARTESIAN_POINT ( 'NONE',  ( 103.4693560581560800, 17.89438600317853200, 318.5639918183391000 ) ) ;
#537 = ORIENTED_EDGE ( 'NONE', *, *, #1039, .T. ) ;
#538 = CARTESIAN_POINT ( 'NONE',  ( 102.5576605396236800, -22.00157602769451200, 305.6667164290752800 ) ) ;
#539 = DIRECTION ( 'NONE',  ( -0.0000000000000000000, 0.0000000000000000000, 1.000000000000000000 ) ) ;
#540 = CARTESIAN_POINT ( 'NONE',  ( 111.0888696573819300, -23.50157492896761000, 312.6792899497039600 ) ) ;
#541 = ORIENTED_EDGE ( 'NONE', *, *, #2651, .F. ) ;
#542 = CARTESIAN_POINT ( 'NONE',  ( 104.2207509014195900, 17.89438590640705600, 316.7482976700823700 ) ) ;
#543 = CARTESIAN_POINT ( 'NONE',  ( 111.1114547870119900, -23.50157492605890000, 312.2165221234050100 ) ) ;
#544 = CARTESIAN_POINT ( 'NONE',  ( 113.2711364986868300, -22.00157464791529800, 305.8286206694872400 ) ) ;
#545 = CARTESIAN_POINT ( 'NONE',  ( 99.56713407092492200, 16.39438650574200600, 311.8627234822797600 ) ) ;
#546 = CARTESIAN_POINT ( 'NONE',  ( 101.6049647348474400, -22.00157615039136200, 306.0609240620661400 ) ) ;
#547 = CARTESIAN_POINT ( 'NONE',  ( 119.0617337632421900, -22.00157390214946300, 315.2744100258167400 ) ) ;
#548 = CARTESIAN_POINT ( 'NONE',  ( 116.5223559676759600, 16.39438432209454200, 304.4029392641925800 ) ) ;
#549 = CARTESIAN_POINT ( 'NONE',  ( 107.0600208941211500, 16.39438554074012800, 320.1714133316369300 ) ) ;
#550 = CARTESIAN_POINT ( 'NONE',  ( 110.2480135426177400, 17.89438513016142800, 314.5296356863947300 ) ) ;
#551 = FACE_BOUND ( 'NONE', #4937, .T. ) ;
#552 = CARTESIAN_POINT ( 'NONE',  ( 100.6114489410813900, 16.39438637124565500, 311.1165209732590100 ) ) ;
#553 = CARTESIAN_POINT ( 'NONE',  ( 111.4298312122363900, 16.39438497795612500, 306.1354038043450600 ) ) ;
#554 = DIRECTION ( 'NONE',  ( -0.0000000000000000000, 0.0000000000000000000, 1.000000000000000000 ) ) ;
#555 = CARTESIAN_POINT ( 'NONE',  ( 113.5461976083216100, 17.89438470539141000, 311.9312254973302700 ) ) ;
#556 = EDGE_CURVE ( 'NONE', #3217, #2996, #3791, .T. ) ;
#557 = CARTESIAN_POINT ( 'NONE',  ( 107.6114546208673800, -23.50157537682073900, 300.3904008578980400 ) ) ;
#558 = CARTESIAN_POINT ( 'NONE',  ( 77.61368816194959700, -4.103595112425175300, 315.4661376545016100 ) ) ;
#559 = ORIENTED_EDGE ( 'NONE', *, *, #3076, .T. ) ;
#560 = CARTESIAN_POINT ( 'NONE',  ( 101.6050281114684600, -22.00157615038322600, 308.4728373399851800 ) ) ;
#561 = CARTESIAN_POINT ( 'NONE',  ( 108.1628882935354900, 16.39438539870282300, 318.2616309134695000 ) ) ;
#562 = CARTESIAN_POINT ( 'NONE',  ( 104.9748958371507000, -22.00157571638098700, 314.5296356851689600 ) ) ;
#563 = CARTESIAN_POINT ( 'NONE',  ( 106.5114545938283600, 16.39438561138928900, 305.2165221225490100 ) ) ;
#564 = CARTESIAN_POINT ( 'NONE',  ( 111.8530563871844700, 17.89438492344939000, 308.7058894343165900 ) ) ;
#565 = CARTESIAN_POINT ( 'NONE',  ( 112.6652486480336100, 16.39438481884784000, 305.6667164290761900 ) ) ;
#566 = CARTESIAN_POINT ( 'NONE',  ( 111.7553048517730600, -23.50157484313795200, 305.8679952347652000 ) ) ;
#567 = CARTESIAN_POINT ( 'NONE',  ( 100.3236787187768000, 16.39438640830733000, 313.2882120669183900 ) ) ;
#568 = CARTESIAN_POINT ( 'NONE',  ( 101.8604674100678800, -22.00157611748540600, 305.8770389332727300 ) ) ;
#569 = CARTESIAN_POINT ( 'NONE',  ( 117.9485505376567400, -22.00157404551538700, 318.1669378620323400 ) ) ;
#570 = FACE_BOUND ( 'NONE', #4239, .T. ) ;
#571 = AXIS2_PLACEMENT_3D ( 'NONE', #375, #5213, #431 ) ;
#572 = CARTESIAN_POINT ( 'NONE',  ( 114.7554151229979700, 17.89438454965742100, 311.1165221225489900 ) ) ;
#573 = CARTESIAN_POINT ( 'NONE',  ( 108.7114545938283800, 16.39438532805348500, 319.3604824585329400 ) ) ;
#574 = CARTESIAN_POINT ( 'NONE',  ( 106.4857486572120300, 17.89438561470010200, 315.5383386357434600 ) ) ;
#575 = CARTESIAN_POINT ( 'NONE',  ( 101.2872124459073400, 17.89438628421471500, 313.0966029221446000 ) ) ;
#576 = CARTESIAN_POINT ( 'NONE',  ( 104.1114545938848400, -22.00157582758261300, 311.9855665674754200 ) ) ;
#577 = CARTESIAN_POINT ( 'NONE',  ( 108.5666947572066600, -22.00157525379622600, 304.6656673055097100 ) ) ;
#578 = CARTESIAN_POINT ( 'NONE',  ( 104.1114545937713600, 16.39438592048326300, 312.4474776761555300 ) ) ;
#579 = ORIENTED_EDGE ( 'NONE', *, *, #439, .F. ) ;
#580 = CARTESIAN_POINT ( 'NONE',  ( 115.5722206808638600, -23.50157435156078400, 312.7717104268051600 ) ) ;
#581 = CARTESIAN_POINT ( 'NONE',  ( 103.6380790039301400, -23.50157588854839100, 308.5392312900690400 ) ) ;
#582 = CARTESIAN_POINT ( 'NONE',  ( 101.5303364688079900, -23.50157616000271700, 308.3981455041409300 ) ) ;
#583 = CARTESIAN_POINT ( 'NONE',  ( 104.5725280161193500, -22.00157576820152600, 313.9694058175052200 ) ) ;
#584 = CARTESIAN_POINT ( 'NONE',  ( 107.9005445254790200, 16.39438543248969500, 306.2879363579404000 ) ) ;
#585 = ORIENTED_EDGE ( 'NONE', *, *, #5120, .T. ) ;
#586 = CARTESIAN_POINT ( 'NONE',  ( 101.5663458029072500, -22.00157615536512500, 311.6650884228450900 ) ) ;
#587 = CARTESIAN_POINT ( 'NONE',  ( 113.8331334164630600, -22.00157457553621000, 306.2899912482150200 ) ) ;
#588 = CARTESIAN_POINT ( 'NONE',  ( 113.2693481234467800, -23.50157464814578700, 318.6053843709369700 ) ) ;
#589 = B_SPLINE_CURVE_WITH_KNOTS ( 'NONE', 1,
 ( #3248, #2296 ),
 .UNSPECIFIED., .F., .F.,
 ( 2, 2 ),
 ( 0.0000000000000000000, 1.000000000000000000 ),
 .UNSPECIFIED. ) ;
#590 = CARTESIAN_POINT ( 'NONE',  ( 99.78193161730425200, 16.39438647807842400, 311.4905094452294100 ) ) ;
#591 = CARTESIAN_POINT ( 'NONE',  ( 119.0560600227983300, -22.00157390288012500, 309.1376157592691200 ) ) ;
#592 = ORIENTED_EDGE ( 'NONE', *, *, #3828, .F. ) ;
#593 = CARTESIAN_POINT ( 'NONE',  ( 115.0991015653289900, 17.89438450539429200, 311.2275499427662500 ) ) ;
#594 = CARTESIAN_POINT ( 'NONE',  ( 114.4644885901737300, -23.50157449422463800, 313.3165221225489700 ) ) ;
#595 = CARTESIAN_POINT ( 'NONE',  ( 114.4674944510275500, -23.50157449383739600, 311.1165221225489900 ) ) ;
#596 = CARTESIAN_POINT ( 'NONE',  ( 102.8696250109978800, 16.39438608041729900, 315.5759636719970400 ) ) ;
#597 = CARTESIAN_POINT ( 'NONE',  ( 114.6114545938283700, 16.39438456819785700, 313.3165221225489700 ) ) ;
#598 = ORIENTED_EDGE ( 'NONE', *, *, #2755, .F. ) ;
#599 = CARTESIAN_POINT ( 'NONE',  ( 104.9747277969476600, 16.39438580930306700, 314.5297795267633800 ) ) ;
#600 = LINE ( 'NONE', #5138, #3429 ) ;
#601 = CARTESIAN_POINT ( 'NONE',  ( 107.7556388365107600, 16.39438545115194000, 304.1233226736682700 ) ) ;
#602 = CARTESIAN_POINT ( 'NONE',  ( 104.1797200290400000, -23.50157581879092200, 307.7833986403278500 ) ) ;
#603 = ORIENTED_EDGE ( 'NONE', *, *, #4953, .T. ) ;
#604 = EDGE_CURVE ( 'NONE', #3537, #4761, #1818, .T. ) ;
#605 = CARTESIAN_POINT ( 'NONE',  ( 101.1016904609410900, -23.50157621520764900, 307.6815493103050600 ) ) ;
#606 = CARTESIAN_POINT ( 'NONE',  ( 111.1114545938283000, -22.00157492605892200, 312.2165221234050100 ) ) ;
#607 = CARTESIAN_POINT ( 'NONE',  ( 107.6114544276837000, -22.00157537682074600, 300.3904008578980400 ) ) ;
#608 = EDGE_CURVE ( 'NONE', #5365, #4900, #5682, .T. ) ;
#609 = CARTESIAN_POINT ( 'NONE',  ( 113.6178810761886800, 16.39438469615921800, 308.4728373399857400 ) ) ;
#610 = CARTESIAN_POINT ( 'NONE',  ( 111.5805422481798100, -22.00157486564546300, 305.9846927684014300 ) ) ;
#611 = CARTESIAN_POINT ( 'NONE',  ( 113.8433205269088000, -22.00157457422434200, 316.1856463558324900 ) ) ;
#612 = EDGE_LOOP ( 'NONE', ( #2754, #4716 ) ) ;
#613 = ADVANCED_FACE ( 'NONE', ( #2863, #1597, #551, #5486, #2572, #1517, #261, #2650, #3010, #1376 ), #880, .F. ) ;
#614 = CARTESIAN_POINT ( 'NONE',  ( 118.8361456157914200, -22.00157393120276700, 316.0193111161626100 ) ) ;
#615 = CARTESIAN_POINT ( 'NONE',  ( 115.1623096040503800, 17.89438449725382400, 311.2612819591798800 ) ) ;
#616 = ORIENTED_EDGE ( 'NONE', *, *, #3196, .F. ) ;
#617 = CARTESIAN_POINT ( 'NONE',  ( 110.7573247156140500, 16.39438506456778600, 313.7680796966266100 ) ) ;
#618 = CARTESIAN_POINT ( 'NONE',  ( 101.6007659326908200, 16.39438624383244700, 312.7034568246277800 ) ) ;
#619 = CARTESIAN_POINT ( 'NONE',  ( 76.11368803827605200, 4.196405258152250200, 312.2165224408962600 ) ) ;
#620 = AXIS2_PLACEMENT_3D ( 'NONE', #5488, #733, #1165 ) ;
#621 = CARTESIAN_POINT ( 'NONE',  ( 108.4867784848176200, -23.50157526408858300, 304.5461592182961100 ) ) ;
#622 = CARTESIAN_POINT ( 'NONE',  ( 114.6114547870119900, 17.89438456819798200, 311.1165221225489900 ) ) ;
#623 = CARTESIAN_POINT ( 'NONE',  ( 76.11368823314957400, 2.146152726457860800, 308.8667749725871700 ) ) ;
#624 = CARTESIAN_POINT ( 'NONE',  ( 104.2514867462683400, -23.50157580954814700, 307.4772872448493800 ) ) ;
#625 = CARTESIAN_POINT ( 'NONE',  ( 108.2820401323874500, 17.89438538335738100, 318.3413855825194800 ) ) ;
#626 = DIRECTION ( 'NONE',  ( -1.000000000000000000, 0.0000000000000000000, 0.0000000000000000000 ) ) ;
#627 = CARTESIAN_POINT ( 'NONE',  ( 100.6114547870119800, -23.50157627834473900, 313.3165221225489700 ) ) ;
#628 = CARTESIAN_POINT ( 'NONE',  ( 112.3532841766588700, 16.39438485902550000, 308.8570805731141600 ) ) ;
#629 = CARTESIAN_POINT ( 'NONE',  ( 104.2005100200138900, -23.50157581611343700, 311.3052069365226700 ) ) ;
#630 = CARTESIAN_POINT ( 'NONE',  ( 113.5375737473505400, -22.00157461360123200, 318.4387262266915300 ) ) ;
#631 = CARTESIAN_POINT ( 'NONE',  ( 109.3771840196737100, -23.50157514941415800, 315.2741265266876700 ) ) ;
#632 = CARTESIAN_POINT ( 'NONE',  ( 103.1771297151397300, 16.39438604081404400, 315.6476331646657100 ) ) ;
#633 = ORIENTED_EDGE ( 'NONE', *, *, #2651, .T. ) ;
#634 = CARTESIAN_POINT ( 'NONE',  ( 108.0983918710935700, -22.00157531410856400, 306.2058384156057400 ) ) ;
#635 = PLANE ( 'NONE',  #3788 ) ;
#636 = CARTESIAN_POINT ( 'NONE',  ( 105.3014026867998900, 16.39438576723091500, 314.8559783306739600 ) ) ;
#637 = CARTESIAN_POINT ( 'NONE',  ( 102.8747194311466900, -23.50157598686090000, 315.5664345835987800 ) ) ;
#638 = CARTESIAN_POINT ( 'NONE',  ( 107.1245175097515600, -23.50157543953298100, 304.2272058294943200 ) ) ;
#639 = CARTESIAN_POINT ( 'NONE',  ( 111.4298312122362900, -22.00157488505540800, 306.1354038043450000 ) ) ;
#640 = EDGE_CURVE ( 'NONE', #1724, #3253, #5252, .T. ) ;
#641 = CARTESIAN_POINT ( 'NONE',  ( 106.6224824140477000, 16.39438559709011800, 304.7288753442375700 ) ) ;
#642 = CIRCLE ( 'NONE', #6117, 1.599999999999990300 ) ;
#643 = EDGE_CURVE ( 'NONE', #2996, #3760, #3683, .T. ) ;
#644 = CARTESIAN_POINT ( 'NONE',  ( 106.5393450868743500, -23.50157551489699900, 318.9290342843813700 ) ) ;
#645 = CARTESIAN_POINT ( 'NONE',  ( 108.5723350128438700, 17.89438534597058000, 318.6616774638874900 ) ) ;
#646 = CARTESIAN_POINT ( 'NONE',  ( 76.11368816194959700, -21.62053882741650300, 324.0426433693249900 ) ) ;
#647 = CARTESIAN_POINT ( 'NONE',  ( 111.1114545938273700, 16.39438501895980600, 312.2165221234050100 ) ) ;
#648 = CARTESIAN_POINT ( 'NONE',  ( 111.3557649822913200, 16.39438498749515800, 316.1090453880243000 ) ) ;
#649 = CARTESIAN_POINT ( 'NONE',  ( 103.7184495161935200, 16.39438597109797200, 315.9604189986844700 ) ) ;
#650 = CARTESIAN_POINT ( 'NONE',  ( 109.7582574638223300, -23.50157510033598400, 309.4134247998354100 ) ) ;
#651 = EDGE_LOOP ( 'NONE', ( #5351, #5383, #3644, #1347 ) ) ;
#652 = CARTESIAN_POINT ( 'NONE',  ( 101.1432366882326300, -23.50157620985704600, 316.6509631025105600 ) ) ;
#653 = CARTESIAN_POINT ( 'NONE',  ( 107.3223646621711400, -22.00157541405243900, 306.2879363579486400 ) ) ;
#654 = CARTESIAN_POINT ( 'NONE',  ( 114.3244847717732700, -23.50157451225557600, 311.1444995855189900 ) ) ;
#655 = CARTESIAN_POINT ( 'NONE',  ( 109.3663694750407600, 16.39438524370757100, 315.2544315634586400 ) ) ;
#656 = CARTESIAN_POINT ( 'NONE',  ( 77.61368849147994800, -2.803594741847680100, 320.3165224408961600 ) ) ;
#657 = ORIENTED_EDGE ( 'NONE', *, *, #1117, .F. ) ;
#658 = CARTESIAN_POINT ( 'NONE',  ( 112.9756381393572700, -22.00157468597243200, 318.7157871960013200 ) ) ;
#659 = CARTESIAN_POINT ( 'NONE',  ( 108.7114547870119700, -23.50157523515272800, 305.2165221225490100 ) ) ;
#660 = CARTESIAN_POINT ( 'NONE',  ( 113.5113875970152300, 16.39438470987449000, 312.1452647846443800 ) ) ;
#661 = CARTESIAN_POINT ( 'NONE',  ( 106.5114545938283600, 16.39438561138928900, 305.2165221225490100 ) ) ;
#662 = ORIENTED_EDGE ( 'NONE', *, *, #4640, .T. ) ;
#663 = CARTESIAN_POINT ( 'NONE',  ( 105.4736763102602900, 16.39438574504390200, 309.4347603494609300 ) ) ;
#664 = CARTESIAN_POINT ( 'NONE',  ( 103.1773412418036600, -22.00157594788636900, 305.7480744417791800 ) ) ;
#665 = CARTESIAN_POINT ( 'NONE',  ( 103.7930779754213000, -22.00157586858618300, 306.1354038043440400 ) ) ;
#666 = CIRCLE ( 'NONE', #4843, 1.600000000000010700 ) ;
#667 = CARTESIAN_POINT ( 'NONE',  ( 116.5024017990002500, 16.39438432466459300, 320.0243342042744000 ) ) ;
#668 = CARTESIAN_POINT ( 'NONE',  ( 104.1114547870110000, 17.89438592048318800, 312.2165221217624100 ) ) ;
#669 = CARTESIAN_POINT ( 'NONE',  ( 110.6474491595163300, 16.39438507871854600, 310.4586144251436500 ) ) ;
#670 = CARTESIAN_POINT ( 'NONE',  ( 106.5114547870120000, 17.89438561138944600, 319.2165221225490100 ) ) ;
#671 = ORIENTED_EDGE ( 'NONE', *, *, #1718, .T. ) ;
#672 = CARTESIAN_POINT ( 'NONE',  ( 112.4549520721770100, 17.89438484593186700, 315.5663518045993200 ) ) ;
#673 = CARTESIAN_POINT ( 'NONE',  ( 104.5567309513395000, -23.50157577023604500, 310.4454100291468400 ) ) ;
#674 = CARTESIAN_POINT ( 'NONE',  ( 99.51158993158320200, -23.50157641999535900, 312.0723678475546900 ) ) ;
#675 = FACE_BOUND ( 'NONE', #1543, .T. ) ;
#676 = CARTESIAN_POINT ( 'NONE',  ( 99.56713407092492200, 16.39438650574200600, 311.8627234822797600 ) ) ;
#677 = CARTESIAN_POINT ( 'NONE',  ( 102.2470012629284100, -23.50157606770420700, 318.7156353355562100 ) ) ;
#678 = B_SPLINE_CURVE_WITH_KNOTS ( 'NONE', 1,
 ( #3224, #1019 ),
 .UNSPECIFIED., .F., .F.,
 ( 2, 2 ),
 ( 0.0000000000000000000, 1.000000000000000000 ),
 .UNSPECIFIED. ) ;
#679 = CARTESIAN_POINT ( 'NONE',  ( 115.3383136573752000, 16.39438447458643500, 311.3878138370028500 ) ) ;
#680 = ORIENTED_EDGE ( 'NONE', *, *, #5963, .F. ) ;
#681 = FACE_BOUND ( 'NONE', #4884, .T. ) ;
#682 = CARTESIAN_POINT ( 'NONE',  ( 113.5113181361575000, -23.50157461698261200, 312.3620061643043800 ) ) ;
#683 = CARTESIAN_POINT ( 'NONE',  ( 111.0004514844507800, 16.39438503325565600, 313.1221134871968800 ) ) ;
#684 = CARTESIAN_POINT ( 'NONE',  ( 113.6925731052169700, 17.89438468653980500, 316.0348987409560100 ) ) ;
#685 = CARTESIAN_POINT ( 'NONE',  ( 111.7581453215209800, -22.00157484277227100, 318.5548016423886700 ) ) ;
#686 = CARTESIAN_POINT ( 'NONE',  ( 103.7930779754213300, -22.00157586858631800, 318.2976404407530100 ) ) ;
#687 = EDGE_LOOP ( 'NONE', ( #5952, #2742, #2014, #3854 ) ) ;
#688 = CARTESIAN_POINT ( 'NONE',  ( 112.9746310528011200, -22.00157468610201800, 308.8164870611336100 ) ) ;
#689 = CARTESIAN_POINT ( 'NONE',  ( 99.62213830077269000, -22.00157640575792300, 312.7034593998067200 ) ) ;
#690 = EDGE_CURVE ( 'NONE', #2996, #434, #2837, .T. ) ;
#691 = CARTESIAN_POINT ( 'NONE',  ( 107.2576562707243300, -22.00157542238619600, 318.1722075367406400 ) ) ;
#692 = CARTESIAN_POINT ( 'NONE',  ( 112.9771522769145100, -23.50157468577740600, 315.6172179939922000 ) ) ;
#693 = CARTESIAN_POINT ( 'NONE',  ( 107.7556388365155900, 16.39438545115211100, 318.1233226736675300 ) ) ;
#694 = ORIENTED_EDGE ( 'NONE', *, *, #1162, .T. ) ;
#695 = CARTESIAN_POINT ( 'NONE',  ( 99.51131813616021300, -23.50157642003036800, 312.3620061643084700 ) ) ;
#696 = AXIS2_PLACEMENT_3D ( 'NONE', #1973, #1469, #29 ) ;
#697 = CARTESIAN_POINT ( 'NONE',  ( 108.7114547870129400, 17.89438532805331100, 305.3627670128548200 ) ) ;
#698 = CARTESIAN_POINT ( 'NONE',  ( 111.0119396776140200, 16.39438503177610700, 316.7515363315762300 ) ) ;
#699 = DIRECTION ( 'NONE',  ( -1.000000000000000000, 0.0000000000000000000, 0.0000000000000000000 ) ) ;
#700 = CARTESIAN_POINT ( 'NONE',  ( 111.1114547868994300, -23.50157492605891800, 312.6807660956618000 ) ) ;
#701 = CARTESIAN_POINT ( 'NONE',  ( 101.6038253659096000, -23.50157615053825900, 318.3712092532472900 ) ) ;
#702 = CARTESIAN_POINT ( 'NONE',  ( 115.5728399697176300, 17.89438444438193100, 312.7710745681106300 ) ) ;
#703 = CARTESIAN_POINT ( 'NONE',  ( 115.6828690224109700, -23.50157433731039100, 312.5056120542040500 ) ) ;
#704 = CARTESIAN_POINT ( 'NONE',  ( 118.3843516539144900, 17.89438408228998500, 317.1108376750983700 ) ) ;
#705 = ADVANCED_FACE ( 'NONE', ( #5923 ), #3723, .T. ) ;
#706 = CARTESIAN_POINT ( 'NONE',  ( 100.8984248022718900, -23.50157624138612500, 313.2885446595609600 ) ) ;
#707 = CARTESIAN_POINT ( 'NONE',  ( 101.1126073665024300, 17.89438630670200700, 317.5812462284689600 ) ) ;
#708 = CARTESIAN_POINT ( 'NONE',  ( 99.73218095264890300, -22.00157639158561200, 311.5400262301615700 ) ) ;
#709 = VERTEX_POINT ( 'NONE', #5619 ) ;
#710 = CARTESIAN_POINT ( 'NONE',  ( 110.9710983447146500, -23.50157494413536700, 317.3749571822010000 ) ) ;
#711 = CARTESIAN_POINT ( 'NONE',  ( 119.1356350871822500, 16.39438398553279100, 309.5328975673221000 ) ) ;
#712 = CARTESIAN_POINT ( 'NONE',  ( 108.7114545938283200, -22.00157523515276700, 319.0725617865632000 ) ) ;
#713 = CARTESIAN_POINT ( 'NONE',  ( 113.9590642098301200, 17.89438465221866200, 316.3603336027035200 ) ) ;
#714 = CARTESIAN_POINT ( 'NONE',  ( 77.61368826266924300, -2.803594741847749800, 306.3165224408962200 ) ) ;
#715 = EDGE_LOOP ( 'NONE', ( #2541, #137, #3426, #2767 ) ) ;
#716 = CARTESIAN_POINT ( 'NONE',  ( 111.3557651754749300, 17.89438498749514400, 316.1090453880243000 ) ) ;
#717 = CARTESIAN_POINT ( 'NONE',  ( 76.11368782124860400, 2.146152726458169900, 315.5662699092013700 ) ) ;
#718 = CARTESIAN_POINT ( 'NONE',  ( 101.7046542358929500, -23.50157613755252600, 312.0723378798637700 ) ) ;
#719 = CARTESIAN_POINT ( 'NONE',  ( 113.7666391419776200, 16.39438467700091800, 318.2234937936914300 ) ) ;
#720 = CARTESIAN_POINT ( 'NONE',  ( 101.0719179518574700, -23.50157621904212500, 316.9556764055519100 ) ) ;
#721 = B_SPLINE_CURVE_WITH_KNOTS ( 'NONE', 3,
 ( #1825, #5133, #5693, #4668, #1846, #3243, #5618, #373, #6126, #3308, #5176, #2330, #451, #4181, #3700, #863, #2807, #5671, #4235, #3722, #5192, #413, #1377, #4709, #3842, #1471, #3801, #5774, #1036, #5247 ),
 .UNSPECIFIED., .F., .F.,
 ( 4, 2, 2, 2, 2, 2, 2, 2, 2, 2, 2, 2, 2, 2, 4 ),
 ( 0.0000000000000000000, 0.1250000000000000000, 0.1875000000000000000, 0.2500000000000000000, 0.3125000000000000000, 0.3750000000000000000, 0.4374999999999999400, 0.5000000000000000000, 0.5625000000000000000, 0.6250000000000000000, 0.6875000000000000000, 0.7500000000000000000, 0.8124999999999998900, 0.8749999999999998900, 1.000000000000000000 ),
 .UNSPECIFIED. ) ;
#722 = CARTESIAN_POINT ( 'NONE',  ( 115.1662992524930300, 16.39438449673999900, 313.1774023483872000 ) ) ;
#723 = CARTESIAN_POINT ( 'NONE',  ( 103.7930779754213800, 16.39438596148666600, 318.2976404407530100 ) ) ;
#724 = CARTESIAN_POINT ( 'NONE',  ( 113.6501154430698400, -22.00157459910690600, 311.6627124447521200 ) ) ;
#725 = CARTESIAN_POINT ( 'NONE',  ( 100.3239611153870600, 17.89438640827095400, 311.1444113089885900 ) ) ;
#726 = CARTESIAN_POINT ( 'NONE',  ( 112.1467659849067900, -22.00157479272212800, 315.6167519857101500 ) ) ;
#727 = CARTESIAN_POINT ( 'NONE',  ( 104.1000553123478500, -23.50157582905097100, 316.4578697771387400 ) ) ;
#728 = CARTESIAN_POINT ( 'NONE',  ( 77.61368781388297600, -2.803594741847680100, 318.1165224408962900 ) ) ;
#729 = EDGE_CURVE ( 'NONE', #3704, #2537, #19, .T. ) ;
#730 = CARTESIAN_POINT ( 'NONE',  ( 103.7195892715034400, 17.89438597095111700, 308.4717143166399200 ) ) ;
#731 = EDGE_CURVE ( 'NONE', #3662, #3781, #1813, .T. ) ;
#732 = CARTESIAN_POINT ( 'NONE',  ( 104.2518110361259000, -22.00157580950636000, 307.0580870628948600 ) ) ;
#733 = DIRECTION ( 'NONE',  ( 0.9999999999999525900, -0.0000000000000000000, -3.079986399256808500E-007 ) ) ;
#734 = CARTESIAN_POINT ( 'NONE',  ( 113.3631269517704100, -22.00157463606792500, 305.8775326204142900 ) ) ;
#735 = CARTESIAN_POINT ( 'NONE',  ( 113.3631269517704700, 16.39438472896889500, 318.5555116246727600 ) ) ;
#736 = EDGE_LOOP ( 'NONE', ( #826, #4548, #1621, #6129 ) ) ;
#737 = CARTESIAN_POINT ( 'NONE',  ( 108.4924298065126700, 17.89438535626134600, 305.8910450259825800 ) ) ;
#738 = ADVANCED_FACE ( 'NONE', ( #4265 ), #24, .F. ) ;
#739 = CARTESIAN_POINT ( 'NONE',  ( 110.9709698428450800, 16.39438503705257200, 316.9580130556111600 ) ) ;
#740 = CARTESIAN_POINT ( 'NONE',  ( 104.2113424436747100, 16.39438590761874800, 317.5793376535434600 ) ) ;
#741 = CARTESIAN_POINT ( 'NONE',  ( 111.4298314054200000, -23.50157488505554000, 318.2976404407530100 ) ) ;
#742 = CARTESIAN_POINT ( 'NONE',  ( 99.56714000803035000, -22.00157641284110400, 312.5703204456430600 ) ) ;
#743 = CARTESIAN_POINT ( 'NONE',  ( 106.5397640306301400, -22.00157551484287700, 305.5042942948966800 ) ) ;
#744 = ADVANCED_FACE ( 'NONE', ( #2564 ), #2536, .T. ) ;
#745 = CARTESIAN_POINT ( 'NONE',  ( 103.0751361161935300, -22.00157596104941500, 318.7159819977469500 ) ) ;
#746 = EDGE_LOOP ( 'NONE', ( #5626, #4330, #2026, #3790 ) ) ;
#747 = CARTESIAN_POINT ( 'NONE',  ( 114.6114547870119900, 17.89438456819788600, 313.3165221225489700 ) ) ;
#748 = CARTESIAN_POINT ( 'NONE',  ( 115.4865913270433600, -23.50157436258887600, 311.5459367771732100 ) ) ;
#749 = CARTESIAN_POINT ( 'NONE',  ( 106.5114547870119800, 17.89438561138928200, 305.2165221225490100 ) ) ;
#750 = CARTESIAN_POINT ( 'NONE',  ( 77.61368781155191200, -7.753342210153570900, 307.2667749725874800 ) ) ;
#751 = CARTESIAN_POINT ( 'NONE',  ( 104.2109697032378400, -23.50157581476640800, 316.7515363315791300 ) ) ;
#752 = ORIENTED_EDGE ( 'NONE', *, *, #6192, .T. ) ;
#753 = CARTESIAN_POINT ( 'NONE',  ( 114.1212191130913300, 17.89438463133478100, 307.6815493103028400 ) ) ;
#754 = CARTESIAN_POINT ( 'NONE',  ( 104.2617455270810900, 17.89438590112730100, 307.3711614948318200 ) ) ;
#755 = CARTESIAN_POINT ( 'NONE',  ( 113.2706069316961200, -22.00157464798362700, 315.7278461639321000 ) ) ;
#756 = EDGE_LOOP ( 'NONE', ( #5691, #361 ) ) ;
#757 = DIRECTION ( 'NONE',  ( 0.9999999999999525900, -0.0000000000000000000, -3.079986399256808500E-007 ) ) ;
#758 = CARTESIAN_POINT ( 'NONE',  ( 113.6925729120332800, -22.00157459363890700, 308.3981455041409800 ) ) ;
#759 = CARTESIAN_POINT ( 'NONE',  ( 112.1477730714745300, 16.39438488549319600, 318.7159819977512100 ) ) ;
#760 = CIRCLE ( 'NONE', #95, 0.7500000000000006700 ) ;
#761 = ADVANCED_FACE ( 'NONE', ( #5502, #4597, #570, #6157, #4209, #1532, #3984, #3175, #417, #2953 ), #156, .F. ) ;
#762 = CARTESIAN_POINT ( 'NONE',  ( 111.1629718950609100, 16.39438501232468700, 306.4614066869058900 ) ) ;
#763 = CARTESIAN_POINT ( 'NONE',  ( 105.3014028811931600, -23.50157567433037200, 309.5770659133532400 ) ) ;
#764 = CARTESIAN_POINT ( 'NONE',  ( 101.2731031491759900, 16.39438628603190300, 317.9684132366452300 ) ) ;
#765 = B_SPLINE_CURVE_WITH_KNOTS ( 'NONE', 3,
 ( #2624, #4552, #1270, #3194, #3707, #830, #870, #4151, #1309, #5083, #4191, #6038, #2227, #4638, #5567, #2778, #5164, #4676, #1776, #5124, #4132, #2298, #4658, #2269, #6111, #5608, #3174, #328, #6079, #2739 ),
 .UNSPECIFIED., .F., .F.,
 ( 4, 2, 2, 2, 2, 2, 2, 2, 2, 2, 2, 2, 2, 2, 4 ),
 ( 0.0000000000000000000, 0.1250000000000000300, 0.1875000000000000300, 0.2500000000000000600, 0.3125000000000000000, 0.3750000000000000600, 0.4375000000000000600, 0.5000000000000001100, 0.5625000000000001100, 0.6250000000000001100, 0.6875000000000001100, 0.7500000000000001100, 0.8124999999999998900, 0.8750000000000000000, 1.000000000000000000 ),
 .UNSPECIFIED. ) ;
#766 = CARTESIAN_POINT ( 'NONE',  ( 99.78193786823493400, -23.50157638517750400, 312.9425341055039700 ) ) ;
#767 = ORIENTED_EDGE ( 'NONE', *, *, #3267, .T. ) ;
#768 = CARTESIAN_POINT ( 'NONE',  ( 113.9590640166465100, 16.39438465221867200, 316.3603336027035200 ) ) ;
#769 = CARTESIAN_POINT ( 'NONE',  ( 101.0617453788412500, -22.00157622035224500, 317.0617530718882300 ) ) ;
#770 = EDGE_CURVE ( 'NONE', #1022, #4540, #4267, .T. ) ;
#771 = CARTESIAN_POINT ( 'NONE',  ( 114.6114545938283100, -22.00157447529688100, 311.1165221225489900 ) ) ;
#772 = CARTESIAN_POINT ( 'NONE',  ( 100.3244810855172100, 17.89438640820402100, 313.2885440458946400 ) ) ;
#773 = CARTESIAN_POINT ( 'NONE',  ( 110.9613086216055800, -22.00157494539616800, 317.0596416593700700 ) ) ;
#774 = ADVANCED_FACE ( 'NONE', ( #2509 ), #2341, .T. ) ;
#775 = CARTESIAN_POINT ( 'NONE',  ( 101.5718245387239000, 17.89438624755978300, 311.6603939257030300 ) ) ;
#776 = CARTESIAN_POINT ( 'NONE',  ( 113.5461974151379800, 16.39438470539142400, 311.9312254973302700 ) ) ;
#777 = VERTEX_POINT ( 'NONE', #2989 ) ;
#778 = CARTESIAN_POINT ( 'NONE',  ( 100.0605997767918600, -22.00157634928884300, 311.2612819591759000 ) ) ;
#779 = CARTESIAN_POINT ( 'NONE',  ( 106.6224826072313000, 17.89438559709010700, 304.7288753442375700 ) ) ;
#780 = CARTESIAN_POINT ( 'NONE',  ( 106.5114545938283000, -22.00157551848883800, 319.0699728882504500 ) ) ;
#781 = CARTESIAN_POINT ( 'NONE',  ( 114.0796726926031300, 16.39438463668559700, 316.6509631025076600 ) ) ;
#782 = AXIS2_PLACEMENT_3D ( 'NONE', #1495, #539, #30 ) ;
#783 = CARTESIAN_POINT ( 'NONE',  ( 111.0011853975643600, -23.50157494026047500, 317.5810442469311300 ) ) ;
#784 = CARTESIAN_POINT ( 'NONE',  ( 100.3231695974210100, -23.50157631547272900, 313.2883000975363100 ) ) ;
#785 = CARTESIAN_POINT ( 'NONE',  ( 113.9502465356862200, 16.39438465335429400, 317.9678222516640200 ) ) ;
#786 = DIRECTION ( 'NONE',  ( 0.0000000000000000000, -1.000000000000000000, 0.0000000000000000000 ) ) ;
#787 = CARTESIAN_POINT ( 'NONE',  ( 115.6837004831592100, 17.89438443010430300, 312.5027052773458000 ) ) ;
#788 = CARTESIAN_POINT ( 'NONE',  ( 114.3231695974237400, -23.50157451242494500, 313.2883000975635400 ) ) ;
#789 = CARTESIAN_POINT ( 'NONE',  ( 112.1432364033715500, -23.50157479317661600, 308.8260381306581600 ) ) ;
#790 = CARTESIAN_POINT ( 'NONE',  ( 111.5848303769178100, -22.00157486509331800, 315.8938129550240900 ) ) ;
#791 = CARTESIAN_POINT ( 'NONE',  ( 104.1000551191641700, -22.00157582905098200, 316.4578697771387400 ) ) ;
#792 = ORIENTED_EDGE ( 'NONE', *, *, #1367, .F. ) ;
#793 = CARTESIAN_POINT ( 'NONE',  ( 100.8982394704982400, 17.89438633431020500, 313.2889211919200000 ) ) ;
#794 = CARTESIAN_POINT ( 'NONE',  ( 101.7046485579761400, 16.39438623045349200, 312.3607038968879700 ) ) ;
#795 = CARTESIAN_POINT ( 'NONE',  ( 104.2616688722070700, 16.39438590113715900, 307.1622581352747300 ) ) ;
#796 = CARTESIAN_POINT ( 'NONE',  ( 106.7827465014624000, 17.89438557644986400, 304.4896630590040400 ) ) ;
#797 = CARTESIAN_POINT ( 'NONE',  ( 103.8671442053658500, -22.00157585904737800, 316.1090453880138400 ) ) ;
#798 = CARTESIAN_POINT ( 'NONE',  ( 107.2576562707243300, -22.00157542238619600, 318.1722075367406400 ) ) ;
#799 = CARTESIAN_POINT ( 'NONE',  ( 112.7713576626846400, 16.39438480518231200, 318.7561338191048900 ) ) ;
#800 = CARTESIAN_POINT ( 'NONE',  ( 106.6503873755517300, 17.89438559349643000, 318.6614483184585000 ) ) ;
#801 = CIRCLE ( 'NONE', #2922, 1.099999999999986500 ) ;
#802 = ADVANCED_FACE ( 'NONE', ( #345 ), #2348, .T. ) ;
#803 = CARTESIAN_POINT ( 'NONE',  ( 104.2238431034410100, -23.50157581310825700, 311.3053475398608000 ) ) ;
#804 = CARTESIAN_POINT ( 'NONE',  ( 110.9609899814440300, -23.50157494543719800, 317.3775448465245900 ) ) ;
#805 = CARTESIAN_POINT ( 'NONE',  ( 99.93569303926000200, -23.50157636537550900, 313.0966053090409700 ) ) ;
#806 = CARTESIAN_POINT ( 'NONE',  ( 101.0714749062293700, -22.00157621909918900, 317.3745261261040000 ) ) ;
#807 = CARTESIAN_POINT ( 'NONE',  ( 108.3860433528385100, -22.00157527706211600, 300.3904008675870600 ) ) ;
#808 = ORIENTED_EDGE ( 'NONE', *, *, #4186, .F. ) ;
#809 = CARTESIAN_POINT ( 'NONE',  ( 110.6836769502764100, 17.89438507405258600, 300.7699186977830500 ) ) ;
#810 = EDGE_CURVE ( 'NONE', #2299, #3444, #3833, .T. ) ;
#811 = CARTESIAN_POINT ( 'NONE',  ( 108.6832325688270900, -22.00157523878748500, 319.5048073121385000 ) ) ;
#812 = CARTESIAN_POINT ( 'NONE',  ( 113.7321809526535800, 16.39438468143879000, 312.8930180149297900 ) ) ;
#813 = ORIENTED_EDGE ( 'NONE', *, *, #2870, .F. ) ;
#814 = CARTESIAN_POINT ( 'NONE',  ( 102.4537892400467600, 16.39438613397243900, 318.7565755097091900 ) ) ;
#815 = CARTESIAN_POINT ( 'NONE',  ( 107.4673005120173300, 17.89438548828677300, 304.1166572671232300 ) ) ;
#816 = LOCAL_TIME ( 11, 1, 40.00000000000000000, #4991 ) ;
#817 = CARTESIAN_POINT ( 'NONE',  ( 104.0507515990777300, -22.00157583540074300, 316.3647169300525100 ) ) ;
#818 = CARTESIAN_POINT ( 'NONE',  ( 110.6667398863588300, -23.50157498333322400, 300.7655015234216200 ) ) ;
#819 = CARTESIAN_POINT ( 'NONE',  ( 114.1611638088185000, 16.39438462619043300, 317.0617530718888000 ) ) ;
#820 = ORIENTED_EDGE ( 'NONE', *, *, #3190, .F. ) ;
#821 = DIRECTION ( 'NONE',  ( 1.000000000000000000, -0.0000000000000000000, -0.0000000000000000000 ) ) ;
#822 = CARTESIAN_POINT ( 'NONE',  ( 111.1647010342139900, -23.50157491920142800, 316.3574909739254500 ) ) ;
#823 = CARTESIAN_POINT ( 'NONE',  ( 113.8423583208894500, -23.50157457434817600, 308.2483602884685800 ) ) ;
#824 = VECTOR ( 'NONE', #3075, 1000.000000000000000 ) ;
#825 = CARTESIAN_POINT ( 'NONE',  ( 101.5303362756243100, -22.00157616000282700, 316.0348987409560700 ) ) ;
#826 = ORIENTED_EDGE ( 'NONE', *, *, #325, .F. ) ;
#827 = LINE ( 'NONE', #3115, #824 ) ;
#828 = CARTESIAN_POINT ( 'NONE',  ( 115.0991013721428800, -22.00157441249335500, 313.2054943023295000 ) ) ;
#829 = CARTESIAN_POINT ( 'NONE',  ( 119.4383085078798500, -22.00157385365069700, 312.9803056916287000 ) ) ;
#830 = CARTESIAN_POINT ( 'NONE',  ( 101.0719177586737900, -22.00157621904213600, 316.9556764055519100 ) ) ;
#831 = ADVANCED_FACE ( 'NONE', ( #1758 ), #5738, .T. ) ;
#832 = CARTESIAN_POINT ( 'NONE',  ( 106.7827465014647600, -23.50157548354950200, 319.9433811860957300 ) ) ;
#833 = EDGE_LOOP ( 'NONE', ( #3671, #2096 ) ) ;
#834 = CARTESIAN_POINT ( 'NONE',  ( 113.9410916895750200, 16.39438465453337900, 313.0918458203563000 ) ) ;
#835 = CIRCLE ( 'NONE', #5104, 1.099999999999986500 ) ;
#836 = CARTESIAN_POINT ( 'NONE',  ( 103.1773414349905000, 17.89438604078682400, 318.6849698033111100 ) ) ;
#837 = CARTESIAN_POINT ( 'NONE',  ( 110.9714226345689500, -22.00157494409356900, 316.9557570002456300 ) ) ;
#838 = CARTESIAN_POINT ( 'NONE',  ( 117.0053246799070800, -23.50157416699248000, 304.9903101909164900 ) ) ;
#839 = ORIENTED_EDGE ( 'NONE', *, *, #1472, .F. ) ;
#840 = CARTESIAN_POINT ( 'NONE',  ( 107.0569023414736200, 17.89438554114176900, 320.1779073052794600 ) ) ;
#841 = CARTESIAN_POINT ( 'NONE',  ( 108.6835644871498200, 17.89438533164543100, 318.9290342843817100 ) ) ;
#842 = DIRECTION ( 'NONE',  ( 0.9999999999999525900, -0.0000000000000000000, -3.079986237769638300E-007 ) ) ;
#843 = CARTESIAN_POINT ( 'NONE',  ( 113.6925731052169700, -23.50157459363889600, 308.3981455041409800 ) ) ;
#844 = CARTESIAN_POINT ( 'NONE',  ( 76.11368792387070000, -2.803594741847749800, 305.2165224408963700 ) ) ;
#845 = ORIENTED_EDGE ( 'NONE', *, *, #884, .F. ) ;
#846 = CARTESIAN_POINT ( 'NONE',  ( 113.8423583208784700, 17.89438466724911000, 316.1846839566173900 ) ) ;
#847 = EDGE_CURVE ( 'NONE', #1790, #4248, #3276, .T. ) ;
#848 = CARTESIAN_POINT ( 'NONE',  ( 109.3805892333210600, 17.89438524187622200, 315.2722221877232900 ) ) ;
#849 = CARTESIAN_POINT ( 'NONE',  ( 106.9408694416384300, 17.89438555608537500, 306.0916586625735400 ) ) ;
#850 = EDGE_LOOP ( 'NONE', ( #1010, #3804 ) ) ;
#851 = CARTESIAN_POINT ( 'NONE',  ( 117.0719326068817900, -22.00157415841427200, 319.4797872907930700 ) ) ;
#852 = EDGE_CURVE ( 'NONE', #4090, #5320, #801, .T. ) ;
#853 = CARTESIAN_POINT ( 'NONE',  ( 107.0576449160311800, -22.00157544814553700, 320.1778612733106100 ) ) ;
#854 = CARTESIAN_POINT ( 'NONE',  ( 119.3617896133957300, 17.89438395640658200, 310.6723303013743600 ) ) ;
#855 = FACE_OUTER_BOUND ( 'NONE', #4110, .T. ) ;
#856 = CARTESIAN_POINT ( 'NONE',  ( 112.7702462063011700, -22.00157471242456700, 308.8568622319042400 ) ) ;
#857 = CARTESIAN_POINT ( 'NONE',  ( 106.6562144304576900, 16.39438559274579900, 304.6656673055137500 ) ) ;
#858 = CARTESIAN_POINT ( 'NONE',  ( 112.3532841766588700, 16.39438485902550000, 308.8570805731141600 ) ) ;
#859 = CARTESIAN_POINT ( 'NONE',  ( 101.0617453788397900, 16.39438631325233000, 307.3712911732093300 ) ) ;
#860 = CARTESIAN_POINT ( 'NONE',  ( 100.6114515880475000, 17.89438637124534600, 313.3165209732565600 ) ) ;
#861 = CYLINDRICAL_SURFACE ( 'NONE', #1008, 1.599999999999934800 ) ;
#862 = AXIS2_PLACEMENT_3D ( 'NONE', #1710, #821, #5580 ) ;
#863 = CARTESIAN_POINT ( 'NONE',  ( 111.5033201093326800, -22.00157487559085800, 308.4717143166495200 ) ) ;
#864 = CARTESIAN_POINT ( 'NONE',  ( 110.9709700360282200, -23.50157494415177300, 307.4750311894960100 ) ) ;
#865 = CARTESIAN_POINT ( 'NONE',  ( 101.5727937445851000, -22.00157615453472100, 312.7703318003459000 ) ) ;
#866 = CARTESIAN_POINT ( 'NONE',  ( 105.4736763089023300, -22.00157565214340500, 314.9982838945971400 ) ) ;
#867 = ORIENTED_EDGE ( 'NONE', *, *, #4749, .T. ) ;
#868 = CARTESIAN_POINT ( 'NONE',  ( 104.1114547868984200, 17.89438592048315300, 312.6807660939079500 ) ) ;
#869 = CARTESIAN_POINT ( 'NONE',  ( 107.3261581617886300, 17.89438550646439600, 306.2817793012468400 ) ) ;
#870 = CARTESIAN_POINT ( 'NONE',  ( 101.0617453788412500, -22.00157622035224500, 317.0617530718882300 ) ) ;
#871 = CARTESIAN_POINT ( 'NONE',  ( 101.8558097219701000, -22.00157611808537400, 315.7674901713803000 ) ) ;
#872 = CARTESIAN_POINT ( 'NONE',  ( 108.5723350128424200, -23.50157525306990200, 319.7713667812065500 ) ) ;
#873 = CARTESIAN_POINT ( 'NONE',  ( 112.8469048189987400, 17.89438479545247100, 301.6051667339712600 ) ) ;
#874 = CARTESIAN_POINT ( 'NONE',  ( 101.5303364688079900, 17.89438625290295400, 308.3981455041409800 ) ) ;
#875 = CARTESIAN_POINT ( 'NONE',  ( 107.9005445254878600, -22.00157533958913100, 304.1451078871511400 ) ) ;
#876 = CARTESIAN_POINT ( 'NONE',  ( 119.3628469006509400, -23.50157386336935500, 313.7534422902657000 ) ) ;
#877 = CARTESIAN_POINT ( 'NONE',  ( 108.7114547870120000, 17.89438532805347700, 319.3627670128428200 ) ) ;
#878 = CARTESIAN_POINT ( 'NONE',  ( 101.1126073665003300, -23.50157621380165900, 306.8517980166253700 ) ) ;
#879 = CARTESIAN_POINT ( 'NONE',  ( 109.9250483456387700, -22.00157507885507300, 309.5802934135017500 ) ) ;
#880 = PLANE ( 'NONE',  #3989 ) ;
#881 = CARTESIAN_POINT ( 'NONE',  ( 110.9990664710150000, 17.89438503343401600, 311.3053475414650400 ) ) ;
#882 = CARTESIAN_POINT ( 'NONE',  ( 112.4549520721679300, -23.50157475303101500, 308.8666924405145600 ) ) ;
#883 = CARTESIAN_POINT ( 'NONE',  ( 112.1446918576613400, -23.50157479298913200, 305.7073238304494100 ) ) ;
#884 = EDGE_CURVE ( 'NONE', #4980, #4644, #483, .T. ) ;
#885 = CARTESIAN_POINT ( 'NONE',  ( 104.1114545938283000, -22.00157582758280500, 312.2165221217624100 ) ) ;
#886 = EDGE_LOOP ( 'NONE', ( #5174, #1158, #3709, #267 ) ) ;
#887 = CARTESIAN_POINT ( 'NONE',  ( 115.3383136573756400, -22.00157438168537300, 313.0452304080950500 ) ) ;
#888 = CARTESIAN_POINT ( 'NONE',  ( 110.9321470533171100, 16.39438504205255900, 311.0873683763750300 ) ) ;
#889 = VERTEX_POINT ( 'NONE', #4306 ) ;
#890 = CARTESIAN_POINT ( 'NONE',  ( 101.1670967971188700, -23.50157620678406900, 311.2559736218630100 ) ) ;
#891 = CALENDAR_DATE ( 2022, 4, 5 ) ;
#892 = CARTESIAN_POINT ( 'NONE',  ( 108.3861711130030300, 17.89438536994624600, 300.3904008707261300 ) ) ;
#893 = CARTESIAN_POINT ( 'NONE',  ( 115.3383136573752000, 16.39438447458643500, 311.3878138370028500 ) ) ;
#894 = CARTESIAN_POINT ( 'NONE',  ( 101.0719179518575700, 17.89438631194225200, 307.4773678395457100 ) ) ;
#895 = CARTESIAN_POINT ( 'NONE',  ( 106.7827463082787700, 16.39438557644987400, 304.4896630590040400 ) ) ;
#896 = ORIENTED_EDGE ( 'NONE', *, *, #927, .F. ) ;
#897 = CARTESIAN_POINT ( 'NONE',  ( 103.9336384798610500, 16.39438594338389500, 308.2435580602717700 ) ) ;
#898 = APPROVAL ( #5249, '未指定' ) ;
#899 = CARTESIAN_POINT ( 'NONE',  ( 118.2438781006559100, -23.50157400748040700, 317.4523631941151500 ) ) ;
#900 = CARTESIAN_POINT ( 'NONE',  ( 108.2864214098736500, 17.89438538279314300, 320.0973270646026700 ) ) ;
#901 = CYLINDRICAL_SURFACE ( 'NONE', #2969, 1.099999999999989900 ) ;
#902 = CARTESIAN_POINT ( 'NONE',  ( 111.5044596714632900, 16.39438496834482000, 308.4726252464118900 ) ) ;
#903 = CARTESIAN_POINT ( 'NONE',  ( 105.8567442559412500, -22.00157560280838700, 309.1787088543585500 ) ) ;
#904 = CARTESIAN_POINT ( 'NONE',  ( 100.6114489410823700, 16.39438637124564800, 311.1165209732590100 ) ) ;
#905 = VERTEX_POINT ( 'NONE', #3853 ) ;
#906 = VECTOR ( 'NONE', #3615, 1000.000000000000000 ) ;
#907 = CARTESIAN_POINT ( 'NONE',  ( 107.8383666614455500, -22.00157534759700800, 315.7166465852357100 ) ) ;
#908 = ORIENTED_EDGE ( 'NONE', *, *, #3353, .T. ) ;
#909 = CARTESIAN_POINT ( 'NONE',  ( 99.51138207034530600, 17.89438651292227800, 312.1452646839857700 ) ) ;
#910 = CARTESIAN_POINT ( 'NONE',  ( 104.0507515990777300, -22.00157583540074300, 316.3647169300525100 ) ) ;
#911 = DIRECTION ( 'NONE',  ( 3.079986266030270000E-007, 0.0000000000000000000, 0.9999999999999525900 ) ) ;
#912 = CARTESIAN_POINT ( 'NONE',  ( 118.8304149179838600, 17.89438402484189400, 316.0362272997190300 ) ) ;
#913 = ORIENTED_EDGE ( 'NONE', *, *, #3705, .T. ) ;
#914 = CARTESIAN_POINT ( 'NONE',  ( 101.0616691103300700, 17.89438631326216400, 307.1623878136526300 ) ) ;
#915 = DIRECTION ( 'NONE',  ( 1.000000000000000000, 0.0000000000000000000, -0.0000000000000000000 ) ) ;
#916 = CARTESIAN_POINT ( 'NONE',  ( 105.8567442559412500, -22.00157560280838700, 309.1787088543585500 ) ) ;
#917 = CARTESIAN_POINT ( 'NONE',  ( 101.5303362756243600, 16.39438625290296500, 308.3981455041409800 ) ) ;
#918 = CARTESIAN_POINT ( 'NONE',  ( 108.1652642716295700, 16.39438539839684600, 320.1778612733016900 ) ) ;
#919 = VERTEX_POINT ( 'NONE', #1006 ) ;
#920 = CARTESIAN_POINT ( 'NONE',  ( 101.2634771516172900, -23.50157619437129200, 308.0721426215831100 ) ) ;
#921 = CARTESIAN_POINT ( 'NONE',  ( 104.2907621348746100, -22.00157580448987800, 311.0873683747994400 ) ) ;
#922 = CARTESIAN_POINT ( 'NONE',  ( 108.0703272543951400, 17.89438541062360600, 308.7385854605242300 ) ) ;
#923 = APPLICATION_PROTOCOL_DEFINITION ( 'international standard', 'config_control_design', 1994, #473 ) ;
#924 = CARTESIAN_POINT ( 'NONE',  ( 107.3816742013202700, -22.00157540641403000, 315.7163966577070400 ) ) ;
#925 = EDGE_CURVE ( 'NONE', #2656, #4426, #4756, .T. ) ;
#926 = CARTESIAN_POINT ( 'NONE',  ( 100.3236789119604300, 17.89438640830731600, 313.2882120669183900 ) ) ;
#927 = EDGE_CURVE ( 'NONE', #1483, #503, #4737, .T. ) ;
#928 = CARTESIAN_POINT ( 'NONE',  ( 104.2616005660508900, -22.00157580824556200, 307.3734025857236800 ) ) ;
#929 = B_SPLINE_CURVE_WITH_KNOTS ( 'NONE', 1,
 ( #723, #2203 ),
 .UNSPECIFIED., .F., .F.,
 ( 2, 2 ),
 ( 0.0000000000000000000, 1.000000000000000000 ),
 .UNSPECIFIED. ) ;
#930 = CARTESIAN_POINT ( 'NONE',  ( 109.1518202974709100, 17.89438527133926400, 323.9670971805625800 ) ) ;
#931 = CARTESIAN_POINT ( 'NONE',  ( 78.36368825854140100, 16.39438923651438500, 324.0426435991170700 ) ) ;
#932 = CARTESIAN_POINT ( 'NONE',  ( 100.6114489410823700, 16.39438637124564800, 311.1165209732590100 ) ) ;
#933 = ORIENTED_EDGE ( 'NONE', *, *, #5436, .F. ) ;
#934 = CARTESIAN_POINT ( 'NONE',  ( 107.5401972559235900, -22.00157538599793500, 304.1164551257330700 ) ) ;
#935 = CARTESIAN_POINT ( 'NONE',  ( 102.1469449545593200, 16.39438617349051300, 308.7856841909496100 ) ) ;
#936 = CARTESIAN_POINT ( 'NONE',  ( 111.0429617803079300, 16.39438502778080700, 316.6505231748383800 ) ) ;
#937 = CARTESIAN_POINT ( 'NONE',  ( 112.9781915416374100, 17.89438477854422200, 305.7075225931790800 ) ) ;
#938 = CARTESIAN_POINT ( 'NONE',  ( 109.1623559850833800, -22.00157517708148100, 309.0704862132973900 ) ) ;
#939 = B_SPLINE_CURVE_WITH_KNOTS ( 'NONE', 1,
 ( #4313, #4355 ),
 .UNSPECIFIED., .F., .F.,
 ( 2, 2 ),
 ( 0.0000000000000000000, 1.000000000000000000 ),
 .UNSPECIFIED. ) ;
#940 = CARTESIAN_POINT ( 'NONE',  ( 108.1666430912682000, -23.50157530531871000, 318.2557562287073000 ) ) ;
#941 = CARTESIAN_POINT ( 'NONE',  ( 111.1114547870110000, 17.89438501895968200, 312.2165221234050100 ) ) ;
#942 = CARTESIAN_POINT ( 'NONE',  ( 106.6562144304586000, -22.00157549984543300, 319.7673769395862000 ) ) ;
#943 = DIRECTION ( 'NONE',  ( 0.9999999999999916700, 1.287891253920479600E-007, 0.0000000000000000000 ) ) ;
#944 = CARTESIAN_POINT ( 'NONE',  ( 106.7025800924409500, 16.39438558677451900, 308.8282332039812000 ) ) ;
#945 = CARTESIAN_POINT ( 'NONE',  ( 103.4636320151536800, -22.00157591101534000, 315.7770275570356900 ) ) ;
#946 = CARTESIAN_POINT ( 'NONE',  ( 114.8819342918633900, -23.50157444046227400, 321.6716186450954100 ) ) ;
#947 = CARTESIAN_POINT ( 'NONE',  ( 116.9938980835555900, 16.39438426136523200, 319.4262910796197700 ) ) ;
#948 = VERTEX_POINT ( 'NONE', #1962 ) ;
#949 = CARTESIAN_POINT ( 'NONE',  ( 112.1477730714745300, 16.39438488549319600, 318.7159819977512100 ) ) ;
#950 = CARTESIAN_POINT ( 'NONE',  ( 101.1432366882376500, 17.89438630275716900, 307.7820811425859800 ) ) ;
#951 = CARTESIAN_POINT ( 'NONE',  ( 107.8967512190440300, 16.39438543297820800, 304.1512649438562300 ) ) ;
#952 = CARTESIAN_POINT ( 'NONE',  ( 103.6375437701077500, 16.39438598151765800, 308.5396265377894500 ) ) ;
#953 = DIRECTION ( 'NONE',  ( 0.0000000000000000000, -1.176836406102669200E-014, 1.000000000000000000 ) ) ;
#954 = CARTESIAN_POINT ( 'NONE',  ( 101.6807988463521000, 17.89438623352516400, 318.4478024869153500 ) ) ;
#955 = CARTESIAN_POINT ( 'NONE',  ( 103.4647640593088900, -23.50157591086943800, 305.8782426027128200 ) ) ;
#956 = EDGE_LOOP ( 'NONE', ( #5532, #4317 ) ) ;
#957 = CARTESIAN_POINT ( 'NONE',  ( 106.6503873755347300, 17.89438559349627400, 304.6614483184772000 ) ) ;
#958 = EDGE_CURVE ( 'NONE', #3501, #4761, #275, .T. ) ;
#959 = CARTESIAN_POINT ( 'NONE',  ( 113.8431180568082400, 17.89438466715128200, 318.1469319707206900 ) ) ;
#960 = ORIENTED_EDGE ( 'NONE', *, *, #4792, .T. ) ;
#961 = EDGE_CURVE ( 'NONE', #2299, #6187, #1894, .T. ) ;
#962 = FACE_BOUND ( 'NONE', #4172, .T. ) ;
#963 = CARTESIAN_POINT ( 'NONE',  ( 107.0576449160311800, -22.00157544814553700, 320.1778612733106100 ) ) ;
#964 = CARTESIAN_POINT ( 'NONE',  ( 106.7313714073320200, 16.39438558306642700, 305.8922838702968600 ) ) ;
#965 = CARTESIAN_POINT ( 'NONE',  ( 76.11368792387070000, -2.803594741847749800, 305.2165224408963700 ) ) ;
#966 = CARTESIAN_POINT ( 'NONE',  ( 102.7665319178512200, -22.00157600079414900, 305.6668332239700600 ) ) ;
#967 = CARTESIAN_POINT ( 'NONE',  ( 104.0599372926159600, -22.00157583421760800, 306.4614066868900300 ) ) ;
#968 = EDGE_LOOP ( 'NONE', ( #3116, #4635 ) ) ;
#969 = CARTESIAN_POINT ( 'NONE',  ( 119.3617894202121100, 16.39438395640659600, 310.6723303013743600 ) ) ;
#970 = VECTOR ( 'NONE', #515, 1000.000000000000000 ) ;
#971 = CARTESIAN_POINT ( 'NONE',  ( 108.7114547870120000, 17.89438532805347000, 319.2165221225490100 ) ) ;
#972 = CARTESIAN_POINT ( 'NONE',  ( 104.8289966217179200, 17.89438582807171900, 314.3531282244601400 ) ) ;
#973 = CARTESIAN_POINT ( 'NONE',  ( 101.6828630904770600, 17.89438623325922600, 311.9274300639241900 ) ) ;
#974 = CARTESIAN_POINT ( 'NONE',  ( 113.6925731052169900, 17.89438468653970600, 308.3981455041409800 ) ) ;
#975 = CARTESIAN_POINT ( 'NONE',  ( 112.1464960063495100, 16.39438488565763300, 315.6169038461781000 ) ) ;
#976 = ORIENTED_EDGE ( 'NONE', *, *, #1077, .T. ) ;
#977 = CARTESIAN_POINT ( 'NONE',  ( 103.7930781686050100, 17.89438596148664800, 318.2976404407530100 ) ) ;
#978 = CARTESIAN_POINT ( 'NONE',  ( 103.3711119950680800, -22.00157592293080500, 305.8283512273245600 ) ) ;
#979 = CARTESIAN_POINT ( 'NONE',  ( 114.4674942578415500, 16.39438458673846100, 313.3165221225489700 ) ) ;
#980 = CARTESIAN_POINT ( 'NONE',  ( 108.2855889435509600, 17.89438538290016500, 304.3352337897108000 ) ) ;
#981 = B_SPLINE_CURVE_WITH_KNOTS ( 'NONE', 1,
 ( #1121, #1618 ),
 .UNSPECIFIED., .F., .F.,
 ( 2, 2 ),
 ( 0.0000000000000000000, 1.000000000000000000 ),
 .UNSPECIFIED. ) ;
#982 = CYLINDRICAL_SURFACE ( 'NONE', #4570, 1.599999999999934800 ) ;
#983 = B_SPLINE_CURVE_WITH_KNOTS ( 'NONE', 3,
 ( #5591, #3025, #5062, #179, #2724, #3506, #3982, #4599, #288, #1744, #313, #1228, #2229, #2211, #5551, #4247, #2741, #1835, #5629, #2762, #1387, #1857, #5145, #3772 ),
 .UNSPECIFIED., .F., .F.,
 ( 4, 2, 2, 2, 2, 2, 2, 2, 2, 2, 2, 4 ),
 ( 0.0000000000000000000, 0.1250000000000000000, 0.1874999999999999700, 0.2500000000000000000, 0.3749999999999999400, 0.5000000000000000000, 0.5625000000000000000, 0.6250000000000000000, 0.6875000000000000000, 0.7499999999999998900, 0.8750000000000000000, 1.000000000000000000 ),
 .UNSPECIFIED. ) ;
#984 = CARTESIAN_POINT ( 'NONE',  ( 108.7114545938283200, -22.00157523515271800, 319.3630713568453000 ) ) ;
#985 = CARTESIAN_POINT ( 'NONE',  ( 114.1611640020012900, -23.50157453328947500, 307.3712911732031300 ) ) ;
#986 = CARTESIAN_POINT ( 'NONE',  ( 112.6652488412082400, -23.50157472594720800, 318.7663278160224500 ) ) ;
#987 = ORIENTED_EDGE ( 'NONE', *, *, #255, .T. ) ;
#988 = CARTESIAN_POINT ( 'NONE',  ( 77.61368803827623700, -9.803594741847591700, 312.2165224408962600 ) ) ;
#989 = CARTESIAN_POINT ( 'NONE',  ( 118.8291472279364500, -23.50157393210400500, 308.3931092558067300 ) ) ;
#990 = CARTESIAN_POINT ( 'NONE',  ( 103.0796731706851300, 17.89438605336531300, 308.8260381306261600 ) ) ;
#991 = ORIENTED_EDGE ( 'NONE', *, *, #2476, .F. ) ;
#992 = CARTESIAN_POINT ( 'NONE',  ( 108.6831453502063300, 17.89438533169943200, 319.5042942948964500 ) ) ;
#993 = CARTESIAN_POINT ( 'NONE',  ( 112.3494622558101700, 17.89438485951772500, 308.8668930984952700 ) ) ;
#994 = CARTESIAN_POINT ( 'NONE',  ( 101.7046487511597700, 17.89438623045348100, 312.3607038968879700 ) ) ;
#995 = CARTESIAN_POINT ( 'NONE',  ( 114.1509816828852600, 17.89438462750168000, 307.0562620636362100 ) ) ;
#996 = DIRECTION ( 'NONE',  ( -1.515637314714825100E-021, 1.176836406102649700E-014, -1.000000000000000000 ) ) ;
#997 = CARTESIAN_POINT ( 'NONE',  ( 108.2879506793989500, -23.50157528969557000, 318.3372484813572200 ) ) ;
#998 = CARTESIAN_POINT ( 'NONE',  ( 101.5303364688079900, 17.89438625290295400, 308.3981455041409800 ) ) ;
#999 = CARTESIAN_POINT ( 'NONE',  ( 74.25617807612289300, -23.50157967261762700, 300.3904008452590200 ) ) ;
#1000 = CARTESIAN_POINT ( 'NONE',  ( 78.36368816194959700, 15.64438923651411500, 300.3904008642169900 ) ) ;
#1001 = CARTESIAN_POINT ( 'NONE',  ( 107.8383666614455500, -22.00157534759700800, 315.7166465852357100 ) ) ;
#1002 = CARTESIAN_POINT ( 'NONE',  ( 107.1245173165675900, 16.39438553243351700, 306.2058384155998300 ) ) ;
#1003 = EDGE_CURVE ( 'NONE', #5274, #3730, #3691, .T. ) ;
#1004 = CARTESIAN_POINT ( 'NONE',  ( 112.3521579179448800, -22.00157476626976200, 305.6766870765651400 ) ) ;
#1005 = CARTESIAN_POINT ( 'NONE',  ( 99.65011051286404600, 16.39438649505554900, 312.7703319284168500 ) ) ;
#1006 = CARTESIAN_POINT ( 'NONE',  ( 76.11368832563675800, -2.803594741848483900, 315.7165224408957400 ) ) ;
#1007 = VECTOR ( 'NONE', #996, 1000.000000000000000 ) ;
#1008 = AXIS2_PLACEMENT_3D ( 'NONE', #2285, #2802, #3386 ) ;
#1009 = CARTESIAN_POINT ( 'NONE',  ( 104.0503112950550400, 17.89438592835780300, 316.3641259450611800 ) ) ;
#1010 = ORIENTED_EDGE ( 'NONE', *, *, #4873, .F. ) ;
#1011 = CARTESIAN_POINT ( 'NONE',  ( 112.4977875219491600, 16.39438484041495100, 301.4400963880004800 ) ) ;
#1012 = CARTESIAN_POINT ( 'NONE',  ( 107.4672703511488800, 16.39438548829084400, 320.3097215714286700 ) ) ;
#1013 = CARTESIAN_POINT ( 'NONE',  ( 105.8567444477367600, 17.89438569570900100, 315.2543353899188200 ) ) ;
#1014 = DIRECTION ( 'NONE',  ( 3.079986266030230300E-007, 0.0000000000000000000, 0.9999999999999525900 ) ) ;
#1015 = CARTESIAN_POINT ( 'NONE',  ( 112.3503296334338000, 17.89438485940597800, 305.6769851753463200 ) ) ;
#1016 = CARTESIAN_POINT ( 'NONE',  ( 108.0703272526995400, -23.50157531772306300, 315.6944587848085500 ) ) ;
#1017 = CARTESIAN_POINT ( 'NONE',  ( 101.1026637360016900, 17.89438630798263600, 317.5842415116538300 ) ) ;
#1018 = CARTESIAN_POINT ( 'NONE',  ( 101.2634769584336000, -22.00157619437130700, 308.0721426215831100 ) ) ;
#1019 = CARTESIAN_POINT ( 'NONE',  ( 113.6925731052169800, 17.89438468653971300, 308.3981455041409300 ) ) ;
#1020 = CARTESIAN_POINT ( 'NONE',  ( 108.7114547870120200, 17.89438532805347400, 319.0699728882518100 ) ) ;
#1021 = CARTESIAN_POINT ( 'NONE',  ( 108.0703270595158500, -22.00157531772307700, 315.6944587848085500 ) ) ;
#1022 = VERTEX_POINT ( 'NONE', #2047 ) ;
#1023 = CARTESIAN_POINT ( 'NONE',  ( 108.6004267736071100, 16.39438534235250300, 305.7041689008610800 ) ) ;
#1024 = CARTESIAN_POINT ( 'NONE',  ( 111.4298312122362900, -22.00157488505540800, 306.1354038043450000 ) ) ;
#1025 = CARTESIAN_POINT ( 'NONE',  ( 113.8335831423464100, -23.50157457547846100, 318.1424388994860800 ) ) ;
#1026 = CARTESIAN_POINT ( 'NONE',  ( 100.4674906975386500, 16.39438638978592500, 313.3165212449077300 ) ) ;
#1027 = ORIENTED_EDGE ( 'NONE', *, *, #5197, .T. ) ;
#1028 = CARTESIAN_POINT ( 'NONE',  ( 104.1797200290423600, 17.89438591169138300, 316.6496456047658500 ) ) ;
#1029 = CARTESIAN_POINT ( 'NONE',  ( 117.8761770666845800, 16.39438414773717400, 306.2927947683804200 ) ) ;
#1030 = CARTESIAN_POINT ( 'NONE',  ( 106.7313714073487300, 16.39438558306656900, 319.8922838702976000 ) ) ;
#1031 = CARTESIAN_POINT ( 'NONE',  ( 109.3663696682243800, 17.89438524370756100, 315.2544315634586400 ) ) ;
#1032 = CARTESIAN_POINT ( 'NONE',  ( 100.8997364652730800, 17.89438633411741000, 313.2882983554775900 ) ) ;
#1033 = ORIENTED_EDGE ( 'NONE', *, *, #83, .T. ) ;
#1034 = CARTESIAN_POINT ( 'NONE',  ( 113.9987343488019300, 17.89438464710947200, 306.5566481026407400 ) ) ;
#1035 = CARTESIAN_POINT ( 'NONE',  ( 105.8567442545531300, 16.39438569570901200, 315.2543353899188200 ) ) ;
#1036 = CARTESIAN_POINT ( 'NONE',  ( 113.5418618760874100, -22.00157461304885600, 308.5488565400868900 ) ) ;
#1037 = ORIENTED_EDGE ( 'NONE', *, *, #4225, .F. ) ;
#1038 = CARTESIAN_POINT ( 'NONE',  ( 102.1460730092390300, -22.00157608070253100, 308.7854748667050400 ) ) ;
#1039 = EDGE_CURVE ( 'NONE', #5494, #449, #4228, .T. ) ;
#1040 = LINE ( 'NONE', #1085, #5973 ) ;
#1041 = CARTESIAN_POINT ( 'NONE',  ( 107.4673003188406700, 16.39438548828694700, 318.1166572671224300 ) ) ;
#1042 = CARTESIAN_POINT ( 'NONE',  ( 106.7361308960311700, 16.39438558245359400, 318.5461592182987800 ) ) ;
#1043 = CARTESIAN_POINT ( 'NONE',  ( 101.5303364688080000, -23.50157616000280600, 316.0348987409560100 ) ) ;
#1044 = EDGE_CURVE ( 'NONE', #1792, #1463, #5717, .T. ) ;
#1045 = CARTESIAN_POINT ( 'NONE',  ( 111.5848305700976800, 17.89438495799393200, 308.5392312900706900 ) ) ;
#1046 = EDGE_LOOP ( 'NONE', ( #2632, #1100, #1920, #1496 ) ) ;
#1047 = CARTESIAN_POINT ( 'NONE',  ( 108.0703270612115100, 16.39438541062362000, 308.7385854605242300 ) ) ;
#1048 = CARTESIAN_POINT ( 'NONE',  ( 111.4298314054199900, -23.50157488505539400, 306.1354038043450000 ) ) ;
#1049 = CARTESIAN_POINT ( 'NONE',  ( 100.4674906975386500, 16.39438638978592500, 313.3165212449077300 ) ) ;
#1050 = FACE_OUTER_BOUND ( 'NONE', #2065, .T. ) ;
#1051 = CARTESIAN_POINT ( 'NONE',  ( 101.1429608026723900, -22.00157620989247300, 307.7811866465006000 ) ) ;
#1052 = CARTESIAN_POINT ( 'NONE',  ( 104.2616007592354500, 17.89438590114604100, 317.0596416593666600 ) ) ;
#1053 = CARTESIAN_POINT ( 'NONE',  ( 107.8967514122321100, -23.50157534007768900, 306.2817793012379800 ) ) ;
#1054 = EDGE_LOOP ( 'NONE', ( #3950, #2481, #1739, #3637 ) ) ;
#1055 = CARTESIAN_POINT ( 'NONE',  ( 108.1652642716295700, 16.39438539839684600, 320.1778612733016900 ) ) ;
#1056 = CARTESIAN_POINT ( 'NONE',  ( 111.1647010342082800, 17.89438501210202400, 308.0755532711490900 ) ) ;
#1057 = CARTESIAN_POINT ( 'NONE',  ( 108.7114547870119700, -23.50157523515272800, 305.2165221225490100 ) ) ;
#1058 = CARTESIAN_POINT ( 'NONE',  ( 112.4563774629854900, 17.89438484574817400, 305.6668332239712500 ) ) ;
#1059 = AXIS2_PLACEMENT_3D ( 'NONE', #3393, #2370, #1906 ) ;
#1060 = CARTESIAN_POINT ( 'NONE',  ( 114.3231695974242800, 17.89438460532589700, 311.1447441475405600 ) ) ;
#1061 = CARTESIAN_POINT ( 'NONE',  ( 106.6562144304576900, 16.39438559274579900, 304.6656673055137500 ) ) ;
#1062 = CARTESIAN_POINT ( 'NONE',  ( 107.9652531101112200, 17.89438542415608800, 318.1722075367522400 ) ) ;
#1063 = CARTESIAN_POINT ( 'NONE',  ( 106.0605532025967900, -22.00157557656009300, 315.3625580318479300 ) ) ;
#1064 = CARTESIAN_POINT ( 'NONE',  ( 111.7535535159464500, 17.89438493626422400, 305.8690524267368600 ) ) ;
#1065 = DIRECTION ( 'NONE',  ( 1.000000000000000000, 0.0000000000000000000, 0.0000000000000000000 ) ) ;
#1066 = CARTESIAN_POINT ( 'NONE',  ( 114.1104644466588800, -22.00157453981900300, 306.8520413949538600 ) ) ;
#1067 = CARTESIAN_POINT ( 'NONE',  ( 114.1613073175061900, -23.50157453327112800, 317.0618932428898800 ) ) ;
#1068 = B_SPLINE_CURVE_WITH_KNOTS ( 'NONE', 1,
 ( #1662, #4213 ),
 .UNSPECIFIED., .F., .F.,
 ( 2, 2 ),
 ( 0.0000000000000000000, 1.000000000000000000 ),
 .UNSPECIFIED. ) ;
#1069 = CARTESIAN_POINT ( 'NONE',  ( 77.61368816194959700, 2.146152726456537900, 317.1662699092002500 ) ) ;
#1070 = VERTEX_POINT ( 'NONE', #5951 ) ;
#1071 = CARTESIAN_POINT ( 'NONE',  ( 108.6832327620149100, -23.50157523878742800, 305.5048073121355400 ) ) ;
#1072 = PLANE ( 'NONE',  #3234 ) ;
#1073 = CARTESIAN_POINT ( 'NONE',  ( 114.3236826146625200, -23.50157451235884300, 311.1448315593539200 ) ) ;
#1074 = CARTESIAN_POINT ( 'NONE',  ( 111.1640114884646400, -23.50157491929011800, 306.4592213120259300 ) ) ;
#1075 = CARTESIAN_POINT ( 'NONE',  ( 76.11368837707453800, 4.196405258152250200, 313.3165224408962800 ) ) ;
#1076 = CARTESIAN_POINT ( 'NONE',  ( 108.0684295122954900, 16.39438541086809000, 315.6947257348622900 ) ) ;
#1077 = EDGE_CURVE ( 'NONE', #1767, #1132, #442, .T. ) ;
#1078 = CARTESIAN_POINT ( 'NONE',  ( 108.7114547870120000, 17.89438532805347000, 319.2165221225490100 ) ) ;
#1079 = ORIENTED_EDGE ( 'NONE', *, *, #3395, .F. ) ;
#1080 = CARTESIAN_POINT ( 'NONE',  ( 101.5303362756242800, -22.00157616000272000, 308.3981455041409300 ) ) ;
#1081 = CARTESIAN_POINT ( 'NONE',  ( 106.7827465014628400, 17.89438557645003800, 318.4896630590026200 ) ) ;
#1082 = CARTESIAN_POINT ( 'NONE',  ( 111.1114547870119900, -23.50157492605890000, 312.2165221234050100 ) ) ;
#1083 = CARTESIAN_POINT ( 'NONE',  ( 108.7114545938293400, 16.39438532805332100, 305.3604824585331700 ) ) ;
#1084 = CARTESIAN_POINT ( 'NONE',  ( 112.7720748771992600, 17.89438480508983900, 308.8565641331314900 ) ) ;
#1085 = CARTESIAN_POINT ( 'NONE',  ( 76.11368774035173600, 2.146152726458169900, 305.6667749725878000 ) ) ;
#1086 = PLANE ( 'NONE',  #3522 ) ;
#1087 = CARTESIAN_POINT ( 'NONE',  ( 99.51158422294994900, 16.39438651289623300, 312.3606764386780700 ) ) ;
#1088 = CARTESIAN_POINT ( 'NONE',  ( 107.6114545909382200, -22.00157537682100500, 324.0426433745610100 ) ) ;
#1089 = CIRCLE ( 'NONE', #3161, 0.7500000000000006700 ) ;
#1090 = CARTESIAN_POINT ( 'NONE',  ( 104.5754600281751400, 16.39438586072444800, 313.9744298200244500 ) ) ;
#1091 = CARTESIAN_POINT ( 'NONE',  ( 111.0016042913371500, 17.89438503310720200, 316.7502536766185100 ) ) ;
#1092 = CARTESIAN_POINT ( 'NONE',  ( 114.1513059727404700, 16.39438462745990000, 307.4754622455903400 ) ) ;
#1093 = CARTESIAN_POINT ( 'NONE',  ( 113.6565635779371600, 17.89438469117747500, 311.6650884228432100 ) ) ;
#1094 = ORIENTED_EDGE ( 'NONE', *, *, #1003, .T. ) ;
#1095 = CARTESIAN_POINT ( 'NONE',  ( 115.4922597290831000, -23.50157436185888600, 312.8914887453941600 ) ) ;
#1096 = CARTESIAN_POINT ( 'NONE',  ( 103.1771299083294100, -23.50157594791363600, 308.7854110804341900 ) ) ;
#1097 = CARTESIAN_POINT ( 'NONE',  ( 106.7361310892147800, 17.89438558245358000, 318.5461592182987800 ) ) ;
#1098 = CARTESIAN_POINT ( 'NONE',  ( 106.9349587014400800, 16.39438555684675700, 318.3372484813627400 ) ) ;
#1099 = CARTESIAN_POINT ( 'NONE',  ( 106.5114547870120300, -23.50157551848896300, 319.3627670128462300 ) ) ;
#1100 = ORIENTED_EDGE ( 'NONE', *, *, #4506, .T. ) ;
#1101 = CARTESIAN_POINT ( 'NONE',  ( 106.8854426108695700, -22.00157547032330600, 318.3870052037592600 ) ) ;
#1102 = DATE_AND_TIME ( #891, #6172 ) ;
#1103 = CARTESIAN_POINT ( 'NONE',  ( 103.4688114180513000, -23.50157591034835000, 318.5645510956362600 ) ) ;
#1104 = CARTESIAN_POINT ( 'NONE',  ( 113.8335829491627200, -22.00157457547847200, 318.1424388994860800 ) ) ;
#1105 = CARTESIAN_POINT ( 'NONE',  ( 100.4648996183647000, 16.39438639011960000, 311.1165209732590700 ) ) ;
#1106 = CARTESIAN_POINT ( 'NONE',  ( 104.1804534483712500, 16.39438591159693800, 317.6806815831142200 ) ) ;
#1107 = EDGE_LOOP ( 'NONE', ( #1636, #1407, #1257, #541 ) ) ;
#1108 = CARTESIAN_POINT ( 'NONE',  ( 106.7361308960238800, -22.00157548955295900, 305.8868850268016200 ) ) ;
#1109 = CARTESIAN_POINT ( 'NONE',  ( 110.9326334561664900, 16.39438504198993100, 313.3441277900171300 ) ) ;
#1110 = CARTESIAN_POINT ( 'NONE',  ( 102.4501959653641600, -23.50157604153490000, 315.5661054248046200 ) ) ;
#1111 = CARTESIAN_POINT ( 'NONE',  ( 114.1613071243225100, -22.00157453327114300, 317.0618932428898800 ) ) ;
#1112 = CARTESIAN_POINT ( 'NONE',  ( 106.7313716005153900, -23.50157549016588700, 304.5407603747988200 ) ) ;
#1113 = VERTEX_POINT ( 'NONE', #3127 ) ;
#1114 = CARTESIAN_POINT ( 'NONE',  ( 108.7408876929495300, 16.39438532426285600, 315.5370214923908600 ) ) ;
#1115 = FACE_OUTER_BOUND ( 'NONE', #312, .T. ) ;
#1116 = CARTESIAN_POINT ( 'NONE',  ( 114.7576996773039800, -23.50157445646222600, 313.3165221225490300 ) ) ;
#1117 = EDGE_CURVE ( 'NONE', #503, #1483, #190, .T. ) ;
#1118 = CARTESIAN_POINT ( 'NONE',  ( 101.6049647348474400, -22.00157615039136200, 306.0609240620661400 ) ) ;
#1119 = CARTESIAN_POINT ( 'NONE',  ( 102.2457572971151100, -23.50157606786429600, 308.8158262511139500 ) ) ;
#1120 = ORIENTED_EDGE ( 'NONE', *, *, #325, .T. ) ;
#1121 = CARTESIAN_POINT ( 'NONE',  ( 103.7930779754213100, -22.00157586858617600, 306.1354038043440400 ) ) ;
#1122 = DIRECTION ( 'NONE',  ( 0.0000000000000000000, 1.000000000000000000, -0.0000000000000000000 ) ) ;
#1123 = CARTESIAN_POINT ( 'NONE',  ( 111.1114545938839100, 16.39438501895980200, 311.9855665690671500 ) ) ;
#1124 = EDGE_CURVE ( 'NONE', #4680, #3813, #4718, .T. ) ;
#1125 = CARTESIAN_POINT ( 'NONE',  ( 110.9610971931281500, 17.89438503832395700, 307.1623983062757500 ) ) ;
#1126 = DIRECTION ( 'NONE',  ( -1.000000000000000000, 0.0000000000000000000, 0.0000000000000000000 ) ) ;
#1127 = CARTESIAN_POINT ( 'NONE',  ( 108.0759502421287000, -23.50157531699884900, 308.7167760365408100 ) ) ;
#1128 = CARTESIAN_POINT ( 'NONE',  ( 77.61368816194959700, -2.803594741847669900, 312.2165224408962000 ) ) ;
#1129 = ORIENTED_EDGE ( 'NONE', *, *, #3392, .T. ) ;
#1130 = CARTESIAN_POINT ( 'NONE',  ( 104.2618121877113600, 16.39438590111880600, 317.2706459388239800 ) ) ;
#1131 = CARTESIAN_POINT ( 'NONE',  ( 115.1662994456766600, 17.89438449673998500, 313.1774023483872000 ) ) ;
#1132 = VERTEX_POINT ( 'NONE', #2819 ) ;
#1133 = CARTESIAN_POINT ( 'NONE',  ( 113.9987341556183100, 16.39438464710948700, 306.5566481026407400 ) ) ;
#1134 = CARTESIAN_POINT ( 'NONE',  ( 105.8567442545531300, 16.39438569570901200, 315.2543353899188200 ) ) ;
#1135 = CARTESIAN_POINT ( 'NONE',  ( 106.5114547870119700, -23.50157551848880600, 305.2165221225490100 ) ) ;
#1136 = CARTESIAN_POINT ( 'NONE',  ( 111.8517971925758300, -22.00157483071091800, 318.6046930177775500 ) ) ;
#1137 = CARTESIAN_POINT ( 'NONE',  ( 107.2576562707315000, -22.00157542238614300, 304.1722075367528600 ) ) ;
#1138 = CARTESIAN_POINT ( 'NONE',  ( 114.8989426251632400, -23.50157443827166400, 311.1444124224114500 ) ) ;
#1139 = CARTESIAN_POINT ( 'NONE',  ( 101.8604674100678800, -22.00157611748540600, 305.8770389332727300 ) ) ;
#1140 = CARTESIAN_POINT ( 'NONE',  ( 111.0431895449849300, -23.50157493485078300, 316.6496456047623300 ) ) ;
#1141 = CARTESIAN_POINT ( 'NONE',  ( 101.5303362756242900, -22.00157616000272800, 308.3981455041409300 ) ) ;
#1142 = PLANE ( 'NONE',  #167 ) ;
#1143 = CARTESIAN_POINT ( 'NONE',  ( 99.51159220515977200, -23.50157641999506800, 312.0699450146627200 ) ) ;
#1144 = CARTESIAN_POINT ( 'NONE',  ( 106.5114547870119700, 17.89438561138945300, 319.0702772322320000 ) ) ;
#1145 = CARTESIAN_POINT ( 'NONE',  ( 111.8512678187582000, 17.89438492367980900, 315.7281156061056300 ) ) ;
#1146 = CARTESIAN_POINT ( 'NONE',  ( 101.0616296548634200, -23.50157622036717000, 317.3784539274836300 ) ) ;
#1147 = CARTESIAN_POINT ( 'NONE',  ( 113.7657616063315400, -22.00157458421311700, 318.2245985596725300 ) ) ;
#1148 = CARTESIAN_POINT ( 'NONE',  ( 100.3231635370527500, 16.39438640837367000, 311.1447430483976300 ) ) ;
#1149 = CARTESIAN_POINT ( 'NONE',  ( 103.6380788107444300, 16.39438598144883500, 315.8938129550238000 ) ) ;
#1150 = B_SPLINE_CURVE_WITH_KNOTS ( 'NONE', 3,
 ( #1883, #1116, #3449, #4471, #5416, #1095, #580, #1991, #2540, #2016, #5332, #3027, #2558, #2040, #2477, #1138, #4933, #3906 ),
 .UNSPECIFIED., .F., .F.,
 ( 4, 2, 2, 2, 2, 2, 2, 2, 4 ),
 ( 0.0000000000000000000, 0.1250000000000000000, 0.2500000000000000000, 0.3750000000000000000, 0.5000000000000000000, 0.6250000000000000000, 0.7500000000000000000, 0.8750000000000000000, 1.000000000000000000 ),
 .UNSPECIFIED. ) ;
#1151 = CARTESIAN_POINT ( 'NONE',  ( 115.7046542358939800, 17.89438442740578900, 312.3607063652362400 ) ) ;
#1152 = FACE_OUTER_BOUND ( 'NONE', #746, .T. ) ;
#1153 = CARTESIAN_POINT ( 'NONE',  ( 114.0558127769901700, -23.50157454685762900, 313.1770706232460400 ) ) ;
#1154 = CARTESIAN_POINT ( 'NONE',  ( 104.4664784493599700, 16.39438587476008300, 313.7697956526944800 ) ) ;
#1155 = CARTESIAN_POINT ( 'NONE',  ( 110.9611245914804000, -23.50157494541975100, 307.4789589908755800 ) ) ;
#1156 = CARTESIAN_POINT ( 'NONE',  ( 112.8431306489303100, 17.89438479593879800, 322.8510207099014300 ) ) ;
#1157 = CARTESIAN_POINT ( 'NONE',  ( 113.5375737473588600, 16.39438470650188900, 305.9943180184154100 ) ) ;
#1158 = ORIENTED_EDGE ( 'NONE', *, *, #2683, .T. ) ;
#1159 = EDGE_CURVE ( 'NONE', #109, #1334, #642, .T. ) ;
#1160 = CARTESIAN_POINT ( 'NONE',  ( 103.4647638661311900, 16.39438600376994900, 318.5548016423863400 ) ) ;
#1161 = CARTESIAN_POINT ( 'NONE',  ( 104.2616690653906900, 17.89438590113714500, 307.1622581352747300 ) ) ;
#1162 = EDGE_CURVE ( 'NONE', #5587, #4224, #5579, .T. ) ;
#1163 = CARTESIAN_POINT ( 'NONE',  ( 107.9005445254792300, -22.00157533958916600, 318.1451078871387500 ) ) ;
#1164 = CARTESIAN_POINT ( 'NONE',  ( 112.6660270476625800, -23.50157472584695000, 315.5663281605718600 ) ) ;
#1165 = DIRECTION ( 'NONE',  ( 3.079986439502666300E-007, 1.553119612085528500E-013, 0.9999999999999524800 ) ) ;
#1166 = CARTESIAN_POINT ( 'NONE',  ( 76.11368803827623700, -9.803594741847591700, 312.2165224408962600 ) ) ;
#1167 = CARTESIAN_POINT ( 'NONE',  ( 111.0431893517967700, 16.39438502775139400, 307.7833986403315400 ) ) ;
#1168 = CARTESIAN_POINT ( 'NONE',  ( 111.1721575885766100, 16.39438501114178600, 316.3647169300458600 ) ) ;
#1169 = CARTESIAN_POINT ( 'NONE',  ( 101.8533076086815800, -23.50157611840766200, 318.5635798689411300 ) ) ;
#1170 = CARTESIAN_POINT ( 'NONE',  ( 114.0799483849794000, -22.00157454374925700, 316.6518575985936600 ) ) ;
#1171 = CARTESIAN_POINT ( 'NONE',  ( 113.8406980145990700, 16.39438466746292300, 316.1830238435216500 ) ) ;
#1172 = ORIENTED_EDGE ( 'NONE', *, *, #1214, .T. ) ;
#1173 = CARTESIAN_POINT ( 'NONE',  ( 103.3698529936586700, 16.39438601599339100, 315.7271548107763100 ) ) ;
#1174 = CARTESIAN_POINT ( 'NONE',  ( 115.7115215906434000, 16.39438442652126300, 312.2877794604551100 ) ) ;
#1175 = CARTESIAN_POINT ( 'NONE',  ( 76.11368774035173600, 2.146152726458169900, 305.6667749725878000 ) ) ;
#1176 = CARTESIAN_POINT ( 'NONE',  ( 115.7113196424406300, -23.50157433364624300, 312.3606763975362800 ) ) ;
#1177 = CARTESIAN_POINT ( 'NONE',  ( 113.6565633847562100, -22.00157459827653400, 312.7679558222539500 ) ) ;
#1178 = VERTEX_POINT ( 'NONE', #931 ) ;
#1179 = CARTESIAN_POINT ( 'NONE',  ( 112.4571554762442800, -22.00157475274732700, 315.5662113656975400 ) ) ;
#1180 = CARTESIAN_POINT ( 'NONE',  ( 104.0507517922614200, -23.50157583540073200, 316.3647169300525100 ) ) ;
#1181 = CARTESIAN_POINT ( 'NONE',  ( 101.6838581112481000, 17.89438623313109000, 312.5023082678786200 ) ) ;
#1182 = CARTESIAN_POINT ( 'NONE',  ( 101.0616022565135100, 17.89438631327090300, 317.0618932428826600 ) ) ;
#1183 = CARTESIAN_POINT ( 'NONE',  ( 99.65011544307722600, -22.00157640215476100, 311.6627124447532000 ) ) ;
#1184 = ORIENTED_EDGE ( 'NONE', *, *, #2992, .T. ) ;
#1185 = CARTESIAN_POINT ( 'NONE',  ( 104.0503111018755400, -22.00157583545737700, 308.0689183000330900 ) ) ;
#1186 = DIRECTION ( 'NONE',  ( 3.079986266030270000E-007, 0.0000000000000000000, 0.9999999999999525900 ) ) ;
#1187 = CARTESIAN_POINT ( 'NONE',  ( 108.6831451570210900, -22.00157523879875400, 318.9287499501983200 ) ) ;
#1188 = CARTESIAN_POINT ( 'NONE',  ( 107.4648776791396800, -23.50157539569848800, 320.3163847044056600 ) ) ;
#1189 = CARTESIAN_POINT ( 'NONE',  ( 110.9714226345680000, 16.39438503699414800, 307.4772872448535800 ) ) ;
#1190 = EDGE_LOOP ( 'NONE', ( #4220, #1120, #579, #3296 ) ) ;
#1191 = CARTESIAN_POINT ( 'NONE',  ( 113.5418620692719900, 17.89438470594974400, 315.8841877050109000 ) ) ;
#1192 = CARTESIAN_POINT ( 'NONE',  ( 101.5303362756243600, 16.39438625290296500, 308.3981455041409800 ) ) ;
#1193 = VECTOR ( 'NONE', #699, 1000.000000000000000 ) ;
#1194 = B_SPLINE_SURFACE_WITH_KNOTS ( 'NONE', 1, 3, ( 
 ( #4287, #3274, #5202, #4246, #5681, #1442, #3831, #1400, #2353, #2336, #2877, #5699, #5256, #989, #4308, #5217, #2396, #1386, #5739, #20, #4754, #1834, #420, #946, #1892, #2376, #3756, #5182, #5716, #3359 ),
 ( #5276, #2923, #1504, #108, #4418, #2900, #2004, #5781, #62, #1544, #5805, #3459, #2418, #2963, #591, #1482, #2943, #5850, #2508, #547, #614, #569, #4821, #4393, #3898, #5342, #3937, #125, #3441, #1088 ) ),
 .UNSPECIFIED., .F., .F., .F.,
 ( 2, 2 ),
 ( 4, 2, 2, 2, 2, 2, 2, 2, 2, 2, 2, 2, 2, 2, 4 ),
 ( 0.0000000000000000000, 1.000000000000000000 ),
 ( 0.0000000000000000000, 0.002304709700789693500, 0.004609419401579386900, 0.009218838803158773900, 0.01037119365355362200, 0.01152354850394846800, 0.01382825820473816000, 0.01613296790552785200, 0.01843767760631754800, 0.02074238730710724300, 0.02304709700789693600, 0.02765651640947632000, 0.03226593581105570400, 0.03457064551184539600, 0.03687535521263509600 ),
 .UNSPECIFIED. ) ;
#1195 = CARTESIAN_POINT ( 'NONE',  ( 101.0617455720249500, -23.50157622035223400, 317.0617530718882300 ) ) ;
#1196 = B_SPLINE_CURVE_WITH_KNOTS ( 'NONE', 3,
 ( #4789, #979, #2848, #3390, #4341, #4767, #2888, #5227, #2365, #3821, #6183, #4811, #5729, #3325, #1952, #2869, #470, #8, #492, #5264, #2406, #2913, #5287, #1531 ),
 .UNSPECIFIED., .F., .F.,
 ( 4, 2, 2, 2, 2, 2, 2, 2, 2, 2, 2, 4 ),
 ( 0.0000000000000000000, 0.1250000000000000000, 0.1875000000000000000, 0.2500000000000000000, 0.3750000000000000000, 0.5000000000000000000, 0.5625000000000000000, 0.6250000000000000000, 0.6875000000000000000, 0.7500000000000000000, 0.8750000000000000000, 1.000000000000000000 ),
 .UNSPECIFIED. ) ;
#1197 = CARTESIAN_POINT ( 'NONE',  ( 114.7580038281256700, 16.39438454932403000, 313.3165221225489700 ) ) ;
#1198 = ORIENTED_EDGE ( 'NONE', *, *, #3109, .T. ) ;
#1199 = EDGE_CURVE ( 'NONE', #1907, #5598, #5203, .T. ) ;
#1200 = LINE ( 'NONE', #1536, #3874 ) ;
#1201 = CARTESIAN_POINT ( 'NONE',  ( 115.2859776904803200, 17.89438448132663600, 311.3355471030904500 ) ) ;
#1202 = CARTESIAN_POINT ( 'NONE',  ( 113.9356928460881200, -22.00157456232764000, 313.0966053090509700 ) ) ;
#1203 = CARTESIAN_POINT ( 'NONE',  ( 110.6678809320474700, 17.89438507608719700, 323.6672260934523100 ) ) ;
#1204 = CARTESIAN_POINT ( 'NONE',  ( 103.9412030779886600, -22.00157584950941800, 318.1495153381857200 ) ) ;
#1205 = ADVANCED_FACE ( 'NONE', ( #3919 ), #3307, .T. ) ;
#1206 = VERTEX_POINT ( 'NONE', #5184 ) ;
#1207 = DIRECTION ( 'NONE',  ( -1.000000000000000000, 0.0000000000000000000, 0.0000000000000000000 ) ) ;
#1208 = ADVANCED_FACE ( 'NONE', ( #36 ), #4892, .F. ) ;
#1209 = CARTESIAN_POINT ( 'NONE',  ( 113.6925729120332800, -22.00157459363899900, 316.0348987409560100 ) ) ;
#1210 = CARTESIAN_POINT ( 'NONE',  ( 110.2854928977950100, 16.39438512533459800, 323.7428609691189100 ) ) ;
#1211 = CARTESIAN_POINT ( 'NONE',  ( 77.61368816194959700, 2.146152726458169900, 305.6667749725878000 ) ) ;
#1212 = ORIENTED_EDGE ( 'NONE', *, *, #4064, .T. ) ;
#1213 = CARTESIAN_POINT ( 'NONE',  ( 113.9502467288698400, 17.89438465335428000, 317.9678222516640200 ) ) ;
#1214 = EDGE_CURVE ( 'NONE', #5765, #1548, #6155, .T. ) ;
#1215 = CARTESIAN_POINT ( 'NONE',  ( 111.5044596714632900, 16.39438496834482000, 308.4726252464118900 ) ) ;
#1216 = CARTESIAN_POINT ( 'NONE',  ( 112.3510466547796100, 17.89438485931375300, 315.5764053626341500 ) ) ;
#1217 = CARTESIAN_POINT ( 'NONE',  ( 101.5303362756243600, 16.39438625290305800, 316.0348987409560100 ) ) ;
#1218 = CARTESIAN_POINT ( 'NONE',  ( 100.6114547870119800, -23.50157627834473900, 313.3165221225489700 ) ) ;
#1219 = DIRECTION ( 'NONE',  ( 0.9999999999999525900, -0.0000000000000000000, -3.079986043985438500E-007 ) ) ;
#1220 = ORIENTED_EDGE ( 'NONE', *, *, #2157, .F. ) ;
#1221 = CARTESIAN_POINT ( 'NONE',  ( 101.8597822358986800, -22.00157611757379100, 318.5555116246640600 ) ) ;
#1222 = ADVANCED_FACE ( 'NONE', ( #2581 ), #635, .F. ) ;
#1223 = CARTESIAN_POINT ( 'NONE',  ( 101.5303364688079900, 17.89438625290304000, 316.0348987409560100 ) ) ;
#1224 = CARTESIAN_POINT ( 'NONE',  ( 114.0566099351844000, -22.00157454675492000, 313.1774023483708300 ) ) ;
#1225 = CARTESIAN_POINT ( 'NONE',  ( 109.1473233875712800, 17.89438527191841300, 323.9679866524145400 ) ) ;
#1226 = CARTESIAN_POINT ( 'NONE',  ( 103.7195892715073900, -23.50157587805085800, 315.9613299284570800 ) ) ;
#1227 = CARTESIAN_POINT ( 'NONE',  ( 76.11368803827623700, -9.803594741847591700, 313.3165224408962800 ) ) ;
#1228 = CARTESIAN_POINT ( 'NONE',  ( 115.7115215906431400, -22.00157433362022300, 312.1452647846404000 ) ) ;
#1229 = CARTESIAN_POINT ( 'NONE',  ( 99.54619741513344900, -22.00157641553828500, 312.5018187477648400 ) ) ;
#1230 = EDGE_LOOP ( 'NONE', ( #4004, #1703 ) ) ;
#1231 = CARTESIAN_POINT ( 'NONE',  ( 111.0121023031129700, -23.50157493885448500, 316.7512929532389300 ) ) ;
#1232 = CARTESIAN_POINT ( 'NONE',  ( 111.4267307432322300, 16.39438497835536200, 300.9961594090355600 ) ) ;
#1233 = CARTESIAN_POINT ( 'NONE',  ( 108.2879504862152500, -22.00157528969558400, 318.3372484813572200 ) ) ;
#1234 = CARTESIAN_POINT ( 'NONE',  ( 113.9995500557797400, 16.39438464700452500, 317.8746694045709700 ) ) ;
#1235 = CARTESIAN_POINT ( 'NONE',  ( 111.0121021099254400, 16.39438503175507500, 307.6817512918579500 ) ) ;
#1236 = ORIENTED_EDGE ( 'NONE', *, *, #3628, .F. ) ;
#1237 = ADVANCED_FACE ( 'NONE', ( #2421 ), #1072, .T. ) ;
#1238 = CARTESIAN_POINT ( 'NONE',  ( 112.4549518789933800, 16.39438484593188200, 315.5663518045993200 ) ) ;
#1239 = CARTESIAN_POINT ( 'NONE',  ( 103.3711119950756100, 16.39438601583127700, 318.6046930177761300 ) ) ;
#1240 = B_SPLINE_CURVE_WITH_KNOTS ( 'NONE', 3,
 ( #6001, #5627, #3808, #2834, #438, #2394, #478, #1421, #4205, #17, #3770, #5737, #1440, #3272, #944, #1854, #2875, #2318, #4245, #4775, #3295, #4698, #6169, #2335, #3314, #5216, #5714, #1911, #5200, #888, #1384, #1870, #1832, #5680 ),
 .UNSPECIFIED., .F., .F.,
 ( 4, 2, 2, 2, 2, 2, 2, 2, 2, 2, 2, 2, 2, 2, 2, 2, 4 ),
 ( 0.0000000000000000000, 0.06250000000000000000, 0.1250000000000000000, 0.1875000000000000300, 0.2500000000000000600, 0.3125000000000000000, 0.3750000000000000600, 0.4375000000000000600, 0.5000000000000001100, 0.5625000000000000000, 0.6250000000000000000, 0.6875000000000001100, 0.7499999999999998900, 0.8124999999999998900, 0.8750000000000000000, 0.9375000000000001100, 1.000000000000000000 ),
 .UNSPECIFIED. ) ;
#1241 = CARTESIAN_POINT ( 'NONE',  ( 113.6925731052169800, -23.50157459363898500, 316.0348987409560100 ) ) ;
#1242 = CARTESIAN_POINT ( 'NONE',  ( 103.7930779754213300, -22.00157586858631800, 318.2976404407530100 ) ) ;
#1243 = DIRECTION ( 'NONE',  ( 0.0000000000000000000, 0.0000000000000000000, 1.000000000000000000 ) ) ;
#1244 = CARTESIAN_POINT ( 'NONE',  ( 114.0605997767913100, -22.00157454624098500, 311.2612819591780600 ) ) ;
#1245 = CARTESIAN_POINT ( 'NONE',  ( 114.4674942578438700, -22.00157449383740600, 311.1165221225489900 ) ) ;
#1246 = CARTESIAN_POINT ( 'NONE',  ( 111.0431893518012500, -22.00157493485079700, 316.6496456047623300 ) ) ;
#1247 = VECTOR ( 'NONE', #5934, 1000.000000000000100 ) ;
#1248 = CARTESIAN_POINT ( 'NONE',  ( 111.4298314054200000, -23.50157488505554000, 318.2976404407530100 ) ) ;
#1249 = EDGE_CURVE ( 'NONE', #3354, #3781, #3768, .T. ) ;
#1250 = B_SPLINE_SURFACE_WITH_KNOTS ( 'NONE', 1, 3, ( 
 ( #1694, #3068, #5037, #6016, #3153, #307, #2185, #2138, #281, #703, #1176, #1654, #5956, #1675, #2642, #5977, #3588, #748, #5625, #2297, #3192, #4697, #1344, #2719 ),
 ( #4674, #2705, #2248, #828, #6061, #3228, #887, #342, #5606, #1755, #6110, #2736, #6092, #3732, #1364, #5585, #3706, #4130, #1816, #3249, #4656, #1774, #3670, #1307 ) ),
 .UNSPECIFIED., .F., .F., .F.,
 ( 2, 2 ),
 ( 4, 2, 2, 2, 2, 2, 2, 2, 2, 2, 2, 4 ),
 ( 0.0000000000000000000, 1.000000000000000000 ),
 ( 0.0000000000000000000, 0.0004295930917422606300, 0.0006443896376133908900, 0.0008591861834845212600, 0.001288779275226781800, 0.001718372366969042500, 0.001933168912840172900, 0.002147965458711303300, 0.002362762004582433400, 0.002577558550453563600, 0.003007151642195824300, 0.003436744733938085000 ),
 .UNSPECIFIED. ) ;
#1251 = CARTESIAN_POINT ( 'NONE',  ( 101.7113136445252200, 16.39438622959510300, 312.0723655925215800 ) ) ;
#1252 = CARTESIAN_POINT ( 'NONE',  ( 104.0595692732158400, 17.89438592716536300, 306.4608386660910400 ) ) ;
#1253 = CARTESIAN_POINT ( 'NONE',  ( 111.7599623467014600, -22.00157484253821800, 315.7765338698828800 ) ) ;
#1254 = CARTESIAN_POINT ( 'NONE',  ( 104.2519393448166500, -22.00157580948995300, 316.9580130556086600 ) ) ;
#1255 = CARTESIAN_POINT ( 'NONE',  ( 114.1611638088175900, -22.00157453328948900, 307.3712911732031300 ) ) ;
#1256 = CARTESIAN_POINT ( 'NONE',  ( 113.8331336096501800, 17.89438466843717300, 318.1430529968753300 ) ) ;
#1257 = ORIENTED_EDGE ( 'NONE', *, *, #5350, .T. ) ;
#1258 = CARTESIAN_POINT ( 'NONE',  ( 103.7930781686050200, -23.50157586858630800, 318.2976404407530100 ) ) ;
#1259 = CARTESIAN_POINT ( 'NONE',  ( 108.0684297071032200, -23.50157531796734400, 308.7383185104227400 ) ) ;
#1260 = CARTESIAN_POINT ( 'NONE',  ( 110.9612405086334800, -23.50157494540481600, 307.1622581352835400 ) ) ;
#1261 = CARTESIAN_POINT ( 'NONE',  ( 100.6114545938283100, -22.00157627834473200, 311.1165221225489900 ) ) ;
#1262 = CARTESIAN_POINT ( 'NONE',  ( 108.7114545938282800, -22.00157523515274200, 305.2165221225490100 ) ) ;
#1263 = CARTESIAN_POINT ( 'NONE',  ( 104.1114547870110000, 17.89438592048318800, 312.2165221217624100 ) ) ;
#1264 = ORIENTED_EDGE ( 'NONE', *, *, #5397, .F. ) ;
#1265 = AXIS2_PLACEMENT_3D ( 'NONE', #5965, #3533, #252 ) ;
#1266 = PERSON_AND_ORGANIZATION ( #5074, #5367 ) ;
#1267 = CARTESIAN_POINT ( 'NONE',  ( 115.4927431198896200, 17.89438445469753300, 312.8906562790612000 ) ) ;
#1268 = CARTESIAN_POINT ( 'NONE',  ( 113.6221384939592400, -23.50157460271010700, 312.7034593998121200 ) ) ;
#1269 = CARTESIAN_POINT ( 'NONE',  ( 100.6114491342660100, 17.89438637124564100, 311.1165209732590100 ) ) ;
#1270 = CARTESIAN_POINT ( 'NONE',  ( 101.2638451710147500, -22.00157619432396700, 316.3603336027047100 ) ) ;
#1271 = ORIENTED_EDGE ( 'NONE', *, *, #2038, .F. ) ;
#1272 = ADVANCED_FACE ( 'NONE', ( #5125 ), #2667, .F. ) ;
#1273 = CARTESIAN_POINT ( 'NONE',  ( 101.7115867370234200, 17.89438622955994900, 312.3628366277964700 ) ) ;
#1274 = PERSON_AND_ORGANIZATION ( #5074, #5367 ) ;
#1275 = CARTESIAN_POINT ( 'NONE',  ( 113.6565633847535400, 16.39438469117748900, 311.6650884228432100 ) ) ;
#1276 = CARTESIAN_POINT ( 'NONE',  ( 102.7679573086536100, 16.39438609351088900, 308.8666924404990400 ) ) ;
#1277 = CARTESIAN_POINT ( 'NONE',  ( 111.0424557392874000, -22.00157493494528200, 317.6806815831114400 ) ) ;
#1278 = ORIENTED_EDGE ( 'NONE', *, *, #6189, .F. ) ;
#1279 = CARTESIAN_POINT ( 'NONE',  ( 117.8761770666845800, 16.39438414773717400, 306.2927947683804200 ) ) ;
#1280 = CARTESIAN_POINT ( 'NONE',  ( 108.1652642716177200, -22.00157530549614300, 318.2551829717921800 ) ) ;
#1281 = CARTESIAN_POINT ( 'NONE',  ( 104.1340399166386700, -23.50157582467393500, 311.7537542954553400 ) ) ;
#1282 = CARTESIAN_POINT ( 'NONE',  ( 112.9785925016895800, -23.50157468559191500, 315.6068681789625400 ) ) ;
#1283 = CARTESIAN_POINT ( 'NONE',  ( 100.4649055527144700, -23.50157629721869100, 313.3165221225489700 ) ) ;
#1284 = VERTEX_POINT ( 'NONE', #4086 ) ;
#1285 = B_SPLINE_SURFACE_WITH_KNOTS ( 'NONE', 1, 3, ( 
 ( #4801, #1964, #3398, #5296, #3877, #2441, #4883, #1941, #2030, #5364, #1982, #5763, #529, #5828, #42, #3382, #5321, #3855, #2982, #1009, #1522, #1028, #4351, #2466, #1052, #89, #3420, #4371, #4864, #4017, #5386, #4924 ),
 ( #5931, #3564, #3019, #2088, #4437, #2618, #5428, #2591, #239, #4042, #2066, #212, #632, #1173, #5953, #1149, #4460, #2549, #3974, #3064, #5406, #2050, #3086, #5475, #4987, #1130, #5885, #1588, #1106, #3542, #4966, #172 ) ),
 .UNSPECIFIED., .F., .F., .F.,
 ( 2, 2 ),
 ( 4, 2, 2, 2, 2, 2, 2, 2, 2, 2, 2, 2, 2, 2, 2, 4 ),
 ( 0.0000000000000000000, 1.000000000000000000 ),
 ( 1.387778780781445700E-017, 0.0003124349154436263400, 0.0006248698308872388000, 0.0009373047463308512000, 0.001249739661774463700, 0.001562174577218076200, 0.001874609492661688500, 0.002187044408105301300, 0.002499479323548913600, 0.002811914238992525800, 0.003124349154436138600, 0.003436784069879750900, 0.003749218985323363200, 0.004061653900766975900, 0.004374088816210588600, 0.004998958647097813200 ),
 .UNSPECIFIED. ) ;
#1286 = CARTESIAN_POINT ( 'NONE',  ( 101.3822111730561200, -22.00157617907972700, 316.1830238435241500 ) ) ;
#1287 = EDGE_CURVE ( 'NONE', #4900, #4787, #929, .T. ) ;
#1288 = CARTESIAN_POINT ( 'NONE',  ( 107.0600210873079000, 17.89438554073994700, 306.1714133316237400 ) ) ;
#1289 = CARTESIAN_POINT ( 'NONE',  ( 109.1598315036226600, -22.00157517740689900, 323.9663481035949000 ) ) ;
#1290 = CARTESIAN_POINT ( 'NONE',  ( 119.4371602953392500, 17.89438394669967300, 312.9990458376700500 ) ) ;
#1291 = EDGE_CURVE ( 'NONE', #2674, #6095, #1401, .T. ) ;
#1292 = CARTESIAN_POINT ( 'NONE',  ( 108.7114545938283200, -22.00157523515271800, 319.2165221225490100 ) ) ;
#1293 = CARTESIAN_POINT ( 'NONE',  ( 101.6557639913699900, 16.39438623674929500, 312.5703179067588700 ) ) ;
#1294 = EDGE_LOOP ( 'NONE', ( #5803, #5132, #5517, #1278 ) ) ;
#1295 = CARTESIAN_POINT ( 'NONE',  ( 102.1462845359020700, 16.39438617357567600, 318.6849060170459300 ) ) ;
#1296 = CARTESIAN_POINT ( 'NONE',  ( 112.6660268544788900, -22.00157472584696100, 315.5663281605718600 ) ) ;
#1297 = DIRECTION ( 'NONE',  ( -1.000000000000000000, 0.0000000000000000000, 0.0000000000000000000 ) ) ;
#1298 = CARTESIAN_POINT ( 'NONE',  ( 114.1104644466600300, 16.39438463271996900, 317.5810028501379600 ) ) ;
#1299 = VERTEX_POINT ( 'NONE', #4065 ) ;
#1300 = CARTESIAN_POINT ( 'NONE',  ( 108.4920587320825000, 17.89438535630927900, 318.5412800651957900 ) ) ;
#1301 = ADVANCED_FACE ( 'NONE', ( #6019 ), #2417, .F. ) ;
#1302 = AXIS2_PLACEMENT_3D ( 'NONE', #844, #4632, #5658 ) ;
#1303 = CARTESIAN_POINT ( 'NONE',  ( 103.7930781686050200, 17.89438596148651300, 306.1354038043440400 ) ) ;
#1304 = CARTESIAN_POINT ( 'NONE',  ( 110.9611638537595900, -22.00157494541468100, 307.3711614948374500 ) ) ;
#1305 = CARTESIAN_POINT ( 'NONE',  ( 112.9781915416491200, -23.50157468564359300, 318.7255216519008600 ) ) ;
#1306 = CARTESIAN_POINT ( 'NONE',  ( 111.0219083991783000, 17.89438503049221700, 313.1282332471553200 ) ) ;
#1307 = CARTESIAN_POINT ( 'NONE',  ( 114.6114545938283100, -22.00157447529685200, 311.1165221225489900 ) ) ;
#1308 = CARTESIAN_POINT ( 'NONE',  ( 108.3858032235651600, -22.00157527709332000, 324.0426433747504700 ) ) ;
#1309 = CARTESIAN_POINT ( 'NONE',  ( 101.0714749062293700, -22.00157621909918900, 317.3745261261040000 ) ) ;
#1310 = ORIENTED_EDGE ( 'NONE', *, *, #2519, .T. ) ;
#1311 = CARTESIAN_POINT ( 'NONE',  ( 106.5114547870120000, -23.50157551848886000, 319.2165221225490100 ) ) ;
#1312 = CARTESIAN_POINT ( 'NONE',  ( 101.7115160121772800, 16.39438622956904000, 312.2877770419139000 ) ) ;
#1313 = CARTESIAN_POINT ( 'NONE',  ( 102.1462847290856800, 17.89438617357566100, 318.6849060170459300 ) ) ;
#1314 = CARTESIAN_POINT ( 'NONE',  ( 111.1629718950463000, -22.00157491942411200, 317.9716375582088400 ) ) ;
#1315 = CARTESIAN_POINT ( 'NONE',  ( 107.1544796754582100, 16.39438552857478700, 308.7383185101937800 ) ) ;
#1316 = CARTESIAN_POINT ( 'NONE',  ( 101.3822111730569700, 16.39438627197985800, 308.2500204015736900 ) ) ;
#1317 = CARTESIAN_POINT ( 'NONE',  ( 107.8976379418293900, 17.89438543286418000, 318.1442764264149300 ) ) ;
#1318 = LINE ( 'NONE', #2805, #1007 ) ;
#1319 = CARTESIAN_POINT ( 'NONE',  ( 111.4298312122363100, -22.00157488505541500, 306.1354038043450000 ) ) ;
#1320 = CARTESIAN_POINT ( 'NONE',  ( 106.5114547870120000, -23.50157551848891700, 319.2165221225490100 ) ) ;
#1321 = CARTESIAN_POINT ( 'NONE',  ( 110.6474491586583900, -22.00157498581778600, 313.9744298214363900 ) ) ;
#1322 = CARTESIAN_POINT ( 'NONE',  ( 111.4298314054200000, -23.50157488505554000, 318.2976404407530100 ) ) ;
#1323 = CARTESIAN_POINT ( 'NONE',  ( 106.7313716005156400, 17.89438558306641300, 305.8922838702968600 ) ) ;
#1324 = CARTESIAN_POINT ( 'NONE',  ( 111.4233487436311100, -22.00157488589047700, 323.4381494269658200 ) ) ;
#1325 = ORIENTED_EDGE ( 'NONE', *, *, #1594, .T. ) ;
#1326 = CARTESIAN_POINT ( 'NONE',  ( 107.6114547899019400, 17.89438546972123900, 300.3904008547380000 ) ) ;
#1327 = CARTESIAN_POINT ( 'NONE',  ( 104.1114547870110000, 17.89438592048318800, 312.2165221217624100 ) ) ;
#1328 = CARTESIAN_POINT ( 'NONE',  ( 119.4379874439362800, 17.89438394659314100, 311.4474673182089600 ) ) ;
#1329 = ORIENTED_EDGE ( 'NONE', *, *, #3273, .F. ) ;
#1330 = CARTESIAN_POINT ( 'NONE',  ( 101.9535614505711000, 17.89438619839631500, 318.6053843709276500 ) ) ;
#1331 = CARTESIAN_POINT ( 'NONE',  ( 111.4298312122363100, -22.00157488505555000, 318.2976404407530100 ) ) ;
#1332 = CARTESIAN_POINT ( 'NONE',  ( 112.1467659848999400, 16.39438488562278800, 308.8162922593954800 ) ) ;
#1333 = CARTESIAN_POINT ( 'NONE',  ( 106.5396766188365900, 16.39438560775477800, 319.5048073121407700 ) ) ;
#1334 = VERTEX_POINT ( 'NONE', #1175 ) ;
#1335 = CARTESIAN_POINT ( 'NONE',  ( 104.8289964295220400, -22.00157573517119400, 310.0799160193693100 ) ) ;
#1336 = CARTESIAN_POINT ( 'NONE',  ( 107.3816743962125700, 17.89438549931463400, 308.7166475872706400 ) ) ;
#1337 = CARTESIAN_POINT ( 'NONE',  ( 111.0429619734902400, -23.50157493487998300, 307.7825210702705500 ) ) ;
#1338 = CARTESIAN_POINT ( 'NONE',  ( 100.7580038281249800, -22.00157625947078100, 311.1165221225489900 ) ) ;
#1339 = B_SPLINE_SURFACE_WITH_KNOTS ( 'NONE', 1, 3, ( 
 ( #4464, #595, #1073, #4398, #4887, #5852, #3568, #5479, #244, #4993, #1721, #3629, #3610, #4571, #5498, #1268, #4022, #2663, #5458, #4594, #5018, #788, #2204, #4508 ),
 ( #771, #5520, #2622, #3547, #1244, #5546, #4112, #4066, #724, #4550, #263, #2594, #4045, #2159, #4087, #1740, #217, #5998, #3091, #1202, #5057, #3111, #2115, #5935 ) ),
 .UNSPECIFIED., .F., .F., .F.,
 ( 2, 2 ),
 ( 4, 2, 2, 2, 2, 2, 2, 2, 2, 2, 2, 4 ),
 ( 0.0000000000000000000, 1.000000000000000000 ),
 ( 0.0000000000000000000, 0.0004295930917409831700, 0.0006443896376114747800, 0.0008591861834819663400, 0.001288779275222949600, 0.001718372366963932700, 0.001933168912834424200, 0.002147965458704916000, 0.002362762004575407800, 0.002577558550445899100, 0.003007151642186882200, 0.003436744733927865400 ),
 .UNSPECIFIED. ) ;
#1340 = CARTESIAN_POINT ( 'NONE',  ( 110.9990662773932300, -22.00157494053329900, 313.1276967052905900 ) ) ;
#1341 = ORIENTED_EDGE ( 'NONE', *, *, #83, .F. ) ;
#1342 = FACE_OUTER_BOUND ( 'NONE', #2972, .T. ) ;
#1343 = CARTESIAN_POINT ( 'NONE',  ( 106.5114545938283200, -22.00157551848898400, 319.2165221225490100 ) ) ;
#1344 = CARTESIAN_POINT ( 'NONE',  ( 114.7580040213089800, -23.50157445642289400, 311.1165221225489900 ) ) ;
#1345 = CARTESIAN_POINT ( 'NONE',  ( 112.8477016120173600, 17.89438479534985400, 301.6056034342170200 ) ) ;
#1346 = CARTESIAN_POINT ( 'NONE',  ( 107.8967514122311500, -23.50157534007773200, 320.2817793012386000 ) ) ;
#1347 = ORIENTED_EDGE ( 'NONE', *, *, #2873, .F. ) ;
#1348 = CARTESIAN_POINT ( 'NONE',  ( 110.2854930909786200, 17.89438512533458700, 323.7428609691189100 ) ) ;
#1349 = FACE_OUTER_BOUND ( 'NONE', #3657, .T. ) ;
#1350 = CARTESIAN_POINT ( 'NONE',  ( 101.0617453788397900, 16.39438631325233000, 307.3712911732093300 ) ) ;
#1351 = CARTESIAN_POINT ( 'NONE',  ( 108.5666947572066600, -22.00157525379622600, 304.6656673055097100 ) ) ;
#1352 = CARTESIAN_POINT ( 'NONE',  ( 119.4368308102193800, -23.50157385384100200, 311.4292366912615600 ) ) ;
#1353 = ORIENTED_EDGE ( 'NONE', *, *, #4640, .F. ) ;
#1354 = CARTESIAN_POINT ( 'NONE',  ( 101.1434668436970700, 16.39438630272750100, 306.7510282382212400 ) ) ;
#1355 = CARTESIAN_POINT ( 'NONE',  ( 102.8725799405847600, -23.50157598713632400, 305.6769851753464900 ) ) ;
#1356 = CARTESIAN_POINT ( 'NONE',  ( 110.9326334567129400, -22.00157494908907900, 311.0889164566838800 ) ) ;
#1357 = CARTESIAN_POINT ( 'NONE',  ( 107.8383668563372700, 17.89438544049763300, 308.7163976599805400 ) ) ;
#1358 = CARTESIAN_POINT ( 'NONE',  ( 111.2892709009919900, -23.50157490315808000, 308.2435580602644900 ) ) ;
#1359 = CARTESIAN_POINT ( 'NONE',  ( 100.6114545938283100, -22.00157627834472900, 311.1165221225489900 ) ) ;
#1360 = EDGE_LOOP ( 'NONE', ( #2163, #3138, #290, #4748 ) ) ;
#1361 = CARTESIAN_POINT ( 'NONE',  ( 110.7564307375601500, -22.00157497178205200, 313.7697956541572400 ) ) ;
#1362 = EDGE_CURVE ( 'NONE', #1206, #1548, #589, .T. ) ;
#1363 = CARTESIAN_POINT ( 'NONE',  ( 107.1498276552273800, 17.89438552917394200, 315.7167750341938600 ) ) ;
#1364 = CARTESIAN_POINT ( 'NONE',  ( 115.6557691796256800, -22.00157434080060900, 311.8627237994491000 ) ) ;
#1365 = ORIENTED_EDGE ( 'NONE', *, *, #1159, .T. ) ;
#1366 = CARTESIAN_POINT ( 'NONE',  ( 100.4674908907222600, 17.89438638978591500, 313.3165212449077300 ) ) ;
#1367 = EDGE_CURVE ( 'NONE', #4026, #3494, #5826, .T. ) ;
#1368 = CARTESIAN_POINT ( 'NONE',  ( 106.9349587014388400, -22.00157546394621700, 320.0957957637364200 ) ) ;
#1369 = CARTESIAN_POINT ( 'NONE',  ( 116.2413771075966900, 17.89438435828174100, 320.3117034579009300 ) ) ;
#1370 = ORIENTED_EDGE ( 'NONE', *, *, #5197, .F. ) ;
#1371 = CARTESIAN_POINT ( 'NONE',  ( 103.4676047222494800, 17.89438600340392700, 305.8679952347747000 ) ) ;
#1372 = CARTESIAN_POINT ( 'NONE',  ( 107.7556088688190800, -22.00157535825526300, 304.1166572671227800 ) ) ;
#1373 = CARTESIAN_POINT ( 'NONE',  ( 104.1801777559953300, 16.39438591163230200, 306.7514681658977900 ) ) ;
#1374 = CARTESIAN_POINT ( 'NONE',  ( 109.1464921709227700, -23.50157517912458600, 300.4840556570843500 ) ) ;
#1375 = CARTESIAN_POINT ( 'NONE',  ( 113.6925731052169800, -23.50157459363889600, 308.3981455041409800 ) ) ;
#1376 = FACE_OUTER_BOUND ( 'NONE', #2701, .T. ) ;
#1377 = CARTESIAN_POINT ( 'NONE',  ( 112.4549518789842300, -22.00157475303102900, 308.8666924405145600 ) ) ;
#1378 = CARTESIAN_POINT ( 'NONE',  ( 104.5725282101631300, 17.89438586110201600, 310.4636384261163500 ) ) ;
#1379 = CARTESIAN_POINT ( 'NONE',  ( 100.8997397834188900, -22.00157624121672500, 311.1447441475622200 ) ) ;
#1380 = CARTESIAN_POINT ( 'NONE',  ( 104.1114545937722100, -22.00157582758266600, 312.4476334050226600 ) ) ;
#1381 = VERTEX_POINT ( 'NONE', #4147 ) ;
#1382 = CARTESIAN_POINT ( 'NONE',  ( 106.9349587014388400, -22.00157546394621700, 320.0957957637364200 ) ) ;
#1383 = CARTESIAN_POINT ( 'NONE',  ( 107.2576562707274400, 16.39438551528667900, 306.2608367083493000 ) ) ;
#1384 = CARTESIAN_POINT ( 'NONE',  ( 110.9990662778313700, 16.39438503343402700, 311.3053475414650400 ) ) ;
#1385 = CARTESIAN_POINT ( 'NONE',  ( 103.9336384798552900, -22.00157585048363600, 316.1894861848314200 ) ) ;
#1386 = CARTESIAN_POINT ( 'NONE',  ( 119.4383087010635500, -23.50157385365068700, 312.9803056916287000 ) ) ;
#1387 = CARTESIAN_POINT ( 'NONE',  ( 115.1662992524928600, -22.00157440383894100, 311.2556418967117800 ) ) ;
#1388 = CARTESIAN_POINT ( 'NONE',  ( 101.1127671739131800, 17.89438630668131900, 307.6824234873687400 ) ) ;
#1389 = CARTESIAN_POINT ( 'NONE',  ( 106.7304797675037100, -23.50157549028078200, 305.8910450259873000 ) ) ;
#1390 = CARTESIAN_POINT ( 'NONE',  ( 104.2617453338974700, 16.39438590112731100, 307.3711614948318200 ) ) ;
#1391 = CARTESIAN_POINT ( 'NONE',  ( 112.4549518789933800, 16.39438484593188200, 315.5663518045993200 ) ) ;
#1392 = CARTESIAN_POINT ( 'NONE',  ( 107.9005445254965700, 16.39438543248986200, 320.2879363579515400 ) ) ;
#1393 = CARTESIAN_POINT ( 'NONE',  ( 110.6503811715397500, -22.00157498544006500, 310.4636384276477700 ) ) ;
#1394 = EDGE_CURVE ( 'NONE', #2692, #3585, #5341, .T. ) ;
#1395 = ORIENTED_EDGE ( 'NONE', *, *, #2352, .T. ) ;
#1396 = CARTESIAN_POINT ( 'NONE',  ( 107.5401972559186000, 16.39438547889848900, 306.3165891193647200 ) ) ;
#1397 = CARTESIAN_POINT ( 'NONE',  ( 100.0605958992734200, 17.89438644218954300, 313.1717620530509400 ) ) ;
#1398 = EDGE_CURVE ( 'NONE', #5568, #1022, #4899, .T. ) ;
#1399 = VERTEX_POINT ( 'NONE', #2247 ) ;
#1400 = CARTESIAN_POINT ( 'NONE',  ( 116.2405092770115800, -23.50157426549238300, 304.1204242742119300 ) ) ;
#1401 = B_SPLINE_CURVE_WITH_KNOTS ( 'NONE', 3,
 ( #1693, #4507, #4992, #3152, #1201, #3546, #1674, #1720, #2158, #4111, #787, #702, #1267, #262, #3609, #5056, #5997, #747 ),
 .UNSPECIFIED., .F., .F.,
 ( 4, 2, 2, 2, 2, 2, 2, 2, 4 ),
 ( 0.0000000000000000000, 0.1250000000000000000, 0.2500000000000000000, 0.3750000000000000000, 0.5000000000000000000, 0.6250000000000000000, 0.7500000000000000000, 0.8750000000000000000, 1.000000000000000000 ),
 .UNSPECIFIED. ) ;
#1402 = B_SPLINE_SURFACE_WITH_KNOTS ( 'NONE', 1, 3, ( 
 ( #3083, #2083, #2546, #3581, #5970, #2587, #3016, #1688, #2151, #1606, #4499, #5031, #5926, #4962, #716, #5010, #3495, #2566, #1145, #3035, #3561, #1216, #672, #208, #5423, #4059, #5880, #4038, #1191, #5448 ),
 ( #185, #5948, #4542, #5905, #2635, #4479, #3538, #4523, #739, #698, #3518, #5402, #1168, #4940, #648, #3970, #4013, #3991, #1647, #4983, #2130, #5472, #1238, #5116, #2715, #5599, #299, #1787, #4630, #6011 ) ),
 .UNSPECIFIED., .F., .F., .F.,
 ( 2, 2 ),
 ( 4, 2, 2, 2, 2, 2, 2, 2, 2, 2, 2, 2, 2, 2, 4 ),
 ( 0.0000000000000000000, 1.000000000000000000 ),
 ( 6.206335383118181600E-017, 0.0006249605929493381000, 0.0009374408894239762000, 0.001249921185898614200, 0.001562401482373252200, 0.001874881778847890400, 0.002187362075322528600, 0.002499842371797166400, 0.002812322668271804100, 0.003124802964746442300, 0.003437283261221080500, 0.003749763557695718300, 0.004062243854170356100, 0.004374724150644994700, 0.004999684743594270300 ),
 .UNSPECIFIED. ) ;
#1403 = CARTESIAN_POINT ( 'NONE',  ( 110.6809603183692600, 16.39438507440244300, 300.7693779900357100 ) ) ;
#1404 = CARTESIAN_POINT ( 'NONE',  ( 112.3521579179739300, 16.39438485917066000, 318.7563571685190000 ) ) ;
#1405 = CARTESIAN_POINT ( 'NONE',  ( 101.2233593250584500, 17.89438629243823100, 306.5583748405223300 ) ) ;
#1406 = CARTESIAN_POINT ( 'NONE',  ( 108.5723348196607200, 16.39438534597042400, 304.6616774638860100 ) ) ;
#1407 = ORIENTED_EDGE ( 'NONE', *, *, #5397, .T. ) ;
#1408 = CARTESIAN_POINT ( 'NONE',  ( 111.0893497964337800, -22.00157492890567200, 311.7580540075921400 ) ) ;
#1409 = CARTESIAN_POINT ( 'NONE',  ( 111.8512676255745800, 16.39438492367982300, 315.7281156061056300 ) ) ;
#1410 = CARTESIAN_POINT ( 'NONE',  ( 106.6509062863258900, -23.50157550052896100, 304.6608801124526200 ) ) ;
#1411 = CYLINDRICAL_SURFACE ( 'NONE', #6010, 1.100000000000045400 ) ;
#1412 = CARTESIAN_POINT ( 'NONE',  ( 104.2238429102573300, -22.00157581310827100, 311.3053475398608000 ) ) ;
#1413 = CARTESIAN_POINT ( 'NONE',  ( 104.2902759246914600, 17.89438589745305600, 311.0889164550149500 ) ) ;
#1414 = EDGE_LOOP ( 'NONE', ( #1341, #3797 ) ) ;
#1415 = B_SPLINE_CURVE_WITH_KNOTS ( 'NONE', 1,
 ( #2757, #4148 ),
 .UNSPECIFIED., .F., .F.,
 ( 2, 2 ),
 ( 0.0000000000000000000, 1.000000000000000000 ),
 .UNSPECIFIED. ) ;
#1416 = CIRCLE ( 'NONE', #3800, 1.099999999999986500 ) ;
#1417 = CARTESIAN_POINT ( 'NONE',  ( 112.7742143679146000, 17.89438480481441100, 318.7661045981406600 ) ) ;
#1418 = ORIENTED_EDGE ( 'NONE', *, *, #4677, .F. ) ;
#1419 = CARTESIAN_POINT ( 'NONE',  ( 108.0983918710933700, -22.00157531410862400, 320.2058384156054000 ) ) ;
#1420 = CARTESIAN_POINT ( 'NONE',  ( 108.7114545938293400, 16.39438532805332100, 305.3604824585331700 ) ) ;
#1421 = CARTESIAN_POINT ( 'NONE',  ( 104.8265535461080200, 16.39438582838630900, 310.0831471917571200 ) ) ;
#1422 = CARTESIAN_POINT ( 'NONE',  ( 102.1469449545588800, -22.00157608059032200, 315.6473600541485800 ) ) ;
#1423 = CARTESIAN_POINT ( 'NONE',  ( 104.2113424436686000, -22.00157581471827600, 306.8537065915480800 ) ) ;
#1424 = B_SPLINE_SURFACE_WITH_KNOTS ( 'NONE', 1, 3, ( 
 ( #5644, #4636, #2224, #2776, #5122, #6036, #4616, #380, #4204, #5565, #3653, #6077, #3213, #869, #359, #3689, #1288, #849, #4169, #1323, #1795, #5141, #2280, #4189 ),
 ( #399, #1420, #4733, #2813, #4244, #6194, #5199, #2317, #3356, #5736, #5253, #1396, #6150, #4714, #1383, #477, #5234, #2334, #3271, #964, #1910, #501, #3786, #3294 ) ),
 .UNSPECIFIED., .F., .F., .F.,
 ( 2, 2 ),
 ( 4, 2, 2, 2, 2, 2, 2, 2, 2, 2, 2, 4 ),
 ( 0.0000000000000000000, 1.000000000000000000 ),
 ( 0.0000000000000000000, 0.0004295930917406757400, 0.0006443896376110136700, 0.0008591861834813514900, 0.001288779275222027300, 0.001718372366962703000, 0.001933168912833041000, 0.002147965458703379000, 0.002362762004573716900, 0.002577558550444054700, 0.003007151642184730300, 0.003436744733925405900 ),
 .UNSPECIFIED. ) ;
#1425 = CARTESIAN_POINT ( 'NONE',  ( 106.5114547870119700, -23.50157551848880600, 305.3604824585330600 ) ) ;
#1426 = ORIENTED_EDGE ( 'NONE', *, *, #5158, .F. ) ;
#1427 = LINE ( 'NONE', #5047, #88 ) ;
#1428 = CARTESIAN_POINT ( 'NONE',  ( 103.6423671326593700, 17.89438598089644100, 305.9846927683983600 ) ) ;
#1429 = CARTESIAN_POINT ( 'NONE',  ( 106.5114547870119700, -23.50157551848880600, 305.2165221225490100 ) ) ;
#1430 = CARTESIAN_POINT ( 'NONE',  ( 112.9756383325550500, 17.89438477887306400, 305.7172570490946000 ) ) ;
#1431 = CARTESIAN_POINT ( 'NONE',  ( 108.6834773240492900, -23.50157523875592200, 304.9295521073316900 ) ) ;
#1432 = EDGE_LOOP ( 'NONE', ( #2962, #3188 ) ) ;
#1433 = CARTESIAN_POINT ( 'NONE',  ( 111.2888211750986900, 16.39438499611670600, 308.2429439628691100 ) ) ;
#1434 = CARTESIAN_POINT ( 'NONE',  ( 107.8976379418471200, 17.89438543286401300, 304.1442764264293700 ) ) ;
#1435 = B_SPLINE_CURVE_WITH_KNOTS ( 'NONE', 3,
 ( #3238, #2821, #3776, #3280, #1351, #3255, #5651, #387, #3716, #875, #1372, #934, #4683, #5187, #6139, #1823, #4195, #5170, #2785, #6120, #407, #4704, #465, #6175 ),
 .UNSPECIFIED., .F., .F.,
 ( 4, 2, 2, 2, 2, 2, 2, 2, 2, 2, 2, 4 ),
 ( 0.0000000000000000000, 0.1250000000000000000, 0.1875000000000000000, 0.2500000000000000000, 0.3750000000000000000, 0.5000000000000000000, 0.5625000000000000000, 0.6250000000000000000, 0.6875000000000001100, 0.7500000000000000000, 0.8750000000000000000, 1.000000000000000000 ),
 .UNSPECIFIED. ) ;
#1436 = DIRECTION ( 'NONE',  ( -1.000000000000000000, 0.0000000000000000000, 0.0000000000000000000 ) ) ;
#1437 = EDGE_CURVE ( 'NONE', #1659, #4333, #106, .T. ) ;
#1438 = CARTESIAN_POINT ( 'NONE',  ( 108.2820399392024800, -22.00157529045679500, 320.0916586625734200 ) ) ;
#1439 = DIRECTION ( 'NONE',  ( 0.0000000000000000000, 0.0000000000000000000, 1.000000000000000000 ) ) ;
#1440 = CARTESIAN_POINT ( 'NONE',  ( 106.0605532041336700, 16.39438566946061100, 309.0704862124967500 ) ) ;
#1441 = CARTESIAN_POINT ( 'NONE',  ( 101.0616020633315100, -22.00157622037057300, 307.3711510022147300 ) ) ;
#1442 = CARTESIAN_POINT ( 'NONE',  ( 113.5566053442031100, -23.50157461114999400, 301.8764275995271800 ) ) ;
#1443 = CARTESIAN_POINT ( 'NONE',  ( 117.2244105146606300, 16.39438423167774100, 319.1157518151349600 ) ) ;
#1444 = CARTESIAN_POINT ( 'NONE',  ( 107.3261579686154300, 16.39438550646457700, 320.2817793012394500 ) ) ;
#1445 = CARTESIAN_POINT ( 'NONE',  ( 104.5754602213587500, 17.89438586072443400, 313.9744298200244500 ) ) ;
#1446 = VECTOR ( 'NONE', #2261, 1000.000000000000000 ) ;
#1447 = CARTESIAN_POINT ( 'NONE',  ( 101.2818116320022000, 17.89438628491026900, 311.3411969673143700 ) ) ;
#1448 = CARTESIAN_POINT ( 'NONE',  ( 113.6179446459927200, 17.89438469615102500, 306.0609240620755700 ) ) ;
#1449 = CARTESIAN_POINT ( 'NONE',  ( 78.36368816194959700, -21.25157914361497500, 300.3904008652820000 ) ) ;
#1450 = CARTESIAN_POINT ( 'NONE',  ( 113.3670994656686700, 16.39438472845723600, 315.7674901713813300 ) ) ;
#1451 = CARTESIAN_POINT ( 'NONE',  ( 103.0790975650936500, 17.89438605343955800, 318.7256710027481300 ) ) ;
#1452 = CARTESIAN_POINT ( 'NONE',  ( 108.7371607237118100, 16.39438532474275700, 308.8947056093977600 ) ) ;
#1453 = CARTESIAN_POINT ( 'NONE',  ( 106.5114545938283800, 16.39438561138945600, 319.2165221225490100 ) ) ;
#1454 = CARTESIAN_POINT ( 'NONE',  ( 108.5720032876994600, 17.89438534601313400, 304.6608801124594400 ) ) ;
#1455 = B_SPLINE_CURVE_WITH_KNOTS ( 'NONE', 3,
 ( #4518, #3119, #2100, #1210, #3056, #4008, #2146, #4537, #2606, #1643, #1684, #5944, #667, #3556, #4936, #3079, #3099, #5026, #230, #5505, #2562, #5901, #271, #711, #4032, #3030, #2653, #3513, #1279, #4138, #4560, #3640, #3142, #294, #2233, #2215, #335, #1232, #4602, #1747, #5533, #3619 ),
 .UNSPECIFIED., .F., .F.,
 ( 4, 2, 2, 2, 2, 2, 2, 2, 2, 2, 2, 2, 2, 2, 2, 2, 2, 2, 2, 2, 4 ),
 ( 0.0000000000000000000, 0.06250000000000000000, 0.09375000000000000000, 0.1250000000000000000, 0.1875000000000000000, 0.2500000000000000000, 0.2812500000000000000, 0.3125000000000000000, 0.3750000000000000000, 0.4375000000000000000, 0.5000000000000000000, 0.5625000000000000000, 0.5937500000000000000, 0.6250000000000000000, 0.6875000000000000000, 0.7500000000000000000, 0.8125000000000000000, 0.8437500000000000000, 0.8750000000000000000, 0.9375000000000001100, 1.000000000000000000 ),
 .UNSPECIFIED. ) ;
#1456 = B_SPLINE_CURVE_WITH_KNOTS ( 'NONE', 1,
 ( #1965, #5783 ),
 .UNSPECIFIED., .F., .F.,
 ( 2, 2 ),
 ( 0.0000000000000000000, 1.000000000000000000 ),
 .UNSPECIFIED. ) ;
#1457 = CARTESIAN_POINT ( 'NONE',  ( 77.61368816194959700, 15.64438923651438900, 300.1538784402420100 ) ) ;
#1458 = CARTESIAN_POINT ( 'NONE',  ( 101.2818174980785100, -22.00157619200931000, 313.0918458203436800 ) ) ;
#1459 = CARTESIAN_POINT ( 'NONE',  ( 113.2711366918705100, -23.50157464791528400, 305.8286206694872400 ) ) ;
#1460 = CARTESIAN_POINT ( 'NONE',  ( 111.7581455147046700, -23.50157484277226100, 318.5548016423886700 ) ) ;
#1461 = CARTESIAN_POINT ( 'NONE',  ( 102.5568823331872600, -22.00157602779475900, 308.8667160845263900 ) ) ;
#1462 = CARTESIAN_POINT ( 'NONE',  ( 101.8546032193755600, 17.89438621114093700, 308.6650561590404300 ) ) ;
#1463 = VERTEX_POINT ( 'NONE', #543 ) ;
#1464 = CARTESIAN_POINT ( 'NONE',  ( 106.8854428040564400, 17.89438556322387100, 320.0460390413338700 ) ) ;
#1465 = CARTESIAN_POINT ( 'NONE',  ( 111.1114547869548900, 17.89438501895975300, 312.4476334066099500 ) ) ;
#1466 = CARTESIAN_POINT ( 'NONE',  ( 113.9498062316677800, 17.89438465341086700, 306.4646310084558000 ) ) ;
#1467 = CARTESIAN_POINT ( 'NONE',  ( 77.61368816194959700, 2.146152726457885200, 318.7662699092007300 ) ) ;
#1468 = CARTESIAN_POINT ( 'NONE',  ( 111.0893497962095000, 16.39438502180651700, 312.6749902391984500 ) ) ;
#1469 = DIRECTION ( 'NONE',  ( -1.000000000000000000, 0.0000000000000000000, 0.0000000000000000000 ) ) ;
#1470 = EDGE_LOOP ( 'NONE', ( #694, #2468 ) ) ;
#1471 = CARTESIAN_POINT ( 'NONE',  ( 112.9746310528011200, -22.00157468610201800, 308.8164870611336100 ) ) ;
#1472 = EDGE_CURVE ( 'NONE', #5894, #376, #4967, .T. ) ;
#1473 = CARTESIAN_POINT ( 'NONE',  ( 111.5809102888228500, 17.89438495849894300, 318.4487193241558900 ) ) ;
#1474 = CARTESIAN_POINT ( 'NONE',  ( 111.1114547869559900, -23.50157492605889300, 312.4474776777421400 ) ) ;
#1475 = CARTESIAN_POINT ( 'NONE',  ( 107.0600208941242800, 16.39438554073996100, 306.1714133316237400 ) ) ;
#1476 = VERTEX_POINT ( 'NONE', #1499 ) ;
#1477 = EDGE_CURVE ( 'NONE', #4106, #2018, #3418, .T. ) ;
#1478 = FACE_BOUND ( 'NONE', #4150, .T. ) ;
#1479 = CARTESIAN_POINT ( 'NONE',  ( 113.7666391419732000, -22.00157458409997300, 306.2095504513999300 ) ) ;
#1480 = CARTESIAN_POINT ( 'NONE',  ( 111.5850558911118900, -23.50157486506431700, 318.4387995509480300 ) ) ;
#1481 = CARTESIAN_POINT ( 'NONE',  ( 99.94108740955780900, 16.39438645758091800, 313.0918457305392100 ) ) ;
#1482 = CARTESIAN_POINT ( 'NONE',  ( 119.3597578601417400, -22.00157386376716300, 310.6566865609324900 ) ) ;
#1483 = VERTEX_POINT ( 'NONE', #1467 ) ;
#1484 = CARTESIAN_POINT ( 'NONE',  ( 104.2213052827085600, 17.89438590633555400, 307.6827905684323800 ) ) ;
#1485 = VECTOR ( 'NONE', #3061, 1000.000000000000000 ) ;
#1486 = CARTESIAN_POINT ( 'NONE',  ( 107.4672705443324900, 17.89438548829083000, 320.3097215714286700 ) ) ;
#1487 = CARTESIAN_POINT ( 'NONE',  ( 111.1114545938273700, 16.39438501895976300, 312.2165221234050100 ) ) ;
#1488 = CARTESIAN_POINT ( 'NONE',  ( 100.6114513154045100, 17.89438637124538900, 313.3165209732569000 ) ) ;
#1489 = CARTESIAN_POINT ( 'NONE',  ( 113.6179444528091000, 16.39438469615103600, 306.0609240620755700 ) ) ;
#1490 = CARTESIAN_POINT ( 'NONE',  ( 107.1544798669438900, -23.50157543567421600, 315.6947257346686800 ) ) ;
#1491 = VERTEX_POINT ( 'NONE', #3839 ) ;
#1492 = CARTESIAN_POINT ( 'NONE',  ( 103.1764692964823200, 16.39438604089897900, 305.7478651175301300 ) ) ;
#1493 = FACE_OUTER_BOUND ( 'NONE', #2910, .T. ) ;
#1494 = CARTESIAN_POINT ( 'NONE',  ( 103.6378534897241100, -22.00157588857739600, 305.9942446941514600 ) ) ;
#1495 = CARTESIAN_POINT ( 'NONE',  ( 78.36368816194959700, -21.25157914361525600, 324.0426434307000200 ) ) ;
#1496 = ORIENTED_EDGE ( 'NONE', *, *, #1908, .F. ) ;
#1497 = CARTESIAN_POINT ( 'NONE',  ( 106.5114545938283800, 16.39438561138945600, 319.0725617865659800 ) ) ;
#1498 = CARTESIAN_POINT ( 'NONE',  ( 106.5114545938283600, 16.39438561138929300, 305.3630713568454700 ) ) ;
#1499 = CARTESIAN_POINT ( 'NONE',  ( 103.7930781686050200, -23.50157586858630800, 318.2976404407530100 ) ) ;
#1500 = CARTESIAN_POINT ( 'NONE',  ( 103.7195890783198100, 16.39438597095113100, 308.4717143166399200 ) ) ;
#1501 = CARTESIAN_POINT ( 'NONE',  ( 113.9987343487961800, -23.50157455420876600, 317.8763961424641600 ) ) ;
#1502 = ORIENTED_EDGE ( 'NONE', *, *, #524, .T. ) ;
#1503 = CARTESIAN_POINT ( 'NONE',  ( 101.1126071733166300, -22.00157621380167300, 306.8517980166253700 ) ) ;
#1504 = CARTESIAN_POINT ( 'NONE',  ( 109.1509135784605300, -22.00157517855513900, 300.4658582369840500 ) ) ;
#1505 = DIRECTION ( 'NONE',  ( 0.9999999999999525900, -0.0000000000000000000, -3.079986237769798100E-007 ) ) ;
#1506 = CARTESIAN_POINT ( 'NONE',  ( 115.6557691796279700, 16.39438443370165300, 312.5703204456464200 ) ) ;
#1507 = CARTESIAN_POINT ( 'NONE',  ( 109.9250485375635400, 17.89438517175579700, 314.8527508326856700 ) ) ;
#1508 = CARTESIAN_POINT ( 'NONE',  ( 113.3624419707636400, 17.89438472905695900, 305.8770389332775000 ) ) ;
#1509 = CARTESIAN_POINT ( 'NONE',  ( 107.0600210873084100, -23.50157544783941800, 304.2616309134724600 ) ) ;
#1510 = CARTESIAN_POINT ( 'NONE',  ( 106.7037375970125300, 16.39438558662554300, 315.6050241408727900 ) ) ;
#1511 = EDGE_CURVE ( 'NONE', #5365, #4535, #3895, .T. ) ;
#1512 = CARTESIAN_POINT ( 'NONE',  ( 103.6419992851891700, 17.89438598094381700, 305.9843249209281500 ) ) ;
#1513 = CARTESIAN_POINT ( 'NONE',  ( 102.8696250110004500, -22.00157598751689400, 308.8570805730968800 ) ) ;
#1514 = CARTESIAN_POINT ( 'NONE',  ( 101.3813138562660800, -23.50157617919518000, 306.2841279892671800 ) ) ;
#1515 = CARTESIAN_POINT ( 'NONE',  ( 106.7313714073320200, 16.39438558306642700, 305.8922838702968600 ) ) ;
#1516 = EDGE_CURVE ( 'NONE', #3813, #4680, #3458, .T. ) ;
#1517 = FACE_BOUND ( 'NONE', #5455, .T. ) ;
#1518 = CARTESIAN_POINT ( 'NONE',  ( 78.36368816194959700, 15.64438923651411200, 300.1538784402415600 ) ) ;
#1519 = CARTESIAN_POINT ( 'NONE',  ( 114.1612402705108500, -22.00157453327963400, 307.1623878136491600 ) ) ;
#1520 = CARTESIAN_POINT ( 'NONE',  ( 100.6114511222214000, 16.39438637124539600, 313.3165209732571800 ) ) ;
#1521 = AXIS2_PLACEMENT_3D ( 'NONE', #2310, #2792, #6141 ) ;
#1522 = CARTESIAN_POINT ( 'NONE',  ( 104.0992394121891200, 17.89438592205640400, 316.4561430392459400 ) ) ;
#1523 = ORIENTED_EDGE ( 'NONE', *, *, #3912, .F. ) ;
#1524 = CC_DESIGN_PERSON_AND_ORGANIZATION_ASSIGNMENT ( #3264, #2828, ( #3838 ) ) ;
#1525 = CARTESIAN_POINT ( 'NONE',  ( 107.7556390296971900, -23.50157535825142900, 306.3097215714251400 ) ) ;
#1526 = CARTESIAN_POINT ( 'NONE',  ( 107.0600210873047800, 17.89438554074011400, 320.1714133316369300 ) ) ;
#1527 = CARTESIAN_POINT ( 'NONE',  ( 111.0011853975187800, 17.89438503316104000, 306.8519999982116800 ) ) ;
#1528 = CARTESIAN_POINT ( 'NONE',  ( 101.1662955973585000, 17.89438629978750200, 313.1774001502568000 ) ) ;
#1529 = CARTESIAN_POINT ( 'NONE',  ( 113.9987341556183100, 16.39438464710948700, 306.5566481026407400 ) ) ;
#1530 = CARTESIAN_POINT ( 'NONE',  ( 114.3236826146677500, 17.89438460525979100, 313.2882126857306300 ) ) ;
#1531 = CARTESIAN_POINT ( 'NONE',  ( 114.6114545938283700, 16.39438456819782900, 311.1165221225489900 ) ) ;
#1532 = FACE_BOUND ( 'NONE', #2590, .T. ) ;
#1533 = CARTESIAN_POINT ( 'NONE',  ( 102.5568823331872600, -22.00157602779475900, 308.8667160845263900 ) ) ;
#1534 = CARTESIAN_POINT ( 'NONE',  ( 106.7827463082792100, 16.39438557645005200, 318.4896630590026200 ) ) ;
#1535 = CARTESIAN_POINT ( 'NONE',  ( 104.2902757309666100, -22.00157580455250200, 313.3441277884677400 ) ) ;
#1536 = CARTESIAN_POINT ( 'NONE',  ( 76.11368803827605200, 4.196405258152250200, 311.1165224408962300 ) ) ;
#1537 = CARTESIAN_POINT ( 'NONE',  ( 106.6505743679962400, -22.00157550057185000, 318.6616774638912900 ) ) ;
#1538 = CARTESIAN_POINT ( 'NONE',  ( 101.4865911338558400, -22.00157616563666000, 311.5459367771771900 ) ) ;
#1539 = CARTESIAN_POINT ( 'NONE',  ( 114.1514342814269400, -22.00157453454253800, 307.0585181189908300 ) ) ;
#1540 = CARTESIAN_POINT ( 'NONE',  ( 113.9594324224066200, -23.50157455927041300, 316.3609016235024600 ) ) ;
#1541 = B_SPLINE_CURVE_WITH_KNOTS ( 'NONE', 3,
 ( #5149, #6049, #3203, #2787, #3680, #1803, #5614, #369, #2745, #3696, #858, #1332, #4665, #2286, #6098, #3952, #902, #1865, #1433, #3780, #4765, #5211, #4215, #411, #3242, #5152, #4198, #1882, #5634, #450, #4727, #5175 ),
 .UNSPECIFIED., .F., .F.,
 ( 4, 2, 2, 2, 2, 2, 2, 2, 2, 2, 2, 2, 2, 2, 2, 4 ),
 ( 0.0000000000000000000, 0.06250000000000000000, 0.1250000000000000000, 0.1875000000000000000, 0.2500000000000000000, 0.3125000000000000600, 0.3750000000000000000, 0.4375000000000000000, 0.5000000000000000000, 0.5625000000000001100, 0.6250000000000001100, 0.6875000000000000000, 0.7500000000000000000, 0.8125000000000000000, 0.8750000000000000000, 1.000000000000000000 ),
 .UNSPECIFIED. ) ;
#1542 = CARTESIAN_POINT ( 'NONE',  ( 77.61368816194959700, -2.803594741849297500, 312.2165224408951800 ) ) ;
#1543 = EDGE_LOOP ( 'NONE', ( #6148, #406 ) ) ;
#1544 = CARTESIAN_POINT ( 'NONE',  ( 116.9918134740599700, -22.00157416873256700, 305.0040527528942100 ) ) ;
#1545 = CARTESIAN_POINT ( 'NONE',  ( 107.9652531101108500, -23.50157533125540600, 306.2608367083408900 ) ) ;
#1546 = CARTESIAN_POINT ( 'NONE',  ( 104.1114545938273900, 16.39438592048325900, 312.2165221216940300 ) ) ;
#1547 = CARTESIAN_POINT ( 'NONE',  ( 112.9777126529453300, 17.89438477860601800, 315.6068187670419400 ) ) ;
#1548 = VERTEX_POINT ( 'NONE', #2342 ) ;
#1549 = DIRECTION ( 'NONE',  ( 0.0000000000000000000, 0.0000000000000000000, 1.000000000000000000 ) ) ;
#1550 = CARTESIAN_POINT ( 'NONE',  ( 104.1340397232456800, 16.39438591757450000, 312.6792899480736300 ) ) ;
#1551 = CARTESIAN_POINT ( 'NONE',  ( 107.0576449160299000, 16.39438554104594600, 304.2551829717955900 ) ) ;
#1552 = ORIENTED_EDGE ( 'NONE', *, *, #1511, .F. ) ;
#1553 = CARTESIAN_POINT ( 'NONE',  ( 102.8696252041841500, -23.50157598751688000, 308.8570805730968800 ) ) ;
#1554 = EDGE_CURVE ( 'NONE', #367, #3354, #1089, .T. ) ;
#1555 = CIRCLE ( 'NONE', #126, 3.500000000000002700 ) ;
#1556 = CARTESIAN_POINT ( 'NONE',  ( 107.7556390296992000, 17.89438545115209700, 318.1233226736675300 ) ) ;
#1557 = CARTESIAN_POINT ( 'NONE',  ( 107.4673003188406700, 16.39438548828694700, 318.1166572671224300 ) ) ;
#1558 = CARTESIAN_POINT ( 'NONE',  ( 104.0582085398119700, 17.89438592734073600, 316.3574909739294300 ) ) ;
#1559 = AXIS2_PLACEMENT_3D ( 'NONE', #1069, #1608, #5908 ) ;
#1560 = CARTESIAN_POINT ( 'NONE',  ( 112.7720746840156400, 16.39438480508985000, 308.8565641331314900 ) ) ;
#1561 = ORIENTED_EDGE ( 'NONE', *, *, #162, .F. ) ;
#1562 = CARTESIAN_POINT ( 'NONE',  ( 76.11368816194959700, -7.753342210153480400, 307.2667749725864000 ) ) ;
#1563 = CARTESIAN_POINT ( 'NONE',  ( 100.4674944510276800, -23.50157629688524400, 311.1165221225489900 ) ) ;
#1564 = CIRCLE ( 'NONE', #5655, 1.099999999999986500 ) ;
#1565 = CARTESIAN_POINT ( 'NONE',  ( 77.61368792387070000, -2.803594741847749800, 305.2165224408963700 ) ) ;
#1566 = CARTESIAN_POINT ( 'NONE',  ( 101.0616691103291300, -23.50157622036208600, 317.2706564314462400 ) ) ;
#1567 = CARTESIAN_POINT ( 'NONE',  ( 115.2818176912614500, 17.89438448186249200, 311.3411984247584900 ) ) ;
#1568 = ORIENTED_EDGE ( 'NONE', *, *, #3912, .T. ) ;
#1569 = CARTESIAN_POINT ( 'NONE',  ( 114.0563809829341400, -23.50157454678443300, 311.2554547110755700 ) ) ;
#1570 = CARTESIAN_POINT ( 'NONE',  ( 103.6426157910500200, -23.50157588796410800, 308.5483075503141200 ) ) ;
#1571 = CARTESIAN_POINT ( 'NONE',  ( 112.1432364033098800, 17.89438488607744300, 315.6070061144732200 ) ) ;
#1572 = CARTESIAN_POINT ( 'NONE',  ( 111.5045230480793400, -22.00157487543605600, 318.3723322765970400 ) ) ;
#1573 = AXIS2_PLACEMENT_3D ( 'NONE', #5297, #5240, #5277 ) ;
#1574 = CARTESIAN_POINT ( 'NONE',  ( 106.9408694416399800, -23.50157546318486000, 304.3413855825248800 ) ) ;
#1575 = CARTESIAN_POINT ( 'NONE',  ( 107.6114545909382700, -22.00157537682100200, 324.0426434447347800 ) ) ;
#1576 = VERTEX_POINT ( 'NONE', #4785 ) ;
#1577 = CARTESIAN_POINT ( 'NONE',  ( 77.61368816194959700, 15.64438923651411500, 300.3904008652820000 ) ) ;
#1578 = CARTESIAN_POINT ( 'NONE',  ( 106.5114547870120100, -23.50157551848897700, 319.0695559257562800 ) ) ;
#1579 = CARTESIAN_POINT ( 'NONE',  ( 108.6832327620069100, 17.89438533168816600, 318.9282369329599800 ) ) ;
#1580 = CARTESIAN_POINT ( 'NONE',  ( 108.3374665767878800, 16.39438537621904900, 318.3870052037715400 ) ) ;
#1581 = ORIENTED_EDGE ( 'NONE', *, *, #2559, .F. ) ;
#1582 = CARTESIAN_POINT ( 'NONE',  ( 114.1612404636930300, 17.89438462618057500, 317.2706564314428900 ) ) ;
#1583 = CARTESIAN_POINT ( 'NONE',  ( 106.5114545938283000, -22.00157551848883800, 319.0699728882504500 ) ) ;
#1584 = CARTESIAN_POINT ( 'NONE',  ( 103.6419992851878500, -23.50157588804363600, 318.4487193241702100 ) ) ;
#1585 = CARTESIAN_POINT ( 'NONE',  ( 113.2693479302630800, -22.00157464814580200, 318.6053843709369700 ) ) ;
#1586 = CARTESIAN_POINT ( 'NONE',  ( 104.1114547870119900, -23.50157582758272000, 312.2165221217624100 ) ) ;
#1587 = ORIENTED_EDGE ( 'NONE', *, *, #5712, .T. ) ;
#1588 = CARTESIAN_POINT ( 'NONE',  ( 104.2113424436747100, 16.39438590761874800, 317.5793376535434600 ) ) ;
#1589 = CARTESIAN_POINT ( 'NONE',  ( 114.8992269593608600, 17.89438453113595900, 311.1448315593627300 ) ) ;
#1590 = CARTESIAN_POINT ( 'NONE',  ( 110.6503811707128800, 16.39438507834089300, 313.9694058189152200 ) ) ;
#1591 = CARTESIAN_POINT ( 'NONE',  ( 103.0796731707403600, -23.50157596046507500, 315.6070061144716300 ) ) ;
#1592 = CARTESIAN_POINT ( 'NONE',  ( 108.7114545938282800, -22.00157523515273900, 305.2165221225490100 ) ) ;
#1593 = CARTESIAN_POINT ( 'NONE',  ( 101.4865865261131300, 16.39438625853750900, 312.8871049553126200 ) ) ;
#1594 = EDGE_CURVE ( 'NONE', #3760, #3354, #1318, .T. ) ;
#1595 = FACE_BOUND ( 'NONE', #1230, .T. ) ;
#1596 = CARTESIAN_POINT ( 'NONE',  ( 77.61368816194959700, 2.146152726456558300, 307.2667749725867500 ) ) ;
#1597 = FACE_BOUND ( 'NONE', #968, .T. ) ;
#1598 = EDGE_CURVE ( 'NONE', #434, #4530, #4350, .T. ) ;
#1599 = CARTESIAN_POINT ( 'NONE',  ( 105.8565397126886400, 16.39438569573527700, 309.1786126815669000 ) ) ;
#1600 = CARTESIAN_POINT ( 'NONE',  ( 101.1436944151812200, -22.00157620979797100, 306.7501506681523400 ) ) ;
#1601 = CARTESIAN_POINT ( 'NONE',  ( 104.2518112293095800, -23.50157580950634900, 307.0580870628948600 ) ) ;
#1602 = CARTESIAN_POINT ( 'NONE',  ( 100.6114545938283100, -22.00157627834472900, 311.1165221225489900 ) ) ;
#1603 = CARTESIAN_POINT ( 'NONE',  ( 113.6925729120332800, -22.00157459363899900, 316.0348987409560100 ) ) ;
#1604 = CARTESIAN_POINT ( 'NONE',  ( 108.7114547870120000, -23.50157523515290600, 319.3634883193507200 ) ) ;
#1605 = CARTESIAN_POINT ( 'NONE',  ( 113.5373484263356300, 16.39438470653093600, 308.5393046143337900 ) ) ;
#1606 = CARTESIAN_POINT ( 'NONE',  ( 111.0119398707976500, 17.89438503177609600, 316.7515363315762300 ) ) ;
#1607 = CARTESIAN_POINT ( 'NONE',  ( 101.5303364688079900, 17.89438625290295400, 308.3981455041409800 ) ) ;
#1608 = DIRECTION ( 'NONE',  ( 1.000000000000000000, -0.0000000000000000000, -0.0000000000000000000 ) ) ;
#1609 = CARTESIAN_POINT ( 'NONE',  ( 101.0714750994130500, -23.50157621909917400, 317.3745261261040000 ) ) ;
#1610 = VECTOR ( 'NONE', #5780, 1000.000000000000000 ) ;
#1611 = CARTESIAN_POINT ( 'NONE',  ( 114.6114545938283700, 16.39438456819795300, 311.1165221225489900 ) ) ;
#1612 = CARTESIAN_POINT ( 'NONE',  ( 103.0761432027616800, 16.39438605382001100, 315.6167519857151500 ) ) ;
#1613 = CARTESIAN_POINT ( 'NONE',  ( 104.2617455270831200, -23.50157580822703100, 317.0618827502663600 ) ) ;
#1614 = ORIENTED_EDGE ( 'NONE', *, *, #5087, .F. ) ;
#1615 = CARTESIAN_POINT ( 'NONE',  ( 103.3716417552600000, 17.89438601576293700, 308.7049286389997200 ) ) ;
#1616 = CARTESIAN_POINT ( 'NONE',  ( 107.6114545564728400, -23.00157537682074200, 300.3904008452590200 ) ) ;
#1617 = CARTESIAN_POINT ( 'NONE',  ( 104.1804534483642900, -22.00157581869643800, 306.7523626619797000 ) ) ;
#1618 = CARTESIAN_POINT ( 'NONE',  ( 103.7930781686050100, -23.50157586858616900, 306.1354038043440400 ) ) ;
#1619 = DIRECTION ( 'NONE',  ( 0.0000000000000000000, 2.335681251583093200E-013, 1.000000000000000000 ) ) ;
#1620 = CARTESIAN_POINT ( 'NONE',  ( 100.3239669488583300, -23.50157631537004800, 313.2886318226855500 ) ) ;
#1621 = ORIENTED_EDGE ( 'NONE', *, *, #5756, .T. ) ;
#1622 = CARTESIAN_POINT ( 'NONE',  ( 108.7114545938293400, 16.39438532805332100, 305.2165221225490100 ) ) ;
#1623 = CARTESIAN_POINT ( 'NONE',  ( 101.1120718073642300, 16.39438630677096100, 316.7532015281645400 ) ) ;
#1624 = CARTESIAN_POINT ( 'NONE',  ( 101.2647170072593200, -23.50157619421172600, 317.9743999064377800 ) ) ;
#1625 = CARTESIAN_POINT ( 'NONE',  ( 99.54619760831712900, -23.50157641553827400, 312.5018187477648400 ) ) ;
#1626 = CARTESIAN_POINT ( 'NONE',  ( 104.1114547868994900, -23.50157582758279800, 312.6799619049078800 ) ) ;
#1627 = CARTESIAN_POINT ( 'NONE',  ( 101.1127671739097300, -23.50157621378118800, 316.7506207577282000 ) ) ;
#1628 = B_SPLINE_CURVE_WITH_KNOTS ( 'NONE', 1,
 ( #4911, #160 ),
 .UNSPECIFIED., .F., .F.,
 ( 2, 2 ),
 ( 0.0000000000000000000, 1.000000000000000000 ),
 .UNSPECIFIED. ) ;
#1629 = EDGE_LOOP ( 'NONE', ( #1220, #5023, #3668, #4927 ) ) ;
#1630 = CARTESIAN_POINT ( 'NONE',  ( 115.6828688292346100, 16.39438443021146000, 311.9274321908875400 ) ) ;
#1631 = FACE_OUTER_BOUND ( 'NONE', #886, .T. ) ;
#1632 = CARTESIAN_POINT ( 'NONE',  ( 114.3239669488016800, -23.50157451232229600, 313.2886318226883900 ) ) ;
#1633 = CARTESIAN_POINT ( 'NONE',  ( 102.4491891126781800, -23.50157604166450300, 308.8666558654639400 ) ) ;
#1634 = CARTESIAN_POINT ( 'NONE',  ( 99.51131234586417000, 17.89438651293125600, 312.0710379212018800 ) ) ;
#1635 = CARTESIAN_POINT ( 'NONE',  ( 106.5114545938282800, -22.00157551848882100, 305.2165221225490100 ) ) ;
#1636 = ORIENTED_EDGE ( 'NONE', *, *, #2683, .F. ) ;
#1637 = FACE_OUTER_BOUND ( 'NONE', #3897, .T. ) ;
#1638 = CARTESIAN_POINT ( 'NONE',  ( 101.4571477745029100, 17.89438626232897200, 318.2245985596654800 ) ) ;
#1639 = CARTESIAN_POINT ( 'NONE',  ( 103.9412030779879600, 16.39438594240962700, 306.2835289069126400 ) ) ;
#1640 = CARTESIAN_POINT ( 'NONE',  ( 108.5666947571956900, -22.00157525379630000, 318.6656673055090300 ) ) ;
#1641 = CARTESIAN_POINT ( 'NONE',  ( 112.4571556694279800, -23.50157475274731300, 315.5662113656975400 ) ) ;
#1642 = ORIENTED_EDGE ( 'NONE', *, *, #243, .F. ) ;
#1643 = CARTESIAN_POINT ( 'NONE',  ( 114.8180220116342400, 16.39438454159433100, 321.6252899671826000 ) ) ;
#1644 = CARTESIAN_POINT ( 'NONE',  ( 99.53920909088026300, -23.50157641643832600, 312.5027052773704100 ) ) ;
#1645 = LINE ( 'NONE', #4841, #3278 ) ;
#1646 = CARTESIAN_POINT ( 'NONE',  ( 108.7114547870129700, 17.89438532805331100, 305.2165221225490100 ) ) ;
#1647 = CARTESIAN_POINT ( 'NONE',  ( 111.8512676255745800, 16.39438492367982300, 315.7281156061056300 ) ) ;
#1648 = CARTESIAN_POINT ( 'NONE',  ( 109.3805892348630200, -23.50157514897554000, 309.1608220582645600 ) ) ;
#1649 = CARTESIAN_POINT ( 'NONE',  ( 111.4298312122363700, 16.39438497795626000, 318.2976404407530100 ) ) ;
#1650 = ORIENTED_EDGE ( 'NONE', *, *, #847, .F. ) ;
#1651 = CARTESIAN_POINT ( 'NONE',  ( 115.6557693728115900, 17.89438443370163900, 312.5703204456464200 ) ) ;
#1652 = ORIENTED_EDGE ( 'NONE', *, *, #4301, .F. ) ;
#1653 = FACE_OUTER_BOUND ( 'NONE', #3182, .T. ) ;
#1654 = CARTESIAN_POINT ( 'NONE',  ( 115.7115217838268400, -23.50157433362020900, 312.1452647846404000 ) ) ;
#1655 = CARTESIAN_POINT ( 'NONE',  ( 111.0016042913236300, -23.50157494020640700, 307.6827905684751800 ) ) ;
#1656 = CARTESIAN_POINT ( 'NONE',  ( 112.6660268544788900, -22.00157472584696100, 315.5663281605718600 ) ) ;
#1657 = CARTESIAN_POINT ( 'NONE',  ( 104.1799476005436000, -23.50157581876171500, 316.6505231748298000 ) ) ;
#1658 = CARTESIAN_POINT ( 'NONE',  ( 100.6114515880475000, 17.89438637124534600, 313.3165209732565600 ) ) ;
#1659 = VERTEX_POINT ( 'NONE', #2403 ) ;
#1660 = CARTESIAN_POINT ( 'NONE',  ( 101.5303364688079900, 17.89438625290304300, 316.0348987409560100 ) ) ;
#1661 = CARTESIAN_POINT ( 'NONE',  ( 103.4629468409702200, -22.00157591110350100, 308.6565103752065500 ) ) ;
#1662 = CARTESIAN_POINT ( 'NONE',  ( 106.5114545938283800, 16.39438561138945600, 319.2165221225490100 ) ) ;
#1663 = CARTESIAN_POINT ( 'NONE',  ( 108.6835644871502200, -23.50157523874486300, 319.5040099607251700 ) ) ;
#1664 = VERTEX_POINT ( 'NONE', #917 ) ;
#1665 = CARTESIAN_POINT ( 'NONE',  ( 108.7114547870129700, 17.89438532805331100, 305.2165221225490100 ) ) ;
#1666 = ADVANCED_FACE ( 'NONE', ( #5492 ), #5519, .T. ) ;
#1667 = CARTESIAN_POINT ( 'NONE',  ( 101.5303362756243600, 16.39438625290305800, 316.0348987409560100 ) ) ;
#1668 = CARTESIAN_POINT ( 'NONE',  ( 101.2634769584411700, 16.39438628727162600, 316.3609016235142800 ) ) ;
#1669 = CARTESIAN_POINT ( 'NONE',  ( 99.73631824698330200, -23.50157639105280400, 312.8871074679189000 ) ) ;
#1670 = CARTESIAN_POINT ( 'NONE',  ( 111.1114547870119900, -23.50157492605890000, 312.2165221234050100 ) ) ;
#1671 = FACE_BOUND ( 'NONE', #1975, .T. ) ;
#1672 = CARTESIAN_POINT ( 'NONE',  ( 104.1114547871255800, 17.89438592048314900, 311.7530823384408300 ) ) ;
#1673 = B_SPLINE_CURVE_WITH_KNOTS ( 'NONE', 3,
 ( #2094, #1572, #2494, #685, #1136, #3446, #3964, #4376, #4907, #3943, #3024, #658, #5869, #2036, #3980, #5371, #2535, #4466, #5854, #5834, #5914, #3006, #3047, #5434, #3922, #1111, #132, #195, #2968, #155, #2577, #4442 ),
 .UNSPECIFIED., .F., .F.,
 ( 4, 2, 2, 2, 2, 2, 2, 2, 2, 2, 2, 2, 2, 2, 2, 4 ),
 ( 0.0000000000000000000, 0.06250000000000000000, 0.1250000000000000000, 0.1875000000000000000, 0.2500000000000000000, 0.3125000000000000600, 0.3750000000000000000, 0.4375000000000000000, 0.5000000000000000000, 0.5625000000000001100, 0.6250000000000001100, 0.6875000000000000000, 0.7500000000000000000, 0.8125000000000000000, 0.8750000000000000000, 1.000000000000000000 ),
 .UNSPECIFIED. ) ;
#1674 = CARTESIAN_POINT ( 'NONE',  ( 115.5722206808629100, 17.89438444446167200, 311.6613338183124700 ) ) ;
#1675 = CARTESIAN_POINT ( 'NONE',  ( 115.6767119657072600, -23.50157433810335700, 311.9312254973269800 ) ) ;
#1676 = CARTESIAN_POINT ( 'NONE',  ( 100.4644828429753300, 17.89438639017328800, 311.1165209732590700 ) ) ;
#1677 = CARTESIAN_POINT ( 'NONE',  ( 104.2106472703184900, -22.00157581480792900, 317.5819184239846300 ) ) ;
#1678 = EDGE_LOOP ( 'NONE', ( #896, #657 ) ) ;
#1679 = DIRECTION ( 'NONE',  ( -1.000000000000000000, 0.0000000000000000000, 0.0000000000000000000 ) ) ;
#1680 = EDGE_CURVE ( 'NONE', #5186, #5761, #5384, .T. ) ;
#1681 = CARTESIAN_POINT ( 'NONE',  ( 102.7679575018372300, 17.89438609351087800, 308.8666924404990400 ) ) ;
#1682 = EDGE_CURVE ( 'NONE', #3253, #5358, #3233, .T. ) ;
#1683 = CARTESIAN_POINT ( 'NONE',  ( 113.5373484263412700, -22.00157461363021800, 315.8937396307615600 ) ) ;
#1684 = CARTESIAN_POINT ( 'NONE',  ( 115.4190108805549800, 16.39438446419352500, 321.1327248044630100 ) ) ;
#1685 = CARTESIAN_POINT ( 'NONE',  ( 111.5805422481798100, -22.00157486564546300, 305.9846927684014300 ) ) ;
#1686 = CARTESIAN_POINT ( 'NONE',  ( 112.0464398911749700, 16.39438489854380200, 318.6851791275701100 ) ) ;
#1687 = CARTESIAN_POINT ( 'NONE',  ( 113.5394672947008100, 17.89438470625811900, 312.5042334277687200 ) ) ;
#1688 = CARTESIAN_POINT ( 'NONE',  ( 110.9611640469420000, 17.89438503831545900, 317.0618827502679000 ) ) ;
#1689 = CARTESIAN_POINT ( 'NONE',  ( 102.5576605396266100, 16.39438612059493700, 318.7663278160111400 ) ) ;
#1690 = CARTESIAN_POINT ( 'NONE',  ( 99.94109168957828600, -22.00157636468018300, 311.3411984247492800 ) ) ;
#1691 = CARTESIAN_POINT ( 'NONE',  ( 109.7560613973643200, -23.50157510061887900, 315.0211825121363100 ) ) ;
#1692 = CARTESIAN_POINT ( 'NONE',  ( 101.1434668436913900, -22.00157620982742300, 317.6820160068807600 ) ) ;
#1693 = CARTESIAN_POINT ( 'NONE',  ( 114.6114547870119900, 17.89438456819788200, 311.1165221225489900 ) ) ;
#1694 = CARTESIAN_POINT ( 'NONE',  ( 114.6114547870119900, -23.50157447529685600, 313.3165221225489700 ) ) ;
#1695 = CARTESIAN_POINT ( 'NONE',  ( 113.8845955302820100, -22.00157456890848500, 311.3878138370001200 ) ) ;
#1696 = ORIENTED_EDGE ( 'NONE', *, *, #1249, .T. ) ;
#1697 = CARTESIAN_POINT ( 'NONE',  ( 113.5276468876876500, 17.89438470778057400, 322.4857251805152000 ) ) ;
#1698 = CARTESIAN_POINT ( 'NONE',  ( 106.5114545938282800, -22.00157551848882100, 305.0699728882521500 ) ) ;
#1699 = ADVANCED_FACE ( 'NONE', ( #1152 ), #4655, .F. ) ;
#1700 = CARTESIAN_POINT ( 'NONE',  ( 101.6837004831399900, -23.50157614025113900, 311.9303389677203300 ) ) ;
#1701 = CARTESIAN_POINT ( 'NONE',  ( 113.7363180538082800, 16.39438468090595400, 311.5459367771750900 ) ) ;
#1702 = CARTESIAN_POINT ( 'NONE',  ( 99.88459553028155800, -22.00157637195627200, 311.3878138369962000 ) ) ;
#1703 = ORIENTED_EDGE ( 'NONE', *, *, #2251, .F. ) ;
#1704 = CARTESIAN_POINT ( 'NONE',  ( 113.0768361784226100, -22.00157467293919200, 315.6475693784035500 ) ) ;
#1705 = CARTESIAN_POINT ( 'NONE',  ( 101.0716032149118200, 16.39438631198287400, 316.9575819995100700 ) ) ;
#1706 = CARTESIAN_POINT ( 'NONE',  ( 112.7713576626582500, -22.00157471228138200, 305.6769104260319500 ) ) ;
#1707 = CARTESIAN_POINT ( 'NONE',  ( 112.6674522452906500, 16.39438481856418400, 318.7661873771254500 ) ) ;
#1708 = CARTESIAN_POINT ( 'NONE',  ( 114.3244847717807500, 17.89438460515645700, 313.2885446595664700 ) ) ;
#1709 = ORIENTED_EDGE ( 'NONE', *, *, #5526, .F. ) ;
#1710 = CARTESIAN_POINT ( 'NONE',  ( 76.11368816194959700, 2.146152726456537900, 317.1662699092002500 ) ) ;
#1711 = CARTESIAN_POINT ( 'NONE',  ( 104.0599372926113700, 16.39438592711810500, 317.9716375581981000 ) ) ;
#1712 = CARTESIAN_POINT ( 'NONE',  ( 113.6925731052169800, -23.50157459363898500, 316.0348987409560100 ) ) ;
#1713 = B_SPLINE_CURVE_WITH_KNOTS ( 'NONE', 1,
 ( #904, #2773 ),
 .UNSPECIFIED., .F., .F.,
 ( 2, 2 ),
 ( 0.0000000000000000000, 1.000000000000000000 ),
 .UNSPECIFIED. ) ;
#1714 = CARTESIAN_POINT ( 'NONE',  ( 100.8997399766025900, -23.50157624121671400, 311.1447441475622200 ) ) ;
#1715 = CARTESIAN_POINT ( 'NONE',  ( 108.2820399392021500, -22.00157529045668900, 306.0916586625646100 ) ) ;
#1716 = CARTESIAN_POINT ( 'NONE',  ( 101.0719177586737900, -22.00157621904213600, 316.9556764055519100 ) ) ;
#1717 = ORIENTED_EDGE ( 'NONE', *, *, #2755, .T. ) ;
#1718 = EDGE_CURVE ( 'NONE', #2761, #919, #1814, .T. ) ;
#1719 = FACE_OUTER_BOUND ( 'NONE', #2129, .T. ) ;
#1720 = CARTESIAN_POINT ( 'NONE',  ( 115.6834422793222900, 17.89438443013754900, 311.9288108173277600 ) ) ;
#1721 = CARTESIAN_POINT ( 'NONE',  ( 113.5115899315864300, -23.50157461694749000, 312.0723678475598000 ) ) ;
#1722 = CARTESIAN_POINT ( 'NONE',  ( 111.4298312122363200, -22.00157488505555000, 318.2976404407530100 ) ) ;
#1723 = CARTESIAN_POINT ( 'NONE',  ( 101.6838263397201600, 17.89438623313518000, 311.9297465445675900 ) ) ;
#1724 = VERTEX_POINT ( 'NONE', #4978 ) ;
#1725 = CARTESIAN_POINT ( 'NONE',  ( 111.4298314054199900, 17.89438497795609700, 306.1354038043450000 ) ) ;
#1726 = PLANE ( 'NONE',  #5245 ) ;
#1727 = EDGE_CURVE ( 'NONE', #777, #3662, #3227, .T. ) ;
#1728 = CARTESIAN_POINT ( 'NONE',  ( 107.0576451092135200, 17.89438554104593100, 304.2551829717955900 ) ) ;
#1729 = CARTESIAN_POINT ( 'NONE',  ( 104.1000551191641700, -22.00157582905098200, 316.4578697771387400 ) ) ;
#1730 = ORIENTED_EDGE ( 'NONE', *, *, #5874, .T. ) ;
#1731 = CARTESIAN_POINT ( 'NONE',  ( 113.5370388999044000, 17.89438470657094300, 318.4391214744015900 ) ) ;
#1732 = LINE ( 'NONE', #3057, #5837 ) ;
#1733 = CARTESIAN_POINT ( 'NONE',  ( 106.9364881641846000, 17.89438555664977300, 318.3357171804655100 ) ) ;
#1734 = ADVANCED_FACE ( 'NONE', ( #5484 ), #4129, .F. ) ;
#1735 = CARTESIAN_POINT ( 'NONE',  ( 107.8412351795377800, -23.50157534722753300, 308.7166475873917800 ) ) ;
#1736 = CARTESIAN_POINT ( 'NONE',  ( 111.2817063028523100, -23.50157490413230500, 306.2835289069106500 ) ) ;
#1737 = CARTESIAN_POINT ( 'NONE',  ( 99.88459553028155800, -22.00157637195627200, 311.3878138369962000 ) ) ;
#1738 = CARTESIAN_POINT ( 'NONE',  ( 108.1628882935345400, -22.00157530580212800, 306.1714133316213500 ) ) ;
#1739 = ORIENTED_EDGE ( 'NONE', *, *, #3947, .T. ) ;
#1740 = CARTESIAN_POINT ( 'NONE',  ( 113.6221383007755600, -22.00157460271012200, 312.7034593998121200 ) ) ;
#1741 = CARTESIAN_POINT ( 'NONE',  ( 113.5702152438678400, -22.00157460939740900, 322.5487165208733100 ) ) ;
#1742 = CARTESIAN_POINT ( 'NONE',  ( 118.2425215709006400, 17.89438410055603200, 306.9779281869857100 ) ) ;
#1743 = CARTESIAN_POINT ( 'NONE',  ( 76.11368826266924300, -2.803594741847749800, 306.3165224408962200 ) ) ;
#1744 = CARTESIAN_POINT ( 'NONE',  ( 115.6828688292272700, -22.00157433731040500, 312.5056120542040500 ) ) ;
#1745 = CARTESIAN_POINT ( 'NONE',  ( 103.3716415620763800, 16.39438601576295100, 308.7049286389997200 ) ) ;
#1746 = CARTESIAN_POINT ( 'NONE',  ( 107.7556390296943800, 17.89438545115192600, 304.1233226736682700 ) ) ;
#1747 = CARTESIAN_POINT ( 'NONE',  ( 109.1610783871122700, 16.39438527014663500, 300.4668451439612200 ) ) ;
#1748 = CARTESIAN_POINT ( 'NONE',  ( 106.9408692484501700, -22.00157546318497400, 318.3413855825049800 ) ) ;
#1749 = CARTESIAN_POINT ( 'NONE',  ( 114.1509914289882800, 16.39438462750052800, 316.9556764055533900 ) ) ;
#1750 = CARTESIAN_POINT ( 'NONE',  ( 108.7114547870120300, 17.89438532805347000, 319.0695559257568400 ) ) ;
#1751 = CARTESIAN_POINT ( 'NONE',  ( 104.1114547870119900, -23.50157582758260200, 312.2165221216940300 ) ) ;
#1752 = CARTESIAN_POINT ( 'NONE',  ( 102.7665319178590000, 16.39438609369458900, 318.7662110211376200 ) ) ;
#1753 = CARTESIAN_POINT ( 'NONE',  ( 76.11368741132871200, -2.803594741849297500, 312.2165224408954000 ) ) ;
#1754 = CARTESIAN_POINT ( 'NONE',  ( 104.8081049562323800, 17.89438583076219300, 310.0702771723545700 ) ) ;
#1755 = CARTESIAN_POINT ( 'NONE',  ( 115.6828688292272700, -22.00157433731040500, 312.5056120542040500 ) ) ;
#1756 = CARTESIAN_POINT ( 'NONE',  ( 114.8703619750406800, -22.00157444195242500, 302.7527684159327400 ) ) ;
#1757 = CARTESIAN_POINT ( 'NONE',  ( 119.0601251591834600, 17.89438399525764800, 309.1524551381415900 ) ) ;
#1758 = FACE_OUTER_BOUND ( 'NONE', #2530, .T. ) ;
#1759 = ADVANCED_FACE ( 'NONE', ( #1671, #1595, #3826, #397, #5323, #2570, #2274, #2202, #4584, #2048 ), #1142, .F. ) ;
#1760 = CARTESIAN_POINT ( 'NONE',  ( 107.6827121249176400, -23.50157536764370300, 320.3165891193611400 ) ) ;
#1761 = CARTESIAN_POINT ( 'NONE',  ( 114.6114545938283700, 16.39438456819799200, 311.1165221225489900 ) ) ;
#1762 = AXIS2_PLACEMENT_3D ( 'NONE', #1449, #554, #4784 ) ;
#1763 = CARTESIAN_POINT ( 'NONE',  ( 101.8604674100779200, 16.39438621038579700, 318.5560053118198300 ) ) ;
#1764 = CARTESIAN_POINT ( 'NONE',  ( 112.7720746840336000, -22.00157471218916100, 315.5764801119414600 ) ) ;
#1765 = CARTESIAN_POINT ( 'NONE',  ( 111.4073775762354200, -23.50157488794714300, 300.9894077581275800 ) ) ;
#1766 = CARTESIAN_POINT ( 'NONE',  ( 113.7666393351612400, 17.89438467700090700, 318.2234937936914300 ) ) ;
#1767 = VERTEX_POINT ( 'NONE', #4408 ) ;
#1768 = DIRECTION ( 'NONE',  ( 0.0000000000000000000, 0.0000000000000000000, 1.000000000000000000 ) ) ;
#1769 = CARTESIAN_POINT ( 'NONE',  ( 111.0429617803065600, -22.00157493487999700, 307.7825210702705500 ) ) ;
#1770 = CARTESIAN_POINT ( 'NONE',  ( 113.8431180568414900, -23.50157457425032000, 306.2861122744051800 ) ) ;
#1771 = CARTESIAN_POINT ( 'NONE',  ( 113.5421107276738400, -23.50157461301693500, 318.4478024869141000 ) ) ;
#1772 = EDGE_LOOP ( 'NONE', ( #2879, #767 ) ) ;
#1773 = CARTESIAN_POINT ( 'NONE',  ( 108.5226548295502600, 17.89438535236880400, 315.6273573372213800 ) ) ;
#1774 = CARTESIAN_POINT ( 'NONE',  ( 114.8997397834180300, -22.00157443816890200, 311.1447441475613700 ) ) ;
#1775 = DIRECTION ( 'NONE',  ( 3.079986266030270000E-007, 0.0000000000000000000, 0.9999999999999525900 ) ) ;
#1776 = CARTESIAN_POINT ( 'NONE',  ( 101.9517726889831100, -22.00157610572642100, 318.6044235755952600 ) ) ;
#1777 = EDGE_LOOP ( 'NONE', ( #2816, #499, #2102, #5673 ) ) ;
#1778 = CARTESIAN_POINT ( 'NONE',  ( 108.4915379735097400, -23.50157526347577900, 319.8922838702952200 ) ) ;
#1779 = VECTOR ( 'NONE', #5194, 1000.000000000000100 ) ;
#1780 = CARTESIAN_POINT ( 'NONE',  ( 108.3865024700302800, 17.89438536990384400, 324.0426433778898200 ) ) ;
#1781 = CARTESIAN_POINT ( 'NONE',  ( 101.0618138781815000, 17.89438631324365400, 317.2728975223379300 ) ) ;
#1782 = CARTESIAN_POINT ( 'NONE',  ( 108.6832327620053500, 17.89438533168799600, 304.9282369329587300 ) ) ;
#1783 = ORIENTED_EDGE ( 'NONE', *, *, #4030, .T. ) ;
#1784 = CARTESIAN_POINT ( 'NONE',  ( 119.0614393749927000, -23.50157390218738500, 315.2758980018865000 ) ) ;
#1785 = CARTESIAN_POINT ( 'NONE',  ( 108.6004267736101200, 16.39438534235267000, 319.7041689008600500 ) ) ;
#1786 = CYLINDRICAL_SURFACE ( 'NONE', #1059, 1.599999999999990300 ) ;
#1787 = CARTESIAN_POINT ( 'NONE',  ( 113.3670994656686700, 16.39438472845723600, 315.7674901713813300 ) ) ;
#1788 = CARTESIAN_POINT ( 'NONE',  ( 111.7592771725016100, -22.00157484262638300, 308.6560166880649400 ) ) ;
#1789 = CARTESIAN_POINT ( 'NONE',  ( 114.1205469654343400, -23.50157453852050800, 307.6835872885567900 ) ) ;
#1790 = VERTEX_POINT ( 'NONE', #2543 ) ;
#1791 = FACE_BOUND ( 'NONE', #5059, .T. ) ;
#1792 = VERTEX_POINT ( 'NONE', #2585 ) ;
#1793 = EDGE_CURVE ( 'NONE', #4077, #1463, #2506, .T. ) ;
#1794 = CARTESIAN_POINT ( 'NONE',  ( 111.1114547868984600, 17.89438501895960700, 312.6799619066065400 ) ) ;
#1795 = CARTESIAN_POINT ( 'NONE',  ( 106.6505745611796800, 17.89438559347218300, 305.7713667812126900 ) ) ;
#1796 = CARTESIAN_POINT ( 'NONE',  ( 78.36368816194959700, 15.64438923651439200, 324.0426433693249900 ) ) ;
#1797 = EDGE_CURVE ( 'NONE', #4530, #6, #5331, .T. ) ;
#1798 = CARTESIAN_POINT ( 'NONE',  ( 100.7584209837863500, -23.50157625941706400, 311.1165221225489900 ) ) ;
#1799 = CARTESIAN_POINT ( 'NONE',  ( 113.8616317133831500, 17.89438466476673600, 302.1696051343948300 ) ) ;
#1800 = ORIENTED_EDGE ( 'NONE', *, *, #5233, .T. ) ;
#1801 = CARTESIAN_POINT ( 'NONE',  ( 101.1120720005478500, 17.89438630677094700, 316.7532015281645400 ) ) ;
#1802 = CARTESIAN_POINT ( 'NONE',  ( 111.1236699686513800, -22.00157492448576900, 316.4561430392470200 ) ) ;
#1803 = CARTESIAN_POINT ( 'NONE',  ( 113.0768361784150400, 16.39438476583989200, 308.7854748667057300 ) ) ;
#1804 = CARTESIAN_POINT ( 'NONE',  ( 107.2576562707364900, 16.39438551528685300, 320.2608367083410600 ) ) ;
#1805 = VERTEX_POINT ( 'NONE', #3928 ) ;
#1806 = AXIS2_PLACEMENT_3D ( 'NONE', #4142, #5051, #3168 ) ;
#1807 = CARTESIAN_POINT ( 'NONE',  ( 108.0684295139195300, -22.00157531796735500, 308.7383185104227400 ) ) ;
#1808 = CARTESIAN_POINT ( 'NONE',  ( 112.9756381393714400, 16.39438477887307900, 305.7172570490946000 ) ) ;
#1809 = CARTESIAN_POINT ( 'NONE',  ( 105.4736765034439100, 17.89438574504389100, 309.4347603494609300 ) ) ;
#1810 = CARTESIAN_POINT ( 'NONE',  ( 111.7592773656853100, -23.50157484262636800, 308.6560166880649400 ) ) ;
#1811 = CARTESIAN_POINT ( 'NONE',  ( 101.7046540427092700, -22.00157613755253600, 312.0723378798637700 ) ) ;
#1812 = CARTESIAN_POINT ( 'NONE',  ( 113.9577034764209000, -23.50157455949309700, 317.9750482077632200 ) ) ;
#1813 = CIRCLE ( 'NONE', #1762, 2.250000000000001800 ) ;
#1814 = CIRCLE ( 'NONE', #4960, 3.499999999999947600 ) ;
#1815 = CARTESIAN_POINT ( 'NONE',  ( 110.4148046177603200, 17.89438510868056300, 314.3627670727667600 ) ) ;
#1816 = CARTESIAN_POINT ( 'NONE',  ( 115.4409715126067700, -22.00157436846416600, 311.4905101395897300 ) ) ;
#1817 = CARTESIAN_POINT ( 'NONE',  ( 113.5283587690718200, 17.89438470768865100, 301.9696175478850900 ) ) ;
#1818 = CIRCLE ( 'NONE', #4521, 1.099999999999986500 ) ;
#1819 = CARTESIAN_POINT ( 'NONE',  ( 106.5397642238170700, -23.50157551484300500, 319.5042942948985600 ) ) ;
#1820 = CARTESIAN_POINT ( 'NONE',  ( 115.4190110737386000, 17.89438446419351400, 321.1327248044630100 ) ) ;
#1821 = CARTESIAN_POINT ( 'NONE',  ( 102.1469449545588800, -22.00157608059032200, 315.6473600541485800 ) ) ;
#1822 = ORIENTED_EDGE ( 'NONE', *, *, #3750, .F. ) ;
#1823 = CARTESIAN_POINT ( 'NONE',  ( 107.1245173165678600, -22.00157543953299600, 304.2272058294943200 ) ) ;
#1824 = CARTESIAN_POINT ( 'NONE',  ( 107.6114546208673800, -23.50157537682073900, 300.3904008578980400 ) ) ;
#1825 = CARTESIAN_POINT ( 'NONE',  ( 111.4298312122362900, -22.00157488505540800, 306.1354038043450000 ) ) ;
#1826 = CARTESIAN_POINT ( 'NONE',  ( 111.1114547870110000, 17.89438501895979500, 312.2165221234050100 ) ) ;
#1827 = CARTESIAN_POINT ( 'NONE',  ( 101.7113194492564500, -22.00157613669410800, 312.3606763975407700 ) ) ;
#1828 = EDGE_CURVE ( 'NONE', #6, #2475, #4424, .T. ) ;
#1829 = CARTESIAN_POINT ( 'NONE',  ( 104.9748958371507000, -22.00157571638098700, 314.5296356851689600 ) ) ;
#1830 = CARTESIAN_POINT ( 'NONE',  ( 106.6224824140486900, -22.00157550418979100, 319.7041689008620400 ) ) ;
#1831 = CARTESIAN_POINT ( 'NONE',  ( 113.0776333808257000, -23.50157467283640500, 305.7483548845095800 ) ) ;
#1832 = CARTESIAN_POINT ( 'NONE',  ( 111.1114545938839100, 16.39438501895980200, 311.9855665690671500 ) ) ;
#1833 = CARTESIAN_POINT ( 'NONE',  ( 103.1781382510344500, -22.00157594778384900, 315.6478498211142800 ) ) ;
#1834 = CARTESIAN_POINT ( 'NONE',  ( 117.9485507308404200, -23.50157404551537300, 318.1669378620323400 ) ) ;
#1835 = CARTESIAN_POINT ( 'NONE',  ( 115.4865911338596600, -22.00157436258889000, 311.5459367771732100 ) ) ;
#1836 = ORIENTED_EDGE ( 'NONE', *, *, #4878, .T. ) ;
#1837 = CARTESIAN_POINT ( 'NONE',  ( 112.7713576626846400, 16.39438480518231200, 318.7561338191048900 ) ) ;
#1838 = CARTESIAN_POINT ( 'NONE',  ( 102.2470010697442100, 16.39438616060434100, 305.7174089095680600 ) ) ;
#1839 = CARTESIAN_POINT ( 'NONE',  ( 107.7556388365107600, 16.39438545115194000, 304.1233226736682700 ) ) ;
#1840 = CARTESIAN_POINT ( 'NONE',  ( 104.1000551191701200, 16.39438592195124000, 307.9751744679632000 ) ) ;
#1841 = APPROVAL ( #32, '未指定' ) ;
#1842 = CARTESIAN_POINT ( 'NONE',  ( 117.8788273643658500, -23.50157405449498400, 318.1359221422672500 ) ) ;
#1843 = CARTESIAN_POINT ( 'NONE',  ( 108.7114547870120000, 17.89438532805347000, 319.2165221225490100 ) ) ;
#1844 = CARTESIAN_POINT ( 'NONE',  ( 101.1436946083649100, -23.50157620979796000, 306.7501506681523400 ) ) ;
#1845 = ORIENTED_EDGE ( 'NONE', *, *, #6076, .F. ) ;
#1846 = CARTESIAN_POINT ( 'NONE',  ( 111.0122619173342000, -22.00157493883379800, 306.8511258211196400 ) ) ;
#1847 = CARTESIAN_POINT ( 'NONE',  ( 110.9321472465007300, 17.89438504205254400, 311.0873683763750300 ) ) ;
#1848 = CARTESIAN_POINT ( 'NONE',  ( 112.7742143677166100, -23.50157471191348800, 305.6669396469968100 ) ) ;
#1849 = B_SPLINE_SURFACE_WITH_KNOTS ( 'NONE', 1, 3, ( 
 ( #3457, #3439, #1480, #1460, #3380, #5340, #4367, #3852, #3873, #986, #4305, #527, #5318, #588, #4799, #2438, #122, #1938, #1025, #4348, #1501, #4839, #3916, #1980, #5272, #1067, #5801, #2462, #5362, #1540, #5824, #2940 ),
 ( #4882, #86, #2025, #2505, #147, #5451, #3993, #3956, #4985, #2085, #4501, #4014, #3018, #1585, #3477, #630, #2588, #1147, #1104, #2132, #5425, #5950, #4413, #2568, #2064, #3037, #4942, #5928, #1170, #4921, #611, #4435 ) ),
 .UNSPECIFIED., .F., .F., .F.,
 ( 2, 2 ),
 ( 4, 2, 2, 2, 2, 2, 2, 2, 2, 2, 2, 2, 2, 2, 2, 4 ),
 ( 0.0000000000000000000, 1.000000000000000000 ),
 ( 0.0000000000000000000, 0.0003124349154395119000, 0.0006248698308790238000, 0.0009373047463185357500, 0.001249739661758047600, 0.001562174577197559700, 0.001874609492637071500, 0.002187044408076583300, 0.002499479323516095200, 0.002811914238955607500, 0.003124349154395119300, 0.003436784069834631200, 0.003749218985274143000, 0.004061653900713654800, 0.004374088816153166700, 0.004998958647032190400 ),
 .UNSPECIFIED. ) ;
#1850 = CARTESIAN_POINT ( 'NONE',  ( 109.3661649316945600, -22.00157515083326500, 315.2543353907306000 ) ) ;
#1851 = VERTEX_POINT ( 'NONE', #1603 ) ;
#1852 = CARTESIAN_POINT ( 'NONE',  ( 107.6827119317339500, -22.00157536764371700, 320.3165891193611400 ) ) ;
#1853 = CARTESIAN_POINT ( 'NONE',  ( 76.11368937988913800, -2.803594741849297500, 312.2165224408948300 ) ) ;
#1854 = CARTESIAN_POINT ( 'NONE',  ( 107.1544796754582100, 16.39438552857478700, 308.7383185101937800 ) ) ;
#1855 = CARTESIAN_POINT ( 'NONE',  ( 104.1804534483642900, -22.00157581869643800, 306.7523626619797000 ) ) ;
#1856 = VERTEX_POINT ( 'NONE', #4916 ) ;
#1857 = CARTESIAN_POINT ( 'NONE',  ( 114.8997397834180300, -22.00157443816890200, 311.1447441475613700 ) ) ;
#1858 = VECTOR ( 'NONE', #1916, 1000.000000000000000 ) ;
#1859 = CARTESIAN_POINT ( 'NONE',  ( 101.0617455720234100, 17.89438631325231900, 307.3712911732093300 ) ) ;
#1860 = CARTESIAN_POINT ( 'NONE',  ( 108.1628882935327500, 16.39438539870266400, 304.2616309134688800 ) ) ;
#1861 = CARTESIAN_POINT ( 'NONE',  ( 103.8671442053672100, 16.39438595194763700, 308.3239988570860000 ) ) ;
#1862 = CARTESIAN_POINT ( 'NONE',  ( 111.1228540684825500, 16.39438501749155100, 316.4578697771404400 ) ) ;
#1863 = VERTEX_POINT ( 'NONE', #5444 ) ;
#1864 = CARTESIAN_POINT ( 'NONE',  ( 103.7930779754214000, 16.39438596148652400, 306.1354038043440400 ) ) ;
#1865 = CARTESIAN_POINT ( 'NONE',  ( 111.3566425179313600, 16.39438498738205000, 308.3251036230547000 ) ) ;
#1866 = CARTESIAN_POINT ( 'NONE',  ( 104.1114545938283000, -22.00157582758261700, 312.2165221216940300 ) ) ;
#1867 = CARTESIAN_POINT ( 'NONE',  ( 110.6474493526999500, 17.89438507871853500, 310.4586144251436500 ) ) ;
#1868 = EDGE_CURVE ( 'NONE', #2295, #3585, #4862, .T. ) ;
#1869 = CARTESIAN_POINT ( 'NONE',  ( 114.0796728857851600, -23.50157454378464500, 307.7820811425859200 ) ) ;
#1870 = CARTESIAN_POINT ( 'NONE',  ( 111.0888694644198700, 16.39438502186836300, 311.7537542970948200 ) ) ;
#1871 = ORIENTED_EDGE ( 'NONE', *, *, #3595, .T. ) ;
#1872 = AXIS2_PLACEMENT_3D ( 'NONE', #3761, #3318, #915 ) ;
#1873 = CARTESIAN_POINT ( 'NONE',  ( 104.2514865530846500, -22.00157580954816100, 307.4772872448493800 ) ) ;
#1874 = B_SPLINE_CURVE_WITH_KNOTS ( 'NONE', 3,
 ( #4465, #3046, #1074, #4399, #194, #1155, #1655, #5978, #5480, #2139, #4994, #789, #5459, #2623, #3569, #5957, #4970, #2116 ),
 .UNSPECIFIED., .F., .F.,
 ( 4, 2, 2, 2, 2, 2, 2, 2, 4 ),
 ( 0.0000000000000000000, 0.1250000000000000000, 0.2500000000000000000, 0.3750000000000000000, 0.5000000000000000000, 0.6250000000000000000, 0.7500000000000000000, 0.8750000000000000000, 1.000000000000000000 ),
 .UNSPECIFIED. ) ;
#1875 = VERTEX_POINT ( 'NONE', #3641 ) ;
#1876 = CARTESIAN_POINT ( 'NONE',  ( 115.2818174980778300, 16.39438448186250200, 311.3411984247584900 ) ) ;
#1877 = CARTESIAN_POINT ( 'NONE',  ( 102.4515517181766700, 17.89438613426046500, 305.6769104260216600 ) ) ;
#1878 = CARTESIAN_POINT ( 'NONE',  ( 107.0562664827482100, -23.50157544832299500, 306.1772880163945300 ) ) ;
#1879 = CARTESIAN_POINT ( 'NONE',  ( 104.0507515990872100, 16.39438592830100200, 308.0683273150532400 ) ) ;
#1880 = CARTESIAN_POINT ( 'NONE',  ( 114.0799483849864400, 16.39438463664998800, 307.7811866465052600 ) ) ;
#1881 = CARTESIAN_POINT ( 'NONE',  ( 111.1114545938273700, 16.39438501895962100, 312.2165221234050100 ) ) ;
#1882 = CARTESIAN_POINT ( 'NONE',  ( 111.0115667439737200, 16.39438503182401900, 306.8537065915523400 ) ) ;
#1883 = CARTESIAN_POINT ( 'NONE',  ( 114.6114547870119900, -23.50157447529692000, 313.3165221225489700 ) ) ;
#1884 = CARTESIAN_POINT ( 'NONE',  ( 108.6835644871502900, 17.89438533164527500, 304.9290342843855200 ) ) ;
#1885 = B_SPLINE_CURVE_WITH_KNOTS ( 'NONE', 1,
 ( #5081, #3769 ),
 .UNSPECIFIED., .F., .F.,
 ( 2, 2 ),
 ( 0.0000000000000000000, 1.000000000000000000 ),
 .UNSPECIFIED. ) ;
#1886 = B_SPLINE_CURVE_WITH_KNOTS ( 'NONE', 3,
 ( #1881, #4277, #1468, #1923, #5262, #2427, #5349, #2970, #2990, #2474, #2496, #1972, #97, #1114, #4445, #1076, #2057, #4829, #3447, #1510, #4423, #4402, #1035, #4850, #2931, #599, #1989, #5305, #157, #2538, #5835, #1550, #578, #4890 ),
 .UNSPECIFIED., .F., .F.,
 ( 4, 2, 2, 2, 2, 2, 2, 2, 2, 2, 2, 2, 2, 2, 2, 2, 4 ),
 ( 0.0000000000000000000, 0.06250000000000000000, 0.1250000000000000000, 0.1875000000000000000, 0.2500000000000000000, 0.3125000000000000000, 0.3750000000000000000, 0.4375000000000000600, 0.5000000000000000000, 0.5625000000000000000, 0.6250000000000000000, 0.6875000000000000000, 0.7500000000000000000, 0.8125000000000000000, 0.8750000000000001100, 0.9375000000000001100, 1.000000000000000000 ),
 .UNSPECIFIED. ) ;
#1887 = CARTESIAN_POINT ( 'NONE',  ( 78.36368845172512500, -23.50157914361523500, 324.0426434307000200 ) ) ;
#1888 = VERTEX_POINT ( 'NONE', #1211 ) ;
#1889 = CARTESIAN_POINT ( 'NONE',  ( 113.9995502489588800, -23.50157455410355200, 306.5583748405206800 ) ) ;
#1890 = CARTESIAN_POINT ( 'NONE',  ( 99.54003522583720100, 17.89438650923204900, 312.5056121515343600 ) ) ;
#1891 = CARTESIAN_POINT ( 'NONE',  ( 101.5303362756243100, -22.00157616000282700, 316.0348987409560700 ) ) ;
#1892 = CARTESIAN_POINT ( 'NONE',  ( 113.5702154370515200, -23.50157460939739800, 322.5487165208733100 ) ) ;
#1893 = CARTESIAN_POINT ( 'NONE',  ( 106.5397642238138200, -23.50157551484286200, 305.5042942948966800 ) ) ;
#1894 = CIRCLE ( 'NONE', #3677, 1.099999999999931000 ) ;
#1895 = CARTESIAN_POINT ( 'NONE',  ( 115.5727937445833600, 16.39438444438792800, 311.6627124447526900 ) ) ;
#1896 = CARTESIAN_POINT ( 'NONE',  ( 101.3897757711875600, 16.39438627100559700, 306.2899912482158100 ) ) ;
#1897 = CARTESIAN_POINT ( 'NONE',  ( 107.7569388287619200, -23.50157535808402200, 306.3166587733973100 ) ) ;
#1898 = CARTESIAN_POINT ( 'NONE',  ( 111.7581453215306800, 16.39438493567283600, 305.8782426027146900 ) ) ;
#1899 = CARTESIAN_POINT ( 'NONE',  ( 76.11368815268146200, -2.803594741847680100, 319.2165224408962000 ) ) ;
#1900 = CARTESIAN_POINT ( 'NONE',  ( 107.8991660922165600, -23.50157533976666000, 304.1445346302409700 ) ) ;
#1901 = CARTESIAN_POINT ( 'NONE',  ( 101.5303362756242900, -22.00157616000272800, 308.3981455041409800 ) ) ;
#1902 = CARTESIAN_POINT ( 'NONE',  ( 101.3805512531394900, 17.89438627219364600, 308.2483602884725500 ) ) ;
#1903 = CARTESIAN_POINT ( 'NONE',  ( 104.1114547870681400, 17.89438592048322000, 311.9854108383671600 ) ) ;
#1904 = B_SPLINE_CURVE_WITH_KNOTS ( 'NONE', 1,
 ( #1946, #2864 ),
 .UNSPECIFIED., .F., .F.,
 ( 2, 2 ),
 ( 0.0000000000000000000, 1.000000000000000000 ),
 .UNSPECIFIED. ) ;
#1905 = EDGE_CURVE ( 'NONE', #1863, #3032, #4368, .T. ) ;
#1906 = DIRECTION ( 'NONE',  ( 0.0000000000000000000, 0.0000000000000000000, 1.000000000000000000 ) ) ;
#1907 = VERTEX_POINT ( 'NONE', #6026 ) ;
#1908 = EDGE_CURVE ( 'NONE', #3266, #2761, #1732, .T. ) ;
#1909 = CARTESIAN_POINT ( 'NONE',  ( 100.7554149298143200, -22.00157625980422400, 313.3165221225489700 ) ) ;
#1910 = CARTESIAN_POINT ( 'NONE',  ( 106.6505743679960600, 16.39438559347219700, 305.7713667812126900 ) ) ;
#1911 = CARTESIAN_POINT ( 'NONE',  ( 110.6474491595163300, 16.39438507871854600, 310.4586144251436500 ) ) ;
#1912 = CARTESIAN_POINT ( 'NONE',  ( 101.2634769584336000, -22.00157619437130700, 308.0721426215831100 ) ) ;
#1913 = EDGE_LOOP ( 'NONE', ( #6028, #2110, #3460, #5822 ) ) ;
#1914 = CARTESIAN_POINT ( 'NONE',  ( 77.61368815268146200, -2.803594741847680100, 319.2165224408962000 ) ) ;
#1915 = COORDINATED_UNIVERSAL_TIME_OFFSET ( 8, 0, .AHEAD. ) ;
#1916 = DIRECTION ( 'NONE',  ( -1.000000000000000000, 0.0000000000000000000, 0.0000000000000000000 ) ) ;
#1917 = CARTESIAN_POINT ( 'NONE',  ( 106.5114545938283800, 16.39438561138945600, 319.3630713568467200 ) ) ;
#1918 = CARTESIAN_POINT ( 'NONE',  ( 104.2907623275474800, 17.89438589739040400, 313.3456758687943900 ) ) ;
#1919 = CARTESIAN_POINT ( 'NONE',  ( 108.2855889435822300, -23.50157528999963200, 306.0978104553466900 ) ) ;
#1920 = ORIENTED_EDGE ( 'NONE', *, *, #1718, .F. ) ;
#1921 = CARTESIAN_POINT ( 'NONE',  ( 107.6114544862956600, 16.89438546972154900, 324.0426435991170100 ) ) ;
#1922 = CARTESIAN_POINT ( 'NONE',  ( 113.5418618760882800, 16.39438470594975400, 315.8841877050107900 ) ) ;
#1923 = CARTESIAN_POINT ( 'NONE',  ( 111.0004514844507800, 16.39438503325565600, 313.1221134871968800 ) ) ;
#1924 = LINE ( 'NONE', #623, #5442 ) ;
#1925 = CARTESIAN_POINT ( 'NONE',  ( 103.0776571471067500, -22.00157596072459800, 305.7177230573851100 ) ) ;
#1926 = PLANE ( 'NONE',  #782 ) ;
#1927 = CARTESIAN_POINT ( 'NONE',  ( 76.11368816194959700, -2.803594741849297500, 312.2165224408951800 ) ) ;
#1928 = EDGE_LOOP ( 'NONE', ( #222, #1997 ) ) ;
#1929 = B_SPLINE_CURVE_WITH_KNOTS ( 'NONE', 3,
 ( #1263, #1672, #304, #324, #1754, #2661, #5103, #5497, #4063, #2243, #6057, #3669, #5974, #4083, #3128, #4547, #3607, #3649 ),
 .UNSPECIFIED., .F., .F.,
 ( 4, 2, 2, 2, 2, 2, 2, 2, 4 ),
 ( 0.0000000000000000000, 0.1250000000000000000, 0.2500000000000000000, 0.3750000000000000000, 0.5000000000000000000, 0.6250000000000000000, 0.7500000000000000000, 0.8750000000000000000, 1.000000000000000000 ),
 .UNSPECIFIED. ) ;
#1930 = CARTESIAN_POINT ( 'NONE',  ( 107.4659707451532900, -23.50157539555768000, 318.1163854717096300 ) ) ;
#1931 = CIRCLE ( 'NONE', #1265, 0.7500000000000006700 ) ;
#1932 = B_SPLINE_CURVE_WITH_KNOTS ( 'NONE', 3,
 ( #4364, #3929, #523, #2501, #102, #2434, #5291, #5797, #2458, #3376, #1558, #542, #3849, #5777, #5315, #3435, #3869, #5357 ),
 .UNSPECIFIED., .F., .F.,
 ( 4, 2, 2, 2, 2, 2, 2, 2, 4 ),
 ( 0.0000000000000000000, 0.1250000000000000000, 0.2500000000000000000, 0.3750000000000000000, 0.5000000000000000000, 0.6250000000000000000, 0.7500000000000000000, 0.8750000000000000000, 1.000000000000000000 ),
 .UNSPECIFIED. ) ;
#1933 = CARTESIAN_POINT ( 'NONE',  ( 103.7930781686050100, -23.50157586858616900, 306.1354038043440400 ) ) ;
#1934 = CARTESIAN_POINT ( 'NONE',  ( 106.5114545938283800, 16.39438561138945600, 319.2165221225490100 ) ) ;
#1935 = EDGE_LOOP ( 'NONE', ( #4699, #4012 ) ) ;
#1936 = CARTESIAN_POINT ( 'NONE',  ( 101.4907282350150400, -22.00157616510387000, 312.8930180149400800 ) ) ;
#1937 = CARTESIAN_POINT ( 'NONE',  ( 103.9412030779879600, 16.39438594240962700, 306.2835289069126400 ) ) ;
#1938 = CARTESIAN_POINT ( 'NONE',  ( 113.7657617995152200, -23.50157458421310600, 318.2245985596725300 ) ) ;
#1939 = VECTOR ( 'NONE', #4533, 1000.000000000000000 ) ;
#1940 = CARTESIAN_POINT ( 'NONE',  ( 101.0618136849966600, -22.00157622034331700, 307.1601467227555400 ) ) ;
#1941 = CARTESIAN_POINT ( 'NONE',  ( 102.4508346968224500, 17.89438613435292100, 315.5764801119500500 ) ) ;
#1942 = CARTESIAN_POINT ( 'NONE',  ( 119.4371610775501700, 16.39438394669957300, 312.9972161771372000 ) ) ;
#1943 = EDGE_LOOP ( 'NONE', ( #680, #3737, #6123, #3341 ) ) ;
#1944 = CARTESIAN_POINT ( 'NONE',  ( 106.5114547870120000, 17.89438561138944600, 319.3630713568467200 ) ) ;
#1945 = CARTESIAN_POINT ( 'NONE',  ( 108.7408878861331500, 17.89438532426284600, 315.5370214923908600 ) ) ;
#1946 = CARTESIAN_POINT ( 'NONE',  ( 113.6925729120333400, 16.39438468653981600, 316.0348987409560100 ) ) ;
#1947 = CARTESIAN_POINT ( 'NONE',  ( 114.1613073175068100, 17.89438462617185600, 307.3711510022127400 ) ) ;
#1948 = CARTESIAN_POINT ( 'NONE',  ( 105.2978610352404700, -23.50157567478660100, 314.8527508316191800 ) ) ;
#1949 = CARTESIAN_POINT ( 'NONE',  ( 106.5114547870119800, -23.50157551848881000, 305.0695559257668500 ) ) ;
#1950 = ORIENTED_EDGE ( 'NONE', *, *, #1993, .T. ) ;
#1951 = CARTESIAN_POINT ( 'NONE',  ( 107.3261581617861400, -23.50157541356394500, 318.1512649438485600 ) ) ;
#1952 = CARTESIAN_POINT ( 'NONE',  ( 113.5671400080351800, 16.39438470269423900, 311.8627237994514900 ) ) ;
#1953 = CARTESIAN_POINT ( 'NONE',  ( 106.5394322499861500, 17.89438560778609100, 304.9295521073071300 ) ) ;
#1954 =( NAMED_UNIT ( * ) SI_UNIT ( $, .STERADIAN. ) SOLID_ANGLE_UNIT ( ) );
#1955 = B_SPLINE_SURFACE_WITH_KNOTS ( 'NONE', 1, 3, ( 
 ( #1218, #3105, #5101, #4525, #3605, #2241, #5583, #259, #5012, #4081, #4567, #3562, #718, #2679, #4040, #5539, #2152, #4544, #3584, #5496, #4061, #1714, #2199, #6013 ),
 ( #3149, #3702, #4144, #2809, #3263, #5601, #5639, #6146, #865, #2751, #1827, #2793, #1811, #3686, #4691, #4218, #6090, #340, #4184, #3246, #3208, #1379, #1338, #1359 ) ),
 .UNSPECIFIED., .F., .F., .F.,
 ( 2, 2 ),
 ( 4, 2, 2, 2, 2, 2, 2, 2, 2, 2, 2, 4 ),
 ( 0.0000000000000000000, 1.000000000000000000 ),
 ( 0.0000000000000000000, 0.0004295930917424685300, 0.0006443896376137028200, 0.0008591861834849370500, 0.001288779275227405600, 0.001718372366969874100, 0.001933168912841108600, 0.002147965458712342800, 0.002362762004583577000, 0.002577558550454811300, 0.003007151642197279700, 0.003436744733939748200 ),
 .UNSPECIFIED. ) ;
#1956 = CARTESIAN_POINT ( 'NONE',  ( 111.7540981559616000, 17.89438493619423200, 318.5645510956227900 ) ) ;
#1957 = CARTESIAN_POINT ( 'NONE',  ( 110.6474491586583900, -22.00157498581778600, 313.9744298214363900 ) ) ;
#1958 = CARTESIAN_POINT ( 'NONE',  ( 106.6505743679960600, 16.39438559347219700, 305.7713667812126900 ) ) ;
#1959 = CARTESIAN_POINT ( 'NONE',  ( 101.4409715126040900, -22.00157617151198200, 311.4905101395917800 ) ) ;
#1960 = CARTESIAN_POINT ( 'NONE',  ( 114.0794423439655200, -22.00157454381431100, 306.7510282382136200 ) ) ;
#1961 = CARTESIAN_POINT ( 'NONE',  ( 100.0605957060898000, 16.39438644218955700, 313.1717620530509400 ) ) ;
#1962 = CARTESIAN_POINT ( 'NONE',  ( 111.1114545938273700, 16.39438501895962100, 312.2165221234050100 ) ) ;
#1963 = AXIS2_PLACEMENT_3D ( 'NONE', #2454, #99, #4427 ) ;
#1964 = CARTESIAN_POINT ( 'NONE',  ( 101.6050283046521100, 17.89438624328354500, 315.9602069051118200 ) ) ;
#1965 = CARTESIAN_POINT ( 'NONE',  ( 114.6114545938283700, 16.39438456819785700, 313.3165221225489700 ) ) ;
#1966 = B_SPLINE_SURFACE_WITH_KNOTS ( 'NONE', 1, 3, ( 
 ( #2883, #510, #487, #4315, #3837, #2447, #2929, #1015, #1058, #2382, #5723, #1430, #2949, #2865, #1508, #5303, #1448, #4293, #4807, #1466, #1034, #69, #5769, #995, #2402, #1947, #3403, #5746, #4, #94, #26, #974 ),
 ( #553, #4357, #3425, #1898, #4847, #3903, #48, #534, #5282, #2425, #3342, #1987, #3860, #3817, #5328, #4337, #1489, #4827, #2472, #1970, #1529, #4888, #5393, #5347, #2988, #3485, #1092, #4421, #3465, #2011, #2554, #176 ) ),
 .UNSPECIFIED., .F., .F., .F.,
 ( 2, 2 ),
 ( 4, 2, 2, 2, 2, 2, 2, 2, 2, 2, 2, 2, 2, 2, 2, 4 ),
 ( 0.0000000000000000000, 1.000000000000000000 ),
 ( 1.387778780781445700E-017, 0.0003124349154429319600, 0.0006248698308858500400, 0.0009373047463287681200, 0.001249739661771686200, 0.001562174577214604200, 0.001874609492657522400, 0.002187044408100440600, 0.002499479323543358500, 0.002811914238986276500, 0.003124349154429194500, 0.003436784069872112500, 0.003749218985315030900, 0.004061653900757949300, 0.004374088816200867200, 0.004998958647086703200 ),
 .UNSPECIFIED. ) ;
#1967 = CARTESIAN_POINT ( 'NONE',  ( 115.7046540427103700, 16.39438442740580400, 312.3607063652362400 ) ) ;
#1968 = CARTESIAN_POINT ( 'NONE',  ( 111.0004516776343900, 17.89438503325564500, 313.1221134871968800 ) ) ;
#1969 = CARTESIAN_POINT ( 'NONE',  ( 101.2818114388185800, 16.39438628491027900, 311.3411969673143700 ) ) ;
#1970 = CARTESIAN_POINT ( 'NONE',  ( 113.9498060384841600, 16.39438465341087800, 306.4646310084558000 ) ) ;
#1971 = CARTESIAN_POINT ( 'NONE',  ( 104.2902759241502900, -23.50157580455249100, 313.3441277884677400 ) ) ;
#1972 = CARTESIAN_POINT ( 'NONE',  ( 109.3663694750407600, 16.39438524370757100, 315.2544315634586400 ) ) ;
#1973 = CARTESIAN_POINT ( 'NONE',  ( 76.11368816194959700, 2.146152726456558300, 307.2667749725867500 ) ) ;
#1974 = CARTESIAN_POINT ( 'NONE',  ( 76.11368782124857500, -7.753342210153459900, 315.5662699092009700 ) ) ;
#1975 = EDGE_LOOP ( 'NONE', ( #4919, #4482 ) ) ;
#1976 = CARTESIAN_POINT ( 'NONE',  ( 106.9349587014400800, 16.39438555684675700, 318.3372484813627400 ) ) ;
#1977 = CARTESIAN_POINT ( 'NONE',  ( 110.3939129513164700, -23.50157501847051100, 314.3531282257542900 ) ) ;
#1978 = CARTESIAN_POINT ( 'NONE',  ( 111.5850556979333000, 16.39438495796489200, 305.9942446941524800 ) ) ;
#1979 = CARTESIAN_POINT ( 'NONE',  ( 104.2617453338974700, 16.39438590112731100, 307.3711614948318200 ) ) ;
#1980 = CARTESIAN_POINT ( 'NONE',  ( 114.1509816828849500, -23.50157453460096600, 317.3767821814676000 ) ) ;
#1981 = CARTESIAN_POINT ( 'NONE',  ( 100.0605957060898000, 16.39438644218955700, 313.1717620530509400 ) ) ;
#1982 = CARTESIAN_POINT ( 'NONE',  ( 102.8696252041815000, 17.89438608041728400, 315.5759636719970400 ) ) ;
#1983 = DIRECTION ( 'NONE',  ( 3.079986266030270000E-007, 0.0000000000000000000, 0.9999999999999525900 ) ) ;
#1984 = CARTESIAN_POINT ( 'NONE',  ( 108.4401630725621700, 17.89438536299290300, 319.9433811860927200 ) ) ;
#1985 = CARTESIAN_POINT ( 'NONE',  ( 111.2808087928825100, 17.89438499714861300, 308.2494213192486500 ) ) ;
#1986 = DIRECTION ( 'NONE',  ( 0.9999999999999525900, 1.071904469946629500E-012, -3.079986267298958600E-007 ) ) ;
#1987 = CARTESIAN_POINT ( 'NONE',  ( 112.9756381393714400, 16.39438477887307900, 305.7172570490946000 ) ) ;
#1988 = CARTESIAN_POINT ( 'NONE',  ( 106.5114547870119600, -23.50157551848880600, 305.2165221225490100 ) ) ;
#1989 = CARTESIAN_POINT ( 'NONE',  ( 104.8289964285343000, 16.39438582807173400, 314.3531282244601400 ) ) ;
#1990 = ORIENTED_EDGE ( 'NONE', *, *, #4030, .F. ) ;
#1991 = CARTESIAN_POINT ( 'NONE',  ( 115.6834422793229200, -23.50157433723665400, 312.5042334277446200 ) ) ;
#1992 = CARTESIAN_POINT ( 'NONE',  ( 101.8586503849188200, -22.00157611771944800, 308.6553067057705600 ) ) ;
#1993 = EDGE_CURVE ( 'NONE', #3354, #3217, #1427, .T. ) ;
#1994 = CARTESIAN_POINT ( 'NONE',  ( 101.3803101082891100, -23.50157617932448100, 308.2481191436220900 ) ) ;
#1995 = CARTESIAN_POINT ( 'NONE',  ( 110.7564309307438500, -23.50157497178204100, 313.7697956541572400 ) ) ;
#1996 = CARTESIAN_POINT ( 'NONE',  ( 111.5803459343349000, 17.89438495857147500, 305.9848892754280900 ) ) ;
#1997 = ORIENTED_EDGE ( 'NONE', *, *, #2759, .F. ) ;
#1998 = EDGE_CURVE ( 'NONE', #1022, #5568, #2464, .T. ) ;
#1999 = CARTESIAN_POINT ( 'NONE',  ( 111.1725982789705100, 17.89438501108495300, 308.0689183000334900 ) ) ;
#2000 = PERSON_AND_ORGANIZATION ( #5074, #5367 ) ;
#2001 = CARTESIAN_POINT ( 'NONE',  ( 113.6925729120332800, -22.00157459363890700, 308.3981455041409800 ) ) ;
#2002 = CARTESIAN_POINT ( 'NONE',  ( 99.73631199745632600, 16.39438648395373500, 311.5459361480186000 ) ) ;
#2003 = CARTESIAN_POINT ( 'NONE',  ( 103.1773412418036600, -22.00157594788636900, 305.7480744417791800 ) ) ;
#2004 = CARTESIAN_POINT ( 'NONE',  ( 114.8703619750406800, -22.00157444195242500, 302.7527684159327400 ) ) ;
#2005 = EDGE_LOOP ( 'NONE', ( #1652, #2774, #4912, #2901 ) ) ;
#2006 = CARTESIAN_POINT ( 'NONE',  ( 108.3374665767905500, -22.00157528331833800, 306.0460390413155100 ) ) ;
#2007 = FACE_OUTER_BOUND ( 'NONE', #2460, .T. ) ;
#2008 = CARTESIAN_POINT ( 'NONE',  ( 107.5401974491133100, 17.89438547889864100, 320.3165891193653500 ) ) ;
#2009 = CARTESIAN_POINT ( 'NONE',  ( 112.9785925018101800, 17.89438477849262600, 308.8261760661039300 ) ) ;
#2010 = CARTESIAN_POINT ( 'NONE',  ( 103.6431105498520300, -23.50157588790048300, 315.8847681054822400 ) ) ;
#2011 = CARTESIAN_POINT ( 'NONE',  ( 113.9594322292155200, 16.39438465217115500, 308.0721426215894800 ) ) ;
#2012 = AXIS2_PLACEMENT_3D ( 'NONE', #1853, #3331, #4284 ) ;
#2013 = CARTESIAN_POINT ( 'NONE',  ( 108.6004269667941200, -23.50157524945190000, 304.7288753442369400 ) ) ;
#2014 = ORIENTED_EDGE ( 'NONE', *, *, #524, .F. ) ;
#2015 = FACE_OUTER_BOUND ( 'NONE', #4989, .T. ) ;
#2016 = CARTESIAN_POINT ( 'NONE',  ( 115.7115914378654700, -23.50157433361134100, 312.0710380807843200 ) ) ;
#2017 = CARTESIAN_POINT ( 'NONE',  ( 104.2616007592345700, -23.50157580824555100, 307.3734025857236800 ) ) ;
#2018 = VERTEX_POINT ( 'NONE', #2256 ) ;
#2019 = CARTESIAN_POINT ( 'NONE',  ( 106.6224826072345900, 17.89438559709026300, 318.7288753442394400 ) ) ;
#2020 = CARTESIAN_POINT ( 'NONE',  ( 108.5191715890670300, -22.00157525991678000, 315.6050241412708600 ) ) ;
#2021 = DIRECTION ( 'NONE',  ( -1.000000000000000000, 0.0000000000000000000, 0.0000000000000000000 ) ) ;
#2022 = CARTESIAN_POINT ( 'NONE',  ( 110.9710983447081500, 17.89438503703592100, 307.0580870628996900 ) ) ;
#2023 = CARTESIAN_POINT ( 'NONE',  ( 101.7046540427092700, -22.00157613755253600, 312.0723378798637700 ) ) ;
#2024 = CARTESIAN_POINT ( 'NONE',  ( 112.1477730714586200, -22.00157479259231200, 305.7170622473495300 ) ) ;
#2025 = CARTESIAN_POINT ( 'NONE',  ( 111.5850556979282000, -22.00157486506432700, 318.4387995509480300 ) ) ;
#2026 = ORIENTED_EDGE ( 'NONE', *, *, #604, .F. ) ;
#2027 = B_SPLINE_CURVE_WITH_KNOTS ( 'NONE', 3,
 ( #2886, #4934, #1616, #557 ),
 .UNSPECIFIED., .F., .F.,
 ( 4, 4 ),
 ( 0.0000000000000000000, 1.000000000000000000 ),
 .UNSPECIFIED. ) ;
#2028 = CARTESIAN_POINT ( 'NONE',  ( 105.8423203390854200, -23.50157560466616900, 315.2722221868765500 ) ) ;
#2029 = CIRCLE ( 'NONE', #2770, 2.250000000000001800 ) ;
#2030 = CARTESIAN_POINT ( 'NONE',  ( 102.5568825263739000, 17.89438612069512400, 315.5663281605769700 ) ) ;
#2031 = CARTESIAN_POINT ( 'NONE',  ( 108.4915377803354500, -22.00157526347564400, 305.8922838702963500 ) ) ;
#2032 = ORIENTED_EDGE ( 'NONE', *, *, #6192, .F. ) ;
#2033 = DIRECTION ( 'NONE',  ( 0.0000000000000000000, 1.000000000000000000, -0.0000000000000000000 ) ) ;
#2034 = CARTESIAN_POINT ( 'NONE',  ( 105.4776874537255900, 16.39438574452738400, 315.0010544947202200 ) ) ;
#2035 = CARTESIAN_POINT ( 'NONE',  ( 101.1662954041748700, 16.39438629978751300, 313.1774001502568000 ) ) ;
#2036 = CARTESIAN_POINT ( 'NONE',  ( 113.2693479302630800, -22.00157464814580200, 318.6053843709369700 ) ) ;
#2037 = CARTESIAN_POINT ( 'NONE',  ( 113.8845957234640300, 17.89438466180944700, 313.0452304081056200 ) ) ;
#2038 = EDGE_CURVE ( 'NONE', #5186, #4475, #1068, .T. ) ;
#2039 = ORIENTED_EDGE ( 'NONE', *, *, #3785, .T. ) ;
#2040 = CARTESIAN_POINT ( 'NONE',  ( 115.2866968443527600, -23.50157438833312900, 311.3359181774665100 ) ) ;
#2041 = CARTESIAN_POINT ( 'NONE',  ( 102.2457571039314100, -22.00157606786431000, 308.8158262511139500 ) ) ;
#2042 = CARTESIAN_POINT ( 'NONE',  ( 108.7114545938283900, 16.39438532805348800, 319.2165221225490100 ) ) ;
#2043 = CARTESIAN_POINT ( 'NONE',  ( 108.6832325688232900, 16.39438533168817700, 318.9282369329599800 ) ) ;
#2044 = CARTESIAN_POINT ( 'NONE',  ( 108.5666947572003200, 16.39438534669681100, 305.7673769395871100 ) ) ;
#2045 = CARTESIAN_POINT ( 'NONE',  ( 113.6925729120333700, 16.39438468653972700, 308.3981455041410400 ) ) ;
#2046 = CARTESIAN_POINT ( 'NONE',  ( 99.54004055160514500, -23.50157641633122900, 311.9274321908835100 ) ) ;
#2047 = CARTESIAN_POINT ( 'NONE',  ( 108.7114545938283400, -22.00157523515290900, 319.2165221225490100 ) ) ;
#2048 = FACE_OUTER_BOUND ( 'NONE', #2252, .T. ) ;
#2049 = ADVANCED_FACE ( 'NONE', ( #4188 ), #318, .F. ) ;
#2050 = CARTESIAN_POINT ( 'NONE',  ( 104.1797198358587300, 16.39438591169139800, 316.6496456047658500 ) ) ;
#2051 = ORIENTED_EDGE ( 'NONE', *, *, #4428, .F. ) ;
#2052 = CARTESIAN_POINT ( 'NONE',  ( 107.6827121249176300, -23.50157536764358900, 306.3165891193610800 ) ) ;
#2053 = CARTESIAN_POINT ( 'NONE',  ( 109.7492328774613700, 16.39438519439894600, 314.9982838955685300 ) ) ;
#2054 = CARTESIAN_POINT ( 'NONE',  ( 111.0018575452024100, 17.89438503307459500, 317.5830822251837200 ) ) ;
#2055 = DIRECTION ( 'NONE',  ( -1.000000000000000000, -3.048733091047834900E-016, 0.0000000000000000000 ) ) ;
#2056 = CARTESIAN_POINT ( 'NONE',  ( 106.5396768120213600, -23.50157551485411700, 304.9282369329603700 ) ) ;
#2057 = CARTESIAN_POINT ( 'NONE',  ( 107.8412349847213000, 16.39438544012830300, 315.7163966577972500 ) ) ;
#2058 = CARTESIAN_POINT ( 'NONE',  ( 101.5303362756243600, 16.39438625290305800, 316.0348987409560100 ) ) ;
#2059 = CARTESIAN_POINT ( 'NONE',  ( 101.5303364688079700, -23.50157616000271000, 308.3981455041409300 ) ) ;
#2060 = CARTESIAN_POINT ( 'NONE',  ( 101.0614950448278200, -23.50157622038438300, 307.4780499099155100 ) ) ;
#2061 = CARTESIAN_POINT ( 'NONE',  ( 108.1660072325350400, -23.50157530540062100, 320.1779073052813400 ) ) ;
#2062 = CARTESIAN_POINT ( 'NONE',  ( 112.4571556694197200, 17.89438484564799100, 308.8668328794158800 ) ) ;
#2063 = DIRECTION ( 'NONE',  ( 1.000000000000000000, -0.0000000000000000000, -0.0000000000000000000 ) ) ;
#2064 = CARTESIAN_POINT ( 'NONE',  ( 114.1610955026645500, -22.00157453329839900, 317.2728975223424800 ) ) ;
#2065 = EDGE_LOOP ( 'NONE', ( #5524, #3650, #5508, #2339 ) ) ;
#2066 = CARTESIAN_POINT ( 'NONE',  ( 102.8696250109978800, 16.39438608041729900, 315.5759636719970400 ) ) ;
#2067 = CARTESIAN_POINT ( 'NONE',  ( 115.5727939377669900, 17.89438444438791400, 311.6627124447526900 ) ) ;
#2068 = CARTESIAN_POINT ( 'NONE',  ( 101.6808509977204400, -23.50157614061808800, 308.5486600330535200 ) ) ;
#2069 = ORIENTED_EDGE ( 'NONE', *, *, #5564, .T. ) ;
#2070 = CARTESIAN_POINT ( 'NONE',  ( 108.7114545938282800, -22.00157523515273900, 305.0725617865641700 ) ) ;
#2071 = CARTESIAN_POINT ( 'NONE',  ( 101.1662954041748700, 16.39438629978751300, 313.1774001502568000 ) ) ;
#2072 = PERSON_AND_ORGANIZATION ( #5074, #5367 ) ;
#2073 = CARTESIAN_POINT ( 'NONE',  ( 108.7114545938283800, 16.39438532805348800, 319.2165221225490100 ) ) ;
#2074 = EDGE_LOOP ( 'NONE', ( #3055, #4675, #2839, #2703 ) ) ;
#2075 = CARTESIAN_POINT ( 'NONE',  ( 108.6831453502047800, -23.50157523879874000, 318.9287499501983200 ) ) ;
#2076 = CARTESIAN_POINT ( 'NONE',  ( 103.3698531868438400, -23.50157592309297200, 308.7058894343150500 ) ) ;
#2077 = CIRCLE ( 'NONE', #5887, 1.099999999999931000 ) ;
#2078 = DIRECTION ( 'NONE',  ( 0.9999999999999525900, -0.0000000000000000000, -3.079986237769798100E-007 ) ) ;
#2079 = CARTESIAN_POINT ( 'NONE',  ( 107.8967512190494200, 16.39438543297837500, 318.1512649438548700 ) ) ;
#2080 = CARTESIAN_POINT ( 'NONE',  ( 109.7452217340023700, 16.39438519491551500, 309.4319897504212800 ) ) ;
#2081 = CARTESIAN_POINT ( 'NONE',  ( 106.7313714073572300, -22.00157549016600500, 318.5407603748076900 ) ) ;
#2082 = ORIENTED_EDGE ( 'NONE', *, *, #1868, .F. ) ;
#2083 = CARTESIAN_POINT ( 'NONE',  ( 111.2817063028549600, 17.89438499703313900, 318.1495153381880000 ) ) ;
#2084 = CARTESIAN_POINT ( 'NONE',  ( 102.2482781348463600, 16.39438616043990400, 308.8164870611338400 ) ) ;
#2085 = CARTESIAN_POINT ( 'NONE',  ( 112.6652486480245400, -22.00157472594722200, 318.7663278160224500 ) ) ;
#2086 = FACE_OUTER_BOUND ( 'NONE', #736, .T. ) ;
#2087 = CARTESIAN_POINT ( 'NONE',  ( 99.54619152036042400, 16.39438650843916900, 311.9312252400314900 ) ) ;
#2088 = CARTESIAN_POINT ( 'NONE',  ( 101.8586503849164600, 16.39438621061977500, 315.7777375393226900 ) ) ;
#2089 = CARTESIAN_POINT ( 'NONE',  ( 115.0991013721453700, 16.39438450539430300, 311.2275499427662500 ) ) ;
#2090 = ORIENTED_EDGE ( 'NONE', *, *, #4027, .T. ) ;
#2091 = FACE_BOUND ( 'NONE', #3890, .T. ) ;
#2092 = CARTESIAN_POINT ( 'NONE',  ( 107.3845425245876200, 16.39438549894530400, 315.7166465851466300 ) ) ;
#2093 = CARTESIAN_POINT ( 'NONE',  ( 111.4298314054199900, 17.89438497795624600, 318.2976404407530100 ) ) ;
#2094 = CARTESIAN_POINT ( 'NONE',  ( 111.4298312122363200, -22.00157488505555000, 318.2976404407530100 ) ) ;
#2095 = CARTESIAN_POINT ( 'NONE',  ( 107.5401972559235900, -22.00157538599793500, 304.1164551257330700 ) ) ;
#2096 = ORIENTED_EDGE ( 'NONE', *, *, #2958, .F. ) ;
#2097 = CARTESIAN_POINT ( 'NONE',  ( 103.1781384442181500, 17.89438604068405100, 308.7851944239728300 ) ) ;
#2098 = CARTESIAN_POINT ( 'NONE',  ( 108.1652642716177200, -22.00157530549614300, 318.2551829717921800 ) ) ;
#2099 = CARTESIAN_POINT ( 'NONE',  ( 103.3698529936601500, -22.00157592309298200, 308.7058894343150500 ) ) ;
#2100 = CARTESIAN_POINT ( 'NONE',  ( 109.1518201042872800, 16.39438527133927400, 323.9670971805625800 ) ) ;
#2101 = DIRECTION ( 'NONE',  ( -1.000000000000000000, 0.0000000000000000000, 0.0000000000000000000 ) ) ;
#2102 = ORIENTED_EDGE ( 'NONE', *, *, #4260, .T. ) ;
#2103 = CARTESIAN_POINT ( 'NONE',  ( 111.0888694644198700, 16.39438502186836300, 311.7537542970948200 ) ) ;
#2104 = CARTESIAN_POINT ( 'NONE',  ( 111.3566425179313600, 16.39438498738205000, 308.3251036230547000 ) ) ;
#2105 = CARTESIAN_POINT ( 'NONE',  ( 76.11368823314965900, -7.753342210153551400, 308.8667749725868800 ) ) ;
#2106 = CARTESIAN_POINT ( 'NONE',  ( 103.8662666697262600, 16.39438595206074100, 316.1079406220436600 ) ) ;
#2107 = CARTESIAN_POINT ( 'NONE',  ( 110.6680501598380300, -23.50157498316458400, 310.4490700071260100 ) ) ;
#2108 = CARTESIAN_POINT ( 'NONE',  ( 99.62213849395637100, -23.50157640575790900, 312.7034593998067200 ) ) ;
#2109 = DIRECTION ( 'NONE',  ( 3.079986770677255000E-007, 0.0000000000000000000, 0.9999999999999525900 ) ) ;
#2110 = ORIENTED_EDGE ( 'NONE', *, *, #2251, .T. ) ;
#2111 = CARTESIAN_POINT ( 'NONE',  ( 101.1124449341780100, -23.50157621382270900, 317.5810028501339800 ) ) ;
#2112 = B_SPLINE_CURVE_WITH_KNOTS ( 'NONE', 1,
 ( #2073, #1078 ),
 .UNSPECIFIED., .F., .F.,
 ( 2, 2 ),
 ( 0.0000000000000000000, 1.000000000000000000 ),
 .UNSPECIFIED. ) ;
#2113 = CARTESIAN_POINT ( 'NONE',  ( 115.6767117725250700, 16.39438443100446500, 312.5018187477683100 ) ) ;
#2114 = CARTESIAN_POINT ( 'NONE',  ( 113.6506888931599400, -23.50157459903316900, 311.6613338183062800 ) ) ;
#2115 = CARTESIAN_POINT ( 'NONE',  ( 114.4649053595328500, -22.00157449417077200, 313.3165221225489700 ) ) ;
#2116 = CARTESIAN_POINT ( 'NONE',  ( 113.6925731052169800, -23.50157459363889600, 308.3981455041409800 ) ) ;
#2117 = CARTESIAN_POINT ( 'NONE',  ( 116.5171955633043100, 17.89438432275933300, 320.0363360052238000 ) ) ;
#2118 = CARTESIAN_POINT ( 'NONE',  ( 103.0764131812976800, -22.00157596088492800, 315.6169038461724800 ) ) ;
#2119 = EDGE_CURVE ( 'NONE', #1576, #434, #2941, .T. ) ;
#2120 = CARTESIAN_POINT ( 'NONE',  ( 102.8725797474126200, 16.39438608003678900, 318.7560590697697800 ) ) ;
#2121 = CARTESIAN_POINT ( 'NONE',  ( 99.94109168957828600, -22.00157636468018300, 311.3411984247492800 ) ) ;
#2122 = CIRCLE ( 'NONE', #3876, 3.500000000000002700 ) ;
#2123 = EDGE_CURVE ( 'NONE', #2018, #4106, #1541, .T. ) ;
#2124 = CARTESIAN_POINT ( 'NONE',  ( 107.1245173165699200, -22.00157543953305300, 318.2272058295043300 ) ) ;
#2125 = CARTESIAN_POINT ( 'NONE',  ( 111.5848305701015000, -23.50157486509330300, 315.8938129550240900 ) ) ;
#2126 = CARTESIAN_POINT ( 'NONE',  ( 76.11368816194959700, -2.803594741847669900, 312.2165224408962000 ) ) ;
#2127 = CARTESIAN_POINT ( 'NONE',  ( 100.6114513948638800, 16.39438637124536100, 313.3165209732565600 ) ) ;
#2128 = CARTESIAN_POINT ( 'NONE',  ( 108.6834773240498000, 17.89438533165651200, 305.5034921377792900 ) ) ;
#2129 = EDGE_LOOP ( 'NONE', ( #5677, #5218, #3312, #3334 ) ) ;
#2130 = CARTESIAN_POINT ( 'NONE',  ( 112.1464960063495100, 16.39438488565763300, 315.6169038461781000 ) ) ;
#2131 = CARTESIAN_POINT ( 'NONE',  ( 103.6380788107444300, 16.39438598144883500, 315.8938129550238000 ) ) ;
#2132 = CARTESIAN_POINT ( 'NONE',  ( 113.9498060384753600, -22.00157456051020300, 317.9684132366483000 ) ) ;
#2133 = CARTESIAN_POINT ( 'NONE',  ( 114.1612402705094200, 16.39438462618058900, 317.2706564314428900 ) ) ;
#2134 = CARTESIAN_POINT ( 'NONE',  ( 101.2726628451502100, -23.50157619318838400, 317.9678222516635100 ) ) ;
#2135 = AXIS2_PLACEMENT_3D ( 'NONE', #6029, #4667, #3145 ) ;
#2136 = CARTESIAN_POINT ( 'NONE',  ( 115.1623094108667700, 16.39438449725383500, 311.2612819591798800 ) ) ;
#2137 = DIRECTION ( 'NONE',  ( 0.0000000000000000000, -1.176836406102669200E-014, -1.000000000000000000 ) ) ;
#2138 = CARTESIAN_POINT ( 'NONE',  ( 115.4907284282020000, -23.50157436205602200, 312.8930180149388300 ) ) ;
#2139 = CARTESIAN_POINT ( 'NONE',  ( 111.5797990241447200, -23.50157486574122600, 308.5482761396078200 ) ) ;
#2140 = CARTESIAN_POINT ( 'NONE',  ( 108.7114545938283800, 16.39438532805348800, 319.2165221225490100 ) ) ;
#2141 = CARTESIAN_POINT ( 'NONE',  ( 101.8558099151537800, -23.50157611808536000, 315.7674901713803000 ) ) ;
#2142 = ADVANCED_FACE ( 'NONE', ( #6131 ), #3285, .T. ) ;
#2143 = CARTESIAN_POINT ( 'NONE',  ( 114.1202458380313800, 17.89438463146012000, 306.8488027334671000 ) ) ;
#2144 = CARTESIAN_POINT ( 'NONE',  ( 106.5114545938283600, 16.39438561138928900, 305.2165221225490100 ) ) ;
#2145 = CARTESIAN_POINT ( 'NONE',  ( 113.0768363716063000, -23.50157467293918100, 315.6475693784035500 ) ) ;
#2146 = CARTESIAN_POINT ( 'NONE',  ( 111.7673577795567600, 16.39438493448658800, 323.2950958947356000 ) ) ;
#2147 = CARTESIAN_POINT ( 'NONE',  ( 107.9005445254792300, -22.00157533958916600, 318.1451078871387500 ) ) ;
#2148 = CARTESIAN_POINT ( 'NONE',  ( 114.0794425371503000, 17.89438463671525500, 317.6820160068776300 ) ) ;
#2149 = ORIENTED_EDGE ( 'NONE', *, *, #4712, .T. ) ;
#2150 = CARTESIAN_POINT ( 'NONE',  ( 113.9369318835667700, 17.89438465506902900, 313.0974971420553700 ) ) ;
#2151 = CARTESIAN_POINT ( 'NONE',  ( 110.9709700360287000, 17.89438503705256200, 316.9580130556111600 ) ) ;
#2152 = CARTESIAN_POINT ( 'NONE',  ( 101.5663459960909400, -23.50157615536511500, 311.6650884228450900 ) ) ;
#2153 = CARTESIAN_POINT ( 'NONE',  ( 108.4915377803354500, -22.00157526347564400, 305.8922838702963500 ) ) ;
#2154 = CARTESIAN_POINT ( 'NONE',  ( 101.1124447409943200, -22.00157621382272300, 317.5810028501339800 ) ) ;
#2155 = B_SPLINE_CURVE_WITH_KNOTS ( 'NONE', 3,
 ( #4930, #4068, #246, #5060, #5019, #2206, #4531, #3570, #1656, #1179, #2665, #726, #3134, #4089, #2686, #790, #3612, #309, #5979, #3113, #5481, #1246, #2161, #4995, #773, #265, #220, #5460, #6018, #4048, #4574, #1722 ),
 .UNSPECIFIED., .F., .F.,
 ( 4, 2, 2, 2, 2, 2, 2, 2, 2, 2, 2, 2, 2, 2, 2, 4 ),
 ( 0.0000000000000000000, 0.06250000000000000000, 0.1250000000000000000, 0.1875000000000000000, 0.2500000000000000000, 0.3125000000000000000, 0.3750000000000000000, 0.4375000000000000600, 0.5000000000000000000, 0.5625000000000000000, 0.6250000000000000000, 0.6875000000000000000, 0.7500000000000000000, 0.8125000000000000000, 0.8750000000000001100, 1.000000000000000000 ),
 .UNSPECIFIED. ) ;
#2156 = ORIENTED_EDGE ( 'NONE', *, *, #2352, .F. ) ;
#2157 = EDGE_CURVE ( 'NONE', #3217, #1576, #2027, .T. ) ;
#2158 = CARTESIAN_POINT ( 'NONE',  ( 115.7113173688637500, 17.89438442654755000, 312.0699450146614100 ) ) ;
#2159 = CARTESIAN_POINT ( 'NONE',  ( 113.5461974151335100, -22.00157461249048300, 312.5018187477706400 ) ) ;
#2160 = CARTESIAN_POINT ( 'NONE',  ( 113.5115897384027300, -22.00157461694750400, 312.0723678475598000 ) ) ;
#2161 = CARTESIAN_POINT ( 'NONE',  ( 111.0121021099292700, -22.00157493885449600, 316.7512929532389300 ) ) ;
#2162 = CARTESIAN_POINT ( 'NONE',  ( 107.1245173165678600, -22.00157543953299600, 304.2272058294943200 ) ) ;
#2163 = ORIENTED_EDGE ( 'NONE', *, *, #3909, .F. ) ;
#2164 = CARTESIAN_POINT ( 'NONE',  ( 101.1677930296859500, 17.89438629959464700, 313.1767771317767600 ) ) ;
#2165 = CIRCLE ( 'NONE', #620, 1.599999999999955200 ) ;
#2166 = CARTESIAN_POINT ( 'NONE',  ( 100.1238078155170300, -22.00157634114832200, 311.2275499427685800 ) ) ;
#2167 = CARTESIAN_POINT ( 'NONE',  ( 104.1797198358563000, -22.00157581879093300, 307.7833986403278500 ) ) ;
#2168 = ORIENTED_EDGE ( 'NONE', *, *, #5201, .T. ) ;
#2169 = DIRECTION ( 'NONE',  ( 0.9999999999999525900, -0.0000000000000000000, -3.079986237769798100E-007 ) ) ;
#2170 = CARTESIAN_POINT ( 'NONE',  ( 112.1477730714586200, -22.00157479259231200, 305.7170622473495300 ) ) ;
#2171 = CARTESIAN_POINT ( 'NONE',  ( 114.1101422069315100, 16.39438463276145800, 316.7506207577246800 ) ) ;
#2172 = CIRCLE ( 'NONE', #6087, 1.100000000000042100 ) ;
#2173 = AXIS2_PLACEMENT_3D ( 'NONE', #2950, #5893, #178 ) ;
#2174 = CARTESIAN_POINT ( 'NONE',  ( 112.1467659848999400, 16.39438488562278800, 308.8162922593954800 ) ) ;
#2175 = ADVANCED_FACE ( 'NONE', ( #1653 ), #159, .F. ) ;
#2176 = AXIS2_PLACEMENT_3D ( 'NONE', #2275, #3747, #4216 ) ;
#2177 = CARTESIAN_POINT ( 'NONE',  ( 109.9250485388224500, -23.50157507885506200, 309.5802934135017500 ) ) ;
#2178 = CARTESIAN_POINT ( 'NONE',  ( 101.8604674100779200, 16.39438621038579700, 318.5560053118198300 ) ) ;
#2179 = CARTESIAN_POINT ( 'NONE',  ( 99.73631805379960700, -22.00157639105281900, 312.8871074679189000 ) ) ;
#2180 = ORIENTED_EDGE ( 'NONE', *, *, #6153, .T. ) ;
#2181 = CARTESIAN_POINT ( 'NONE',  ( 110.6661786226897400, -23.50157498340566800, 313.9876342158947900 ) ) ;
#2182 = ADVANCED_FACE ( 'NONE', ( #3292 ), #3293, .T. ) ;
#2183 = CARTESIAN_POINT ( 'NONE',  ( 101.2726626519665300, -22.00157619318839900, 317.9678222516635100 ) ) ;
#2184 = VERTEX_POINT ( 'NONE', #4449 ) ;
#2185 = CARTESIAN_POINT ( 'NONE',  ( 115.3383138505593300, -23.50157438168536200, 313.0452304080950500 ) ) ;
#2186 = DIRECTION ( 'NONE',  ( 0.9999999999999525900, -0.0000000000000000000, -3.079986399256808500E-007 ) ) ;
#2187 = CARTESIAN_POINT ( 'NONE',  ( 106.5396766188376600, -22.00157551485413200, 304.9282369329603700 ) ) ;
#2188 = CARTESIAN_POINT ( 'NONE',  ( 101.4927431198583700, -23.50157616484437300, 311.5423879660189600 ) ) ;
#2189 = CARTESIAN_POINT ( 'NONE',  ( 114.0605997767866900, 16.39438463914204600, 313.1717622859301300 ) ) ;
#2190 = VERTEX_POINT ( 'NONE', #2459 ) ;
#2191 = CARTESIAN_POINT ( 'NONE',  ( 100.4649053595307000, -22.00157629721870100, 313.3165221225489700 ) ) ;
#2192 = CARTESIAN_POINT ( 'NONE',  ( 112.3532841766655500, -22.00157476612482600, 315.5759636719994900 ) ) ;
#2193 = CARTESIAN_POINT ( 'NONE',  ( 104.0595690800340500, -22.00157583426516100, 317.9722055790105100 ) ) ;
#2194 = CARTESIAN_POINT ( 'NONE',  ( 113.9590640166525000, -22.00157455931774900, 308.0727106423938700 ) ) ;
#2195 = CARTESIAN_POINT ( 'NONE',  ( 106.9373206304715800, 17.89438555654242400, 306.0978104553855100 ) ) ;
#2196 = CARTESIAN_POINT ( 'NONE',  ( 103.7930779754214000, 16.39438596148652400, 306.1354038043440400 ) ) ;
#2197 = CARTESIAN_POINT ( 'NONE',  ( 103.9438255902959600, 16.39438594207201300, 318.1468928258783000 ) ) ;
#2198 = B_SPLINE_CURVE_WITH_KNOTS ( 'NONE', 1,
 ( #6074, #5621 ),
 .UNSPECIFIED., .F., .F.,
 ( 2, 2 ),
 ( 0.0000000000000000000, 1.000000000000000000 ),
 .UNSPECIFIED. ) ;
#2199 = CARTESIAN_POINT ( 'NONE',  ( 100.7580040213086800, -23.50157625947076700, 311.1165221225489900 ) ) ;
#2200 = CARTESIAN_POINT ( 'NONE',  ( 106.6224824140489900, -22.00157550418964900, 305.7041689008591400 ) ) ;
#2201 = CARTESIAN_POINT ( 'NONE',  ( 102.1452760000130800, -22.00157608080530000, 318.6846893606041200 ) ) ;
#2202 = FACE_BOUND ( 'NONE', #1414, .T. ) ;
#2203 = CARTESIAN_POINT ( 'NONE',  ( 103.7930781686050100, 17.89438596148664800, 318.2976404407530100 ) ) ;
#2204 = CARTESIAN_POINT ( 'NONE',  ( 114.4649055527165400, -23.50157449417076100, 313.3165221225489700 ) ) ;
#2205 = CARTESIAN_POINT ( 'NONE',  ( 99.93692762207497500, 17.89438645811666700, 313.0974970879864300 ) ) ;
#2206 = CARTESIAN_POINT ( 'NONE',  ( 113.0768361784226100, -22.00157467293919200, 315.6475693784035500 ) ) ;
#2207 = EDGE_LOOP ( 'NONE', ( #1871, #4381, #2777, #6166 ) ) ;
#2208 = ADVANCED_FACE ( 'NONE', ( #3738 ), #2704, .T. ) ;
#2209 = CARTESIAN_POINT ( 'NONE',  ( 101.2854031581669300, 17.89438628444772300, 311.3349779505747400 ) ) ;
#2210 = EDGE_CURVE ( 'NONE', #4625, #777, #2029, .T. ) ;
#2211 = CARTESIAN_POINT ( 'NONE',  ( 115.6767117725235600, -22.00157433810336700, 311.9312254973269800 ) ) ;
#2212 = CARTESIAN_POINT ( 'NONE',  ( 111.0004514848895400, -22.00157494035480400, 311.3109307595422000 ) ) ;
#2213 = AXIS2_PLACEMENT_3D ( 'NONE', #2495, #2473, #4401 ) ;
#2214 = CARTESIAN_POINT ( 'NONE',  ( 107.6827121249135900, 17.89438546054410800, 304.1164551257327800 ) ) ;
#2215 = CARTESIAN_POINT ( 'NONE',  ( 112.8469046258151100, 16.39438479545248500, 301.6051667339712600 ) ) ;
#2216 = CARTESIAN_POINT ( 'NONE',  ( 108.4401628793722100, -22.00157527009228500, 318.4896630589984700 ) ) ;
#2217 = DIRECTION ( 'NONE',  ( 0.0000000000000000000, -1.000000000000000000, 0.0000000000000000000 ) ) ;
#2218 = CARTESIAN_POINT ( 'NONE',  ( 106.5393450868745900, 17.89438560779732200, 305.5040099607101100 ) ) ;
#2219 = CARTESIAN_POINT ( 'NONE',  ( 111.1114547870119900, -23.50157492605889300, 312.2165221234050100 ) ) ;
#2220 = CARTESIAN_POINT ( 'NONE',  ( 104.2616005660518300, 16.39438590114605500, 317.0596416593666600 ) ) ;
#2221 = CARTESIAN_POINT ( 'NONE',  ( 103.1773412418068700, 16.39438604078683800, 318.6849698033111100 ) ) ;
#2222 = CARTESIAN_POINT ( 'NONE',  ( 99.73218095264890300, -22.00157639158561200, 311.5400262301615700 ) ) ;
#2223 = CARTESIAN_POINT ( 'NONE',  ( 107.3223646621711400, -22.00157541405243900, 306.2879363579486400 ) ) ;
#2224 = CARTESIAN_POINT ( 'NONE',  ( 108.6831453502111600, 17.89438533169926500, 305.5042942948988400 ) ) ;
#2225 = CARTESIAN_POINT ( 'NONE',  ( 119.0617337632421900, -22.00157390214946300, 315.2744100258167400 ) ) ;
#2226 = ORIENTED_EDGE ( 'NONE', *, *, #287, .F. ) ;
#2227 = CARTESIAN_POINT ( 'NONE',  ( 101.2726626519665300, -22.00157619318839900, 317.9678222516635100 ) ) ;
#2228 = CARTESIAN_POINT ( 'NONE',  ( 107.4673005120231200, -23.50157539538637500, 320.3163869779821200 ) ) ;
#2229 = CARTESIAN_POINT ( 'NONE',  ( 115.7046540427095200, -22.00157433450471000, 312.0723378798599000 ) ) ;
#2230 = CARTESIAN_POINT ( 'NONE',  ( 74.25617807612289300, -23.50157967261759900, 298.0250565698730700 ) ) ;
#2231 = ORIENTED_EDGE ( 'NONE', *, *, #243, .T. ) ;
#2232 = CARTESIAN_POINT ( 'NONE',  ( 101.3795888539340500, 17.89438627231768900, 316.1856463558299900 ) ) ;
#2233 = CARTESIAN_POINT ( 'NONE',  ( 113.5291038391100500, 16.39438470759268200, 301.9699905328029700 ) ) ;
#2234 = CARTESIAN_POINT ( 'NONE',  ( 114.8309537167309600, -23.50157444702800900, 321.6156193162371400 ) ) ;
#2235 = CARTESIAN_POINT ( 'NONE',  ( 113.2711364986853100, 16.39438474081625000, 318.6044235756002600 ) ) ;
#2236 = CARTESIAN_POINT ( 'NONE',  ( 107.0562664827425900, 17.89438554122363800, 318.2557562286977500 ) ) ;
#2237 = ORIENTED_EDGE ( 'NONE', *, *, #2648, .F. ) ;
#2238 = ADVANCED_FACE ( 'NONE', ( #3440 ), #3437, .T. ) ;
#2239 = CARTESIAN_POINT ( 'NONE',  ( 111.1114545938854500, -22.00157492605890400, 311.9854108401957500 ) ) ;
#2240 = CARTESIAN_POINT ( 'NONE',  ( 102.4537892400467600, 16.39438613397243900, 318.7565755097091900 ) ) ;
#2241 = CARTESIAN_POINT ( 'NONE',  ( 101.2818176912621900, -23.50157619200929600, 313.0918458203436800 ) ) ;
#2242 = LINE ( 'NONE', #6128, #1779 ) ;
#2243 = CARTESIAN_POINT ( 'NONE',  ( 108.0730819188745500, 17.89438541026880700, 308.7162692109592400 ) ) ;
#2244 = EDGE_LOOP ( 'NONE', ( #5064, #4490, #509, #2237 ) ) ;
#2245 = EDGE_CURVE ( 'NONE', #6095, #2674, #2981, .T. ) ;
#2246 = FACE_OUTER_BOUND ( 'NONE', #5079, .T. ) ;
#2247 = CARTESIAN_POINT ( 'NONE',  ( 104.1114545938283000, -22.00157582758280500, 312.2165221217624100 ) ) ;
#2248 = CARTESIAN_POINT ( 'NONE',  ( 114.8992267661776900, -22.00157443823503200, 313.2882126857419400 ) ) ;
#2249 = DIRECTION ( 'NONE',  ( 0.9999999999999525900, -0.0000000000000000000, -3.079986043985438500E-007 ) ) ;
#2250 = CARTESIAN_POINT ( 'NONE',  ( 119.3434872791266300, 17.89438395876371900, 310.6774664847585000 ) ) ;
#2251 = EDGE_CURVE ( 'NONE', #5320, #4090, #5232, .T. ) ;
#2252 = EDGE_LOOP ( 'NONE', ( #2267, #2398, #3432, #1353 ) ) ;
#2253 = CARTESIAN_POINT ( 'NONE',  ( 100.8997362720894600, 16.39438633411742100, 313.2882983554775900 ) ) ;
#2254 = CARTESIAN_POINT ( 'NONE',  ( 112.0447709366300200, -22.00157480585788200, 308.7851944239842500 ) ) ;
#2255 = CARTESIAN_POINT ( 'NONE',  ( 111.1725980857843700, -22.00157491818435300, 316.3641259450616300 ) ) ;
#2256 = CARTESIAN_POINT ( 'NONE',  ( 113.6925729120333600, 16.39438468653972700, 308.3981455041409300 ) ) ;
#2257 = ORIENTED_EDGE ( 'NONE', *, *, #2123, .F. ) ;
#2258 = CARTESIAN_POINT ( 'NONE',  ( 107.4672703511488800, 16.39438548829084400, 320.3097215714286700 ) ) ;
#2259 = DIRECTION ( 'NONE',  ( 0.0000000000000000000, -1.176836406102669400E-014, 1.000000000000000000 ) ) ;
#2260 = CC_DESIGN_APPROVAL ( #1841, ( #3838 ) ) ;
#2261 = DIRECTION ( 'NONE',  ( 0.0000000000000000000, 1.000000000000000000, -0.0000000000000000000 ) ) ;
#2262 = MANIFOLD_SOLID_BREP ( 'brep_1', #4512 ) ;
#2263 = CARTESIAN_POINT ( 'NONE',  ( 111.5853654175509000, -22.00157486502432700, 308.5396265377974600 ) ) ;
#2264 = EDGE_LOOP ( 'NONE', ( #2895, #3275 ) ) ;
#2265 = CARTESIAN_POINT ( 'NONE',  ( 114.1609884841645100, -23.50157453331220100, 317.3797964300520100 ) ) ;
#2266 = CARTESIAN_POINT ( 'NONE',  ( 104.5567309504765900, 17.89438586313646300, 313.9876342144726200 ) ) ;
#2267 = ORIENTED_EDGE ( 'NONE', *, *, #3710, .F. ) ;
#2268 = CARTESIAN_POINT ( 'NONE',  ( 116.5004505982977000, -22.00157423201475000, 304.4065011100347500 ) ) ;
#2269 = CARTESIAN_POINT ( 'NONE',  ( 102.7664565495373500, -22.00157600080400400, 318.7663509778953400 ) ) ;
#2270 = CARTESIAN_POINT ( 'NONE',  ( 106.5397640306333800, -22.00157551484301900, 319.5042942948985600 ) ) ;
#2271 = CARTESIAN_POINT ( 'NONE',  ( 119.0572085878575600, 17.89438399563334100, 315.2912558548484900 ) ) ;
#2272 = DIRECTION ( 'NONE',  ( 3.079986439502666300E-007, 1.553119612085528500E-013, 0.9999999999999524800 ) ) ;
#2273 = CARTESIAN_POINT ( 'NONE',  ( 118.3828073024458700, -23.50157398958772600, 307.3188167799732500 ) ) ;
#2274 = FACE_BOUND ( 'NONE', #5433, .T. ) ;
#2275 = CARTESIAN_POINT ( 'NONE',  ( 78.36368816194959700, -21.25157914361497500, 300.1538784402420100 ) ) ;
#2276 = CARTESIAN_POINT ( 'NONE',  ( 104.1335595846325600, 17.89438591763635200, 311.7580540058318100 ) ) ;
#2277 = CARTESIAN_POINT ( 'NONE',  ( 111.2892707078083100, -22.00157490315809400, 308.2435580602644900 ) ) ;
#2278 = CARTESIAN_POINT ( 'NONE',  ( 109.9215064996296300, -22.00157507931123700, 314.8559783317380700 ) ) ;
#2279 = ORIENTED_EDGE ( 'NONE', *, *, #5310, .T. ) ;
#2280 = CARTESIAN_POINT ( 'NONE',  ( 106.5114547870119800, 17.89438561138928200, 305.3630713568454700 ) ) ;
#2281 = DIRECTION ( 'NONE',  ( -1.000000000000000000, 0.0000000000000000000, 0.0000000000000000000 ) ) ;
#2282 = CARTESIAN_POINT ( 'NONE',  ( 101.5303362756242900, -22.00157616000272800, 308.3981455041409300 ) ) ;
#2283 = EDGE_CURVE ( 'NONE', #1299, #6040, #3936, .T. ) ;
#2284 = CARTESIAN_POINT ( 'NONE',  ( 112.1464960063529200, -22.00157479275680200, 308.8161403989446400 ) ) ;
#2285 = CARTESIAN_POINT ( 'NONE',  ( 76.11368797334537800, 2.146152726458149900, 317.1662699092013300 ) ) ;
#2286 = CARTESIAN_POINT ( 'NONE',  ( 111.8530561940008400, 16.39438492344940100, 308.7058894343165900 ) ) ;
#2287 = CARTESIAN_POINT ( 'NONE',  ( 106.7308508419360000, 17.89438558313363400, 319.8917641798867600 ) ) ;
#2288 = ORIENTED_EDGE ( 'NONE', *, *, #3909, .T. ) ;
#2289 = CARTESIAN_POINT ( 'NONE',  ( 101.9535614505686000, -23.50157610549590000, 305.8276598741645100 ) ) ;
#2290 = CARTESIAN_POINT ( 'NONE',  ( 110.2480133505263400, -22.00157503726070000, 309.9034085599641900 ) ) ;
#2291 = CARTESIAN_POINT ( 'NONE',  ( 109.7452219271859900, 17.89438519491550400, 309.4319897504212800 ) ) ;
#2292 = CARTESIAN_POINT ( 'NONE',  ( 112.1464961995366100, -23.50157479275678800, 308.8161403989446400 ) ) ;
#2293 = CARTESIAN_POINT ( 'NONE',  ( 113.3696019653661200, -23.50157463523403200, 305.8694643761271000 ) ) ;
#2294 = CARTESIAN_POINT ( 'NONE',  ( 105.2978608420567800, -22.00157567478661500, 314.8527508316191800 ) ) ;
#2295 = VERTEX_POINT ( 'NONE', #3536 ) ;
#2296 = CARTESIAN_POINT ( 'NONE',  ( 114.6114547870119900, -23.50157447529692000, 313.3165221225489700 ) ) ;
#2297 = CARTESIAN_POINT ( 'NONE',  ( 115.2872165347595500, -23.50157438826614600, 311.3364389360587600 ) ) ;
#2298 = CARTESIAN_POINT ( 'NONE',  ( 102.4515515249874200, -22.00157604136034800, 318.7561338190967000 ) ) ;
#2299 = VERTEX_POINT ( 'NONE', #714 ) ;
#2300 = CARTESIAN_POINT ( 'NONE',  ( 106.5114545938283000, -22.00157551848887400, 319.2165221225490100 ) ) ;
#2301 = CARTESIAN_POINT ( 'NONE',  ( 111.4267309364158500, 17.89438497835534700, 300.9961594090355600 ) ) ;
#2302 = CARTESIAN_POINT ( 'NONE',  ( 108.7114547870120000, 17.89438532805347000, 319.2165221225490100 ) ) ;
#2303 = CARTESIAN_POINT ( 'NONE',  ( 107.6827119317299700, 16.39438546054412200, 304.1164551257327800 ) ) ;
#2304 = ORIENTED_EDGE ( 'NONE', *, *, #2157, .T. ) ;
#2305 = CARTESIAN_POINT ( 'NONE',  ( 112.8573084989564400, -23.50157470121206100, 322.8440692545684100 ) ) ;
#2306 = CARTESIAN_POINT ( 'NONE',  ( 108.6834773240378000, 17.89438533165666800, 319.5034921377945800 ) ) ;
#2307 = FACE_OUTER_BOUND ( 'NONE', #2782, .T. ) ;
#2308 = CARTESIAN_POINT ( 'NONE',  ( 102.2472712414657100, -23.50157606766928700, 305.7172570491002300 ) ) ;
#2309 = CARTESIAN_POINT ( 'NONE',  ( 111.0004514848895400, -22.00157494035480400, 311.3109307595422000 ) ) ;
#2310 = CARTESIAN_POINT ( 'NONE',  ( 78.36368816194959700, -21.25157914361497500, 300.3904008652820000 ) ) ;
#2311 = CARTESIAN_POINT ( 'NONE',  ( 104.2902757315078300, 16.39438589745306600, 311.0889164550149500 ) ) ;
#2312 = EDGE_LOOP ( 'NONE', ( #3237, #603, #144, #3577 ) ) ;
#2313 = FACE_OUTER_BOUND ( 'NONE', #5592, .T. ) ;
#2314 = CARTESIAN_POINT ( 'NONE',  ( 111.1114545937722900, -22.00157492605890800, 312.4474776777421400 ) ) ;
#2315 = EDGE_LOOP ( 'NONE', ( #4034, #559, #5982, #5427 ) ) ;
#2316 = EDGE_CURVE ( 'NONE', #6040, #449, #4414, .T. ) ;
#2317 = CARTESIAN_POINT ( 'NONE',  ( 108.2879504862145700, 16.39438538259603500, 306.0957957637366500 ) ) ;
#2318 = CARTESIAN_POINT ( 'NONE',  ( 107.8383666631536500, 16.39438544049764700, 308.7163976599805400 ) ) ;
#2319 = CARTESIAN_POINT ( 'NONE',  ( 103.0764131812976800, -22.00157596088492800, 315.6169038461724800 ) ) ;
#2320 = EDGE_CURVE ( 'NONE', #4475, #4396, #3845, .T. ) ;
#2321 = DIRECTION ( 'NONE',  ( 0.9999999999999525900, -0.0000000000000000000, -3.079986237769798100E-007 ) ) ;
#2322 = CARTESIAN_POINT ( 'NONE',  ( 119.3604692656019500, 17.89438395657665700, 313.7712191769753100 ) ) ;
#2323 = ORIENTED_EDGE ( 'NONE', *, *, #643, .T. ) ;
#2324 = DIRECTION ( 'NONE',  ( 0.9999999999999525900, -0.0000000000000000000, -3.079986237769638300E-007 ) ) ;
#2325 = CARTESIAN_POINT ( 'NONE',  ( 101.3893262384870000, 16.39438627106364200, 318.1424388994795400 ) ) ;
#2326 = CARTESIAN_POINT ( 'NONE',  ( 109.9250483456387700, -22.00157507885507300, 309.5802934135017500 ) ) ;
#2327 = CARTESIAN_POINT ( 'NONE',  ( 104.1114547870119900, -23.50157582758265200, 312.2165221216940300 ) ) ;
#2328 = CARTESIAN_POINT ( 'NONE',  ( 108.7114545938283800, 16.39438532805348800, 319.2165221225490100 ) ) ;
#2329 = CARTESIAN_POINT ( 'NONE',  ( 101.1429609958560900, -23.50157620989246300, 307.7811866465006000 ) ) ;
#2330 = CARTESIAN_POINT ( 'NONE',  ( 111.1228540684897400, -22.00157492459074100, 307.9751744679641100 ) ) ;
#2331 = DIRECTION ( 'NONE',  ( -0.9999999999999916700, 1.287890777357250000E-007, 0.0000000000000000000 ) ) ;
#2332 = CARTESIAN_POINT ( 'NONE',  ( 111.1114545938283000, -22.00157492605892200, 312.2165221234050100 ) ) ;
#2333 = CARTESIAN_POINT ( 'NONE',  ( 101.0991013721442600, -22.00157621554114200, 313.2054943023320600 ) ) ;
#2334 = CARTESIAN_POINT ( 'NONE',  ( 106.9408692484548000, 16.39438555608538600, 306.0916586625735400 ) ) ;
#2335 = CARTESIAN_POINT ( 'NONE',  ( 109.7452217340023700, 16.39438519491551500, 309.4319897504212800 ) ) ;
#2336 = CARTESIAN_POINT ( 'NONE',  ( 116.9918136672436600, -23.50157416873255300, 305.0040527528942100 ) ) ;
#2337 = CARTESIAN_POINT ( 'NONE',  ( 111.7673577795567600, 16.39438493448658800, 323.2950958947356000 ) ) ;
#2338 = CARTESIAN_POINT ( 'NONE',  ( 101.6038251727247000, 16.39438624343836900, 306.0618349918446500 ) ) ;
#2339 = ORIENTED_EDGE ( 'NONE', *, *, #6042, .F. ) ;
#2340 = CARTESIAN_POINT ( 'NONE',  ( 104.9747277980178000, -22.00157571640256300, 309.9032647171295000 ) ) ;
#2341 = B_SPLINE_SURFACE_WITH_KNOTS ( 'NONE', 1, 3, ( 
 ( #659, #5813, #4422, #2013, #2513, #621, #5348, #133, #4848, #5394, #3007, #3904, #3944, #4908, #4359, #638, #1509, #1574, #4868, #1112, #4444, #2056, #96, #1988 ),
 ( #1592, #2070, #5414, #2555, #577, #5501, #2598, #2645, #4950, #3135, #4972, #2095, #5938, #2625, #1137, #2162, #5040, #5980, #3550, #3048, #5523, #2187, #1698, #1635 ) ),
 .UNSPECIFIED., .F., .F., .F.,
 ( 2, 2 ),
 ( 4, 2, 2, 2, 2, 2, 2, 2, 2, 2, 2, 4 ),
 ( 0.0000000000000000000, 1.000000000000000000 ),
 ( 0.0000000000000000000, 0.0004295930917391781400, 0.0006443896376087672000, 0.0008591861834783562700, 0.001288779275217534400, 0.001718372366956712500, 0.001933168912826301600, 0.002147965458695890700, 0.002362762004565480000, 0.002577558550435068800, 0.003007151642174246900, 0.003436744733913425100 ),
 .UNSPECIFIED. ) ;
#2342 = CARTESIAN_POINT ( 'NONE',  ( 114.6114547870119900, -23.50157447529692000, 313.3165221225489700 ) ) ;
#2343 = CARTESIAN_POINT ( 'NONE',  ( 103.6425636396698500, 17.89438598087127000, 318.4481549696878900 ) ) ;
#2344 = CARTESIAN_POINT ( 'NONE',  ( 103.1773414349873500, -23.50157594788635500, 305.7480744417791800 ) ) ;
#2345 = CARTESIAN_POINT ( 'NONE',  ( 104.5754600289815500, -22.00157576782393000, 310.4586144236952800 ) ) ;
#2346 = APPROVAL_ROLE ( '' ) ;
#2347 = EDGE_CURVE ( 'NONE', #4779, #1476, #4814, .T. ) ;
#2348 = B_SPLINE_SURFACE_WITH_KNOTS ( 'NONE', 1, 3, ( 
 ( #2666, #3571, #3094, #4467, #3981, #266, #221, #1613, #6002, #751, #1657, #727, #1180, #4049, #3613, #1226, #4996, #3114, #5435, #3591, #4069, #285, #4511, #2578, #5915, #196, #3528, #2141, #5482, #247 ),
 ( #686, #1204, #4532, #4489, #1677, #5020, #4575, #5549, #6039, #3156, #4639, #791, #910, #1385, #3333, #2815, #460, #945, #6152, #1833, #2319, #3734, #3708, #2779, #3297, #4264, #1422, #871, #6112, #1891 ) ),
 .UNSPECIFIED., .F., .F., .F.,
 ( 2, 2 ),
 ( 4, 2, 2, 2, 2, 2, 2, 2, 2, 2, 2, 2, 2, 2, 4 ),
 ( 0.0000000000000000000, 1.000000000000000000 ),
 ( 0.0000000000000000000, 0.0006249605929427960200, 0.0009374408894141940900, 0.001249921185885592000, 0.001562401482356990000, 0.001874881778828388200, 0.002187362075299786400, 0.002499842371771184100, 0.002812322668242581800, 0.003124802964713980000, 0.003437283261185378200, 0.003749763557656776400, 0.004062243854128174500, 0.004374724150599572700, 0.004999684743542368200 ),
 .UNSPECIFIED. ) ;
#2349 = CARTESIAN_POINT ( 'NONE',  ( 108.3374665767885100, -22.00157528331848800, 320.0460390413224400 ) ) ;
#2350 = CARTESIAN_POINT ( 'NONE',  ( 78.36368845172501100, 17.89438923651409000, 300.3904008642169900 ) ) ;
#2351 = DIRECTION ( 'NONE',  ( 0.0000000000000000000, 0.0000000000000000000, 1.000000000000000000 ) ) ;
#2352 = EDGE_CURVE ( 'NONE', #3662, #6, #5096, .T. ) ;
#2353 = CARTESIAN_POINT ( 'NONE',  ( 116.5004507914814000, -23.50157423201474000, 304.4065011100347500 ) ) ;
#2354 = B_SPLINE_CURVE_WITH_KNOTS ( 'NONE', 1,
 ( #4441, #4929 ),
 .UNSPECIFIED., .F., .F.,
 ( 2, 2 ),
 ( 0.0000000000000000000, 1.000000000000000000 ),
 .UNSPECIFIED. ) ;
#2355 = CARTESIAN_POINT ( 'NONE',  ( 77.61368816194959700, -7.753342210153519400, 305.6667749725874000 ) ) ;
#2356 = ORIENTED_EDGE ( 'NONE', *, *, #3273, .T. ) ;
#2357 = CARTESIAN_POINT ( 'NONE',  ( 115.6828688292346100, 16.39438443021146000, 311.9274321908875400 ) ) ;
#2358 = CARTESIAN_POINT ( 'NONE',  ( 101.8597824290695400, 17.89438621047387900, 305.8775326204155900 ) ) ;
#2359 = CARTESIAN_POINT ( 'NONE',  ( 107.4648776791437500, -23.50157539569832100, 306.3163847044056100 ) ) ;
#2360 = CARTESIAN_POINT ( 'NONE',  ( 103.7195890783198100, 16.39438597095113100, 308.4717143166399200 ) ) ;
#2361 = CARTESIAN_POINT ( 'NONE',  ( 111.1721575885766100, 16.39438501114178600, 316.3647169300458600 ) ) ;
#2362 = CARTESIAN_POINT ( 'NONE',  ( 101.8551281472761500, 17.89438621107345300, 318.5647687360585700 ) ) ;
#2363 = CARTESIAN_POINT ( 'NONE',  ( 102.7665321110349100, -23.50157600079413500, 305.6668332239700600 ) ) ;
#2364 = EDGE_LOOP ( 'NONE', ( #3166, #5148 ) ) ;
#2365 = CARTESIAN_POINT ( 'NONE',  ( 113.6501154430739600, 16.39438469200796400, 312.7703318003428900 ) ) ;
#2366 = DIRECTION ( 'NONE',  ( 0.0000000000000000000, 0.0000000000000000000, 1.000000000000000000 ) ) ;
#2367 = APPROVAL_DATE_TIME ( #2526, #898 ) ;
#2368 = B_SPLINE_CURVE_WITH_KNOTS ( 'NONE', 3,
 ( #3891, #1996, #1064, #2894, #4386, #120, #937, #2849, #3326, #223, #4114, #2143, #4091, #3592, #753, #4025, #4514, #5550 ),
 .UNSPECIFIED., .F., .F.,
 ( 4, 2, 2, 2, 2, 2, 2, 2, 4 ),
 ( 0.0000000000000000000, 0.1250000000000000000, 0.2500000000000000000, 0.3750000000000000000, 0.5000000000000000000, 0.6250000000000000000, 0.7500000000000000000, 0.8750000000000000000, 1.000000000000000000 ),
 .UNSPECIFIED. ) ;
#2369 = B_SPLINE_CURVE_WITH_KNOTS ( 'NONE', 3,
 ( #3812, #5741, #2878, #462, #505, #3832, #1484, #4822, #5700, #2838, #6173, #990, #4310, #2442, #2378, #1462, #3317, #4802 ),
 .UNSPECIFIED., .F., .F.,
 ( 4, 2, 2, 2, 2, 2, 2, 2, 4 ),
 ( 0.0000000000000000000, 0.1250000000000000000, 0.2500000000000000000, 0.3750000000000000000, 0.5000000000000000000, 0.6250000000000000000, 0.7500000000000000000, 0.8750000000000000000, 1.000000000000000000 ),
 .UNSPECIFIED. ) ;
#2370 = DIRECTION ( 'NONE',  ( -1.000000000000000000, 0.0000000000000000000, 0.0000000000000000000 ) ) ;
#2371 = VERTEX_POINT ( 'NONE', #860 ) ;
#2372 = B_SPLINE_SURFACE_WITH_KNOTS ( 'NONE', 1, 3, ( 
 ( #3340, #486, #3816, #508, #68, #1447, #5280, #2906, #4782, #973, #25, #4292, #994, #4314, #4336, #3402, #4806, #3882, #5327, #575, #1528, #1032, #5243, #1488 ),
 ( #552, #5810, #4826, #2424, #2948, #1969, #5768, #5302, #2381, #2445, #5786, #2928, #4356, #93, #3902, #618, #2512, #5913, #5392, #3942, #2035, #4948, #4420, #5853 ) ),
 .UNSPECIFIED., .F., .F., .F.,
 ( 2, 2 ),
 ( 4, 2, 2, 2, 2, 2, 2, 2, 2, 2, 2, 4 ),
 ( 0.0000000000000000000, 1.000000000000000000 ),
 ( 9.856160834467555000E-016, 0.0004295927889234783200, 0.0006443891833847247100, 0.0008591855778459709900, 0.001288778366768463700, 0.001718371155690956400, 0.001933167550152202800, 0.002147963944613449200, 0.002362760339074695600, 0.002577556733535942000, 0.003007149522458434800, 0.003436742311380927100 ),
 .UNSPECIFIED. ) ;
#2373 = FACE_BOUND ( 'NONE', #5615, .T. ) ;
#2374 = CARTESIAN_POINT ( 'NONE',  ( 113.6925731052169800, -23.50157459363889600, 308.3981455041409800 ) ) ;
#2375 = CARTESIAN_POINT ( 'NONE',  ( 99.93568703386461000, 17.89438645827641800, 311.3364380419535600 ) ) ;
#2376 = CARTESIAN_POINT ( 'NONE',  ( 111.4233489368148000, -23.50157488589046700, 323.4381494269658200 ) ) ;
#2377 = ORIENTED_EDGE ( 'NONE', *, *, #2955, .F. ) ;
#2378 = CARTESIAN_POINT ( 'NONE',  ( 102.2451969210513500, 17.89438616083673500, 308.8262254780377100 ) ) ;
#2379 = CYLINDRICAL_SURFACE ( 'NONE', #2176, 0.7500000000000006700 ) ;
#2380 = CARTESIAN_POINT ( 'NONE',  ( 111.1114547870110000, 17.89438501895974900, 312.2165221234050100 ) ) ;
#2381 = CARTESIAN_POINT ( 'NONE',  ( 101.5727876727006000, 16.39438624743572600, 311.6627105937291700 ) ) ;
#2382 = CARTESIAN_POINT ( 'NONE',  ( 112.6652488412172300, 17.89438481884782600, 305.6667164290761900 ) ) ;
#2383 = DIRECTION ( 'NONE',  ( 3.079986439502559400E-007, 9.757819552369473600E-015, 0.9999999999999525900 ) ) ;
#2384 = CARTESIAN_POINT ( 'NONE',  ( 74.25617807612289300, -23.50157967261790400, 324.0426434307000200 ) ) ;
#2385 = EDGE_LOOP ( 'NONE', ( #124, #4046, #517, #151 ) ) ;
#2386 = CARTESIAN_POINT ( 'NONE',  ( 102.5554569423888400, 16.39438612087858300, 305.6668568679871800 ) ) ;
#2387 = CARTESIAN_POINT ( 'NONE',  ( 103.7930779754213000, -22.00157586858616900, 306.1354038043439800 ) ) ;
#2388 = CARTESIAN_POINT ( 'NONE',  ( 101.0617850274879100, 17.89438631324724900, 307.4790886692218800 ) ) ;
#2389 = CARTESIAN_POINT ( 'NONE',  ( 107.0562664827741100, 17.89438554122347800, 304.2557562286991700 ) ) ;
#2390 = B_SPLINE_CURVE_WITH_KNOTS ( 'NONE', 1,
 ( #3, #3836 ),
 .UNSPECIFIED., .F., .F.,
 ( 2, 2 ),
 ( 0.0000000000000000000, 1.000000000000000000 ),
 .UNSPECIFIED. ) ;
#2391 = CARTESIAN_POINT ( 'NONE',  ( 77.61368837707473700, -9.803594741847591700, 313.3165224408962200 ) ) ;
#2392 = CARTESIAN_POINT ( 'NONE',  ( 107.9652529169265000, -22.00157533125547700, 320.2608367083426500 ) ) ;
#2393 = CARTESIAN_POINT ( 'NONE',  ( 114.1101424001127900, -23.50157453986051000, 307.6824234873684000 ) ) ;
#2394 = CARTESIAN_POINT ( 'NONE',  ( 104.4655844720805500, 16.39438587487521200, 310.6649645484095000 ) ) ;
#2395 = ORIENTED_EDGE ( 'NONE', *, *, #5642, .F. ) ;
#2396 = CARTESIAN_POINT ( 'NONE',  ( 119.4368325807589200, -23.50157385384077800, 311.4310948995760100 ) ) ;
#2397 = CARTESIAN_POINT ( 'NONE',  ( 119.4379872507526700, 16.39438394659315200, 311.4474673182089600 ) ) ;
#2398 = ORIENTED_EDGE ( 'NONE', *, *, #1682, .F. ) ;
#2399 = CARTESIAN_POINT ( 'NONE',  ( 115.4865911338645800, 16.39438445548993100, 312.8871074679235600 ) ) ;
#2400 = CARTESIAN_POINT ( 'NONE',  ( 110.3963558347780600, 17.89438511105660000, 314.3498970532730800 ) ) ;
#2401 = CARTESIAN_POINT ( 'NONE',  ( 108.6835644871505300, -23.50157523874470700, 305.5040099607314800 ) ) ;
#2402 = CARTESIAN_POINT ( 'NONE',  ( 114.1610956958469500, 17.89438462619910600, 307.1601467227612300 ) ) ;
#2403 = CARTESIAN_POINT ( 'NONE',  ( 100.6114545938283100, -22.00157627834475700, 313.3165221225489700 ) ) ;
#2404 = CARTESIAN_POINT ( 'NONE',  ( 106.7308508419426300, -23.50157549023298000, 304.5412800651859000 ) ) ;
#2405 = CARTESIAN_POINT ( 'NONE',  ( 101.9535612573849100, -22.00157610549591400, 305.8276598741645100 ) ) ;
#2406 = CARTESIAN_POINT ( 'NONE',  ( 114.0566099351787300, 16.39438463965585800, 311.2556418967238300 ) ) ;
#2407 = CARTESIAN_POINT ( 'NONE',  ( 107.3237434817861000, 17.89438550677535400, 304.1445346302421100 ) ) ;
#2408 = DATE_TIME_ROLE ( 'classification_date' ) ;
#2409 = B_SPLINE_CURVE_WITH_KNOTS ( 'NONE', 3,
 ( #885, #1380, #4201, #4634, #4166, #5659, #3751, #5160, #1829, #2294, #866, #2795, #4187, #3265, #4713, #2810, #924, #907, #433, #6107, #3247, #6130, #1850, #5640, #2278, #5195, #395, #1321, #1361, #356, #1340, #3226, #2314, #2332 ),
 .UNSPECIFIED., .F., .F.,
 ( 4, 2, 2, 2, 2, 2, 2, 2, 2, 2, 2, 2, 2, 2, 2, 2, 4 ),
 ( 0.0000000000000000000, 0.06250000000000000000, 0.1250000000000000000, 0.1875000000000000300, 0.2500000000000000600, 0.3125000000000000600, 0.3750000000000000600, 0.4375000000000001100, 0.5000000000000001100, 0.5625000000000001100, 0.6250000000000001100, 0.6875000000000002200, 0.7500000000000001100, 0.8125000000000001100, 0.8750000000000000000, 0.9375000000000000000, 1.000000000000000000 ),
 .UNSPECIFIED. ) ;
#2410 = B_SPLINE_CURVE_WITH_KNOTS ( 'NONE', 1,
 ( #3699, #4180 ),
 .UNSPECIFIED., .F., .F.,
 ( 2, 2 ),
 ( 0.0000000000000000000, 1.000000000000000000 ),
 .UNSPECIFIED. ) ;
#2411 = CARTESIAN_POINT ( 'NONE',  ( 112.9791681072737500, 17.89438477841861200, 318.7255330672676900 ) ) ;
#2412 = CARTESIAN_POINT ( 'NONE',  ( 108.2879504862145700, 16.39438538259603500, 306.0957957637366500 ) ) ;
#2413 = VECTOR ( 'NONE', #4669, 1000.000000000000100 ) ;
#2414 = CARTESIAN_POINT ( 'NONE',  ( 113.9995500557751900, -22.00157455410356300, 306.5583748405206800 ) ) ;
#2415 = CARTESIAN_POINT ( 'NONE',  ( 100.3231635370527500, 16.39438640837367000, 311.1447430483976300 ) ) ;
#2416 = CARTESIAN_POINT ( 'NONE',  ( 101.4571475813272800, -22.00157616942860600, 306.2084456854357800 ) ) ;
#2417 = CYLINDRICAL_SURFACE ( 'NONE', #4119, 0.7500000000000006700 ) ;
#2418 = CARTESIAN_POINT ( 'NONE',  ( 118.2348760067080300, -22.00157400863965100, 306.9627624336344000 ) ) ;
#2419 = ORIENTED_EDGE ( 'NONE', *, *, #2283, .T. ) ;
#2420 = CARTESIAN_POINT ( 'NONE',  ( 106.5114547870119700, -23.50157551848880600, 305.2165221225490100 ) ) ;
#2421 = FACE_OUTER_BOUND ( 'NONE', #2385, .T. ) ;
#2422 = CARTESIAN_POINT ( 'NONE',  ( 108.4867784848068100, 17.89438535698933600, 319.8868850267953700 ) ) ;
#2423 = CARTESIAN_POINT ( 'NONE',  ( 104.9747279901312900, 17.89438580930305300, 314.5297795267633800 ) ) ;
#2424 = CARTESIAN_POINT ( 'NONE',  ( 101.0990954005903100, 16.39438630844211200, 311.2275486395075200 ) ) ;
#2425 = CARTESIAN_POINT ( 'NONE',  ( 112.6652486480336100, 16.39438481884784000, 305.6667164290761900 ) ) ;
#2426 = CARTESIAN_POINT ( 'NONE',  ( 104.5725282093030400, -23.50157576820151200, 313.9694058175052200 ) ) ;
#2427 = CARTESIAN_POINT ( 'NONE',  ( 110.7573247156140500, 16.39438506456778600, 313.7680796966266100 ) ) ;
#2428 = CARTESIAN_POINT ( 'NONE',  ( 107.0600210873057300, -23.50157544783952100, 318.2616309134665500 ) ) ;
#2429 = DIRECTION ( 'NONE',  ( 0.9999999999999916700, -1.287890777357250000E-007, -0.0000000000000000000 ) ) ;
#2430 = EDGE_CURVE ( 'NONE', #1664, #4823, #2410, .T. ) ;
#2431 = CARTESIAN_POINT ( 'NONE',  ( 103.4693560580665500, -23.50157591027805300, 305.8690524267336700 ) ) ;
#2432 = CARTESIAN_POINT ( 'NONE',  ( 111.1114545937722900, -22.00157492605890800, 312.4474776777421400 ) ) ;
#2433 = ORIENTED_EDGE ( 'NONE', *, *, #4555, .T. ) ;
#2434 = CARTESIAN_POINT ( 'NONE',  ( 102.8734473182452700, 17.89438607992503400, 315.5661511466249700 ) ) ;
#2435 = EDGE_CURVE ( 'NONE', #3266, #3730, #338, .T. ) ;
#2436 = CARTESIAN_POINT ( 'NONE',  ( 101.2872163415779700, -22.00157619131397300, 311.3364389360527300 ) ) ;
#2437 = CARTESIAN_POINT ( 'NONE',  ( 104.1000551191701200, 16.39438592195124000, 307.9751744679632000 ) ) ;
#2438 = CARTESIAN_POINT ( 'NONE',  ( 113.5375739405342200, -23.50157461360121800, 318.4387262266915300 ) ) ;
#2439 = DIRECTION ( 'NONE',  ( 3.079986266030270000E-007, 0.0000000000000000000, 0.9999999999999525900 ) ) ;
#2440 = EDGE_LOOP ( 'NONE', ( #5962, #352, #4468, #2855 ) ) ;
#2441 = CARTESIAN_POINT ( 'NONE',  ( 102.1460732024243900, 17.89438617360287500, 315.6475693783972900 ) ) ;
#2442 = CARTESIAN_POINT ( 'NONE',  ( 102.4501959653639000, 17.89438613443509900, 308.8669388202935100 ) ) ;
#2443 = CARTESIAN_POINT ( 'NONE',  ( 108.4401628793785500, 16.39438536299291400, 319.9433811860927200 ) ) ;
#2444 = CARTESIAN_POINT ( 'NONE',  ( 104.1340399164293000, 17.89438591757448900, 312.6792899480736300 ) ) ;
#2445 = CARTESIAN_POINT ( 'NONE',  ( 101.6828628972934300, 16.39438623325924000, 311.9274300639241900 ) ) ;
#2446 = VERTEX_POINT ( 'NONE', #3622 ) ;
#2447 = CARTESIAN_POINT ( 'NONE',  ( 112.0455681390369900, 17.89438489865593200, 305.7480744417827600 ) ) ;
#2448 = AXIS2_PLACEMENT_3D ( 'NONE', #1927, #4812, #2366 ) ;
#2449 = CARTESIAN_POINT ( 'NONE',  ( 108.7371609152708200, -23.50157523184211800, 315.5383386362569800 ) ) ;
#2450 = DIRECTION ( 'NONE',  ( 3.079986770677255000E-007, 0.0000000000000000000, 0.9999999999999525900 ) ) ;
#2451 = CARTESIAN_POINT ( 'NONE',  ( 106.7313716005409200, -23.50157549016599000, 318.5407603748076900 ) ) ;
#2452 = CARTESIAN_POINT ( 'NONE',  ( 101.0616296548656000, 17.89438631326725800, 307.0545903176402500 ) ) ;
#2453 = ORIENTED_EDGE ( 'NONE', *, *, #3353, .F. ) ;
#2454 = CARTESIAN_POINT ( 'NONE',  ( 77.61368816194959700, -7.753342210153520300, 317.1662699091998500 ) ) ;
#2455 = FACE_OUTER_BOUND ( 'NONE', #3930, .T. ) ;
#2456 = CARTESIAN_POINT ( 'NONE',  ( 107.6827119317352700, 16.39438546054428500, 318.1164551257330700 ) ) ;
#2457 = CARTESIAN_POINT ( 'NONE',  ( 105.8565397112058000, -22.00157560283476200, 315.2544315626809100 ) ) ;
#2458 = CARTESIAN_POINT ( 'NONE',  ( 103.6426157910563900, 17.89438598086453800, 315.8847366947911200 ) ) ;
#2459 = CARTESIAN_POINT ( 'NONE',  ( 101.5303364688079900, -23.50157616000271700, 308.3981455041409300 ) ) ;
#2460 = EDGE_LOOP ( 'NONE', ( #5969, #585, #229, #845 ) ) ;
#2461 = CARTESIAN_POINT ( 'NONE',  ( 103.1781382510345300, 16.39438604068406500, 308.7851944239728300 ) ) ;
#2462 = CARTESIAN_POINT ( 'NONE',  ( 114.1108375734628500, -23.50157453977108100, 316.7532015281622100 ) ) ;
#2463 = LINE ( 'NONE', #5542, #6116 ) ;
#2464 = B_SPLINE_CURVE_WITH_KNOTS ( 'NONE', 3,
 ( #253, #712, #1187, #3143, #4055, #5506, #2216, #1233, #1280, #2147, #3620, #3164, #5490, #2631, #798, #4603, #5985, #1748, #4561, #5966, #2654, #3120, #780, #295 ),
 .UNSPECIFIED., .F., .F.,
 ( 4, 2, 2, 2, 2, 2, 2, 2, 2, 2, 2, 4 ),
 ( 0.0000000000000000000, 0.1250000000000000000, 0.1875000000000000000, 0.2500000000000000000, 0.3750000000000000000, 0.5000000000000000000, 0.5625000000000000000, 0.6250000000000000000, 0.6875000000000000000, 0.7500000000000000000, 0.8750000000000000000, 1.000000000000000000 ),
 .UNSPECIFIED. ) ;
#2465 = CARTESIAN_POINT ( 'NONE',  ( 99.73217625230108800, 16.39438648448639000, 312.8930181065895800 ) ) ;
#2466 = CARTESIAN_POINT ( 'NONE',  ( 104.2514867462719100, 17.89438590244861500, 316.9557570002408500 ) ) ;
#2467 = CARTESIAN_POINT ( 'NONE',  ( 107.3223648553548300, -23.50157541405242900, 306.2879363579486400 ) ) ;
#2468 = ORIENTED_EDGE ( 'NONE', *, *, #3470, .T. ) ;
#2469 = CARTESIAN_POINT ( 'NONE',  ( 106.9408694416383300, 17.89438555608554200, 320.0916586625879200 ) ) ;
#2470 = CARTESIAN_POINT ( 'NONE',  ( 110.9326336493501100, 17.89438504198991700, 313.3441277900171300 ) ) ;
#2471 = CARTESIAN_POINT ( 'NONE',  ( 107.8976379418719200, -23.50157533996350200, 306.2887678186567100 ) ) ;
#2472 = CARTESIAN_POINT ( 'NONE',  ( 113.8335829491706900, 16.39438466837914300, 306.2906053456200100 ) ) ;
#2473 = DIRECTION ( 'NONE',  ( 1.287891253920479900E-007, -0.9999999999999917800, -1.176836406102659600E-014 ) ) ;
#2474 = CARTESIAN_POINT ( 'NONE',  ( 109.9250483443799300, 16.39438517175580800, 314.8527508326856700 ) ) ;
#2475 = VERTEX_POINT ( 'NONE', #4629 ) ;
#2476 = EDGE_CURVE ( 'NONE', #2537, #3704, #4404, .T. ) ;
#2477 = CARTESIAN_POINT ( 'NONE',  ( 115.1670967971150800, -23.50157440373631700, 311.2559736218615300 ) ) ;
#2478 = CARTESIAN_POINT ( 'NONE',  ( 101.9523024491580100, -23.50157610565808100, 308.7051980811585800 ) ) ;
#2479 = CARTESIAN_POINT ( 'NONE',  ( 106.5397642238090900, 17.89438560774349400, 318.9287499501989500 ) ) ;
#2480 = CARTESIAN_POINT ( 'NONE',  ( 109.9215064996296300, -22.00157507931123700, 314.8559783317380700 ) ) ;
#2481 = ORIENTED_EDGE ( 'NONE', *, *, #4379, .T. ) ;
#2482 = CARTESIAN_POINT ( 'NONE',  ( 102.5569577014914100, -22.00157602778514500, 315.5661882038045300 ) ) ;
#2483 = CARTESIAN_POINT ( 'NONE',  ( 111.2790837905456100, 17.89438499737075000, 306.2861514192193200 ) ) ;
#2484 = CARTESIAN_POINT ( 'NONE',  ( 112.7691199476116400, 16.39438480547036600, 305.6764687353783600 ) ) ;
#2485 = CARTESIAN_POINT ( 'NONE',  ( 113.8406980145985200, -22.00157457456200700, 308.2500204015758000 ) ) ;
#2486 = CARTESIAN_POINT ( 'NONE',  ( 100.4648996183647000, 16.39438639011960000, 311.1165209732590700 ) ) ;
#2487 = DIRECTION ( 'NONE',  ( -0.0000000000000000000, 0.0000000000000000000, -1.000000000000000000 ) ) ;
#2488 = CARTESIAN_POINT ( 'NONE',  ( 76.11368816194959700, -21.25157914361497500, 300.3904008652820000 ) ) ;
#2489 = CC_DESIGN_DATE_AND_TIME_ASSIGNMENT ( #1102, #2408, ( #4925 ) ) ;
#2490 = CARTESIAN_POINT ( 'NONE',  ( 108.7114547870119900, -23.50157523515272500, 305.2165221225489500 ) ) ;
#2491 = CARTESIAN_POINT ( 'NONE',  ( 114.8997397834197000, 16.39438453106994600, 313.2883000975355100 ) ) ;
#2492 = CARTESIAN_POINT ( 'NONE',  ( 101.2731031491759900, 16.39438628603190300, 317.9684132366452300 ) ) ;
#2493 = CARTESIAN_POINT ( 'NONE',  ( 101.6814153522415600, -23.50157614054548800, 315.8838198575226100 ) ) ;
#2494 = CARTESIAN_POINT ( 'NONE',  ( 111.5850556979282000, -22.00157486506432700, 318.4387995509480300 ) ) ;
#2495 = CARTESIAN_POINT ( 'NONE',  ( 74.25617788293919800, -22.00157967261761300, 298.0250565698730700 ) ) ;
#2496 = CARTESIAN_POINT ( 'NONE',  ( 109.7492328774613700, 16.39438519439894600, 314.9982838955685300 ) ) ;
#2497 = DIRECTION ( 'NONE',  ( 0.0000000000000000000, 0.0000000000000000000, 1.000000000000000000 ) ) ;
#2498 = ORIENTED_EDGE ( 'NONE', *, *, #4152, .T. ) ;
#2499 = CARTESIAN_POINT ( 'NONE',  ( 107.8967514122330400, 17.89438543297836400, 318.1512649438548700 ) ) ;
#2500 = CARTESIAN_POINT ( 'NONE',  ( 108.4915377803186200, 16.39438535637636500, 318.5407603748010400 ) ) ;
#2501 = CARTESIAN_POINT ( 'NONE',  ( 102.2443170722896500, 17.89438616095013000, 315.6068681789714700 ) ) ;
#2502 = CARTESIAN_POINT ( 'NONE',  ( 111.0424559324578300, 17.89438502784584300, 306.7523626619833400 ) ) ;
#2503 = CARTESIAN_POINT ( 'NONE',  ( 76.11368816194959700, -2.803594741849297500, 312.2165224408951800 ) ) ;
#2504 = CARTESIAN_POINT ( 'NONE',  ( 113.3631269517704100, -22.00157463606792500, 305.8775326204142900 ) ) ;
#2505 = CARTESIAN_POINT ( 'NONE',  ( 111.7581453215209800, -22.00157484277227100, 318.5548016423886700 ) ) ;
#2506 = B_SPLINE_CURVE_WITH_KNOTS ( 'NONE', 1,
 ( #606, #1082 ),
 .UNSPECIFIED., .F., .F.,
 ( 2, 2 ),
 ( 0.0000000000000000000, 1.000000000000000000 ),
 .UNSPECIFIED. ) ;
#2507 = CARTESIAN_POINT ( 'NONE',  ( 107.1469593319724500, -23.50157543664285600, 315.7162682085631200 ) ) ;
#2508 = CARTESIAN_POINT ( 'NONE',  ( 119.3625521260340600, -22.00157386340731600, 313.7549302663352400 ) ) ;
#2509 = FACE_OUTER_BOUND ( 'NONE', #5719, .T. ) ;
#2510 = CARTESIAN_POINT ( 'NONE',  ( 106.5114545938282900, -22.00157551848882100, 305.2165221225490100 ) ) ;
#2511 = CARTESIAN_POINT ( 'NONE',  ( 76.11368797334542100, -7.753342210153429700, 317.1662699092009900 ) ) ;
#2512 = CARTESIAN_POINT ( 'NONE',  ( 101.5663409603824600, 16.39438624826600900, 312.7679532646112100 ) ) ;
#2513 = CARTESIAN_POINT ( 'NONE',  ( 108.5666949503903600, -23.50157525379621500, 304.6656673055097100 ) ) ;
#2514 = CARTESIAN_POINT ( 'NONE',  ( 113.7819378682415000, 17.89438467503056500, 311.4905101395872900 ) ) ;
#2515 = ORIENTED_EDGE ( 'NONE', *, *, #197, .T. ) ;
#2516 = CARTESIAN_POINT ( 'NONE',  ( 108.7114545938293400, 16.39438532805332100, 305.2165221225490100 ) ) ;
#2517 = ADVANCED_FACE ( 'NONE', ( #2942 ), #982, .F. ) ;
#2518 = CARTESIAN_POINT ( 'NONE',  ( 102.4508345036335200, -22.00157604145256900, 308.8565641331592200 ) ) ;
#2519 = EDGE_CURVE ( 'NONE', #1381, #3129, #5017, .T. ) ;
#2520 = CARTESIAN_POINT ( 'NONE',  ( 108.0983920642747500, 17.89438540700924900, 318.2272058294947200 ) ) ;
#2521 = DIRECTION ( 'NONE',  ( 0.0000000000000000000, 0.0000000000000000000, 1.000000000000000000 ) ) ;
#2522 = CARTESIAN_POINT ( 'NONE',  ( 110.2481813907547900, 16.39438513013978500, 309.9032647183948400 ) ) ;
#2523 = ORIENTED_EDGE ( 'NONE', *, *, #3828, .T. ) ;
#2524 = AXIS2_PLACEMENT_3D ( 'NONE', #4082, #1219, #4546 ) ;
#2525 = CARTESIAN_POINT ( 'NONE',  ( 111.7599625398741500, 17.89438493543885000, 308.6565103752078600 ) ) ;
#2526 = DATE_AND_TIME ( #4085, #3712 ) ;
#2527 = CARTESIAN_POINT ( 'NONE',  ( 101.1023626085926600, -23.50157621512118300, 316.7494569565030200 ) ) ;
#2528 = DIRECTION ( 'NONE',  ( 1.000000000000000000, -0.0000000000000000000, -0.0000000000000000000 ) ) ;
#2529 = CARTESIAN_POINT ( 'NONE',  ( 101.6858706741263800, -23.50157613997172100, 318.4391214743896500 ) ) ;
#2530 = EDGE_LOOP ( 'NONE', ( #598, #2090, #2288, #3283 ) ) ;
#2531 = CARTESIAN_POINT ( 'NONE',  ( 106.7361310892075700, -23.50157548955294800, 305.8868850268016200 ) ) ;
#2532 = FACE_OUTER_BOUND ( 'NONE', #4416, .T. ) ;
#2533 = CARTESIAN_POINT ( 'NONE',  ( 104.0588390028146900, -23.50157583435907000, 306.4587546757466600 ) ) ;
#2534 = CARTESIAN_POINT ( 'NONE',  ( 103.7930781686050200, -23.50157586858630800, 318.2976404407530100 ) ) ;
#2535 = CARTESIAN_POINT ( 'NONE',  ( 113.6179444527994600, -22.00157460325036100, 318.3721201830294900 ) ) ;
#2536 = PLANE ( 'NONE',  #2173 ) ;
#2537 = VERTEX_POINT ( 'NONE', #2697 ) ;
#2538 = CARTESIAN_POINT ( 'NONE',  ( 104.2907621343638600, 16.39438589739041800, 313.3456758687943900 ) ) ;
#2539 = FACE_OUTER_BOUND ( 'NONE', #2074, .T. ) ;
#2540 = CARTESIAN_POINT ( 'NONE',  ( 115.7113173688640600, -23.50157433364663400, 312.3630992304270000 ) ) ;
#2541 = ORIENTED_EDGE ( 'NONE', *, *, #961, .T. ) ;
#2542 = CARTESIAN_POINT ( 'NONE',  ( 103.0790975651725700, -23.50157596053908900, 305.7073732423700700 ) ) ;
#2543 = CARTESIAN_POINT ( 'NONE',  ( 103.7930779754213100, -22.00157586858617600, 306.1354038043440400 ) ) ;
#2544 = CARTESIAN_POINT ( 'NONE',  ( 106.7304797675331000, -23.50157549028094600, 319.8910450259999700 ) ) ;
#2545 = CARTESIAN_POINT ( 'NONE',  ( 106.5114545938283000, -22.00157551848883800, 319.2165221225490100 ) ) ;
#2546 = CARTESIAN_POINT ( 'NONE',  ( 111.1633403008041800, 17.89438501227737900, 317.9722055790035700 ) ) ;
#2547 = DIRECTION ( 'NONE',  ( -1.000000000000000000, 0.0000000000000000000, 0.0000000000000000000 ) ) ;
#2548 = ADVANCED_FACE ( 'NONE', ( #855 ), #2621, .F. ) ;
#2549 = CARTESIAN_POINT ( 'NONE',  ( 103.8662666697262600, 16.39438595206074100, 316.1079406220436600 ) ) ;
#2550 = CARTESIAN_POINT ( 'NONE',  ( 107.0576451092164900, -23.50157544814544900, 306.1778612733099900 ) ) ;
#2551 = ORIENTED_EDGE ( 'NONE', *, *, #5674, .F. ) ;
#2552 = CARTESIAN_POINT ( 'NONE',  ( 108.5203290953170400, 16.39438535266836200, 315.6048110410868000 ) ) ;
#2553 = CARTESIAN_POINT ( 'NONE',  ( 110.9612799641000700, 17.89438503830054500, 317.3785836058277100 ) ) ;
#2554 = CARTESIAN_POINT ( 'NONE',  ( 113.8433205269078900, 16.39438466712507000, 308.2473978892664900 ) ) ;
#2555 = CARTESIAN_POINT ( 'NONE',  ( 108.6004267736104200, -22.00157524945191400, 304.7288753442369400 ) ) ;
#2556 = EDGE_CURVE ( 'NONE', #449, #6040, #5251, .T. ) ;
#2557 = ORIENTED_EDGE ( 'NONE', *, *, #519, .F. ) ;
#2558 = CARTESIAN_POINT ( 'NONE',  ( 115.4927431198742300, -23.50157436179661700, 311.5423879660259000 ) ) ;
#2559 = EDGE_CURVE ( 'NONE', #1483, #709, #306, .T. ) ;
#2560 = CARTESIAN_POINT ( 'NONE',  ( 107.9005447186629300, -23.50157533958915200, 318.1451078871387500 ) ) ;
#2561 = CARTESIAN_POINT ( 'NONE',  ( 113.2706071248798200, -23.50157464798361700, 315.7278461639321000 ) ) ;
#2562 = CARTESIAN_POINT ( 'NONE',  ( 119.4371610775501700, 16.39438394669957300, 312.9972161771372000 ) ) ;
#2563 = CARTESIAN_POINT ( 'NONE',  ( 99.93693188355308600, -23.50157636521593200, 311.3355471030670300 ) ) ;
#2564 = FACE_OUTER_BOUND ( 'NONE', #3688, .T. ) ;
#2565 = CARTESIAN_POINT ( 'NONE',  ( 113.9362127296267300, 17.89438465516163000, 311.3359181775031200 ) ) ;
#2566 = CARTESIAN_POINT ( 'NONE',  ( 111.7592773656733600, 17.89438493552717400, 315.7770275570318300 ) ) ;
#2567 = DIRECTION ( 'NONE',  ( 0.0000000000000000000, -4.445228907190749300E-014, 1.000000000000000000 ) ) ;
#2568 = CARTESIAN_POINT ( 'NONE',  ( 114.1509814897012500, -22.00157453460097700, 317.3767821814676000 ) ) ;
#2569 = CARTESIAN_POINT ( 'NONE',  ( 100.6114489410823700, 16.39438637124564800, 311.1165209732590100 ) ) ;
#2570 = FACE_BOUND ( 'NONE', #6199, .T. ) ;
#2571 = CARTESIAN_POINT ( 'NONE',  ( 101.2638453641984500, -23.50157619432395600, 316.3603336027047100 ) ) ;
#2572 = FACE_BOUND ( 'NONE', #2364, .T. ) ;
#2573 = AXIS2_PLACEMENT_3D ( 'NONE', #5864, #3497, #5883 ) ;
#2574 = CARTESIAN_POINT ( 'NONE',  ( 115.6007708868816500, 16.39438444078483300, 312.7034593998099600 ) ) ;
#2575 = CARTESIAN_POINT ( 'NONE',  ( 104.2619195925822300, -23.50157580820449600, 307.0554993985872400 ) ) ;
#2576 = CARTESIAN_POINT ( 'NONE',  ( 103.4701070287302700, -23.50157591018145100, 315.7689593127501000 ) ) ;
#2577 = CARTESIAN_POINT ( 'NONE',  ( 113.8433205269088000, -22.00157457422434200, 316.1856463558324900 ) ) ;
#2578 = CARTESIAN_POINT ( 'NONE',  ( 102.5569578946751100, -23.50157602778513100, 315.5661882038045300 ) ) ;
#2579 = CARTESIAN_POINT ( 'NONE',  ( 112.6659514861498100, -22.00157472585657100, 308.8668560412775200 ) ) ;
#2580 = CARTESIAN_POINT ( 'NONE',  ( 102.1469451477429300, 17.89438617349050300, 308.7856841909496100 ) ) ;
#2581 = FACE_OUTER_BOUND ( 'NONE', #1360, .T. ) ;
#2582 = CARTESIAN_POINT ( 'NONE',  ( 107.7556088688108800, -22.00157535825535100, 318.1166572671070300 ) ) ;
#2583 = CARTESIAN_POINT ( 'NONE',  ( 113.5373486195249500, -23.50157461363020800, 315.8937396307615600 ) ) ;
#2584 = CARTESIAN_POINT ( 'NONE',  ( 76.11368803827623700, -9.803594741847591700, 312.2165224408962600 ) ) ;
#2585 = CARTESIAN_POINT ( 'NONE',  ( 104.1114547870119900, -23.50157582758272000, 312.2165221217624100 ) ) ;
#2586 = CARTESIAN_POINT ( 'NONE',  ( 76.11368815268146200, -2.803594741847680100, 319.2165224408962000 ) ) ;
#2587 = CARTESIAN_POINT ( 'NONE',  ( 110.9714128884692900, 17.89438503699553400, 317.3768627761536400 ) ) ;
#2588 = CARTESIAN_POINT ( 'NONE',  ( 113.6179444527994600, -22.00157460325036100, 318.3721201830294900 ) ) ;
#2589 = CARTESIAN_POINT ( 'NONE',  ( 106.5114545938283600, 16.39438561138928900, 305.2165221225490100 ) ) ;
#2590 = EDGE_LOOP ( 'NONE', ( #2395, #2551 ) ) ;
#2591 = CARTESIAN_POINT ( 'NONE',  ( 102.4508345036388300, 16.39438613435293100, 315.5764801119500500 ) ) ;
#2592 = B_SPLINE_CURVE_WITH_KNOTS ( 'NONE', 3,
 ( #3636, #6140, #1408, #2212, #3256, #5553, #6023, #408, #3742, #2326, #5668, #4600, #5223, #3160, #3304, #5704, #2803, #4118, #3281, #5208, #3762, #2844, #916, #4233, #4723, #2340, #5688, #447, #2823, #4783, #5812, #2907, #576, #5244 ),
 .UNSPECIFIED., .F., .F.,
 ( 4, 2, 2, 2, 2, 2, 2, 2, 2, 2, 2, 2, 2, 2, 2, 2, 4 ),
 ( 0.0000000000000000000, 0.06250000000000000000, 0.1250000000000000000, 0.1875000000000000300, 0.2500000000000000000, 0.3125000000000000000, 0.3750000000000000600, 0.4375000000000000000, 0.5000000000000000000, 0.5625000000000001100, 0.6250000000000000000, 0.6875000000000000000, 0.7500000000000001100, 0.8125000000000000000, 0.8750000000000000000, 0.9375000000000001100, 1.000000000000000000 ),
 .UNSPECIFIED. ) ;
#2593 = CARTESIAN_POINT ( 'NONE',  ( 115.6557691796279700, 16.39438443370165300, 312.5703204456464200 ) ) ;
#2594 = CARTESIAN_POINT ( 'NONE',  ( 113.5113875970134700, -22.00157461697353900, 312.2877794604566500 ) ) ;
#2595 = CARTESIAN_POINT ( 'NONE',  ( 100.6114515880475000, 17.89438637124534600, 313.3165209732565600 ) ) ;
#2596 = EDGE_LOOP ( 'NONE', ( #792, #4020, #2515, #3067 ) ) ;
#2597 = CARTESIAN_POINT ( 'NONE',  ( 117.0078337101890000, 17.89438425957049000, 319.4394629920295800 ) ) ;
#2598 = CARTESIAN_POINT ( 'NONE',  ( 108.4401628793837200, -22.00157527009215400, 304.4896630590010900 ) ) ;
#2599 = DIRECTION ( 'NONE',  ( 0.9999999999999525900, -0.0000000000000000000, -3.079986237769638300E-007 ) ) ;
#2600 = CARTESIAN_POINT ( 'NONE',  ( 113.5418618760874100, -22.00157461304885600, 308.5488565400868900 ) ) ;
#2601 = CARTESIAN_POINT ( 'NONE',  ( 99.51825514494822800, -22.00157641913694200, 312.3607063652314100 ) ) ;
#2602 = EDGE_LOOP ( 'NONE', ( #3809, #2627 ) ) ;
#2603 = CARTESIAN_POINT ( 'NONE',  ( 108.6831451570210900, -22.00157523879875400, 318.9287499501983200 ) ) ;
#2604 = CARTESIAN_POINT ( 'NONE',  ( 111.1725982789680700, -23.50157491818434300, 316.3641259450616300 ) ) ;
#2605 = FACE_BOUND ( 'NONE', #5734, .T. ) ;
#2606 = CARTESIAN_POINT ( 'NONE',  ( 113.5288132325428700, 16.39438470763034800, 322.4849473212418000 ) ) ;
#2607 = CARTESIAN_POINT ( 'NONE',  ( 113.8406980145985200, -22.00157457456200700, 308.2500204015758000 ) ) ;
#2608 = CARTESIAN_POINT ( 'NONE',  ( 114.6114547870119900, 17.89438456819788200, 311.1165221225489900 ) ) ;
#2609 = CARTESIAN_POINT ( 'NONE',  ( 107.8991660921913600, 17.89438543266723500, 306.2885096148571600 ) ) ;
#2610 = ORIENTED_EDGE ( 'NONE', *, *, #4115, .T. ) ;
#2611 = ADVANCED_FACE ( 'NONE', ( #5375 ), #5536, .F. ) ;
#2612 = CARTESIAN_POINT ( 'NONE',  ( 101.1429608026674900, 16.39438630279279600, 316.6518575985970200 ) ) ;
#2613 = CARTESIAN_POINT ( 'NONE',  ( 78.36368825854137300, 16.39438923651407600, 298.0250565698730700 ) ) ;
#2614 = DIRECTION ( 'NONE',  ( -0.9999999999999916700, 1.287890777357250000E-007, 0.0000000000000000000 ) ) ;
#2615 = LINE ( 'NONE', #717, #1193 ) ;
#2616 = CARTESIAN_POINT ( 'NONE',  ( 114.1514342814264000, 16.39438462744350000, 317.3745261261011000 ) ) ;
#2617 = ADVANCED_FACE ( 'NONE', ( #2313 ), #2889, .T. ) ;
#2618 = CARTESIAN_POINT ( 'NONE',  ( 102.1460730092407700, 16.39438617360288900, 315.6475693783972900 ) ) ;
#2619 = CARTESIAN_POINT ( 'NONE',  ( 114.6114547870119900, 17.89438456819795700, 313.3165221225489700 ) ) ;
#2620 = VERTEX_POINT ( 'NONE', #4322 ) ;
#2621 = CYLINDRICAL_SURFACE ( 'NONE', #4889, 1.599999999999990300 ) ;
#2622 = CARTESIAN_POINT ( 'NONE',  ( 114.3236824214788200, -22.00157451235885700, 311.1448315593539200 ) ) ;
#2623 = CARTESIAN_POINT ( 'NONE',  ( 112.7727136087554000, -23.50157471210680500, 308.8669388202617900 ) ) ;
#2624 = CARTESIAN_POINT ( 'NONE',  ( 101.5303362756243100, -22.00157616000282000, 316.0348987409560100 ) ) ;
#2625 = CARTESIAN_POINT ( 'NONE',  ( 107.3261579686093800, -22.00157541356387400, 304.1512649438543600 ) ) ;
#2626 = CARTESIAN_POINT ( 'NONE',  ( 101.1665285910718500, -23.50157620685726600, 313.1775895340389300 ) ) ;
#2627 = ORIENTED_EDGE ( 'NONE', *, *, #1394, .T. ) ;
#2628 = CARTESIAN_POINT ( 'NONE',  ( 99.51138759701468900, -22.00157642002140400, 312.2877794604509600 ) ) ;
#2629 = CARTESIAN_POINT ( 'NONE',  ( 111.0424559324711000, -23.50157493494526800, 317.6806815831114400 ) ) ;
#2630 = DIRECTION ( 'NONE',  ( 3.079986266030270000E-007, 0.0000000000000000000, 0.9999999999999525900 ) ) ;
#2631 = CARTESIAN_POINT ( 'NONE',  ( 107.3261579686024600, -22.00157541356395500, 318.1512649438485600 ) ) ;
#2632 = ORIENTED_EDGE ( 'NONE', *, *, #5996, .T. ) ;
#2633 = CARTESIAN_POINT ( 'NONE',  ( 113.8331334164665500, 16.39438466843718700, 318.1430529968753300 ) ) ;
#2634 = CARTESIAN_POINT ( 'NONE',  ( 111.0115667439737200, 16.39438503182401900, 306.8537065915523400 ) ) ;
#2635 = CARTESIAN_POINT ( 'NONE',  ( 111.0122619173415200, 16.39438503173461500, 317.5819184239824200 ) ) ;
#2636 = CARTESIAN_POINT ( 'NONE',  ( 104.1797198358587300, 16.39438591169139800, 316.6496456047658500 ) ) ;
#2637 = CARTESIAN_POINT ( 'NONE',  ( 111.2808087928778900, -23.50157490424800600, 316.1836229258511800 ) ) ;
#2638 = CARTESIAN_POINT ( 'NONE',  ( 100.6114547870119800, -23.50157627834474300, 313.3165221225489700 ) ) ;
#2639 = CARTESIAN_POINT ( 'NONE',  ( 108.6832325688312300, -22.00157523878743900, 305.5048073121355400 ) ) ;
#2640 = ORIENTED_EDGE ( 'NONE', *, *, #1797, .F. ) ;
#2641 = B_SPLINE_CURVE_WITH_KNOTS ( 'NONE', 3,
 ( #5949, #5473, #5882, #2107, #5381, #650, #1648, #3971, #1127, #209, #4500, #3519, #4458, #4984, #673, #629, #5863, #236 ),
 .UNSPECIFIED., .F., .F.,
 ( 4, 2, 2, 2, 2, 2, 2, 2, 4 ),
 ( 0.0000000000000000000, 0.1250000000000000000, 0.2500000000000000000, 0.3750000000000000000, 0.5000000000000000000, 0.6250000000000000000, 0.7500000000000000000, 0.8750000000000000000, 1.000000000000000000 ),
 .UNSPECIFIED. ) ;
#2642 = CARTESIAN_POINT ( 'NONE',  ( 115.6557693728093700, -23.50157434080059800, 311.8627237994491000 ) ) ;
#2643 = CARTESIAN_POINT ( 'NONE',  ( 113.5461974151335100, -22.00157461249048300, 312.5018187477706400 ) ) ;
#2644 = CARTESIAN_POINT ( 'NONE',  ( 76.11368782124860400, 2.146152726458169900, 315.5662699092013700 ) ) ;
#2645 = CARTESIAN_POINT ( 'NONE',  ( 108.2879504862117800, -22.00157528969544900, 304.3372484813703000 ) ) ;
#2646 = ADVANCED_FACE ( 'NONE', ( #1349 ), #5312, .T. ) ;
#2647 = CARTESIAN_POINT ( 'NONE',  ( 101.6834422793219800, -23.50157614028441000, 312.5042334277646300 ) ) ;
#2648 = EDGE_CURVE ( 'NONE', #3212, #4540, #3373, .T. ) ;
#2649 = CARTESIAN_POINT ( 'NONE',  ( 103.7930779754213800, 16.39438596148652000, 306.1354038043440400 ) ) ;
#2650 = FACE_BOUND ( 'NONE', #6176, .T. ) ;
#2651 = EDGE_CURVE ( 'NONE', #4058, #357, #4281, .T. ) ;
#2652 = CARTESIAN_POINT ( 'NONE',  ( 113.6925731052169800, -23.50157459363898500, 316.0348987409560100 ) ) ;
#2653 = CARTESIAN_POINT ( 'NONE',  ( 118.6868312753943800, 16.39438404333379400, 308.0521897385055500 ) ) ;
#2654 = CARTESIAN_POINT ( 'NONE',  ( 106.6505743679962400, -22.00157550057185000, 318.6616774638912900 ) ) ;
#2655 = CARTESIAN_POINT ( 'NONE',  ( 111.7553046586080400, 16.39438493603884000, 318.5650490103213300 ) ) ;
#2656 = VERTEX_POINT ( 'NONE', #2127 ) ;
#2657 = CARTESIAN_POINT ( 'NONE',  ( 109.1623561782670700, -23.50157517708146700, 309.0704862132973900 ) ) ;
#2658 = CARTESIAN_POINT ( 'NONE',  ( 76.11368816194959700, -21.25157914361525600, 324.0426433693249900 ) ) ;
#2659 = CARTESIAN_POINT ( 'NONE',  ( 100.3231694042373300, -22.00157631547274000, 313.2883000975363100 ) ) ;
#2660 = CARTESIAN_POINT ( 'NONE',  ( 107.8967512190484100, -22.00157534007770000, 306.2817793012379800 ) ) ;
#2661 = CARTESIAN_POINT ( 'NONE',  ( 105.4646521117564600, 17.89438574620608700, 309.4134247986367500 ) ) ;
#2662 = CARTESIAN_POINT ( 'NONE',  ( 114.1103020143434600, 16.39438463274076300, 306.8517980166315600 ) ) ;
#2663 = CARTESIAN_POINT ( 'NONE',  ( 113.7363182469928500, -23.50157458800498800, 312.8871074679234400 ) ) ;
#2664 = CARTESIAN_POINT ( 'NONE',  ( 113.7819376750581900, -22.00157458212963100, 312.9425341055119800 ) ) ;
#2665 = CARTESIAN_POINT ( 'NONE',  ( 112.3532841766655500, -22.00157476612482600, 315.5759636719994900 ) ) ;
#2666 = CARTESIAN_POINT ( 'NONE',  ( 103.7930781686050200, -23.50157586858630800, 318.2976404407530100 ) ) ;
#2667 = CYLINDRICAL_SURFACE ( 'NONE', #2835, 1.599999999999934800 ) ;
#2668 = CARTESIAN_POINT ( 'NONE',  ( 100.6114491342660100, 17.89438637124564100, 311.1165209732590100 ) ) ;
#2669 = CARTESIAN_POINT ( 'NONE',  ( 100.6114513948638800, 16.39438637124536100, 313.3165209732565600 ) ) ;
#2670 = CARTESIAN_POINT ( 'NONE',  ( 103.9336386730446700, 17.89438594338388500, 308.2435580602717700 ) ) ;
#2671 = CARTESIAN_POINT ( 'NONE',  ( 112.4571554762442800, -22.00157475274732700, 315.5662113656975400 ) ) ;
#2672 = CARTESIAN_POINT ( 'NONE',  ( 112.3521579179448800, -22.00157476626976200, 305.6766870765651400 ) ) ;
#2673 = CARTESIAN_POINT ( 'NONE',  ( 112.0464400843585900, 17.89438489854379100, 318.6851791275701100 ) ) ;
#2674 = VERTEX_POINT ( 'NONE', #2608 ) ;
#2675 = ADVANCED_FACE ( 'NONE', ( #5825 ), #5388, .T. ) ;
#2676 = CARTESIAN_POINT ( 'NONE',  ( 108.7408878876886100, -23.50157523136200100, 308.8960227532338100 ) ) ;
#2677 = CARTESIAN_POINT ( 'NONE',  ( 112.7737204613500100, -23.50157471197720200, 315.5663883796350400 ) ) ;
#2678 = B_SPLINE_CURVE_WITH_KNOTS ( 'NONE', 3,
 ( #3590, #5548, #1225, #1203, #3093, #1156, #1697, #5039, #5522, #2117, #2597, #3070, #5937, #3549, #704, #5588, #400, #3733, #1290, #2721, #4618, #2250, #3229, #1757, #3673, #1742, #381, #2707, #3250, #5106, #4596, #5645, #1817, #1345, #344, #6063, #809, #3655, #2758, #1326 ),
 .UNSPECIFIED., .F., .F.,
 ( 4, 2, 2, 2, 2, 2, 2, 2, 2, 2, 2, 2, 2, 2, 2, 2, 2, 2, 2, 4 ),
 ( 0.0000000000000000000, 0.06250000000000396900, 0.1250000000000079400, 0.1875000000000119100, 0.2500000000000158800, 0.3125000000000198700, 0.3437500000000202600, 0.3750000000000207100, 0.4375000000000215400, 0.5000000000000224300, 0.5312500000000206500, 0.5625000000000188700, 0.6250000000000152100, 0.6875000000000116600, 0.7500000000000081000, 0.8125000000000045500, 0.8437500000000032200, 0.8750000000000017800, 0.9375000000000008900, 1.000000000000000000 ),
 .UNSPECIFIED. ) ;
#2679 = CARTESIAN_POINT ( 'NONE',  ( 101.6767119657067700, -23.50157614115118000, 311.9312254973311300 ) ) ;
#2680 = CARTESIAN_POINT ( 'NONE',  ( 114.1611638088185000, 16.39438462619043300, 317.0617530718888000 ) ) ;
#2681 = CARTESIAN_POINT ( 'NONE',  ( 78.36368816194959700, -21.25157914361525600, 324.0426434307000800 ) ) ;
#2682 = ORIENTED_EDGE ( 'NONE', *, *, #5230, .T. ) ;
#2683 = EDGE_CURVE ( 'NONE', #4333, #4058, #5732, .T. ) ;
#2684 = CARTESIAN_POINT ( 'NONE',  ( 101.2241750320409000, 16.39438629233329100, 317.8763961424609200 ) ) ;
#2685 = CARTESIAN_POINT ( 'NONE',  ( 99.73064512113150200, 17.89438648468359400, 312.8914888179714900 ) ) ;
#2686 = CARTESIAN_POINT ( 'NONE',  ( 111.7599623467014600, -22.00157484253821800, 315.7765338698828800 ) ) ;
#2687 = ORIENTED_EDGE ( 'NONE', *, *, #731, .T. ) ;
#2688 = CARTESIAN_POINT ( 'NONE',  ( 101.5726723280958600, 17.89438624745061200, 312.7714661514293100 ) ) ;
#2689 = FACE_OUTER_BOUND ( 'NONE', #1777, .T. ) ;
#2690 = CARTESIAN_POINT ( 'NONE',  ( 113.9356928460843200, 16.39438465522858800, 311.3364389360473900 ) ) ;
#2691 = CARTESIAN_POINT ( 'NONE',  ( 104.1799474073477100, 16.39438591166198500, 307.7825210702641800 ) ) ;
#2692 = VERTEX_POINT ( 'NONE', #4122 ) ;
#2693 = CARTESIAN_POINT ( 'NONE',  ( 104.2106472703184900, -22.00157581480792900, 317.5819184239846300 ) ) ;
#2694 = CARTESIAN_POINT ( 'NONE',  ( 114.1509914289862300, -22.00157453459958700, 307.4773678395384900 ) ) ;
#2695 = CARTESIAN_POINT ( 'NONE',  ( 113.9502465356862200, 16.39438465335429400, 317.9678222516640200 ) ) ;
#2696 = CIRCLE ( 'NONE', #5728, 0.7500000000000006700 ) ;
#2697 = CARTESIAN_POINT ( 'NONE',  ( 76.11368831404641400, -7.753342210153444800, 318.7662699092004500 ) ) ;
#2698 = CARTESIAN_POINT ( 'NONE',  ( 104.5754602221652300, -23.50157576782391500, 310.4586144236952800 ) ) ;
#2699 = CARTESIAN_POINT ( 'NONE',  ( 101.3795886607504300, 16.39438627231770300, 316.1856463558299900 ) ) ;
#2700 = CARTESIAN_POINT ( 'NONE',  ( 99.62213830077269000, -22.00157640575792300, 312.7034593998067200 ) ) ;
#2701 = EDGE_LOOP ( 'NONE', ( #1822, #2811, #5540, #3041 ) ) ;
#2702 = CARTESIAN_POINT ( 'NONE',  ( 101.3897757711865500, -22.00157617810550500, 318.1430529968838000 ) ) ;
#2703 = ORIENTED_EDGE ( 'NONE', *, *, #1793, .F. ) ;
#2704 = CYLINDRICAL_SURFACE ( 'NONE', #4128, 2.249999999999998700 ) ;
#2705 = CARTESIAN_POINT ( 'NONE',  ( 114.7554149298136700, -22.00157445675634100, 313.3165221225489700 ) ) ;
#2706 = CARTESIAN_POINT ( 'NONE',  ( 107.8383666631536500, 16.39438544049764700, 308.7163976599805400 ) ) ;
#2707 = CARTESIAN_POINT ( 'NONE',  ( 117.0150514222474200, 17.89438425864075900, 305.0030249105248600 ) ) ;
#2708 = ADVANCED_FACE ( 'NONE', ( #74 ), #4240, .F. ) ;
#2709 = CARTESIAN_POINT ( 'NONE',  ( 107.8967512190474600, -22.00157534007774600, 320.2817793012386000 ) ) ;
#2710 = CARTESIAN_POINT ( 'NONE',  ( 113.5671400080351800, 16.39438470269423900, 311.8627237994514900 ) ) ;
#2711 = ORIENTED_EDGE ( 'NONE', *, *, #958, .F. ) ;
#2712 = CARTESIAN_POINT ( 'NONE',  ( 103.3711119950756100, 16.39438601583127700, 318.6046930177761300 ) ) ;
#2713 = CARTESIAN_POINT ( 'NONE',  ( 104.1799474073599000, -22.00157581876172600, 316.6505231748298000 ) ) ;
#2714 = DIRECTION ( 'NONE',  ( -1.000000000000000000, 0.0000000000000000000, 0.0000000000000000000 ) ) ;
#2715 = CARTESIAN_POINT ( 'NONE',  ( 112.7702462063098500, 16.39438480532541600, 315.5761820131780800 ) ) ;
#2716 = CARTESIAN_POINT ( 'NONE',  ( 101.9535612573874900, 16.39438619839632600, 318.6053843709276500 ) ) ;
#2717 = CARTESIAN_POINT ( 'NONE',  ( 99.54619741513344900, -22.00157641553828500, 312.5018187477648400 ) ) ;
#2718 = CARTESIAN_POINT ( 'NONE',  ( 103.4676045290652300, -22.00157591050376000, 318.5650490103232100 ) ) ;
#2719 = CARTESIAN_POINT ( 'NONE',  ( 114.6114547870119900, -23.50157447529684200, 311.1165221225489900 ) ) ;
#2720 = CARTESIAN_POINT ( 'NONE',  ( 107.6114545909382700, -22.00157537682100200, 324.0426434447347800 ) ) ;
#2721 = CARTESIAN_POINT ( 'NONE',  ( 119.4377813883329100, 17.89438394661968000, 311.8339897026746700 ) ) ;
#2722 = ORIENTED_EDGE ( 'NONE', *, *, #5478, .F. ) ;
#2723 = CARTESIAN_POINT ( 'NONE',  ( 106.7827463082810600, -22.00157548354951600, 319.9433811860957300 ) ) ;
#2724 = CARTESIAN_POINT ( 'NONE',  ( 115.1623094108665300, -22.00157440435278400, 313.1717622859187600 ) ) ;
#2725 = CARTESIAN_POINT ( 'NONE',  ( 102.5576605396266100, 16.39438612059493700, 318.7663278160111400 ) ) ;
#2726 = CARTESIAN_POINT ( 'NONE',  ( 108.3374667699693700, 17.89438537621887400, 304.3870052037730700 ) ) ;
#2727 = CARTESIAN_POINT ( 'NONE',  ( 113.5376919198620600, -23.50157461358606900, 322.4800345058482700 ) ) ;
#2728 = CARTESIAN_POINT ( 'NONE',  ( 108.5725221984915000, 17.89438534594647800, 319.7715959266161600 ) ) ;
#2729 = DIRECTION ( 'NONE',  ( 0.0000000000000000000, -4.336808689942194400E-014, 1.000000000000000000 ) ) ;
#2730 = ADVANCED_FACE ( 'NONE', ( #1493 ), #4477, .T. ) ;
#2731 = CARTESIAN_POINT ( 'NONE',  ( 110.9326336498966300, -23.50157494908906500, 311.0889164566838800 ) ) ;
#2732 = CARTESIAN_POINT ( 'NONE',  ( 107.6114545909382700, -22.00157537682100200, 324.0426434447347800 ) ) ;
#2733 = CARTESIAN_POINT ( 'NONE',  ( 110.9612403154498000, -22.00157494540482600, 307.1622581352835400 ) ) ;
#2734 = CARTESIAN_POINT ( 'NONE',  ( 77.61368758507215700, -2.803594741847749800, 304.1165224408964600 ) ) ;
#2735 = CARTESIAN_POINT ( 'NONE',  ( 111.4298314054200000, -23.50157488505554000, 318.2976404407530100 ) ) ;
#2736 = CARTESIAN_POINT ( 'NONE',  ( 115.7115215906431400, -22.00157433362022300, 312.1452647846404000 ) ) ;
#2737 = CARTESIAN_POINT ( 'NONE',  ( 117.9485505376567400, -22.00157404551538700, 318.1669378620323400 ) ) ;
#2738 = EDGE_LOOP ( 'NONE', ( #2711, #4096, #2433, #808 ) ) ;
#2739 = CARTESIAN_POINT ( 'NONE',  ( 103.7930779754213300, -22.00157586858631800, 318.2976404407530100 ) ) ;
#2740 = CARTESIAN_POINT ( 'NONE',  ( 106.6224826072323900, -23.50157550418977700, 319.7041689008620400 ) ) ;
#2741 = CARTESIAN_POINT ( 'NONE',  ( 115.5663458029084300, -22.00157435231735500, 311.6650884228412200 ) ) ;
#2742 = ORIENTED_EDGE ( 'NONE', *, *, #2559, .T. ) ;
#2743 = CARTESIAN_POINT ( 'NONE',  ( 113.0759642331030800, -22.00157467305140800, 308.7856841909524500 ) ) ;
#2744 = CARTESIAN_POINT ( 'NONE',  ( 108.7114547870129800, 17.89438532805331800, 305.0699728882521500 ) ) ;
#2745 = CARTESIAN_POINT ( 'NONE',  ( 112.6660268544657700, 16.39438481874765300, 308.8667160845101900 ) ) ;
#2746 = CARTESIAN_POINT ( 'NONE',  ( 101.5303362756243600, 16.39438625290296500, 308.3981455041409800 ) ) ;
#2747 = DIRECTION ( 'NONE',  ( -0.9999999999999525900, -1.071904469946629500E-012, 3.079986267298958600E-007 ) ) ;
#2748 = EDGE_LOOP ( 'NONE', ( #5911, #1502 ) ) ;
#2749 = CARTESIAN_POINT ( 'NONE',  ( 110.3963556425944300, -22.00157501815578300, 310.0831471931642200 ) ) ;
#2750 = CARTESIAN_POINT ( 'NONE',  ( 113.0759644262867700, -23.50157467305139700, 308.7856841909524500 ) ) ;
#2751 = CARTESIAN_POINT ( 'NONE',  ( 101.6828688292318500, -22.00157614035824200, 312.5056120542107600 ) ) ;
#2752 = CIRCLE ( 'NONE', #3442, 1.599999999999955200 ) ;
#2753 = CARTESIAN_POINT ( 'NONE',  ( 112.7729422548180600, -23.50157471207746700, 318.7663880350968400 ) ) ;
#2754 = ORIENTED_EDGE ( 'NONE', *, *, #961, .F. ) ;
#2755 = EDGE_CURVE ( 'NONE', #1284, #4625, #2763, .T. ) ;
#2756 = FACE_OUTER_BOUND ( 'NONE', #4485, .T. ) ;
#2757 = CARTESIAN_POINT ( 'NONE',  ( 107.6114545967163800, 16.39438546972125400, 300.3904008626374800 ) ) ;
#2758 = CARTESIAN_POINT ( 'NONE',  ( 108.3885072228970300, 17.89438536964538100, 300.3904008707266400 ) ) ;
#2759 = EDGE_CURVE ( 'NONE', #5761, #5186, #4324, .T. ) ;
#2760 = CARTESIAN_POINT ( 'NONE',  ( 108.5723348196587200, -22.00157525306991600, 319.7713667812065500 ) ) ;
#2761 = VERTEX_POINT ( 'NONE', #3681 ) ;
#2762 = CARTESIAN_POINT ( 'NONE',  ( 115.2872163415758600, -22.00157438826615700, 311.3364389360587600 ) ) ;
#2763 = LINE ( 'NONE', #6027, #3728 ) ;
#2764 = CARTESIAN_POINT ( 'NONE',  ( 101.1127669807295600, 16.39438630668133400, 307.6824234873687400 ) ) ;
#2765 = CARTESIAN_POINT ( 'NONE',  ( 108.6832325688217400, 16.39438533168800700, 304.9282369329587300 ) ) ;
#2766 = CARTESIAN_POINT ( 'NONE',  ( 115.4275688102892300, -23.50157437019046100, 321.1255274760848700 ) ) ;
#2767 = ORIENTED_EDGE ( 'NONE', *, *, #810, .F. ) ;
#2768 = CARTESIAN_POINT ( 'NONE',  ( 107.3252716321966500, 17.89438550657874000, 320.2887678186701800 ) ) ;
#2769 = CARTESIAN_POINT ( 'NONE',  ( 101.6049649280311400, -23.50157615039134700, 306.0609240620661400 ) ) ;
#2770 = AXIS2_PLACEMENT_3D ( 'NONE', #4454, #3913, #1065 ) ;
#2771 = CARTESIAN_POINT ( 'NONE',  ( 109.7492328787870700, -22.00157510149816500, 309.4347603505353300 ) ) ;
#2772 = CARTESIAN_POINT ( 'NONE',  ( 111.2817061096686600, -22.00157490413231500, 306.2835289069105900 ) ) ;
#2773 = CARTESIAN_POINT ( 'NONE',  ( 100.6114491342660100, 17.89438637124564100, 311.1165209732590100 ) ) ;
#2774 = ORIENTED_EDGE ( 'NONE', *, *, #847, .T. ) ;
#2775 = CARTESIAN_POINT ( 'NONE',  ( 113.3677814267228400, -23.50157463546865000, 318.5647687360822700 ) ) ;
#2776 = CARTESIAN_POINT ( 'NONE',  ( 108.6004269667907400, 17.89438534235249300, 305.7041689008610800 ) ) ;
#2777 = ORIENTED_EDGE ( 'NONE', *, *, #4469, .F. ) ;
#2778 = CARTESIAN_POINT ( 'NONE',  ( 101.6038251727259100, -22.00157615053827000, 318.3712092532472900 ) ) ;
#2779 = CARTESIAN_POINT ( 'NONE',  ( 102.5569577014914100, -22.00157602778514500, 315.5661882038045300 ) ) ;
#2780 = DIRECTION ( 'NONE',  ( 0.0000000000000000000, 0.0000000000000000000, 1.000000000000000000 ) ) ;
#2781 = CARTESIAN_POINT ( 'NONE',  ( 110.6809605115528800, 17.89438507440243200, 300.7693779900357100 ) ) ;
#2782 = EDGE_LOOP ( 'NONE', ( #4453, #2323, #1783, #3361 ) ) ;
#2783 = CARTESIAN_POINT ( 'NONE',  ( 113.0776331876449100, 16.39438476573736400, 318.6846893605948000 ) ) ;
#2784 = CARTESIAN_POINT ( 'NONE',  ( 101.1124447410001200, 16.39438630672282900, 306.8520413949681800 ) ) ;
#2785 = CARTESIAN_POINT ( 'NONE',  ( 106.8854426108703300, -22.00157547032320300, 304.3870052037757400 ) ) ;
#2786 = CARTESIAN_POINT ( 'NONE',  ( 102.8718627260496300, 16.39438608012902100, 308.8566388824631300 ) ) ;
#2787 = CARTESIAN_POINT ( 'NONE',  ( 113.3642588027372000, 16.39438472882299200, 308.6553067057716900 ) ) ;
#2788 = CARTESIAN_POINT ( 'NONE',  ( 101.2726626519627600, 16.39438628608849100, 306.4652219934341100 ) ) ;
#2789 = CARTESIAN_POINT ( 'NONE',  ( 101.0616022565152000, -23.50157622037056300, 307.3711510022147300 ) ) ;
#2790 = LINE ( 'NONE', #4913, #4805 ) ;
#2791 = CARTESIAN_POINT ( 'NONE',  ( 107.3845425262174900, -22.00157540604456600, 308.7163976598617400 ) ) ;
#2792 = DIRECTION ( 'NONE',  ( 0.0000000000000000000, 0.0000000000000000000, -1.000000000000000000 ) ) ;
#2793 = CARTESIAN_POINT ( 'NONE',  ( 101.7115215906434100, -22.00157613666807400, 312.1452647846444400 ) ) ;
#2794 = EDGE_CURVE ( 'NONE', #4396, #4475, #2853, .T. ) ;
#2795 = CARTESIAN_POINT ( 'NONE',  ( 105.8565397112058000, -22.00157560283476200, 315.2544315626809100 ) ) ;
#2796 = ORIENTED_EDGE ( 'NONE', *, *, #770, .F. ) ;
#2797 = CARTESIAN_POINT ( 'NONE',  ( 113.9502467288664500, -23.50157456045330700, 306.4652219934262100 ) ) ;
#2798 = CARTESIAN_POINT ( 'NONE',  ( 103.7184495161966400, -22.00157587819754600, 308.4726252464092200 ) ) ;
#2799 = CARTESIAN_POINT ( 'NONE',  ( 107.6114544943448500, 16.39438546972154500, 324.0426433745610100 ) ) ;
#2800 = CARTESIAN_POINT ( 'NONE',  ( 111.7553046586080400, 16.39438493603884000, 318.5650490103213300 ) ) ;
#2801 = CARTESIAN_POINT ( 'NONE',  ( 101.2233591318748300, 16.39438629243824500, 306.5583748405223300 ) ) ;
#2802 = DIRECTION ( 'NONE',  ( -1.000000000000000000, 0.0000000000000000000, 0.0000000000000000000 ) ) ;
#2803 = CARTESIAN_POINT ( 'NONE',  ( 107.8412349863541000, -22.00157534722754300, 308.7166475873917800 ) ) ;
#2804 = CC_DESIGN_APPROVAL ( #3206, ( #4925 ) ) ;
#2805 = CARTESIAN_POINT ( 'NONE',  ( 78.36368825854144400, -22.00157914361494300, 298.0250565698730700 ) ) ;
#2806 = CARTESIAN_POINT ( 'NONE',  ( 108.2879504862234500, 16.39438538259620900, 320.0957957637328900 ) ) ;
#2807 = CARTESIAN_POINT ( 'NONE',  ( 111.5853654175509000, -22.00157486502432700, 308.5396265377974600 ) ) ;
#2808 = CARTESIAN_POINT ( 'NONE',  ( 104.8265535461080200, 16.39438582838630900, 310.0831471917571200 ) ) ;
#2809 = CARTESIAN_POINT ( 'NONE',  ( 101.0991013721442600, -22.00157621554114200, 313.2054943023320600 ) ) ;
#2810 = CARTESIAN_POINT ( 'NONE',  ( 107.1544796737601900, -22.00157543567423000, 315.6947257346686800 ) ) ;
#2811 = ORIENTED_EDGE ( 'NONE', *, *, #4342, .F. ) ;
#2812 = CARTESIAN_POINT ( 'NONE',  ( 101.6828688292318500, -22.00157614035824200, 312.5056120542107600 ) ) ;
#2813 = CARTESIAN_POINT ( 'NONE',  ( 108.6004267736071100, 16.39438534235250300, 305.7041689008610800 ) ) ;
#2814 = CARTESIAN_POINT ( 'NONE',  ( 99.62213249505173000, 17.89438649865881800, 311.7295843902289800 ) ) ;
#2815 = CARTESIAN_POINT ( 'NONE',  ( 103.7195890783236900, -22.00157587805087200, 315.9613299284570800 ) ) ;
#2816 = ORIENTED_EDGE ( 'NONE', *, *, #1598, .T. ) ;
#2817 = CARTESIAN_POINT ( 'NONE',  ( 103.0761432027668100, -22.00157596091959200, 308.8162922593837200 ) ) ;
#2818 = CARTESIAN_POINT ( 'NONE',  ( 113.5288132325428700, 16.39438470763034800, 322.4849473212418000 ) ) ;
#2819 = CARTESIAN_POINT ( 'NONE',  ( 108.7114545938282800, -22.00157523515274200, 305.2165221225490100 ) ) ;
#2820 = CARTESIAN_POINT ( 'NONE',  ( 101.4562702388640500, 17.89438626244185200, 306.2095504514012400 ) ) ;
#2821 = CARTESIAN_POINT ( 'NONE',  ( 108.7114545938282800, -22.00157523515273900, 305.0725617865641700 ) ) ;
#2822 = VERTEX_POINT ( 'NONE', #1375 ) ;
#2823 = CARTESIAN_POINT ( 'NONE',  ( 104.4664784500659800, -22.00157578185952200, 310.6632485909799500 ) ) ;
#2824 = CARTESIAN_POINT ( 'NONE',  ( 101.5303364688079900, 17.89438625290304000, 316.0348987409560100 ) ) ;
#2825 = CARTESIAN_POINT ( 'NONE',  ( 101.6038251727247000, 16.39438624343836900, 306.0618349918446500 ) ) ;
#2826 = FACE_BOUND ( 'NONE', #2602, .T. ) ;
#2827 = CARTESIAN_POINT ( 'NONE',  ( 104.1114545938848400, -22.00157582758261300, 311.9855665674754200 ) ) ;
#2828 = PERSON_AND_ORGANIZATION_ROLE ( 'creator' ) ;
#2829 = ORIENTED_EDGE ( 'NONE', *, *, #4221, .T. ) ;
#2830 = FACE_BOUND ( 'NONE', #3400, .T. ) ;
#2831 = ORIENTED_EDGE ( 'NONE', *, *, #2794, .F. ) ;
#2832 = EDGE_CURVE ( 'NONE', #1664, #3421, #3328, .T. ) ;
#2833 = PLANE ( 'NONE',  #491 ) ;
#2834 = CARTESIAN_POINT ( 'NONE',  ( 104.2224577032133100, 16.39438590618722500, 311.3109307578334300 ) ) ;
#2835 = AXIS2_PLACEMENT_3D ( 'NONE', #3567, #3110, #1243 ) ;
#2836 = CARTESIAN_POINT ( 'NONE',  ( 103.4629468409702200, -22.00157591110350100, 308.6565103752065500 ) ) ;
#2837 = B_SPLINE_CURVE_WITH_KNOTS ( 'NONE', 1,
 ( #2732, #3261 ),
 .UNSPECIFIED., .F., .F.,
 ( 2, 2 ),
 ( 0.0000000000000000000, 1.000000000000000000 ),
 .UNSPECIFIED. ) ;
#2838 = CARTESIAN_POINT ( 'NONE',  ( 103.6431105497946400, 17.89438598080073100, 308.5482761396640400 ) ) ;
#2839 = ORIENTED_EDGE ( 'NONE', *, *, #4796, .F. ) ;
#2840 = VECTOR ( 'NONE', #2259, 1000.000000000000000 ) ;
#2841 = CARTESIAN_POINT ( 'NONE',  ( 115.4907282350174700, 16.39438445495710500, 311.5400262301562900 ) ) ;
#2842 = CARTESIAN_POINT ( 'NONE',  ( 101.8558097219701000, -22.00157611808537400, 315.7674901713803000 ) ) ;
#2843 = CARTESIAN_POINT ( 'NONE',  ( 108.7114545938293600, 16.39438532805332800, 305.2165221225490100 ) ) ;
#2844 = CARTESIAN_POINT ( 'NONE',  ( 106.0619468124486700, -22.00157557638049600, 309.0696579317270200 ) ) ;
#2845 = CARTESIAN_POINT ( 'NONE',  ( 112.6659514861647400, 16.39438481875743700, 315.5661882038039600 ) ) ;
#2846 = CARTESIAN_POINT ( 'NONE',  ( 102.4515515249930500, 16.39438613426047900, 305.6769104260216600 ) ) ;
#2847 = ORIENTED_EDGE ( 'NONE', *, *, #5439, .T. ) ;
#2848 = CARTESIAN_POINT ( 'NONE',  ( 114.3236824214841200, 16.39438460525980200, 313.2882126857306300 ) ) ;
#2849 = CARTESIAN_POINT ( 'NONE',  ( 113.3677814267553100, 17.89438472836930700, 305.8682755090425800 ) ) ;
#2850 = MECHANICAL_CONTEXT ( 'NONE', #473, 'mechanical' ) ;
#2851 = B_SPLINE_CURVE_WITH_KNOTS ( 'NONE', 3,
 ( #526, #1937, #4798, #5293, #5271, #5760, #2897, #1979, #3379, #3851, #4328, #2437, #4366, #5778, #5317, #1500, #3396, #3872, #4838, #2461, #85, #3416, #5906, #5927, #5403, #2084, #4897, #3017, #4039, #1192 ),
 .UNSPECIFIED., .F., .F.,
 ( 4, 2, 2, 2, 2, 2, 2, 2, 2, 2, 2, 2, 2, 2, 4 ),
 ( 0.0000000000000000000, 0.1250000000000000000, 0.1875000000000000000, 0.2500000000000000000, 0.3125000000000000000, 0.3750000000000000000, 0.4375000000000000600, 0.5000000000000000000, 0.5625000000000000000, 0.6250000000000000000, 0.6875000000000000000, 0.7500000000000000000, 0.8125000000000000000, 0.8750000000000001100, 1.000000000000000000 ),
 .UNSPECIFIED. ) ;
#2852 = CARTESIAN_POINT ( 'NONE',  ( 108.7114547870120300, -23.50157523515282400, 319.2165221225490100 ) ) ;
#2853 = B_SPLINE_CURVE_WITH_KNOTS ( 'NONE', 3,
 ( #1843, #877, #2306, #2728, #3764, #900, #6070, #5150, #6143, #5670, #2768, #840, #3697, #2287, #3258, #4649, #5633, #4158 ),
 .UNSPECIFIED., .F., .F.,
 ( 4, 2, 2, 2, 2, 2, 2, 2, 4 ),
 ( 0.0000000000000000000, 0.1250000000000000000, 0.2500000000000000000, 0.3750000000000000000, 0.5000000000000000000, 0.6250000000000000000, 0.7500000000000000000, 0.8750000000000000000, 1.000000000000000000 ),
 .UNSPECIFIED. ) ;
#2854 = CARTESIAN_POINT ( 'NONE',  ( 77.61368769947756600, 4.196405258152250200, 311.1165224408962900 ) ) ;
#2855 = ORIENTED_EDGE ( 'NONE', *, *, #3158, .F. ) ;
#2856 = CARTESIAN_POINT ( 'NONE',  ( 106.7827463082810600, -22.00157548354951600, 319.9433811860957300 ) ) ;
#2857 = CARTESIAN_POINT ( 'NONE',  ( 113.3631271449540900, -23.50157463606791500, 305.8775326204142900 ) ) ;
#2858 = CARTESIAN_POINT ( 'NONE',  ( 99.54619171354404700, 17.89438650843915800, 311.9312252400314900 ) ) ;
#2859 = CARTESIAN_POINT ( 'NONE',  ( 104.2618121877127500, -22.00157580821830500, 307.1623983062666000 ) ) ;
#2860 = CARTESIAN_POINT ( 'NONE',  ( 115.4190108805549800, 16.39438446419352500, 321.1327248044630100 ) ) ;
#2861 = CARTESIAN_POINT ( 'NONE',  ( 107.9005447186801900, 17.89438543248984800, 320.2879363579515400 ) ) ;
#2862 = CARTESIAN_POINT ( 'NONE',  ( 111.4298314054199900, 17.89438497795609700, 306.1354038043450000 ) ) ;
#2863 = FACE_BOUND ( 'NONE', #833, .T. ) ;
#2864 = CARTESIAN_POINT ( 'NONE',  ( 113.6925731052169700, 17.89438468653980500, 316.0348987409560100 ) ) ;
#2865 = CARTESIAN_POINT ( 'NONE',  ( 113.2693481234548000, 17.89438474104643700, 305.8276598741708800 ) ) ;
#2866 = CARTESIAN_POINT ( 'NONE',  ( 113.9594322292155200, 16.39438465217115500, 308.0721426215894800 ) ) ;
#2867 = CARTESIAN_POINT ( 'NONE',  ( 101.3803101083024000, 17.89438627222480700, 316.1849251014616000 ) ) ;
#2868 = CARTESIAN_POINT ( 'NONE',  ( 108.7114547870120200, -23.50157523515275700, 319.0725617865632000 ) ) ;
#2869 = CARTESIAN_POINT ( 'NONE',  ( 113.6221383007717700, 16.39438469561105500, 311.7295848452849300 ) ) ;
#2870 = EDGE_CURVE ( 'NONE', #1399, #1792, #496, .T. ) ;
#2871 = DIRECTION ( 'NONE',  ( -1.000000000000000000, 0.0000000000000000000, 0.0000000000000000000 ) ) ;
#2872 = CARTESIAN_POINT ( 'NONE',  ( 104.2224577027840800, -22.00157581328680200, 313.1221134856135100 ) ) ;
#2873 = EDGE_CURVE ( 'NONE', #4787, #4535, #11, .T. ) ;
#2874 = DIRECTION ( 'NONE',  ( -1.515637314714825100E-021, 1.176836406102649800E-014, -1.000000000000000000 ) ) ;
#2875 = CARTESIAN_POINT ( 'NONE',  ( 107.3816742030289500, 16.39438549931464500, 308.7166475872706400 ) ) ;
#2876 = CARTESIAN_POINT ( 'NONE',  ( 103.4647638661252000, -22.00157591086945200, 305.8782426027128200 ) ) ;
#2877 = CARTESIAN_POINT ( 'NONE',  ( 117.2228218441917800, -23.50157413898121900, 305.3151562579996000 ) ) ;
#2878 = CARTESIAN_POINT ( 'NONE',  ( 104.0588980855568900, 17.89438592725181100, 306.4592213120157000 ) ) ;
#2879 = ORIENTED_EDGE ( 'NONE', *, *, #2873, .T. ) ;
#2880 = CARTESIAN_POINT ( 'NONE',  ( 107.5401972559296800, 16.39438547889865600, 320.3165891193653500 ) ) ;
#2881 = CARTESIAN_POINT ( 'NONE',  ( 112.1442129689948600, 17.89438488595159500, 308.8260267153042900 ) ) ;
#2882 = CARTESIAN_POINT ( 'NONE',  ( 77.61368741132871200, -2.803594741849297500, 312.2165224408954000 ) ) ;
#2883 = CARTESIAN_POINT ( 'NONE',  ( 111.4298314054200000, 17.89438497795611100, 306.1354038043450600 ) ) ;
#2884 = CC_DESIGN_PERSON_AND_ORGANIZATION_ASSIGNMENT ( #2000, #4730, ( #4925 ) ) ;
#2885 = CARTESIAN_POINT ( 'NONE',  ( 101.5303364688079900, 17.89438625290304000, 316.0348987409560100 ) ) ;
#2886 = CARTESIAN_POINT ( 'NONE',  ( 107.6114544276837000, -22.00157537682074600, 300.3904008578980400 ) ) ;
#2887 = ORIENTED_EDGE ( 'NONE', *, *, #1516, .F. ) ;
#2888 = CARTESIAN_POINT ( 'NONE',  ( 113.8845955302804100, 16.39438466180946100, 313.0452304081056200 ) ) ;
#2889 = PLANE ( 'NONE',  #5016 ) ;
#2890 = DIRECTION ( 'NONE',  ( -0.9999999999999916700, 1.287890777357250000E-007, 0.0000000000000000000 ) ) ;
#2891 = B_SPLINE_CURVE_WITH_KNOTS ( 'NONE', 1,
 ( #4793, #4747 ),
 .UNSPECIFIED., .F., .F.,
 ( 2, 2 ),
 ( 0.0000000000000000000, 1.000000000000000000 ),
 .UNSPECIFIED. ) ;
#2892 = B_SPLINE_CURVE_WITH_KNOTS ( 'NONE', 3,
 ( #4345, #1083, #4876, #1023, #2044, #2917, #82, #2412, #2976, #584, #56, #5758, #35, #3453, #3412, #1002, #1475, #5843, #4817, #1515, #1958, #3394, #1498, #563 ),
 .UNSPECIFIED., .F., .F.,
 ( 4, 2, 2, 2, 2, 2, 2, 2, 2, 2, 2, 4 ),
 ( 0.0000000000000000000, 0.1250000000000000000, 0.1875000000000000300, 0.2500000000000000000, 0.3750000000000000600, 0.5000000000000000000, 0.5625000000000000000, 0.6250000000000001100, 0.6875000000000001100, 0.7500000000000001100, 0.8750000000000000000, 1.000000000000000000 ),
 .UNSPECIFIED. ) ;
#2893 = CARTESIAN_POINT ( 'NONE',  ( 109.7452219258161400, -23.50157510201485800, 315.0010544956982100 ) ) ;
#2894 = CARTESIAN_POINT ( 'NONE',  ( 112.1438120088598700, 17.89438488600319100, 305.7073732423719400 ) ) ;
#2895 = ORIENTED_EDGE ( 'NONE', *, *, #401, .T. ) ;
#2896 = VECTOR ( 'NONE', #2055, 1000.000000000000000 ) ;
#2897 = CARTESIAN_POINT ( 'NONE',  ( 104.2616688722070700, 16.39438590113715900, 307.1622581352747300 ) ) ;
#2898 = CARTESIAN_POINT ( 'NONE',  ( 99.54619152036042400, 16.39438650843916900, 311.9312252400314900 ) ) ;
#2899 = CARTESIAN_POINT ( 'NONE',  ( 101.0719276979616100, -22.00157621904074600, 307.0562620636292800 ) ) ;
#2900 = CARTESIAN_POINT ( 'NONE',  ( 113.5566051510194100, -22.00157461115000900, 301.8764275995271800 ) ) ;
#2901 = ORIENTED_EDGE ( 'NONE', *, *, #4115, .F. ) ;
#2902 = CARTESIAN_POINT ( 'NONE',  ( 118.8304147248002500, 16.39438402484190900, 316.0362272997190300 ) ) ;
#2903 = CIRCLE ( 'NONE', #412, 3.500000000000002700 ) ;
#2904 = CARTESIAN_POINT ( 'NONE',  ( 106.5396766188365900, 16.39438560775477800, 319.5048073121407700 ) ) ;
#2905 = CARTESIAN_POINT ( 'NONE',  ( 104.1114547869549800, 17.89438592048325200, 312.4474776761553600 ) ) ;
#2906 = CARTESIAN_POINT ( 'NONE',  ( 101.4907223308734400, 17.89438625800486400, 311.5400245295172100 ) ) ;
#2907 = CARTESIAN_POINT ( 'NONE',  ( 104.1340397234549800, -22.00157582467394900, 311.7537542954553400 ) ) ;
#2908 = CARTESIAN_POINT ( 'NONE',  ( 76.11368792387070000, -2.803594741847749800, 305.2165224408963700 ) ) ;
#2909 = CARTESIAN_POINT ( 'NONE',  ( 107.8383668546292300, -23.50157534759699700, 315.7166465852357100 ) ) ;
#2910 = EDGE_LOOP ( 'NONE', ( #2687, #1037, #6193, #2156 ) ) ;
#2911 = CYLINDRICAL_SURFACE ( 'NONE', #6163, 1.099999999999934400 ) ;
#2912 = CARTESIAN_POINT ( 'NONE',  ( 101.1429608026723900, -22.00157620989247300, 307.7811866465006000 ) ) ;
#2913 = CARTESIAN_POINT ( 'NONE',  ( 114.3231694042406600, 16.39438460532590700, 311.1447441475405600 ) ) ;
#2914 = EDGE_LOOP ( 'NONE', ( #5306, #463, #5298, #3859 ) ) ;
#2915 = DIRECTION ( 'NONE',  ( -1.000000000000000000, 0.0000000000000000000, 0.0000000000000000000 ) ) ;
#2916 = CARTESIAN_POINT ( 'NONE',  ( 106.6224824140509600, 16.39438559709027700, 318.7288753442394400 ) ) ;
#2917 = CARTESIAN_POINT ( 'NONE',  ( 108.4867782916256000, 16.39438535698918300, 305.8868850268011700 ) ) ;
#2918 = CARTESIAN_POINT ( 'NONE',  ( 114.1101422069291000, -22.00157453986052400, 307.6824234873684000 ) ) ;
#2919 = CARTESIAN_POINT ( 'NONE',  ( 99.62213230186810600, 16.39438649865882900, 311.7295843902289800 ) ) ;
#2920 = ORIENTED_EDGE ( 'NONE', *, *, #5791, .T. ) ;
#2921 = CARTESIAN_POINT ( 'NONE',  ( 102.8725797474010600, -22.00157598713633800, 305.6769851753464900 ) ) ;
#2922 = AXIS2_PLACEMENT_3D ( 'NONE', #988, #5827, #2439 ) ;
#2923 = CARTESIAN_POINT ( 'NONE',  ( 108.3860433528385100, -22.00157527706211600, 300.3904008675870600 ) ) ;
#2924 = CARTESIAN_POINT ( 'NONE',  ( 118.2436367749548400, 16.39438410041239200, 306.9806250172242100 ) ) ;
#2925 = ORIENTED_EDGE ( 'NONE', *, *, #1437, .F. ) ;
#2926 = CARTESIAN_POINT ( 'NONE',  ( 107.1245173165665800, 16.39438553243369200, 320.2058384156083500 ) ) ;
#2927 = CARTESIAN_POINT ( 'NONE',  ( 103.7930779754214100, 16.39438596148652400, 306.1354038043440400 ) ) ;
#2928 = CARTESIAN_POINT ( 'NONE',  ( 101.7115160121772800, 16.39438622956904000, 312.2877770419139000 ) ) ;
#2929 = CARTESIAN_POINT ( 'NONE',  ( 112.1452522337325300, 17.89438488581770800, 305.7177230573852900 ) ) ;
#2930 = CARTESIAN_POINT ( 'NONE',  ( 104.2224578959677800, -23.50157581328678800, 313.1221134856135100 ) ) ;
#2931 = CARTESIAN_POINT ( 'NONE',  ( 105.3014026867998900, 16.39438576723091500, 314.8559783306739600 ) ) ;
#2932 = CARTESIAN_POINT ( 'NONE',  ( 101.0719276979616100, -22.00157621904074600, 307.0562620636292800 ) ) ;
#2933 = CARTESIAN_POINT ( 'NONE',  ( 102.8732186720696700, 17.89438607995436600, 305.6666104881920200 ) ) ;
#2934 = CARTESIAN_POINT ( 'NONE',  ( 104.1804536415479800, -23.50157581869642700, 306.7523626619797000 ) ) ;
#2935 = CARTESIAN_POINT ( 'NONE',  ( 107.8967512190494200, 16.39438543297837500, 318.1512649438548700 ) ) ;
#2936 = DIRECTION ( 'NONE',  ( 3.079986266030270000E-007, 0.0000000000000000000, 0.9999999999999525900 ) ) ;
#2937 = CARTESIAN_POINT ( 'NONE',  ( 113.5373486195192500, 17.89438470653092500, 308.5393046143337900 ) ) ;
#2938 = CARTESIAN_POINT ( 'NONE',  ( 112.1452520405489100, 16.39438488581771800, 305.7177230573852900 ) ) ;
#2939 = CARTESIAN_POINT ( 'NONE',  ( 112.4564526380877000, -22.00157475283771500, 305.6666932671869300 ) ) ;
#2940 = CARTESIAN_POINT ( 'NONE',  ( 113.6925731052169800, -23.50157459363897800, 316.0348987409560100 ) ) ;
#2941 = B_SPLINE_CURVE_WITH_KNOTS ( 'NONE', 3,
 ( #1824, #4177, #5632, #1374, #3743, #818, #1765, #3239, #4139, #5172, #6085, #4705, #838, #4157, #388, #5111, #2273, #5576, #5595, #3718, #1352, #409, #876, #1784, #4626, #899, #1842, #6122, #6069, #2766, #2234, #2727, #2305, #4648, #5131, #4196, #5652, #3220 ),
 .UNSPECIFIED., .F., .F.,
 ( 4, 2, 2, 2, 2, 2, 2, 2, 2, 2, 2, 2, 2, 2, 2, 2, 2, 2, 4 ),
 ( 0.0000000000000000000, 0.03124999999999722400, 0.06249999999999444900, 0.1249999999999889000, 0.1874999999999833500, 0.2499999999999778000, 0.3124999999999722400, 0.3437499999999716300, 0.3749999999999710200, 0.4374999999999739100, 0.4999999999999768000, 0.5624999999999796800, 0.6249999999999825700, 0.6874999999999854600, 0.7499999999999883400, 0.8124999999999912300, 0.8749999999999941200, 0.9374999999999970000, 1.000000000000000000 ),
 .UNSPECIFIED. ) ;
#2942 = FACE_OUTER_BOUND ( 'NONE', #3945, .T. ) ;
#2943 = CARTESIAN_POINT ( 'NONE',  ( 119.4368323875752200, -22.00157385384078900, 311.4310948995760100 ) ) ;
#2944 = ORIENTED_EDGE ( 'NONE', *, *, #3595, .F. ) ;
#2945 = CARTESIAN_POINT ( 'NONE',  ( 77.61368816194959700, 15.64438923651438900, 324.0426433693249900 ) ) ;
#2946 = CARTESIAN_POINT ( 'NONE',  ( 115.1662992524930300, 16.39438449673999900, 313.1774023483872000 ) ) ;
#2947 = CARTESIAN_POINT ( 'NONE',  ( 107.3845427177712300, 17.89438549894529000, 315.7166465851466300 ) ) ;
#2948 = CARTESIAN_POINT ( 'NONE',  ( 101.1623034064626100, 16.39438630030160800, 311.2612806110416800 ) ) ;
#2949 = CARTESIAN_POINT ( 'NONE',  ( 113.0766248449379000, 17.89438476586709100, 305.7481382280507200 ) ) ;
#2950 = CARTESIAN_POINT ( 'NONE',  ( 123.5451026297750000, 17.89438341764142800, 300.3904008642169900 ) ) ;
#2951 = CARTESIAN_POINT ( 'NONE',  ( 114.0566101283623500, 17.89438463965584300, 311.2556418967238300 ) ) ;
#2952 = CARTESIAN_POINT ( 'NONE',  ( 108.0983918710897700, 16.39438540700909600, 304.2272058294910800 ) ) ;
#2953 = FACE_OUTER_BOUND ( 'NONE', #5975, .T. ) ;
#2954 = CARTESIAN_POINT ( 'NONE',  ( 101.6050283046521500, -23.50157615038321200, 308.4728373399851800 ) ) ;
#2955 = EDGE_CURVE ( 'NONE', #1491, #422, #3805, .T. ) ;
#2956 = CARTESIAN_POINT ( 'NONE',  ( 106.5114545938283800, 16.39438561138945600, 319.2165221225490100 ) ) ;
#2957 = CARTESIAN_POINT ( 'NONE',  ( 104.1335593912323800, -22.00157582473593400, 312.6749902375693200 ) ) ;
#2958 = EDGE_CURVE ( 'NONE', #948, #2295, #1886, .T. ) ;
#2959 = CARTESIAN_POINT ( 'NONE',  ( 113.9502465356827500, -22.00157456045331700, 306.4652219934262100 ) ) ;
#2960 = CARTESIAN_POINT ( 'NONE',  ( 99.54003503265357700, 16.39438650923206400, 312.5056121515343600 ) ) ;
#2961 = CARTESIAN_POINT ( 'NONE',  ( 100.3236787187768000, 16.39438640830733000, 313.2882120669183900 ) ) ;
#2962 = ORIENTED_EDGE ( 'NONE', *, *, #4379, .F. ) ;
#2963 = CARTESIAN_POINT ( 'NONE',  ( 118.8291470347527500, -22.00157393210401900, 308.3931092558067300 ) ) ;
#2964 = CARTESIAN_POINT ( 'NONE',  ( 108.1628882935345400, -22.00157530580212800, 306.1714133316213500 ) ) ;
#2965 = CARTESIAN_POINT ( 'NONE',  ( 106.4857484640284000, 16.39438561470011600, 315.5383386357434600 ) ) ;
#2966 = CARTESIAN_POINT ( 'NONE',  ( 113.5414942217982600, 17.89438470599711200, 315.8838198575372200 ) ) ;
#2967 = ORIENTED_EDGE ( 'NONE', *, *, #1398, .F. ) ;
#2968 = CARTESIAN_POINT ( 'NONE',  ( 114.0799483849794000, -22.00157454374925700, 316.6518575985936600 ) ) ;
#2969 = AXIS2_PLACEMENT_3D ( 'NONE', #3374, #5267, #4241 ) ;
#2970 = CARTESIAN_POINT ( 'NONE',  ( 110.3963556415944400, 16.39438511105661400, 314.3498970532730800 ) ) ;
#2971 = CARTESIAN_POINT ( 'NONE',  ( 77.61368769947775100, -9.803594741847591700, 311.1165224408963500 ) ) ;
#2972 = EDGE_LOOP ( 'NONE', ( #4633, #1395, #3907, #5842 ) ) ;
#2973 = CARTESIAN_POINT ( 'NONE',  ( 106.9373206305039900, -23.50157546364207700, 318.3352337896486700 ) ) ;
#2974 = CARTESIAN_POINT ( 'NONE',  ( 107.9652529169276000, 16.39438542415609800, 318.1722075367522400 ) ) ;
#2975 = DIRECTION ( 'NONE',  ( 1.000000000000000000, -0.0000000000000000000, -0.0000000000000000000 ) ) ;
#2976 = CARTESIAN_POINT ( 'NONE',  ( 108.1652642716260600, 16.39438539839668300, 306.1778612733197100 ) ) ;
#2977 = CARTESIAN_POINT ( 'NONE',  ( 113.2706069316811300, 16.39438474088433400, 308.7051980811596100 ) ) ;
#2978 = ORIENTED_EDGE ( 'NONE', *, *, #556, .F. ) ;
#2979 = CARTESIAN_POINT ( 'NONE',  ( 99.73217625230108800, 16.39438648448639000, 312.8930181065895800 ) ) ;
#2980 = CIRCLE ( 'NONE', #4043, 1.099999999999931000 ) ;
#2981 = B_SPLINE_CURVE_WITH_KNOTS ( 'NONE', 3,
 ( #5879, #256, #1708, #4011, #2150, #3601, #4478, #1687, #5049, #5009, #5925, #3082, #5422, #2565, #4498, #5904, #184, #5509 ),
 .UNSPECIFIED., .F., .F.,
 ( 4, 2, 2, 2, 2, 2, 2, 2, 4 ),
 ( 0.0000000000000000000, 0.1250000000000000000, 0.2500000000000000000, 0.3750000000000000000, 0.5000000000000000000, 0.6250000000000000000, 0.7500000000000000000, 0.8750000000000000000, 1.000000000000000000 ),
 .UNSPECIFIED. ) ;
#2982 = CARTESIAN_POINT ( 'NONE',  ( 103.9340882057443500, 17.89438594332606400, 316.1901002822285700 ) ) ;
#2983 = CARTESIAN_POINT ( 'NONE',  ( 107.4673003188394900, -22.00157539538627600, 306.3163869779820600 ) ) ;
#2984 = ORIENTED_EDGE ( 'NONE', *, *, #1998, .T. ) ;
#2985 = CARTESIAN_POINT ( 'NONE',  ( 113.7301664542140100, -23.50157458879733600, 312.8906562791288500 ) ) ;
#2986 = CARTESIAN_POINT ( 'NONE',  ( 102.8734473182966800, -23.50157598702465100, 308.8668930984614500 ) ) ;
#2987 = CARTESIAN_POINT ( 'NONE',  ( 102.2451969210494600, -23.50157606793654400, 315.6068187670615000 ) ) ;
#2988 = CARTESIAN_POINT ( 'NONE',  ( 114.1610955026633300, 16.39438462619912000, 307.1601467227612300 ) ) ;
#2989 = CARTESIAN_POINT ( 'NONE',  ( 76.11368816194959700, 15.64438923651411200, 300.3904008652820000 ) ) ;
#2990 = CARTESIAN_POINT ( 'NONE',  ( 110.2480133494341200, 16.39438513016144200, 314.5296356863947300 ) ) ;
#2991 = EDGE_LOOP ( 'NONE', ( #3484, #1709 ) ) ;
#2992 = EDGE_CURVE ( 'NONE', #6187, #2299, #2980, .T. ) ;
#2993 = CARTESIAN_POINT ( 'NONE',  ( 100.6114545938283100, -22.00157627834472900, 311.1165221225489900 ) ) ;
#2994 = CARTESIAN_POINT ( 'NONE',  ( 104.0992394121926500, -23.50157582915595000, 307.9769012058484900 ) ) ;
#2995 = CARTESIAN_POINT ( 'NONE',  ( 101.2652060975942200, -23.50157619414860100, 306.4579960373593500 ) ) ;
#2996 = VERTEX_POINT ( 'NONE', #1575 ) ;
#2997 = CARTESIAN_POINT ( 'NONE',  ( 106.5394322499843700, -23.50157551488577900, 319.5034921377931600 ) ) ;
#2998 = CARTESIAN_POINT ( 'NONE',  ( 113.3642588027372000, 16.39438472882299200, 308.6553067057716900 ) ) ;
#2999 = CARTESIAN_POINT ( 'NONE',  ( 103.7930779754213300, -22.00157586858631800, 318.2976404407530100 ) ) ;
#3000 = CARTESIAN_POINT ( 'NONE',  ( 99.51825533813192200, -23.50157641913693100, 312.3607063652314100 ) ) ;
#3001 = ORIENTED_EDGE ( 'NONE', *, *, #2759, .T. ) ;
#3002 = CARTESIAN_POINT ( 'NONE',  ( 102.7664567427210500, -23.50157600080399300, 318.7663509778953400 ) ) ;
#3003 = CARTESIAN_POINT ( 'NONE',  ( 108.7114545938282900, -22.00157523515273500, 305.3630713568446100 ) ) ;
#3004 = DIRECTION ( 'NONE',  ( -1.000000000000000000, 0.0000000000000000000, 0.0000000000000000000 ) ) ;
#3005 = CARTESIAN_POINT ( 'NONE',  ( 104.2213052827399500, -23.50157581343529100, 316.7502536766839400 ) ) ;
#3006 = CARTESIAN_POINT ( 'NONE',  ( 114.0792147724738200, -22.00157454384375200, 317.6828935769496000 ) ) ;
#3007 = CARTESIAN_POINT ( 'NONE',  ( 107.7556090620027600, -23.50157535825524800, 304.1166572671227800 ) ) ;
#3008 = CARTESIAN_POINT ( 'NONE',  ( 114.3236824214841200, 16.39438460525980200, 313.2882126857306300 ) ) ;
#3009 = CARTESIAN_POINT ( 'NONE',  ( 107.6827119317299700, 16.39438546054412200, 304.1164551257327800 ) ) ;
#3010 = FACE_BOUND ( 'NONE', #850, .T. ) ;
#3011 = CARTESIAN_POINT ( 'NONE',  ( 102.1460732024227300, -23.50157608070251700, 308.7854748667050400 ) ) ;
#3012 = CARTESIAN_POINT ( 'NONE',  ( 102.4499673191974100, -23.50157604156423500, 305.6666562100016900 ) ) ;
#3013 = DIRECTION ( 'NONE',  ( -1.000000000000000000, 0.0000000000000000000, 0.0000000000000000000 ) ) ;
#3014 = CARTESIAN_POINT ( 'NONE',  ( 107.0562664827445300, -23.50157544832315500, 320.1772880163940200 ) ) ;
#3015 = CARTESIAN_POINT ( 'NONE',  ( 113.0768363715986600, 17.89438476583988100, 308.7854748667057300 ) ) ;
#3016 = CARTESIAN_POINT ( 'NONE',  ( 110.9612405086354800, 17.89438503830561400, 317.2707861098194300 ) ) ;
#3017 = CARTESIAN_POINT ( 'NONE',  ( 101.8558097219711000, 16.39438621098555200, 308.6655540737178900 ) ) ;
#3018 = CARTESIAN_POINT ( 'NONE',  ( 113.0766246517415400, -22.00157467296646600, 318.6849060170460500 ) ) ;
#3019 = CARTESIAN_POINT ( 'NONE',  ( 101.6855607613195500, 16.39438623291183100, 315.8937396307625200 ) ) ;
#3020 = CARTESIAN_POINT ( 'NONE',  ( 107.9652529169271600, -22.00157533125541700, 306.2608367083408900 ) ) ;
#3021 = CARTESIAN_POINT ( 'NONE',  ( 113.5115922051630500, -23.50157461694731300, 312.0699450146777800 ) ) ;
#3022 = CARTESIAN_POINT ( 'NONE',  ( 106.5114547870120000, 17.89438561138944600, 319.2165221225490100 ) ) ;
#3023 = CARTESIAN_POINT ( 'NONE',  ( 101.5303364688080000, -23.50157616000280600, 316.0348987409560100 ) ) ;
#3024 = CARTESIAN_POINT ( 'NONE',  ( 112.7691199476009000, -22.00157471256973100, 318.7565755097180600 ) ) ;
#3025 = CARTESIAN_POINT ( 'NONE',  ( 114.7554149298136700, -22.00157445675634100, 313.3165221225489700 ) ) ;
#3026 = VERTEX_POINT ( 'NONE', #3367 ) ;
#3027 = CARTESIAN_POINT ( 'NONE',  ( 115.5728399697240700, -23.50157435148101100, 311.6619696769983000 ) ) ;
#3028 = CARTESIAN_POINT ( 'NONE',  ( 101.2731031491845500, -22.00157619313153000, 306.4646310084531800 ) ) ;
#3029 = CARTESIAN_POINT ( 'NONE',  ( 104.2616005660508900, -22.00157580824556200, 307.3734025857236800 ) ) ;
#3030 = CARTESIAN_POINT ( 'NONE',  ( 118.8169555985498400, 16.39438402657520700, 308.4157901856859800 ) ) ;
#3031 = CARTESIAN_POINT ( 'NONE',  ( 108.4920587320737000, -23.50157526340872500, 319.8917641799168300 ) ) ;
#3032 = VERTEX_POINT ( 'NONE', #639 ) ;
#3033 = AXIS2_PLACEMENT_3D ( 'NONE', #404, #2324, #3774 ) ;
#3034 = CARTESIAN_POINT ( 'NONE',  ( 111.7599623466905300, 16.39438493543886500, 308.6565103752078600 ) ) ;
#3035 = CARTESIAN_POINT ( 'NONE',  ( 112.0447711298025100, 17.89438489875869500, 315.6478498211215500 ) ) ;
#3036 = CARTESIAN_POINT ( 'NONE',  ( 113.6925729120333400, 16.39438468653981600, 316.0348987409560100 ) ) ;
#3037 = CARTESIAN_POINT ( 'NONE',  ( 114.1613071243225100, -22.00157453327114300, 317.0618932428898800 ) ) ;
#3038 = CARTESIAN_POINT ( 'NONE',  ( 76.11368815268146200, -2.803594741847680100, 318.1165224408962300 ) ) ;
#3039 = ADVANCED_FACE ( 'NONE', ( #5675 ), #5489, .T. ) ;
#3040 = CARTESIAN_POINT ( 'NONE',  ( 101.4562702388606300, -23.50157616954175300, 318.2234937936991100 ) ) ;
#3041 = ORIENTED_EDGE ( 'NONE', *, *, #4749, .F. ) ;
#3042 = CARTESIAN_POINT ( 'NONE',  ( 115.7115217838270200, 17.89438442652125300, 312.2877794604551100 ) ) ;
#3043 = FACE_OUTER_BOUND ( 'NONE', #1107, .T. ) ;
#3044 = DIRECTION ( 'NONE',  ( -1.000000000000000000, 0.0000000000000000000, 0.0000000000000000000 ) ) ;
#3045 = CARTESIAN_POINT ( 'NONE',  ( 104.8289964285343000, 16.39438582807173400, 314.3531282244601400 ) ) ;
#3046 = CARTESIAN_POINT ( 'NONE',  ( 111.2800461897649700, -23.50157490434610000, 306.2851890199979700 ) ) ;
#3047 = CARTESIAN_POINT ( 'NONE',  ( 114.1103020143434300, -22.00157453984005000, 317.5812462284736200 ) ) ;
#3048 = CARTESIAN_POINT ( 'NONE',  ( 106.7313714073317100, -22.00157549016590200, 304.5407603747988200 ) ) ;
#3049 = VERTEX_POINT ( 'NONE', #1725 ) ;
#3050 = FACE_OUTER_BOUND ( 'NONE', #3479, .T. ) ;
#3051 = CARTESIAN_POINT ( 'NONE',  ( 101.0716034080954400, 17.89438631198286000, 316.9575819995100700 ) ) ;
#3052 = CARTESIAN_POINT ( 'NONE',  ( 104.1799476005313200, 17.89438591166197400, 307.7825210702641800 ) ) ;
#3053 = CARTESIAN_POINT ( 'NONE',  ( 107.5401972559149500, -22.00157538599802400, 318.1164551257413100 ) ) ;
#3054 = CARTESIAN_POINT ( 'NONE',  ( 112.0457796657036800, -23.50157480572807600, 315.6476331646611000 ) ) ;
#3055 = ORIENTED_EDGE ( 'NONE', *, *, #5526, .T. ) ;
#3056 = CARTESIAN_POINT ( 'NONE',  ( 110.6621364563962700, 16.39438507682702800, 323.6490997277740600 ) ) ;
#3057 = CARTESIAN_POINT ( 'NONE',  ( 76.11368823192177000, -2.803594741848473200, 308.7165224408955200 ) ) ;
#3058 = FACE_BOUND ( 'NONE', #2748, .T. ) ;
#3059 = DIRECTION ( 'NONE',  ( 0.9999999999999525900, -0.0000000000000000000, -3.079986237769798100E-007 ) ) ;
#3060 = CARTESIAN_POINT ( 'NONE',  ( 104.0503111018714200, 16.39438592835781300, 316.3641259450611800 ) ) ;
#3061 = DIRECTION ( 'NONE',  ( 1.515636753877866300E-021, 1.176836406102649700E-014, 1.000000000000000000 ) ) ;
#3062 = CARTESIAN_POINT ( 'NONE',  ( 99.65656357793258700, -23.50157640132433900, 312.7679558222502600 ) ) ;
#3063 = EDGE_LOOP ( 'NONE', ( #531, #3487 ) ) ;
#3064 = CARTESIAN_POINT ( 'NONE',  ( 104.0503111018714200, 16.39438592835781300, 316.3641259450611800 ) ) ;
#3065 = B_SPLINE_CURVE_WITH_KNOTS ( 'NONE', 3,
 ( #5063, #1921, #3365, #5261 ),
 .UNSPECIFIED., .F., .F.,
 ( 4, 4 ),
 ( 0.0000000000000000000, 1.000000000000000000 ),
 .UNSPECIFIED. ) ;
#3066 = CARTESIAN_POINT ( 'NONE',  ( 115.2872163415747300, 16.39438448116719700, 313.0966053090338100 ) ) ;
#3067 = ORIENTED_EDGE ( 'NONE', *, *, #3824, .F. ) ;
#3068 = CARTESIAN_POINT ( 'NONE',  ( 114.7554151229973600, -23.50157445675632700, 313.3165221225489700 ) ) ;
#3069 = CARTESIAN_POINT ( 'NONE',  ( 113.9410916895785300, -22.00157456163232800, 311.3411984247535400 ) ) ;
#3070 = CARTESIAN_POINT ( 'NONE',  ( 117.6558070826422600, 17.89438417611858200, 318.4709565242893100 ) ) ;
#3071 = CARTESIAN_POINT ( 'NONE',  ( 100.7576996772867900, -23.50157625950998900, 313.3165221225489700 ) ) ;
#3072 = EDGE_CURVE ( 'NONE', #4426, #2656, #4771, .T. ) ;
#3073 = ORIENTED_EDGE ( 'NONE', *, *, #2316, .F. ) ;
#3074 = CARTESIAN_POINT ( 'NONE',  ( 102.5576607328102300, 17.89438612059492300, 318.7663278160111400 ) ) ;
#3075 = DIRECTION ( 'NONE',  ( -0.0000000000000000000, 1.176836406102669400E-014, 1.000000000000000000 ) ) ;
#3076 = EDGE_CURVE ( 'NONE', #1206, #5288, #983, .T. ) ;
#3077 = CARTESIAN_POINT ( 'NONE',  ( 108.6004267736078800, -22.00157524945198200, 318.7288753442324500 ) ) ;
#3078 = CARTESIAN_POINT ( 'NONE',  ( 112.3532843698492500, -23.50157476612481500, 315.5759636719994900 ) ) ;
#3079 = CARTESIAN_POINT ( 'NONE',  ( 117.8706262666011400, 16.39438414845220000, 318.1498724103380500 ) ) ;
#3080 = CARTESIAN_POINT ( 'NONE',  ( 111.4298312122362900, -22.00157488505540800, 306.1354038043450000 ) ) ;
#3081 = CARTESIAN_POINT ( 'NONE',  ( 113.6925731052169700, 17.89438468653980500, 316.0348987409559500 ) ) ;
#3082 = CARTESIAN_POINT ( 'NONE',  ( 113.6500696042786000, 17.89438469201373700, 311.6619696770295600 ) ) ;
#3083 = CARTESIAN_POINT ( 'NONE',  ( 111.4298314054199900, 17.89438497795624600, 318.2976404407529600 ) ) ;
#3084 = CARTESIAN_POINT ( 'NONE',  ( 101.5303364688080000, -23.50157616000280600, 316.0348987409560100 ) ) ;
#3085 = CARTESIAN_POINT ( 'NONE',  ( 99.94109188276196700, -23.50157636468017200, 311.3411984247492800 ) ) ;
#3086 = CARTESIAN_POINT ( 'NONE',  ( 104.2108070777288900, 16.39438590768769900, 316.7512929532376200 ) ) ;
#3087 = CIRCLE ( 'NONE', #4432, 1.599999999999899700 ) ;
#3088 = AXIS2_PLACEMENT_3D ( 'NONE', #4981, #3059, #3517 ) ;
#3089 = UNCERTAINTY_MEASURE_WITH_UNIT (LENGTH_MEASURE( 1.000000000000000100E-005 ), #5709, 'distance_accuracy_value', 'NONE');
#3090 = CARTESIAN_POINT ( 'NONE',  ( 114.8992267661772400, 16.39438453113596900, 311.1448315593627300 ) ) ;
#3091 = CARTESIAN_POINT ( 'NONE',  ( 113.7819376750581900, -22.00157458212963100, 312.9425341055119800 ) ) ;
#3092 = CARTESIAN_POINT ( 'NONE',  ( 99.65006357227777300, 17.89438649506160300, 311.6619691561013500 ) ) ;
#3093 = CARTESIAN_POINT ( 'NONE',  ( 111.4078250079666900, 17.89438498079048800, 323.4435098406551100 ) ) ;
#3094 = CARTESIAN_POINT ( 'NONE',  ( 104.0595692732177500, -23.50157583426514700, 317.9722055790105100 ) ) ;
#3095 = ORIENTED_EDGE ( 'NONE', *, *, #5996, .F. ) ;
#3096 = CARTESIAN_POINT ( 'NONE',  ( 76.11368792387070000, -2.803594741847749800, 305.2165224408963700 ) ) ;
#3097 = CARTESIAN_POINT ( 'NONE',  ( 104.0507517922708300, 17.89438592830099100, 308.0683273150532400 ) ) ;
#3098 = CARTESIAN_POINT ( 'NONE',  ( 103.6380788107464500, -22.00157588854840500, 308.5392312900690400 ) ) ;
#3099 = CARTESIAN_POINT ( 'NONE',  ( 118.2365708761377300, 16.39438410132253000, 317.4668556713674500 ) ) ;
#3100 = CARTESIAN_POINT ( 'NONE',  ( 112.0464398911681800, -22.00157480564291400, 305.7478651175375700 ) ) ;
#3101 = CARTESIAN_POINT ( 'NONE',  ( 113.2711366918689300, 17.89438474081623900, 318.6044235756002600 ) ) ;
#3102 = ADVANCED_FACE ( 'NONE', ( #1050 ), #233, .F. ) ;
#3103 = CARTESIAN_POINT ( 'NONE',  ( 101.2634769584411700, 16.39438628727162600, 316.3609016235142800 ) ) ;
#3104 = CARTESIAN_POINT ( 'NONE',  ( 111.4298314054199900, -23.50157488505540100, 306.1354038043450000 ) ) ;
#3105 = CARTESIAN_POINT ( 'NONE',  ( 100.7554151229979600, -23.50157625980421400, 313.3165221225489700 ) ) ;
#3106 = ADVANCED_FACE ( 'NONE', ( #4549 ), #5430, .T. ) ;
#3107 = CARTESIAN_POINT ( 'NONE',  ( 78.36368825854144400, -22.00157914361524900, 324.0426434307000200 ) ) ;
#3108 = B_SPLINE_CURVE_WITH_KNOTS ( 'NONE', 3,
 ( #1712, #5052, #3169, #1282, #2677, #6012, #4125, #300, #3583, #2637, #822, #3147, #321, #804, #783, #4524, #5011, #741 ),
 .UNSPECIFIED., .F., .F.,
 ( 4, 2, 2, 2, 2, 2, 2, 2, 4 ),
 ( 0.0000000000000000000, 0.1250000000000000000, 0.2500000000000000000, 0.3750000000000000000, 0.5000000000000000000, 0.6250000000000000000, 0.7500000000000000000, 0.8750000000000000000, 1.000000000000000000 ),
 .UNSPECIFIED. ) ;
#3109 = EDGE_CURVE ( 'NONE', #4352, #5587, #5976, .T. ) ;
#3110 = DIRECTION ( 'NONE',  ( -1.000000000000000000, 0.0000000000000000000, 0.0000000000000000000 ) ) ;
#3111 = CARTESIAN_POINT ( 'NONE',  ( 114.3231694042400500, -22.00157451242495600, 313.2883000975635400 ) ) ;
#3112 = ORIENTED_EDGE ( 'NONE', *, *, #5233, .F. ) ;
#3113 = CARTESIAN_POINT ( 'NONE',  ( 111.1725980857843700, -22.00157491818435300, 316.3641259450616300 ) ) ;
#3114 = CARTESIAN_POINT ( 'NONE',  ( 103.4636322083373700, -23.50157591101533000, 315.7770275570356900 ) ) ;
#3115 = CARTESIAN_POINT ( 'NONE',  ( 78.36368845172501100, 17.89438923651406200, 298.0250565698730700 ) ) ;
#3116 = ORIENTED_EDGE ( 'NONE', *, *, #5201, .F. ) ;
#3117 = CARTESIAN_POINT ( 'NONE',  ( 113.3642588027499000, -22.00157463592227500, 315.7777375393209800 ) ) ;
#3118 = CALENDAR_DATE ( 2022, 4, 5 ) ;
#3119 = CARTESIAN_POINT ( 'NONE',  ( 108.3865022768467100, 16.39438536990385500, 324.0426433778898200 ) ) ;
#3120 = CARTESIAN_POINT ( 'NONE',  ( 106.5396766188344800, -22.00157551485428100, 318.9282369329573600 ) ) ;
#3121 = CARTESIAN_POINT ( 'NONE',  ( 111.5805422481834600, 16.39438495854632500, 318.4483514767001100 ) ) ;
#3122 = CARTESIAN_POINT ( 'NONE',  ( 111.1236699686522200, 16.39438501738636900, 307.9769012058486600 ) ) ;
#3123 = ORIENTED_EDGE ( 'NONE', *, *, #396, .T. ) ;
#3124 = CARTESIAN_POINT ( 'NONE',  ( 107.3845427194011800, -23.50157540604455200, 308.7163976598617400 ) ) ;
#3125 = CARTESIAN_POINT ( 'NONE',  ( 101.0618136849978700, 16.39438631324366800, 317.2728975223379300 ) ) ;
#3126 = CARTESIAN_POINT ( 'NONE',  ( 99.65656338474889300, -22.00157640132435000, 312.7679558222502600 ) ) ;
#3127 = CARTESIAN_POINT ( 'NONE',  ( 107.6114547899019400, 17.89438546972123900, 300.3904008547380000 ) ) ;
#3128 = CARTESIAN_POINT ( 'NONE',  ( 110.6661786235564200, 17.89438507630629600, 310.4454100306472800 ) ) ;
#3129 = VERTEX_POINT ( 'NONE', #2355 ) ;
#3130 = FACE_OUTER_BOUND ( 'NONE', #2244, .T. ) ;
#3131 = CARTESIAN_POINT ( 'NONE',  ( 78.36368816194959700, 15.64438923651411200, 300.1538784402415600 ) ) ;
#3132 = CARTESIAN_POINT ( 'NONE',  ( 108.7114547870120300, -23.50157523515282400, 319.2165221225490100 ) ) ;
#3133 = CARTESIAN_POINT ( 'NONE',  ( 100.0563769013176500, 17.89438644273290500, 313.1775893131742800 ) ) ;
#3134 = CARTESIAN_POINT ( 'NONE',  ( 112.0457794725199800, -22.00157480572808700, 315.6476331646611000 ) ) ;
#3135 = CARTESIAN_POINT ( 'NONE',  ( 107.9005445254878600, -22.00157533958913100, 304.1451078871511400 ) ) ;
#3136 = ADVANCED_FACE ( 'NONE', ( #5220 ), #4100, .F. ) ;
#3137 = CARTESIAN_POINT ( 'NONE',  ( 76.11368849147994800, -2.803594741847680100, 320.3165224408961600 ) ) ;
#3138 = ORIENTED_EDGE ( 'NONE', *, *, #3710, .T. ) ;
#3139 = CARTESIAN_POINT ( 'NONE',  ( 113.5400403584227100, 16.39438470618442900, 312.5056120542125800 ) ) ;
#3140 = CARTESIAN_POINT ( 'NONE',  ( 102.2482783280299800, 17.89438616043989300, 308.8164870611338400 ) ) ;
#3141 = CARTESIAN_POINT ( 'NONE',  ( 107.9652531101062900, 17.89438542415592400, 304.1722075367538300 ) ) ;
#3142 = CARTESIAN_POINT ( 'NONE',  ( 114.8249571602218400, 16.39438454070093700, 302.8132689392596700 ) ) ;
#3143 = CARTESIAN_POINT ( 'NONE',  ( 108.6004267736078800, -22.00157524945198200, 318.7288753442324500 ) ) ;
#3144 = CARTESIAN_POINT ( 'NONE',  ( 113.5370387067207900, 16.39438470657095700, 318.4391214744015900 ) ) ;
#3145 = DIRECTION ( 'NONE',  ( 0.0000000000000000000, 0.0000000000000000000, 1.000000000000000000 ) ) ;
#3146 = CARTESIAN_POINT ( 'NONE',  ( 111.0893499896174700, -23.50157492890565800, 311.7580540075921400 ) ) ;
#3147 = CARTESIAN_POINT ( 'NONE',  ( 111.0021586726060300, -23.50157494013511800, 316.7482976700841800 ) ) ;
#3148 = B_SPLINE_CURVE_WITH_KNOTS ( 'NONE', 1,
 ( #3527, #5500 ),
 .UNSPECIFIED., .F., .F.,
 ( 2, 2 ),
 ( 0.0000000000000000000, 1.000000000000000000 ),
 .UNSPECIFIED. ) ;
#3149 = CARTESIAN_POINT ( 'NONE',  ( 100.6114545938283000, -22.00157627834475300, 313.3165221225489700 ) ) ;
#3150 = CARTESIAN_POINT ( 'NONE',  ( 108.0983918710935700, -22.00157531410856400, 306.2058384156057400 ) ) ;
#3151 = ORIENTED_EDGE ( 'NONE', *, *, #5646, .T. ) ;
#3152 = CARTESIAN_POINT ( 'NONE',  ( 115.1665285910639800, 17.89438449671037600, 311.2554547110557300 ) ) ;
#3153 = CARTESIAN_POINT ( 'NONE',  ( 115.1623096040502200, -23.50157440435277000, 313.1717622859187600 ) ) ;
#3154 = EDGE_LOOP ( 'NONE', ( #525, #1184, #4461, #4932 ) ) ;
#3155 = DIRECTION ( 'NONE',  ( 3.079986439502666300E-007, -1.246832498358365000E-014, 0.9999999999999524800 ) ) ;
#3156 = CARTESIAN_POINT ( 'NONE',  ( 104.2109695100541400, -22.00157581476641900, 316.7515363315791300 ) ) ;
#3157 = CARTESIAN_POINT ( 'NONE',  ( 76.11368792387070000, -2.803594741847749800, 304.1165224408964000 ) ) ;
#3158 = EDGE_CURVE ( 'NONE', #3222, #4823, #2369, .T. ) ;
#3159 = CARTESIAN_POINT ( 'NONE',  ( 101.4907221376898300, 16.39438625800487900, 311.5400245295172100 ) ) ;
#3160 = CARTESIAN_POINT ( 'NONE',  ( 108.7408876945049200, -22.00157523136201100, 308.8960227532338100 ) ) ;
#3161 = AXIS2_PLACEMENT_3D ( 'NONE', #3796, #953, #5669 ) ;
#3162 = CARTESIAN_POINT ( 'NONE',  ( 106.5397642238187900, 17.89438560774333500, 304.9287499502015600 ) ) ;
#3163 = CARTESIAN_POINT ( 'NONE',  ( 103.6375437701088600, -22.00157588861739600, 315.8934177073111300 ) ) ;
#3164 = CARTESIAN_POINT ( 'NONE',  ( 107.5401972559149500, -22.00157538599802400, 318.1164551257413100 ) ) ;
#3165 = DIRECTION ( 'NONE',  ( 1.287890719995728600E-007, 0.9999999999999916700, -1.176961691687045300E-014 ) ) ;
#3166 = ORIENTED_EDGE ( 'NONE', *, *, #3072, .F. ) ;
#3167 = ADVANCED_FACE ( 'NONE', ( #2015 ), #5299, .T. ) ;
#3168 = DIRECTION ( 'NONE',  ( -0.9999999999999916700, 1.287890777357250000E-007, 0.0000000000000000000 ) ) ;
#3169 = CARTESIAN_POINT ( 'NONE',  ( 113.3688509947965000, -23.50157463533087600, 315.7685473633730500 ) ) ;
#3170 = CARTESIAN_POINT ( 'NONE',  ( 100.4649053595307000, -22.00157629721870100, 313.3165221225489700 ) ) ;
#3171 = CARTESIAN_POINT ( 'NONE',  ( 102.8707512696986600, -22.00157598737196500, 318.7563571685201400 ) ) ;
#3172 = CARTESIAN_POINT ( 'NONE',  ( 76.11368815268146200, -2.803594741847680100, 320.3165224408962200 ) ) ;
#3173 = CARTESIAN_POINT ( 'NONE',  ( 119.0560600227983300, -22.00157390288012500, 309.1376157592691200 ) ) ;
#3174 = CARTESIAN_POINT ( 'NONE',  ( 103.1764692964849700, -22.00157594799881300, 318.6851791275656800 ) ) ;
#3175 = FACE_BOUND ( 'NONE', #3368, .T. ) ;
#3176 = CARTESIAN_POINT ( 'NONE',  ( 108.1628882935354500, -22.00157530580223800, 320.1714133316265200 ) ) ;
#3177 = CARTESIAN_POINT ( 'NONE',  ( 113.7819376750578800, 16.39438467503058000, 311.4905101395872900 ) ) ;
#3178 = CARTESIAN_POINT ( 'NONE',  ( 102.7665321110426200, 17.89438609369457500, 318.7662110211376200 ) ) ;
#3179 = CARTESIAN_POINT ( 'NONE',  ( 111.5044596714669600, -22.00157487544417700, 315.9604189986855000 ) ) ;
#3180 = CARTESIAN_POINT ( 'NONE',  ( 103.3716415620688000, -22.00157592286272700, 315.7281156061074500 ) ) ;
#3181 = CARTESIAN_POINT ( 'NONE',  ( 111.5805424413670900, 17.89438495854631500, 318.4483514767001100 ) ) ;
#3182 = EDGE_LOOP ( 'NONE', ( #2722, #2682, #3995, #6136 ) ) ;
#3183 = DIRECTION ( 'NONE',  ( 3.079986266030230300E-007, 0.0000000000000000000, 0.9999999999999525900 ) ) ;
#3184 = CARTESIAN_POINT ( 'NONE',  ( 77.61368803827605200, 4.196405258152250200, 312.2165224408962600 ) ) ;
#3185 = CARTESIAN_POINT ( 'NONE',  ( 102.2472710482812200, 16.39438616056972400, 318.7157871959958600 ) ) ;
#3186 = DIRECTION ( 'NONE',  ( 3.079986266030230300E-007, 0.0000000000000000000, 0.9999999999999525900 ) ) ;
#3187 = CARTESIAN_POINT ( 'NONE',  ( 102.4515515249874200, -22.00157604136034800, 318.7561338190967000 ) ) ;
#3188 = ORIENTED_EDGE ( 'NONE', *, *, #5839, .F. ) ;
#3189 = CALENDAR_DATE ( 2022, 4, 5 ) ;
#3190 = EDGE_CURVE ( 'NONE', #5071, #5663, #835, .T. ) ;
#3191 = CARTESIAN_POINT ( 'NONE',  ( 108.0759502403813300, 17.89438540989948100, 315.7162682087499100 ) ) ;
#3192 = CARTESIAN_POINT ( 'NONE',  ( 115.1662994456765600, -23.50157440383893000, 311.2556418967117800 ) ) ;
#3193 = CARTESIAN_POINT ( 'NONE',  ( 76.11368815268146200, -2.803594741847680100, 319.2165224408962000 ) ) ;
#3194 = CARTESIAN_POINT ( 'NONE',  ( 101.1432364950489400, -22.00157620985705600, 316.6509631025105600 ) ) ;
#3195 = ORIENTED_EDGE ( 'NONE', *, *, #3267, .F. ) ;
#3196 = EDGE_CURVE ( 'NONE', #5598, #6095, #1456, .T. ) ;
#3197 = ADVANCED_FACE ( 'NONE', ( #4174 ), #3241, .T. ) ;
#3198 = CARTESIAN_POINT ( 'NONE',  ( 108.7114545938283200, -22.00157523515271800, 319.3630713568453000 ) ) ;
#3199 = FACE_BOUND ( 'NONE', #2264, .T. ) ;
#3200 = CARTESIAN_POINT ( 'NONE',  ( 101.4571475813192900, 16.39438626232898600, 318.2245985596654800 ) ) ;
#3201 = CARTESIAN_POINT ( 'NONE',  ( 108.5723350128443500, 17.89438534597040900, 304.6616774638860100 ) ) ;
#3202 = ORIENTED_EDGE ( 'NONE', *, *, #6149, .T. ) ;
#3203 = CARTESIAN_POINT ( 'NONE',  ( 113.5373484263356300, 16.39438470653093600, 308.5393046143337900 ) ) ;
#3204 = CARTESIAN_POINT ( 'NONE',  ( 106.7313714073487300, 16.39438558306656900, 319.8922838702976000 ) ) ;
#3205 = LINE ( 'NONE', #5661, #6051 ) ;
#3206 = APPROVAL ( #5228, '未指定' ) ;
#3207 = CARTESIAN_POINT ( 'NONE',  ( 111.3557651754816500, -23.50157489459434100, 308.3239988570799700 ) ) ;
#3208 = CARTESIAN_POINT ( 'NONE',  ( 101.1662992524951500, -22.00157620688676400, 311.2556418967126300 ) ) ;
#3209 = ORIENTED_EDGE ( 'NONE', *, *, #3863, .T. ) ;
#3210 = VECTOR ( 'NONE', #2915, 1000.000000000000000 ) ;
#3211 = CARTESIAN_POINT ( 'NONE',  ( 113.6925731052169800, -23.50157459363898500, 316.0348987409560100 ) ) ;
#3212 = VERTEX_POINT ( 'NONE', #4019 ) ;
#3213 = CARTESIAN_POINT ( 'NONE',  ( 107.4672705443218500, 17.89438548829066300, 306.3097215714321400 ) ) ;
#3214 = CARTESIAN_POINT ( 'NONE',  ( 113.5566051510194100, -22.00157461115000900, 301.8764275995271800 ) ) ;
#3215 = CARTESIAN_POINT ( 'NONE',  ( 107.9652531101102000, -23.50157533125546300, 320.2608367083426500 ) ) ;
#3216 = CARTESIAN_POINT ( 'NONE',  ( 114.8249573534054700, 17.89438454070092300, 302.8132689392596700 ) ) ;
#3217 = VERTEX_POINT ( 'NONE', #607 ) ;
#3218 = CARTESIAN_POINT ( 'NONE',  ( 103.7183861395774600, 16.39438597110615000, 318.3723322765968600 ) ) ;
#3219 = CARTESIAN_POINT ( 'NONE',  ( 106.5114545938283800, 16.39438561138929300, 305.2165221225490700 ) ) ;
#3220 = CARTESIAN_POINT ( 'NONE',  ( 107.6114547841219600, -23.50157537682098800, 324.0426435149085500 ) ) ;
#3221 = CARTESIAN_POINT ( 'NONE',  ( 101.1127669807295600, 16.39438630668133400, 307.6824234873687400 ) ) ;
#3222 = VERTEX_POINT ( 'NONE', #4836 ) ;
#3223 = CARTESIAN_POINT ( 'NONE',  ( 103.7930779754213300, -22.00157586858631800, 318.2976404407530100 ) ) ;
#3224 = CARTESIAN_POINT ( 'NONE',  ( 113.6925729120333600, 16.39438468653972700, 308.3981455041409300 ) ) ;
#3225 = CARTESIAN_POINT ( 'NONE',  ( 111.0119398707952900, -23.50157493887530800, 307.6815079135342900 ) ) ;
#3226 = CARTESIAN_POINT ( 'NONE',  ( 111.0888694641982400, -22.00157492896762100, 312.6792899497039600 ) ) ;
#3227 = LINE ( 'NONE', #4430, #475 ) ;
#3228 = CARTESIAN_POINT ( 'NONE',  ( 115.2818174980789800, -22.00157438896144400, 313.0918458203415200 ) ) ;
#3229 = CARTESIAN_POINT ( 'NONE',  ( 119.2864675074720300, 17.89438396610723100, 310.2928351489384200 ) ) ;
#3230 = LINE ( 'NONE', #4956, #6144 ) ;
#3231 = CARTESIAN_POINT ( 'NONE',  ( 106.9349588946225400, -23.50157546394620300, 320.0957957637364200 ) ) ;
#3232 = CARTESIAN_POINT ( 'NONE',  ( 116.9938982767392200, 17.89438426136522200, 319.4262910796197700 ) ) ;
#3233 = LINE ( 'NONE', #1457, #403 ) ;
#3234 = AXIS2_PLACEMENT_3D ( 'NONE', #3502, #3977, #2033 ) ;
#3235 = CARTESIAN_POINT ( 'NONE',  ( 112.4564526381281100, 16.39438484573862800, 318.7663509778900600 ) ) ;
#3236 = CARTESIAN_POINT ( 'NONE',  ( 102.2470012629278400, 17.89438616060433100, 305.7174089095680600 ) ) ;
#3237 = ORIENTED_EDGE ( 'NONE', *, *, #5759, .T. ) ;
#3238 = CARTESIAN_POINT ( 'NONE',  ( 108.7114545938282800, -22.00157523515274200, 305.2165221225490100 ) ) ;
#3239 = CARTESIAN_POINT ( 'NONE',  ( 112.8420595445846900, -23.50157470317571300, 301.5815233965866500 ) ) ;
#3240 = CARTESIAN_POINT ( 'NONE',  ( 101.0714749062330800, 16.39438631199929500, 307.0585181189961800 ) ) ;
#3241 = B_SPLINE_SURFACE_WITH_KNOTS ( 'NONE', 1, 3, ( 
 ( #90, #572, #1589, #593, #615, #1567, #4902, #3959, #2067, #5408, #4462, #3042, #1151, #3523, #1651, #4044, #3997, #5454, #4528, #4990, #1131, #4968, #5429, #2619 ),
 ( #1611, #191, #3090, #2089, #2136, #4505, #679, #4484, #4945, #1630, #3566, #1174, #5477, #2113, #2593, #2574, #5933, #5910, #5955, #3066, #722, #241, #1197, #215 ) ),
 .UNSPECIFIED., .F., .F., .F.,
 ( 2, 2 ),
 ( 4, 2, 2, 2, 2, 2, 2, 2, 2, 2, 2, 4 ),
 ( 0.0000000000000000000, 1.000000000000000000 ),
 ( 0.0000000000000000000, 0.0004295930917437212700, 0.0006443896376155818500, 0.0008591861834874425400, 0.001288779275231163700, 0.001718372366974885100, 0.001933168912846745800, 0.002147965458718606400, 0.002362762004590466900, 0.002577558550462327400, 0.003007151642206048800, 0.003436744733949770100 ),
 .UNSPECIFIED. ) ;
#3242 = CARTESIAN_POINT ( 'NONE',  ( 110.9613086216071600, 16.39438503829672200, 307.3734025857282900 ) ) ;
#3243 = CARTESIAN_POINT ( 'NONE',  ( 110.9714126952798400, -22.00157494409473500, 307.0561814689484100 ) ) ;
#3244 = CARTESIAN_POINT ( 'NONE',  ( 111.1114547870675300, 17.89438501895979200, 311.9855665690670300 ) ) ;
#3245 = CARTESIAN_POINT ( 'NONE',  ( 113.5418620692710900, -23.50157461304884200, 308.5488565400868900 ) ) ;
#3246 = CARTESIAN_POINT ( 'NONE',  ( 101.2872163415779700, -22.00157619131397300, 311.3364389360527300 ) ) ;
#3247 = CARTESIAN_POINT ( 'NONE',  ( 108.7371607220871300, -22.00157523184213200, 315.5383386362569800 ) ) ;
#3248 = CARTESIAN_POINT ( 'NONE',  ( 114.6114545938283100, -22.00157447529699800, 313.3165221225489700 ) ) ;
#3249 = CARTESIAN_POINT ( 'NONE',  ( 115.2872163415758600, -22.00157438826615700, 311.3364389360587600 ) ) ;
#3250 = CARTESIAN_POINT ( 'NONE',  ( 116.5239790388379500, 17.89438432188551400, 304.4045626656428000 ) ) ;
#3251 = CARTESIAN_POINT ( 'NONE',  ( 106.5114547870120000, -23.50157551848886000, 319.3604824585333400 ) ) ;
#3252 = CARTESIAN_POINT ( 'NONE',  ( 118.6868314685780100, 17.89438404333378000, 308.0521897385055500 ) ) ;
#3253 = VERTEX_POINT ( 'NONE', #2945 ) ;
#3254 = CARTESIAN_POINT ( 'NONE',  ( 101.8597822358859200, 16.39438621047389300, 305.8775326204155900 ) ) ;
#3255 = CARTESIAN_POINT ( 'NONE',  ( 108.4867782916339300, -22.00157526408859700, 304.5461592182961100 ) ) ;
#3256 = CARTESIAN_POINT ( 'NONE',  ( 110.9326334567129400, -22.00157494908907900, 311.0889164566838800 ) ) ;
#3257 = CARTESIAN_POINT ( 'NONE',  ( 76.11368781155191200, -7.753342210153570900, 307.2667749725874800 ) ) ;
#3258 = CARTESIAN_POINT ( 'NONE',  ( 106.6509062863258100, 17.89438559342962200, 319.7721641326391500 ) ) ;
#3259 = EDGE_LOOP ( 'NONE', ( #1561, #1094, #165, #839 ) ) ;
#3260 = CARTESIAN_POINT ( 'NONE',  ( 104.9747277980178000, -22.00157571640256300, 309.9032647171295000 ) ) ;
#3261 = CARTESIAN_POINT ( 'NONE',  ( 107.6114547841219600, -23.50157537682098800, 324.0426435149085500 ) ) ;
#3262 = CARTESIAN_POINT ( 'NONE',  ( 104.1114545938845200, 16.39438592048323100, 311.9854108383670500 ) ) ;
#3263 = CARTESIAN_POINT ( 'NONE',  ( 101.1623094108671400, -22.00157620740065000, 313.1717622859210300 ) ) ;
#3264 = PERSON_AND_ORGANIZATION ( #5074, #5367 ) ;
#3265 = CARTESIAN_POINT ( 'NONE',  ( 106.4820214931883700, -22.00157552227956300, 315.5370214918564200 ) ) ;
#3266 = VERTEX_POINT ( 'NONE', #3544 ) ;
#3267 = EDGE_CURVE ( 'NONE', #4535, #4787, #1932, .T. ) ;
#3268 = VECTOR ( 'NONE', #5005, 1000.000000000000000 ) ;
#3269 = B_SPLINE_SURFACE_WITH_KNOTS ( 'NONE', 1, 3, ( 
 ( #4874, #3490, #2479, #2019, #3927, #1097, #1081, #4343, #3888, #5378, #140, #5354, #1556, #2499, #1062, #2520, #4384, #625, #4429, #5876, #645, #1579, #1020, #5840 ),
 ( #2956, #1497, #5398, #5818, #4834, #4362, #1534, #1976, #5311, #4894, #1041, #2456, #5795, #2935, #2974, #3410, #561, #4855, #5335, #119, #100, #3451, #4407, #2042 ) ),
 .UNSPECIFIED., .F., .F., .F.,
 ( 2, 2 ),
 ( 4, 2, 2, 2, 2, 2, 2, 2, 2, 2, 2, 4 ),
 ( 0.0000000000000000000, 1.000000000000000000 ),
 ( 0.0000000000000000000, 0.0004295930917390728000, 0.0006443896376086092300, 0.0008591861834781456100, 0.001288779275217218500, 0.001718372366956291200, 0.001933168912825827800, 0.002147965458695364200, 0.002362762004564900600, 0.002577558550434436900, 0.003007151642173509700, 0.003436744733912582400 ),
 .UNSPECIFIED. ) ;
#3270 = CARTESIAN_POINT ( 'NONE',  ( 106.7361308960346700, -22.00157548955306200, 319.8868850267990100 ) ) ;
#3271 = CARTESIAN_POINT ( 'NONE',  ( 106.8854426108689100, 16.39438556322373900, 306.0460390413225000 ) ) ;
#3272 = CARTESIAN_POINT ( 'NONE',  ( 106.4820214948102400, 16.39438561518009200, 308.8960227526879400 ) ) ;
#3273 = EDGE_CURVE ( 'NONE', #4084, #4224, #1200, .T. ) ;
#3274 = CARTESIAN_POINT ( 'NONE',  ( 108.3860435460222100, -23.50157527706210200, 300.3904008675870600 ) ) ;
#3275 = ORIENTED_EDGE ( 'NONE', *, *, #4830, .T. ) ;
#3276 = B_SPLINE_CURVE_WITH_KNOTS ( 'NONE', 3,
 ( #5273, #3397, #4863, #2876, #87, #2003, #61, #2921, #966, #479, #3419, #5762, #3810, #4369, #568, #4331, #546, #2416, #3875, #107, #3896, #4349, #1503, #2899, #1940, #1441, #4286, #18, #1051, #1912, #4840, #3358 ),
 .UNSPECIFIED., .F., .F.,
 ( 4, 2, 2, 2, 2, 2, 2, 2, 2, 2, 2, 2, 2, 2, 2, 4 ),
 ( 0.0000000000000000000, 0.06250000000000000000, 0.1250000000000000000, 0.1875000000000000000, 0.2500000000000000000, 0.3125000000000000000, 0.3750000000000000000, 0.4374999999999999400, 0.5000000000000000000, 0.5625000000000000000, 0.6250000000000000000, 0.6875000000000000000, 0.7500000000000000000, 0.8124999999999998900, 0.8749999999999998900, 1.000000000000000000 ),
 .UNSPECIFIED. ) ;
#3277 = CARTESIAN_POINT ( 'NONE',  ( 114.8180222048178600, 17.89438454159431700, 321.6252899671826000 ) ) ;
#3278 = VECTOR ( 'NONE', #3918, 1000.000000000000000 ) ;
#3279 = CARTESIAN_POINT ( 'NONE',  ( 101.9517726889681600, 16.39438619862652800, 305.8286206694862100 ) ) ;
#3280 = CARTESIAN_POINT ( 'NONE',  ( 108.6004267736104200, -22.00157524945191400, 304.7288753442369400 ) ) ;
#3281 = CARTESIAN_POINT ( 'NONE',  ( 107.1525821281413800, -22.00157543591861400, 308.7385854602836200 ) ) ;
#3282 = CARTESIAN_POINT ( 'NONE',  ( 114.1513059727404700, 16.39438462745990000, 307.4754622455903400 ) ) ;
#3283 = ORIENTED_EDGE ( 'NONE', *, *, #2210, .F. ) ;
#3284 = CARTESIAN_POINT ( 'NONE',  ( 101.2638451710079700, 16.39438628722410500, 308.0727106423957500 ) ) ;
#3285 = B_SPLINE_SURFACE_WITH_KNOTS ( 'NONE', 1, 3, ( 
 ( #6182, #3286, #4256, #955, #3746, #2344, #3324, #1355, #2363, #469, #5692, #2308, #427, #2289, #3799, #4708, #2769, #391, #5707, #3765, #3721, #1844, #878, #4686, #5654, #2789, #5191, #6125, #2329, #920, #3511, #3864 ),
 ( #2387, #5792, #1494, #4788, #978, #664, #1925, #3885, #3389, #538, #3820, #4296, #5417, #2405, #1139, #5263, #1118, #4320, #3986, #3028, #4473, #1600, #3841, #2932, #75, #4831, #5750, #3406, #2912, #1018, #181, #1901 ) ),
 .UNSPECIFIED., .F., .F., .F.,
 ( 2, 2 ),
 ( 4, 2, 2, 2, 2, 2, 2, 2, 2, 2, 2, 2, 2, 2, 2, 4 ),
 ( 0.0000000000000000000, 1.000000000000000000 ),
 ( 4.163336342344337000E-017, 0.0003124349154451273100, 0.0006248698308902129800, 0.0009373047463352986000, 0.001249739661780384300, 0.001562174577225470100, 0.001874609492670555600, 0.002187044408115641100, 0.002499479323560727000, 0.002811914239005813000, 0.003124349154450898500, 0.003436784069895984000, 0.003749218985341069500, 0.004061653900786155000, 0.004374088816231240500, 0.004998958647121412400 ),
 .UNSPECIFIED. ) ;
#3286 = CARTESIAN_POINT ( 'NONE',  ( 103.7183863327608700, -23.50157587820565300, 306.0607119684998500 ) ) ;
#3287 = AXIS2_PLACEMENT_3D ( 'NONE', #316, #757, #6006 ) ;
#3288 = CARTESIAN_POINT ( 'NONE',  ( 109.3663694764786200, -22.00157515080680800, 309.1786126824677600 ) ) ;
#3289 = CARTESIAN_POINT ( 'NONE',  ( 104.9748958382790100, 16.39438580928140300, 309.9034085586408800 ) ) ;
#3290 = PERSON_AND_ORGANIZATION_ROLE ( 'creator' ) ;
#3291 = CARTESIAN_POINT ( 'NONE',  ( 111.7535535159024800, -23.50157484336365200, 318.5639918183603600 ) ) ;
#3292 = FACE_OUTER_BOUND ( 'NONE', #5094, .T. ) ;
#3293 = B_SPLINE_SURFACE_WITH_KNOTS ( 'NONE', 1, 3, ( 
 ( #5726, #2868, #2075, #7, #4340, #5307, #3369, #997, #3346, #2560, #514, #490, #4810, #1951, #5286, #5898, #2428, #5773, #51, #2451, #4976, #5465, #227, #4493 ),
 ( #5942, #5440, #2603, #3077, #1640, #5919, #4005, #4955, #2098, #1163, #2582, #3053, #202, #3531, #691, #2124, #5380, #4939, #1101, #2081, #1537, #3892, #1583, #2545 ) ),
 .UNSPECIFIED., .F., .F., .F.,
 ( 2, 2 ),
 ( 4, 2, 2, 2, 2, 2, 2, 2, 2, 2, 2, 4 ),
 ( 0.0000000000000000000, 1.000000000000000000 ),
 ( 0.0000000000000000000, 0.0004295930917442217900, 0.0006443896376163326600, 0.0008591861834884435800, 0.001288779275232665300, 0.001718372366976887200, 0.001933168912848998100, 0.002147965458721108800, 0.002362762004593219900, 0.002577558550465330600, 0.003007151642209552500, 0.003436744733953774300 ),
 .UNSPECIFIED. ) ;
#3294 = CARTESIAN_POINT ( 'NONE',  ( 106.5114545938283600, 16.39438561138929300, 305.2165221225490100 ) ) ;
#3295 = CARTESIAN_POINT ( 'NONE',  ( 108.7371607237118100, 16.39438532474275700, 308.8947056093977600 ) ) ;
#3296 = ORIENTED_EDGE ( 'NONE', *, *, #5756, .F. ) ;
#3297 = CARTESIAN_POINT ( 'NONE',  ( 102.4526629813336700, -22.00157604121715200, 315.5761820131825200 ) ) ;
#3298 = CARTESIAN_POINT ( 'NONE',  ( 103.1771297151457100, -22.00157594791365100, 308.7854110804341900 ) ) ;
#3299 = CARTESIAN_POINT ( 'NONE',  ( 119.1356352803658800, 17.89438398553277700, 309.5328975673221000 ) ) ;
#3300 = EDGE_LOOP ( 'NONE', ( #5102, #6009, #1696, #3614 ) ) ;
#3301 = DIRECTION ( 'NONE',  ( 1.000000000000000000, -0.0000000000000000000, -0.0000000000000000000 ) ) ;
#3302 = CARTESIAN_POINT ( 'NONE',  ( 101.0714749062330800, 16.39438631199929500, 307.0585181189961800 ) ) ;
#3303 = CARTESIAN_POINT ( 'NONE',  ( 108.4915377803236100, 16.39438535637620100, 304.5407603747996700 ) ) ;
#3304 = CARTESIAN_POINT ( 'NONE',  ( 108.5203290969007500, -22.00157525976760600, 308.8282332044169000 ) ) ;
#3305 = CARTESIAN_POINT ( 'NONE',  ( 113.8433205269078900, 16.39438466712507000, 308.2473978892664900 ) ) ;
#3306 = CARTESIAN_POINT ( 'NONE',  ( 102.2447180323805900, 17.89438616089853100, 318.7255216519149600 ) ) ;
#3307 = B_SPLINE_SURFACE_WITH_KNOTS ( 'NONE', 1, 3, ( 
 ( #971, #5258, #992, #4334, #4354, #2422, #1984, #5808, #4373, #2861, #5324, #2008, #1486, #5300, #4312, #4803, #1526, #2469, #1464, #3338, #22, #5766, #1944, #5784 ),
 ( #5743, #573, #4866, #3899, #4290, #3834, #2443, #3401, #1055, #5344, #484, #2880, #1012, #1444, #4780, #2926, #549, #45, #3880, #1030, #5278, #2904, #1917, #3362 ) ),
 .UNSPECIFIED., .F., .F., .F.,
 ( 2, 2 ),
 ( 4, 2, 2, 2, 2, 2, 2, 2, 2, 2, 2, 4 ),
 ( 0.0000000000000000000, 1.000000000000000000 ),
 ( 0.0000000000000000000, 0.0004295930917390153400, 0.0006443896376085230400, 0.0008591861834780306800, 0.001288779275217046100, 0.001718372366956061400, 0.001933168912825568900, 0.002147965458695076700, 0.002362762004564584400, 0.002577558550434092200, 0.003007151642173107700, 0.003436744733912122700 ),
 .UNSPECIFIED. ) ;
#3308 = CARTESIAN_POINT ( 'NONE',  ( 111.0119396776115900, -22.00157493887532200, 307.6815079135342900 ) ) ;
#3309 = CARTESIAN_POINT ( 'NONE',  ( 104.8265537392916400, 17.89438582838629400, 310.0831471917571200 ) ) ;
#3310 = EDGE_CURVE ( 'NONE', #459, #3501, #1564, .T. ) ;
#3311 = CARTESIAN_POINT ( 'NONE',  ( 114.1611245465388700, 17.89438462619550300, 316.9539555758385100 ) ) ;
#3312 = ORIENTED_EDGE ( 'NONE', *, *, #4830, .F. ) ;
#3313 = CARTESIAN_POINT ( 'NONE',  ( 114.1514344746106400, -23.50157453454252700, 307.0585181189908300 ) ) ;
#3314 = CARTESIAN_POINT ( 'NONE',  ( 109.9215065009192200, 16.39438517221193700, 309.5770659144742500 ) ) ;
#3315 = CARTESIAN_POINT ( 'NONE',  ( 104.0992392190089600, -22.00157582915596100, 307.9769012058484900 ) ) ;
#3316 = B_SPLINE_CURVE_WITH_KNOTS ( 'NONE', 3,
 ( #2534, #3504, #113, #4000, #5346, #5868, #3005, #3483, #175, #2010, #2576, #1591, #637, #1110, #2987, #3963, #2493, #3023 ),
 .UNSPECIFIED., .F., .F.,
 ( 4, 2, 2, 2, 2, 2, 2, 2, 4 ),
 ( 0.0000000000000000000, 0.1250000000000000000, 0.2500000000000000000, 0.3750000000000000000, 0.5000000000000000000, 0.6250000000000000000, 0.7500000000000000000, 0.8750000000000000000, 1.000000000000000000 ),
 .UNSPECIFIED. ) ;
#3317 = CARTESIAN_POINT ( 'NONE',  ( 101.6814153522404100, 17.89438623344565500, 308.5492243875743800 ) ) ;
#3318 = DIRECTION ( 'NONE',  ( 0.0000000000000000000, -0.0000000000000000000, 1.000000000000000000 ) ) ;
#3319 = CARTESIAN_POINT ( 'NONE',  ( 104.2106472703190000, 16.39438590770816300, 306.8511258211152600 ) ) ;
#3320 = AXIS2_PLACEMENT_3D ( 'NONE', #5254, #3332, #2351 ) ;
#3321 = CARTESIAN_POINT ( 'NONE',  ( 113.0759642330943700, 16.39438476595227500, 315.6473600541437500 ) ) ;
#3322 = CARTESIAN_POINT ( 'NONE',  ( 102.8707512697065600, 16.39438608027211700, 305.6766870765671300 ) ) ;
#3323 = B_SPLINE_SURFACE_WITH_KNOTS ( 'NONE', 1, 3, ( 
 ( #3499, #4503, #2571, #652, #1627, #720, #1195, #1566, #1609, #2111, #4901, #4944, #2134, #5909, #3040, #701, #2529, #188, #3521, #5866, #677, #3996, #5453, #3002, #149, #3480, #3957, #5516, #4612, #5015 ),
 ( #825, #1286, #3587, #3627, #4145, #1716, #769, #6033, #806, #2154, #1692, #280, #2183, #2702, #341, #5995, #5055, #1221, #5584, #2201, #5563, #3187, #4527, #5034, #3171, #745, #4127, #2718, #4109, #1242 ) ),
 .UNSPECIFIED., .F., .F., .F.,
 ( 2, 2 ),
 ( 4, 2, 2, 2, 2, 2, 2, 2, 2, 2, 2, 2, 2, 2, 4 ),
 ( 0.0000000000000000000, 1.000000000000000000 ),
 ( 6.206335383118182800E-017, 0.0006249605929474153800, 0.0009374408894210920000, 0.001249921185894768700, 0.001562401482368445300, 0.001874881778842122000, 0.002187362075315798700, 0.002499842371789475500, 0.002812322668263152200, 0.003124802964736828900, 0.003437283261210505700, 0.003749763557684182000, 0.004062243854157858300, 0.004374724150631535000, 0.004999684743578888500 ),
 .UNSPECIFIED. ) ;
#3324 = CARTESIAN_POINT ( 'NONE',  ( 103.0776573402904400, -23.50157596072458300, 305.7177230573851100 ) ) ;
#3325 = CARTESIAN_POINT ( 'NONE',  ( 113.5461974151379800, 16.39438470539142400, 311.9312254973302700 ) ) ;
#3326 = CARTESIAN_POINT ( 'NONE',  ( 113.5421107276716800, 17.89438470591759900, 305.9852417581782900 ) ) ;
#3327 = B_SPLINE_CURVE_WITH_KNOTS ( 'NONE', 3,
 ( #5940, #3071, #706, #2626, #4050, #5960, #5022, #2647, #5981, #4553, #1700, #5042, #2188, #6094, #890, #3675, #1798, #6113 ),
 .UNSPECIFIED., .F., .F.,
 ( 4, 2, 2, 2, 2, 2, 2, 2, 4 ),
 ( 0.0000000000000000000, 0.1250000000000000000, 0.2500000000000000000, 0.3750000000000000000, 0.5000000000000000000, 0.6250000000000000000, 0.7500000000000000000, 0.8750000000000000000, 1.000000000000000000 ),
 .UNSPECIFIED. ) ;
#3328 = B_SPLINE_CURVE_WITH_KNOTS ( 'NONE', 3,
 ( #2746, #1316, #3284, #6086, #3221, #370, #859, #4666, #3240, #4197, #1354, #5173, #2788, #6124, #5690, #2825, #5226, #3798, #5706, #28, #3862, #2846, #2386, #5210, #3322, #4339, #1492, #4295, #5284, #1864 ),
 .UNSPECIFIED., .F., .F.,
 ( 4, 2, 2, 2, 2, 2, 2, 2, 2, 2, 2, 2, 2, 2, 4 ),
 ( 0.0000000000000000000, 0.1250000000000000000, 0.1875000000000000000, 0.2500000000000000000, 0.3125000000000000000, 0.3750000000000000000, 0.4375000000000000000, 0.5000000000000000000, 0.5625000000000000000, 0.6250000000000000000, 0.6874999999999998900, 0.7500000000000000000, 0.8125000000000001100, 0.8750000000000000000, 1.000000000000000000 ),
 .UNSPECIFIED. ) ;
#3329 = CARTESIAN_POINT ( 'NONE',  ( 76.11368937988913800, -2.803594741849297500, 312.2165224408948300 ) ) ;
#3330 = VERTEX_POINT ( 'NONE', #1043 ) ;
#3331 = DIRECTION ( 'NONE',  ( -1.000000000000000000, 0.0000000000000000000, 0.0000000000000000000 ) ) ;
#3332 = DIRECTION ( 'NONE',  ( -1.000000000000000000, 0.0000000000000000000, 0.0000000000000000000 ) ) ;
#3333 = CARTESIAN_POINT ( 'NONE',  ( 103.8671442053658500, -22.00157585904737800, 316.1090453880138400 ) ) ;
#3334 = ORIENTED_EDGE ( 'NONE', *, *, #3947, .F. ) ;
#3335 = CARTESIAN_POINT ( 'NONE',  ( 102.4508345036335200, -22.00157604145256900, 308.8565641331592200 ) ) ;
#3336 = PERSON_AND_ORGANIZATION ( #5074, #5367 ) ;
#3337 = CARTESIAN_POINT ( 'NONE',  ( 113.5291038391100500, 16.39438470759268200, 301.9699905328029700 ) ) ;
#3338 = CARTESIAN_POINT ( 'NONE',  ( 106.7313716005323600, 17.89438558306655500, 319.8922838702976000 ) ) ;
#3339 = CARTESIAN_POINT ( 'NONE',  ( 107.1525823197052000, 17.89438552881925700, 315.6944587846202200 ) ) ;
#3340 = CARTESIAN_POINT ( 'NONE',  ( 100.6114491342650000, 17.89438637124564500, 311.1165209732590100 ) ) ;
#3341 = ORIENTED_EDGE ( 'NONE', *, *, #396, .F. ) ;
#3342 = CARTESIAN_POINT ( 'NONE',  ( 112.7691199476116400, 16.39438480547036600, 305.6764687353783600 ) ) ;
#3343 = CARTESIAN_POINT ( 'NONE',  ( 111.4298312122363700, 16.39438497795626000, 318.2976404407530100 ) ) ;
#3344 = CARTESIAN_POINT ( 'NONE',  ( 106.5393450868747500, -23.50157551489683500, 304.9290342843912100 ) ) ;
#3345 = FACE_OUTER_BOUND ( 'NONE', #1294, .T. ) ;
#3346 = CARTESIAN_POINT ( 'NONE',  ( 108.1652644648014000, -23.50157530549613200, 318.2551829717921800 ) ) ;
#3347 = CARTESIAN_POINT ( 'NONE',  ( 103.7930781686050200, 17.89438596148651300, 306.1354038043440400 ) ) ;
#3348 = CARTESIAN_POINT ( 'NONE',  ( 107.7569388287448600, 17.89438545098452900, 304.1163854716926900 ) ) ;
#3349 = B_SPLINE_CURVE_WITH_KNOTS ( 'NONE', 3,
 ( #1429, #4231, #5687, #6159, #1389, #4740, #1878, #5222, #2359, #1897, #2471, #5722, #1919, #47, #5745, #2401, #5260, #1057 ),
 .UNSPECIFIED., .F., .F.,
 ( 4, 2, 2, 2, 2, 2, 2, 2, 4 ),
 ( 0.0000000000000000000, 0.1250000000000000000, 0.2500000000000000000, 0.3750000000000000000, 0.5000000000000000000, 0.6250000000000000000, 0.7500000000000000000, 0.8750000000000000000, 1.000000000000000000 ),
 .UNSPECIFIED. ) ;
#3350 = EDGE_LOOP ( 'NONE', ( #3752, #4569, #592, #5462 ) ) ;
#3351 = CIRCLE ( 'NONE', #4394, 1.599999999999990300 ) ;
#3352 = CARTESIAN_POINT ( 'NONE',  ( 110.9321470527746400, -22.00157494915169900, 313.3456758703486000 ) ) ;
#3353 = EDGE_CURVE ( 'NONE', #1299, #5494, #2892, .T. ) ;
#3354 = VERTEX_POINT ( 'NONE', #4895 ) ;
#3355 = CARTESIAN_POINT ( 'NONE',  ( 108.6832325688270900, -22.00157523878748500, 319.5048073121385000 ) ) ;
#3356 = CARTESIAN_POINT ( 'NONE',  ( 108.1652642716260600, 16.39438539839668300, 306.1778612733197100 ) ) ;
#3357 = CARTESIAN_POINT ( 'NONE',  ( 76.11368816194959700, -4.103595112425174400, 315.4661376545016100 ) ) ;
#3358 = CARTESIAN_POINT ( 'NONE',  ( 101.5303362756242900, -22.00157616000272800, 308.3981455041409300 ) ) ;
#3359 = CARTESIAN_POINT ( 'NONE',  ( 107.6114547841219200, -23.50157537682099100, 324.0426433745610100 ) ) ;
#3360 = CARTESIAN_POINT ( 'NONE',  ( 114.8249571602218400, 16.39438454070093700, 302.8132689392596700 ) ) ;
#3361 = ORIENTED_EDGE ( 'NONE', *, *, #1598, .F. ) ;
#3362 = CARTESIAN_POINT ( 'NONE',  ( 106.5114545938283800, 16.39438561138945600, 319.2165221225490100 ) ) ;
#3363 = CARTESIAN_POINT ( 'NONE',  ( 104.2238431030283200, 17.89438590600882200, 313.1276967037039200 ) ) ;
#3364 = CARTESIAN_POINT ( 'NONE',  ( 102.7657537114194600, 16.39438609379479000, 315.5662113656929400 ) ) ;
#3365 = CARTESIAN_POINT ( 'NONE',  ( 107.6114545506901800, 17.39438546972154100, 324.0426435991170100 ) ) ;
#3366 = CARTESIAN_POINT ( 'NONE',  ( 110.9612403154518600, 16.39438503830562900, 317.2707861098194300 ) ) ;
#3367 = CARTESIAN_POINT ( 'NONE',  ( 111.4298314054199900, 17.89438497795624600, 318.2976404407530100 ) ) ;
#3368 = EDGE_LOOP ( 'NONE', ( #1650, #2944 ) ) ;
#3369 = CARTESIAN_POINT ( 'NONE',  ( 108.4401630725559000, -23.50157527009227100, 318.4896630589984700 ) ) ;
#3370 = CARTESIAN_POINT ( 'NONE',  ( 101.1021093547078400, 17.89438630805391000, 306.8507587400417800 ) ) ;
#3371 = CARTESIAN_POINT ( 'NONE',  ( 107.4648776791515100, 17.89438548859882200, 304.1166595406998600 ) ) ;
#3372 = B_SPLINE_CURVE_WITH_KNOTS ( 'NONE', 3,
 ( #5721, #3835, #4867, #2009, #5744, #993, #2881, #507, #5259, #1985, #1056, #3881, #4846, #5767, #1527, #4291, #67, #2862 ),
 .UNSPECIFIED., .F., .F.,
 ( 4, 2, 2, 2, 2, 2, 2, 2, 4 ),
 ( 0.0000000000000000000, 0.1250000000000000000, 0.2500000000000000000, 0.3750000000000000000, 0.5000000000000000000, 0.6250000000000000000, 0.7500000000000000000, 0.8750000000000000000, 1.000000000000000000 ),
 .UNSPECIFIED. ) ;
#3373 = B_SPLINE_CURVE_WITH_KNOTS ( 'NONE', 3,
 ( #4959, #1099, #2997, #142, #2544, #4452, #3014, #3535, #1188, #3968, #5903, #2061, #232, #3031, #205, #1663, #1604, #5445 ),
 .UNSPECIFIED., .F., .F.,
 ( 4, 2, 2, 2, 2, 2, 2, 2, 4 ),
 ( 0.0000000000000000000, 0.1250000000000000000, 0.2500000000000000000, 0.3750000000000000000, 0.5000000000000000000, 0.6250000000000000000, 0.7500000000000000000, 0.8750000000000000000, 1.000000000000000000 ),
 .UNSPECIFIED. ) ;
#3374 = CARTESIAN_POINT ( 'NONE',  ( 76.11368803827623700, -9.803594741847591700, 312.2165224408962600 ) ) ;
#3375 = CARTESIAN_POINT ( 'NONE',  ( 111.1114547870119900, -23.50157492605889000, 312.2165221234050100 ) ) ;
#3376 = CARTESIAN_POINT ( 'NONE',  ( 103.9421007811479600, 17.89438594229414300, 316.1836229258545900 ) ) ;
#3377 = B_SPLINE_SURFACE_WITH_KNOTS ( 'NONE', 1, 3, ( 
 ( #874, #4739, #5701, #950, #1388, #894, #1859, #914, #6096, #3740, #5666, #1405, #5242, #3715, #2820, #405, #4210, #2358, #423, #4270, #3236, #1877, #5221, #5650, #4230, #464, #3793, #1371, #1428, #4721 ),
 ( #5206, #5630, #386, #4194, #2764, #4759, #1350, #6174, #3302, #2784, #6119, #2801, #6138, #1896, #4682, #2338, #4703, #3254, #3279, #446, #1838, #5169, #5686, #5185, #6158, #3900, #3424, #92, #23, #2927 ) ),
 .UNSPECIFIED., .F., .F., .F.,
 ( 2, 2 ),
 ( 4, 2, 2, 2, 2, 2, 2, 2, 2, 2, 2, 2, 2, 2, 4 ),
 ( 0.0000000000000000000, 1.000000000000000000 ),
 ( 0.0000000000000000000, 0.0006249605929469286800, 0.0009374408894203930200, 0.001249921185893857400, 0.001562401482367321600, 0.001874881778840786000, 0.002187362075314250500, 0.002499842371787714700, 0.002812322668261178900, 0.003124802964734643200, 0.003437283261208107400, 0.003749763557681572100, 0.004062243854155036700, 0.004374724150628501000, 0.004999684743575429400 ),
 .UNSPECIFIED. ) ;
#3378 = DIRECTION ( 'NONE',  ( 1.000000000000000000, -0.0000000000000000000, -0.0000000000000000000 ) ) ;
#3379 = CARTESIAN_POINT ( 'NONE',  ( 104.2519393448100500, 16.39438590239020500, 307.4750311894885000 ) ) ;
#3380 = CARTESIAN_POINT ( 'NONE',  ( 111.8517973857595300, -23.50157483071090800, 318.6046930177775500 ) ) ;
#3381 = DIRECTION ( 'NONE',  ( 0.9999999999999916700, -1.287890777357250000E-007, -0.0000000000000000000 ) ) ;
#3382 = CARTESIAN_POINT ( 'NONE',  ( 103.6380790039280600, 17.89438598144882400, 315.8938129550238000 ) ) ;
#3383 = CARTESIAN_POINT ( 'NONE',  ( 118.8169555985498400, 16.39438402657520700, 308.4157901856859800 ) ) ;
#3384 = CARTESIAN_POINT ( 'NONE',  ( 111.0893499893931300, 17.89438502180650300, 312.6749902391984500 ) ) ;
#3385 = ORIENTED_EDGE ( 'NONE', *, *, #1362, .T. ) ;
#3386 = DIRECTION ( 'NONE',  ( 0.0000000000000000000, 0.0000000000000000000, 1.000000000000000000 ) ) ;
#3387 = CARTESIAN_POINT ( 'NONE',  ( 105.4736765020860100, -23.50157565214339100, 314.9982838945971400 ) ) ;
#3388 = CARTESIAN_POINT ( 'NONE',  ( 107.4659707452619800, -23.50157539555751600, 304.1163854716932100 ) ) ;
#3389 = CARTESIAN_POINT ( 'NONE',  ( 102.7665319178512200, -22.00157600079414900, 305.6668332239700600 ) ) ;
#3390 = CARTESIAN_POINT ( 'NONE',  ( 114.1238078155128500, 16.39438463100146800, 313.2054943023342700 ) ) ;
#3391 = ORIENTED_EDGE ( 'NONE', *, *, #5478, .T. ) ;
#3392 = EDGE_CURVE ( 'NONE', #3049, #2184, #2368, .T. ) ;
#3393 = CARTESIAN_POINT ( 'NONE',  ( 76.11368816194959700, -7.753342210153520300, 317.1662699091998500 ) ) ;
#3394 = CARTESIAN_POINT ( 'NONE',  ( 106.5396766188363500, 16.39438560775461100, 305.5048073121379800 ) ) ;
#3395 = EDGE_CURVE ( 'NONE', #3253, #2475, #4391, .T. ) ;
#3396 = CARTESIAN_POINT ( 'NONE',  ( 103.6375437701077500, 16.39438598151765800, 308.5396265377894500 ) ) ;
#3397 = CARTESIAN_POINT ( 'NONE',  ( 103.7183861395773600, -22.00157587820566700, 306.0607119685000200 ) ) ;
#3398 = CARTESIAN_POINT ( 'NONE',  ( 101.6855609545031600, 17.89438623291182000, 315.8937396307625200 ) ) ;
#3399 = CARTESIAN_POINT ( 'NONE',  ( 114.8180220116342400, 16.39438454159433100, 321.6252899671826000 ) ) ;
#3400 = EDGE_LOOP ( 'NONE', ( #4613, #5684 ) ) ;
#3401 = CARTESIAN_POINT ( 'NONE',  ( 108.2879504862234500, 16.39438538259620900, 320.0957957637328900 ) ) ;
#3402 = CARTESIAN_POINT ( 'NONE',  ( 101.6007661258744400, 17.89438624383243600, 312.7034568246277800 ) ) ;
#3403 = CARTESIAN_POINT ( 'NONE',  ( 114.1513061659241000, 17.89438462745988900, 307.4754622455903400 ) ) ;
#3404 = CARTESIAN_POINT ( 'NONE',  ( 104.9748960303343900, -23.50157571638097700, 314.5296356851689600 ) ) ;
#3405 = CARTESIAN_POINT ( 'NONE',  ( 113.7321811458372000, 17.89438468143877600, 312.8930180149297900 ) ) ;
#3406 = CARTESIAN_POINT ( 'NONE',  ( 101.1120718073686500, -22.00157621387064600, 307.6798427169298400 ) ) ;
#3407 = ORIENTED_EDGE ( 'NONE', *, *, #4792, .F. ) ;
#3408 = CARTESIAN_POINT ( 'NONE',  ( 103.0782177163355000, 17.89438605355271900, 305.7073238304282100 ) ) ;
#3409 = CARTESIAN_POINT ( 'NONE',  ( 102.5568825263709600, -23.50157602779474400, 308.8667160845263900 ) ) ;
#3410 = CARTESIAN_POINT ( 'NONE',  ( 108.0983918710911400, 16.39438540700926000, 318.2272058294947200 ) ) ;
#3411 = CARTESIAN_POINT ( 'NONE',  ( 110.7564307375601500, -22.00157497178205200, 313.7697956541572400 ) ) ;
#3412 = CARTESIAN_POINT ( 'NONE',  ( 107.2576562707274400, 16.39438551528667900, 306.2608367083493000 ) ) ;
#3413 = EDGE_LOOP ( 'NONE', ( #4297, #4854, #77, #297 ) ) ;
#3414 = CARTESIAN_POINT ( 'NONE',  ( 112.9771522769014800, 17.89438477867810900, 308.8158262510964400 ) ) ;
#3415 = CARTESIAN_POINT ( 'NONE',  ( 101.6767117725230800, -22.00157614115119400, 311.9312254973311300 ) ) ;
#3416 = CARTESIAN_POINT ( 'NONE',  ( 102.8718627260496300, 16.39438608012902100, 308.8566388824631300 ) ) ;
#3417 = CARTESIAN_POINT ( 'NONE',  ( 99.78193161730425200, 16.39438647807842400, 311.4905094452294100 ) ) ;
#3418 = B_SPLINE_CURVE_WITH_KNOTS ( 'NONE', 3,
 ( #3914, #5846, #1978, #5799, #3850, #4327, #2938, #4818, #5338, #565, #2484, #1808, #368, #4275, #3965, #1157, #4024, #4568, #4824, #128, #1133, #4946, #2662, #5162, #4316, #6161, #3282, #5209, #1880, #2866, #3305, #27 ),
 .UNSPECIFIED., .F., .F.,
 ( 4, 2, 2, 2, 2, 2, 2, 2, 2, 2, 2, 2, 2, 2, 2, 4 ),
 ( 0.0000000000000000000, 0.06250000000000000000, 0.1250000000000000000, 0.1875000000000000000, 0.2500000000000000000, 0.3125000000000000000, 0.3750000000000000000, 0.4375000000000000000, 0.5000000000000000000, 0.5625000000000000000, 0.6250000000000000000, 0.6874999999999998900, 0.7500000000000000000, 0.8125000000000001100, 0.8750000000000000000, 1.000000000000000000 ),
 .UNSPECIFIED. ) ;
#3419 = CARTESIAN_POINT ( 'NONE',  ( 102.4537892400458900, -22.00157604107199900, 305.6764687353802400 ) ) ;
#3420 = CARTESIAN_POINT ( 'NONE',  ( 104.2518112293115100, 17.89438590240682100, 317.3749571821951500 ) ) ;
#3421 = VERTEX_POINT ( 'NONE', #286 ) ;
#3422 = LINE ( 'NONE', #4054, #5080 ) ;
#3423 = CARTESIAN_POINT ( 'NONE',  ( 114.7580038281256700, 16.39438454932403000, 313.3165221225489700 ) ) ;
#3424 = CARTESIAN_POINT ( 'NONE',  ( 103.1764692964823200, 16.39438604089897900, 305.7478651175301300 ) ) ;
#3425 = CARTESIAN_POINT ( 'NONE',  ( 111.5850556979333000, 16.39438495796489200, 305.9942446941524800 ) ) ;
#3426 = ORIENTED_EDGE ( 'NONE', *, *, #5871, .F. ) ;
#3427 = CARTESIAN_POINT ( 'NONE',  ( 113.5182553381339800, 17.89438470899007400, 312.0723378798640500 ) ) ;
#3428 = EDGE_CURVE ( 'NONE', #6187, #5545, #5008, .T. ) ;
#3429 = VECTOR ( 'NONE', #2871, 1000.000000000000000 ) ;
#3430 = CARTESIAN_POINT ( 'NONE',  ( 108.6832325688217400, 16.39438533168800700, 304.9282369329587300 ) ) ;
#3431 = CARTESIAN_POINT ( 'NONE',  ( 102.7657539046039300, -23.50157600089438100, 308.8668328793989400 ) ) ;
#3432 = ORIENTED_EDGE ( 'NONE', *, *, #640, .F. ) ;
#3433 = CARTESIAN_POINT ( 'NONE',  ( 102.2447180324016900, -23.50157606799810800, 305.7075225931844200 ) ) ;
#3434 = CARTESIAN_POINT ( 'NONE',  ( 109.7452217326324400, -22.00157510201487200, 315.0010544956982100 ) ) ;
#3435 = CARTESIAN_POINT ( 'NONE',  ( 104.0588390028008400, 17.89438592725956000, 317.9742895693634100 ) ) ;
#3436 = CARTESIAN_POINT ( 'NONE',  ( 112.9771520837178500, 16.39438477867812300, 308.8158262510964400 ) ) ;
#3437 = B_SPLINE_SURFACE_WITH_KNOTS ( 'NONE', 1, 3, ( 
 ( #5798, #4879, #2937, #84, #4896, #3015, #3414, #1084, #5337, #2062, #3969, #3954, #3931, #564, #2525, #1045, #4433, #168, #4918, #1999, #3454, #4365, #3493, #4411, #4858, #1125, #2022, #5862, #2502, #5845, #2483, #5821 ),
 ( #2045, #609, #1605, #2998, #2977, #103, #3436, #1560, #143, #3474, #628, #2174, #234, #4078, #3034, #3580, #1215, #2104, #3560, #274, #3122, #1167, #1235, #1189, #5446, #5030, #4522, #2634, #4563, #762, #3990, #4961 ) ),
 .UNSPECIFIED., .F., .F., .F.,
 ( 2, 2 ),
 ( 4, 2, 2, 2, 2, 2, 2, 2, 2, 2, 2, 2, 2, 2, 2, 4 ),
 ( 0.0000000000000000000, 1.000000000000000000 ),
 ( 6.938893903907228400E-017, 0.0003124349154443257600, 0.0006248698308885821200, 0.0009373047463328385400, 0.001249739661777094900, 0.001562174577221351400, 0.001874609492665607700, 0.002187044408109864000, 0.002499479323554120300, 0.002811914238998377100, 0.003124349154442633400, 0.003436784069886889700, 0.003749218985331146000, 0.004061653900775402300, 0.004374088816219658600, 0.004998958647108171300 ),
 .UNSPECIFIED. ) ;
#3438 = CARTESIAN_POINT ( 'NONE',  ( 112.0464398911681800, -22.00157480564291400, 305.7478651175375700 ) ) ;
#3439 = CARTESIAN_POINT ( 'NONE',  ( 111.5045232412629400, -23.50157487543604500, 318.3723322765969200 ) ) ;
#3440 = FACE_OUTER_BOUND ( 'NONE', #4795, .T. ) ;
#3441 = CARTESIAN_POINT ( 'NONE',  ( 108.3858032235651600, -22.00157527709332000, 324.0426433747504700 ) ) ;
#3442 = AXIS2_PLACEMENT_3D ( 'NONE', #750, #2186, #3155 ) ;
#3443 = CARTESIAN_POINT ( 'NONE',  ( 108.7114545938282900, -22.00157523515273500, 305.2165221225489500 ) ) ;
#3444 = VERTEX_POINT ( 'NONE', #1743 ) ;
#3445 = CARTESIAN_POINT ( 'NONE',  ( 108.7408876929495300, 16.39438532426285600, 315.5370214923908600 ) ) ;
#3446 = CARTESIAN_POINT ( 'NONE',  ( 112.0455679458479500, -22.00157480575535400, 318.6849698033075800 ) ) ;
#3447 = CARTESIAN_POINT ( 'NONE',  ( 107.1525821265215800, 16.39438552881927100, 315.6944587846202200 ) ) ;
#3448 = EDGE_LOOP ( 'NONE', ( #960, #441 ) ) ;
#3449 = CARTESIAN_POINT ( 'NONE',  ( 114.8984248022656200, -23.50157443833837300, 313.2885446595707300 ) ) ;
#3450 = CARTESIAN_POINT ( 'NONE',  ( 103.7184497093803400, -23.50157587819753100, 308.4726252464092200 ) ) ;
#3451 = CARTESIAN_POINT ( 'NONE',  ( 108.6832325688232900, 16.39438533168817700, 318.9282369329599800 ) ) ;
#3452 = DIRECTION ( 'NONE',  ( -0.0000000000000000000, -1.000000000000000000, 0.0000000000000000000 ) ) ;
#3453 = CARTESIAN_POINT ( 'NONE',  ( 107.3261579686050000, 16.39438550646441000, 306.2817793012468400 ) ) ;
#3454 = CARTESIAN_POINT ( 'NONE',  ( 111.1236701618358500, 17.89438501738635900, 307.9769012058486600 ) ) ;
#3455 = B_SPLINE_SURFACE_WITH_KNOTS ( 'NONE', 1, 3, ( 
 ( #2374, #4751, #3754, #1869, #2393, #5697, #985, #6168, #3313, #457, #3807, #1889, #2797, #3829, #16, #4304, #5713, #2857, #1459, #1831, #5181, #6132, #418, #38, #3915, #4881, #121, #566, #59, #1048 ),
 ( #2001, #2485, #104, #4859, #2918, #5823, #5339, #1519, #1539, #1066, #1960, #2414, #2959, #587, #1479, #5800, #5847, #2504, #544, #3456, #3893, #4819, #4389, #2939, #1004, #2024, #3438, #5361, #610, #1024 ) ),
 .UNSPECIFIED., .F., .F., .F.,
 ( 2, 2 ),
 ( 4, 2, 2, 2, 2, 2, 2, 2, 2, 2, 2, 2, 2, 2, 4 ),
 ( 0.0000000000000000000, 1.000000000000000000 ),
 ( 0.0000000000000000000, 0.0006249605929492668700, 0.0009374408894239003000, 0.001249921185898533700, 0.001562401482373167200, 0.001874881778847800600, 0.002187362075322434000, 0.002499842371797067500, 0.002812322668271700900, 0.003124802964746334300, 0.003437283261220967800, 0.003749763557695601200, 0.004062243854170234600, 0.004374724150644868100, 0.004999684743594135000 ),
 .UNSPECIFIED. ) ;
#3456 = CARTESIAN_POINT ( 'NONE',  ( 113.0776331876420100, -22.00157467283641900, 305.7483548845095800 ) ) ;
#3457 = CARTESIAN_POINT ( 'NONE',  ( 111.4298314054200000, -23.50157488505554000, 318.2976404407530100 ) ) ;
#3458 = B_SPLINE_CURVE_WITH_KNOTS ( 'NONE', 3,
 ( #3343, #4762, #5689, #488, #6179, #4276, #3366, #5189, #3778, #3819, #936, #1862, #2361, #5224, #6142, #4808, #4253, #425, #1409, #5705, #975, #3763, #1391, #2845, #467, #4294, #3321, #1450, #1922, #511 ),
 .UNSPECIFIED., .F., .F.,
 ( 4, 2, 2, 2, 2, 2, 2, 2, 2, 2, 2, 2, 2, 2, 4 ),
 ( 0.0000000000000000000, 0.1250000000000000300, 0.1875000000000000600, 0.2500000000000000600, 0.3125000000000000600, 0.3750000000000001100, 0.4375000000000001100, 0.5000000000000001100, 0.5625000000000000000, 0.6250000000000001100, 0.6875000000000001100, 0.7500000000000001100, 0.8125000000000000000, 0.8750000000000001100, 1.000000000000000000 ),
 .UNSPECIFIED. ) ;
#3459 = CARTESIAN_POINT ( 'NONE',  ( 117.8670554865851700, -22.00157405601093100, 306.2773611145909700 ) ) ;
#3460 = ORIENTED_EDGE ( 'NONE', *, *, #3508, .T. ) ;
#3461 = CARTESIAN_POINT ( 'NONE',  ( 107.6827119317339300, -22.00157536764360300, 306.3165891193610800 ) ) ;
#3462 = CARTESIAN_POINT ( 'NONE',  ( 114.6114547870119900, -23.50157447529692000, 313.3165221225489700 ) ) ;
#3463 = CARTESIAN_POINT ( 'NONE',  ( 109.9250483443799300, 16.39438517175580800, 314.8527508326856700 ) ) ;
#3464 = CARTESIAN_POINT ( 'NONE',  ( 111.1642119438206500, 17.89438501216511000, 316.3581392753602000 ) ) ;
#3465 = CARTESIAN_POINT ( 'NONE',  ( 114.0799483849864400, 16.39438463664998800, 307.7811866465052600 ) ) ;
#3466 = CARTESIAN_POINT ( 'NONE',  ( 113.6501156362575800, 17.89438469200795000, 312.7703318003428900 ) ) ;
#3467 = B_SPLINE_SURFACE_WITH_KNOTS ( 'NONE', 1, 3, ( 
 ( #2219, #6053, #3146, #3684, #2731, #5538, #6072, #4162, #354, #2177, #4102, #5510, #2657, #2676, #5989, #1259, #1735, #3124, #276, #320, #4587, #3603, #4124, #4564, #763, #4079, #5560, #2698, #6030, #3646, #803, #1281, #4609, #1751 ),
 ( #5098, #2239, #4744, #2309, #1356, #429, #1393, #2749, #2290, #879, #2771, #3288, #938, #392, #5656, #1807, #6164, #2791, #6145, #3782, #4199, #4257, #903, #5153, #4728, #3260, #1335, #2345, #3766, #921, #1412, #4688, #2827, #1866 ) ),
 .UNSPECIFIED., .F., .F., .F.,
 ( 2, 2 ),
 ( 4, 2, 2, 2, 2, 2, 2, 2, 2, 2, 2, 2, 2, 2, 2, 2, 4 ),
 ( 0.0000000000000000000, 1.000000000000000000 ),
 ( 0.0000000000000000000, 0.0006835442484169455600, 0.001367088496833891100, 0.002050632745250836900, 0.002734176993667782200, 0.003417721242084728000, 0.004101265490501673800, 0.004784809738918619100, 0.005468353987335564500, 0.006151898235752510700, 0.006835442484169456000, 0.007518986732586401300, 0.008202530981003347500, 0.008886075229420292000, 0.009569619477837238200, 0.01025316372625418400, 0.01093670797467112900 ),
 .UNSPECIFIED. ) ;
#3468 = CARTESIAN_POINT ( 'NONE',  ( 100.6114547870119800, -23.50157627834473900, 313.3165221225489700 ) ) ;
#3469 = CARTESIAN_POINT ( 'NONE',  ( 106.7308508419276600, -23.50157549023314000, 318.5412800652355800 ) ) ;
#3470 = EDGE_CURVE ( 'NONE', #4224, #5587, #2172, .T. ) ;
#3471 = CARTESIAN_POINT ( 'NONE',  ( 101.0619210898677900, -23.50157622032950800, 307.0532478150545300 ) ) ;
#3472 = DIRECTION ( 'NONE',  ( -1.000000000000000000, 0.0000000000000000000, 0.0000000000000000000 ) ) ;
#3473 = CARTESIAN_POINT ( 'NONE',  ( 110.7564307383285300, 16.39438506468289300, 310.6632485924754400 ) ) ;
#3474 = CARTESIAN_POINT ( 'NONE',  ( 112.4571554762361000, 16.39438484564800500, 308.8668328794158800 ) ) ;
#3475 = B_SPLINE_SURFACE_WITH_KNOTS ( 'NONE', 1, 3, ( 
 ( #3104, #1736, #4060, #5991, #4588, #4103, #1260, #4183, #864, #3225, #1337, #5600, #4671, #1358, #3207, #6073, #5155, #1810, #355, #5117, #2292, #6103, #882, #374, #4163, #3701, #2750, #5638, #3245, #843 ),
 ( #1319, #2772, #394, #3725, #4200, #4690, #2733, #1304, #4631, #3685, #1769, #5620, #5136, #2277, #4652, #6089, #2263, #1788, #3678, #2254, #2284, #3529, #199, #2579, #856, #688, #2743, #348, #2600, #5463 ) ),
 .UNSPECIFIED., .F., .F., .F.,
 ( 2, 2 ),
 ( 4, 2, 2, 2, 2, 2, 2, 2, 2, 2, 2, 2, 2, 2, 4 ),
 ( 0.0000000000000000000, 1.000000000000000000 ),
 ( 0.0000000000000000000, 0.0006249605929558549100, 0.0009374408894337823700, 0.001249921185911709800, 0.001562401482389637300, 0.001874881778867564700, 0.002187362075345492000, 0.002499842371823419700, 0.002812322668301347300, 0.003124802964779274600, 0.003437283261257201800, 0.003749763557735129500, 0.004062243854213056300, 0.004374724150690984000, 0.004999684743646839300 ),
 .UNSPECIFIED. ) ;
#3476 = CARTESIAN_POINT ( 'NONE',  ( 102.2437414666818700, -23.50157606812403400, 318.7255330672582000 ) ) ;
#3477 = CARTESIAN_POINT ( 'NONE',  ( 113.3624417775720300, -22.00157463615632700, 318.5560053118310900 ) ) ;
#3478 = CARTESIAN_POINT ( 'NONE',  ( 104.2010011744351800, -23.50157581605019900, 313.1282332455838300 ) ) ;
#3479 = EDGE_LOOP ( 'NONE', ( #1271, #3938, #1800, #4768 ) ) ;
#3480 = CARTESIAN_POINT ( 'NONE',  ( 103.0751363093772300, -23.50157596104940400, 318.7159819977469500 ) ) ;
#3481 = CARTESIAN_POINT ( 'NONE',  ( 107.0576449160328000, -22.00157544814545900, 306.1778612733099900 ) ) ;
#3482 = CARTESIAN_POINT ( 'NONE',  ( 110.3963556415944400, 16.39438511105661400, 314.3498970532730800 ) ) ;
#3483 = CARTESIAN_POINT ( 'NONE',  ( 104.0586976301514700, -23.50157583437738400, 316.3581392752846000 ) ) ;
#3484 = ORIENTED_EDGE ( 'NONE', *, *, #3785, .F. ) ;
#3485 = CARTESIAN_POINT ( 'NONE',  ( 114.1613071243231900, 16.39438462617187000, 307.3711510022127400 ) ) ;
#3486 = DIRECTION ( 'NONE',  ( 0.9999999999999525900, -0.0000000000000000000, -3.079986754528468600E-007 ) ) ;
#3487 = ORIENTED_EDGE ( 'NONE', *, *, #78, .T. ) ;
#3488 = CARTESIAN_POINT ( 'NONE',  ( 107.0569023413824000, -23.50157544824124800, 318.2551369398917700 ) ) ;
#3489 = FACE_BOUND ( 'NONE', #198, .T. ) ;
#3490 = CARTESIAN_POINT ( 'NONE',  ( 106.5114547870120000, 17.89438561138944600, 319.0725617865659800 ) ) ;
#3491 = CARTESIAN_POINT ( 'NONE',  ( 108.7114545938283900, 16.39438532805348800, 319.0699728882517000 ) ) ;
#3492 = CARTESIAN_POINT ( 'NONE',  ( 99.73016645416468900, -23.50157639184509200, 312.8906562790772900 ) ) ;
#3493 = CARTESIAN_POINT ( 'NONE',  ( 111.0121023031090600, 17.89438503175506400, 307.6817512918579500 ) ) ;
#3494 = VERTEX_POINT ( 'NONE', #1248 ) ;
#3495 = CARTESIAN_POINT ( 'NONE',  ( 111.5853656107258300, 17.89438495792511200, 315.8934177073032900 ) ) ;
#3496 = CARTESIAN_POINT ( 'NONE',  ( 103.7930781686050100, 17.89438596148664800, 318.2976404407530100 ) ) ;
#3497 = DIRECTION ( 'NONE',  ( 0.9999999999999525900, -0.0000000000000000000, -3.079986237769638300E-007 ) ) ;
#3498 = LINE ( 'NONE', #1974, #970 ) ;
#3499 = CARTESIAN_POINT ( 'NONE',  ( 101.5303364688080000, -23.50157616000281300, 316.0348987409560700 ) ) ;
#3500 = CARTESIAN_POINT ( 'NONE',  ( 108.2820401323858400, -23.50157529045667500, 306.0916586625646100 ) ) ;
#3501 = VERTEX_POINT ( 'NONE', #728 ) ;
#3502 = CARTESIAN_POINT ( 'NONE',  ( 76.11368816194959700, -21.62053882741650300, 324.0426433693249900 ) ) ;
#3503 = CARTESIAN_POINT ( 'NONE',  ( 106.0619468110064600, 16.39438566928113500, 315.3633863126518100 ) ) ;
#3504 = CARTESIAN_POINT ( 'NONE',  ( 103.9428633842692200, -23.50157584929559500, 318.1478552250887300 ) ) ;
#3505 = CARTESIAN_POINT ( 'NONE',  ( 114.6114547870119900, 17.89438456819788200, 311.1165221225489900 ) ) ;
#3506 = CARTESIAN_POINT ( 'NONE',  ( 115.2818174980789800, -22.00157438896144400, 313.0918458203415200 ) ) ;
#3507 = ORIENTED_EDGE ( 'NONE', *, *, #3705, .F. ) ;
#3508 = EDGE_CURVE ( 'NONE', #4090, #5071, #4701, .T. ) ;
#3509 = EDGE_CURVE ( 'NONE', #1805, #2371, #4280, .T. ) ;
#3510 = CARTESIAN_POINT ( 'NONE',  ( 105.2978608433425900, 16.39438576768703700, 309.5802934123503300 ) ) ;
#3511 = CARTESIAN_POINT ( 'NONE',  ( 101.3795888539336300, -23.50157617941736600, 308.2473978892666100 ) ) ;
#3512 = CARTESIAN_POINT ( 'NONE',  ( 104.2514865530846500, -22.00157580954816100, 307.4772872448493800 ) ) ;
#3513 = CARTESIAN_POINT ( 'NONE',  ( 118.2436367749548400, 16.39438410041239200, 306.9806250172242100 ) ) ;
#3514 = DIRECTION ( 'NONE',  ( 0.0000000000000000000, -0.0000000000000000000, -1.000000000000000000 ) ) ;
#3515 = ORIENTED_EDGE ( 'NONE', *, *, #3674, .F. ) ;
#3516 = CARTESIAN_POINT ( 'NONE',  ( 99.73064984495560700, -23.50157639178281600, 311.5415554997023800 ) ) ;
#3517 = DIRECTION ( 'NONE',  ( 3.079986266030270000E-007, 0.0000000000000000000, 0.9999999999999525900 ) ) ;
#3518 = CARTESIAN_POINT ( 'NONE',  ( 111.0429617803079300, 16.39438502778080700, 316.6505231748383800 ) ) ;
#3519 = CARTESIAN_POINT ( 'NONE',  ( 105.8457255542765600, -23.50157560422753600, 309.1589177184512200 ) ) ;
#3520 = CARTESIAN_POINT ( 'NONE',  ( 100.0605999699755600, -23.50157634928882900, 311.2612819591759000 ) ) ;
#3521 = CARTESIAN_POINT ( 'NONE',  ( 101.9517728821668100, -23.50157610572641100, 318.6044235755952600 ) ) ;
#3522 = AXIS2_PLACEMENT_3D ( 'NONE', #5474, #4898, #2614 ) ;
#3523 = CARTESIAN_POINT ( 'NONE',  ( 115.6767119657086900, 17.89438443100445400, 312.5018187477683100 ) ) ;
#3524 = CARTESIAN_POINT ( 'NONE',  ( 114.4652098967146100, -23.50157449413171300, 311.1165221225489900 ) ) ;
#3525 = CARTESIAN_POINT ( 'NONE',  ( 102.2443170722932600, -23.50157606804977900, 308.8261760661371200 ) ) ;
#3526 = CARTESIAN_POINT ( 'NONE',  ( 111.7528025452508000, 17.89438493636105700, 315.7689593127539100 ) ) ;
#3527 = CARTESIAN_POINT ( 'NONE',  ( 100.6114513948638800, 16.39438637124536100, 313.3165209732565600 ) ) ;
#3528 = CARTESIAN_POINT ( 'NONE',  ( 102.1469451477425700, -23.50157608059030800, 315.6473600541485800 ) ) ;
#3529 = CARTESIAN_POINT ( 'NONE',  ( 112.3510464615897600, -22.00157476641292900, 308.8566388824925200 ) ) ;
#3530 = CARTESIAN_POINT ( 'NONE',  ( 101.6810475047529700, 17.89438623349302300, 308.5488565400869400 ) ) ;
#3531 = CARTESIAN_POINT ( 'NONE',  ( 107.3261579686024600, -22.00157541356395500, 318.1512649438485600 ) ) ;
#3532 = CARTESIAN_POINT ( 'NONE',  ( 104.0599372926159600, -22.00157583421760800, 306.4614066868900300 ) ) ;
#3533 = DIRECTION ( 'NONE',  ( 0.0000000000000000000, -1.176836406102669200E-014, -1.000000000000000000 ) ) ;
#3534 = CARTESIAN_POINT ( 'NONE',  ( 107.3223646621746200, 16.39438550695307800, 318.1451078871571100 ) ) ;
#3535 = CARTESIAN_POINT ( 'NONE',  ( 107.3237434818265100, -23.50157541387503100, 320.2885096148641000 ) ) ;
#3536 = CARTESIAN_POINT ( 'NONE',  ( 104.1114545938273900, 16.39438592048316300, 312.2165221217624100 ) ) ;
#3537 = VERTEX_POINT ( 'NONE', #3137 ) ;
#3538 = CARTESIAN_POINT ( 'NONE',  ( 110.9612403154518600, 16.39438503830562900, 317.2707861098194300 ) ) ;
#3539 = CARTESIAN_POINT ( 'NONE',  ( 102.4486952061724300, -23.50157604172821400, 318.7661045981307700 ) ) ;
#3540 = CARTESIAN_POINT ( 'NONE',  ( 100.3236826146638700, -23.50157631540663400, 311.1448315593538000 ) ) ;
#3541 = CARTESIAN_POINT ( 'NONE',  ( 106.7827463082740700, -22.00157548354940600, 305.9433811860971000 ) ) ;
#3542 = CARTESIAN_POINT ( 'NONE',  ( 104.0599372926113700, 16.39438592711810500, 317.9716375581981000 ) ) ;
#3543 = B_SPLINE_CURVE_WITH_KNOTS ( 'NONE', 3,
 ( #998, #1902, #5309, #4321, #2388, #2452, #3370, #4278, #5793, #53, #3865, #3886, #4298, #2933, #3408, #5751, #1512, #3347 ),
 .UNSPECIFIED., .F., .F.,
 ( 4, 2, 2, 2, 2, 2, 2, 2, 4 ),
 ( 0.0000000000000000000, 0.1250000000000000000, 0.2500000000000000000, 0.3750000000000000000, 0.5000000000000000000, 0.6250000000000000000, 0.7500000000000000000, 0.8750000000000000000, 1.000000000000000000 ),
 .UNSPECIFIED. ) ;
#3544 = CARTESIAN_POINT ( 'NONE',  ( 77.61368816194959700, -2.803594741848474600, 308.7165224408955200 ) ) ;
#3545 = EDGE_CURVE ( 'NONE', #357, #4058, #3327, .T. ) ;
#3546 = CARTESIAN_POINT ( 'NONE',  ( 115.4922597290655200, 17.89438445475976600, 311.5415554996843100 ) ) ;
#3547 = CARTESIAN_POINT ( 'NONE',  ( 114.1238078155156200, -22.00157453810053100, 311.2275499427690900 ) ) ;
#3548 = CARTESIAN_POINT ( 'NONE',  ( 113.6501154430698400, -22.00157459910690600, 311.6627124447521200 ) ) ;
#3549 = CARTESIAN_POINT ( 'NONE',  ( 118.2195014093683800, 17.89438410352089500, 317.4586010596686400 ) ) ;
#3550 = CARTESIAN_POINT ( 'NONE',  ( 106.8854426108703300, -22.00157547032320300, 304.3870052037757400 ) ) ;
#3551 = CARTESIAN_POINT ( 'NONE',  ( 100.8980344380604500, 17.89438633433658100, 311.1443392720029200 ) ) ;
#3552 = ORIENTED_EDGE ( 'NONE', *, *, #1908, .T. ) ;
#3553 = CARTESIAN_POINT ( 'NONE',  ( 101.6853356334849700, 17.89438623294086700, 318.4387262266830000 ) ) ;
#3554 = CARTESIAN_POINT ( 'NONE',  ( 104.2106474635026200, 17.89438590770815200, 306.8511258211152600 ) ) ;
#3555 = CARTESIAN_POINT ( 'NONE',  ( 104.2113424436686000, -22.00157581471827600, 306.8537065915480800 ) ) ;
#3556 = CARTESIAN_POINT ( 'NONE',  ( 116.9938980835555900, 16.39438426136523200, 319.4262910796197700 ) ) ;
#3557 = CARTESIAN_POINT ( 'NONE',  ( 113.9502465356827500, -22.00157456045331700, 306.4652219934262100 ) ) ;
#3558 = CARTESIAN_POINT ( 'NONE',  ( 100.4644885902350800, -23.50157629727239700, 313.3165221225489700 ) ) ;
#3559 = EDGE_LOOP ( 'NONE', ( #3001, #5236, #2831, #3112 ) ) ;
#3560 = CARTESIAN_POINT ( 'NONE',  ( 111.2888211750986900, 16.39438499611670600, 308.2429439628691100 ) ) ;
#3561 = CARTESIAN_POINT ( 'NONE',  ( 112.1464961995331200, 17.89438488565761900, 315.6169038461781000 ) ) ;
#3562 = CARTESIAN_POINT ( 'NONE',  ( 101.7115217838271000, -23.50157613666806400, 312.1452647846444400 ) ) ;
#3563 = CARTESIAN_POINT ( 'NONE',  ( 107.9652529169271600, -22.00157533125541700, 306.2608367083408900 ) ) ;
#3564 = CARTESIAN_POINT ( 'NONE',  ( 101.6050281114684900, 16.39438624328355600, 315.9602069051118200 ) ) ;
#3565 = ORIENTED_EDGE ( 'NONE', *, *, #604, .T. ) ;
#3566 = CARTESIAN_POINT ( 'NONE',  ( 115.7113194492567100, 16.39438442654729400, 312.0723678475579300 ) ) ;
#3567 = CARTESIAN_POINT ( 'NONE',  ( 76.11368816194959700, -7.753342210153480400, 307.2667749725864000 ) ) ;
#3568 = CARTESIAN_POINT ( 'NONE',  ( 113.8845957234657100, -23.50157456890847400, 311.3878138370001200 ) ) ;
#3569 = CARTESIAN_POINT ( 'NONE',  ( 112.9777126529526200, -23.50157468570515500, 308.8262254780560700 ) ) ;
#3570 = CARTESIAN_POINT ( 'NONE',  ( 112.7720746840336000, -22.00157471218916100, 315.5764801119414600 ) ) ;
#3571 = CARTESIAN_POINT ( 'NONE',  ( 103.9412032711723600, -23.50157584950940400, 318.1495153381857200 ) ) ;
#3572 = ORIENTED_EDGE ( 'NONE', *, *, #2435, .F. ) ;
#3573 = ADVANCED_FACE ( 'NONE', ( #3948 ), #2911, .F. ) ;
#3574 = CIRCLE ( 'NONE', #3287, 1.599999999999955200 ) ;
#3575 = CARTESIAN_POINT ( 'NONE',  ( 99.56714000803035000, -22.00157641284110400, 312.5703204456430600 ) ) ;
#3576 = ADVANCED_FACE ( 'NONE', ( #3130 ), #5355, .T. ) ;
#3577 = ORIENTED_EDGE ( 'NONE', *, *, #116, .F. ) ;
#3578 = CARTESIAN_POINT ( 'NONE',  ( 113.7666391419776200, 16.39438467700091800, 318.2234937936914300 ) ) ;
#3579 = VECTOR ( 'NONE', #416, 1000.000000000000100 ) ;
#3580 = CARTESIAN_POINT ( 'NONE',  ( 111.5848303769140600, 16.39438495799394600, 308.5392312900706900 ) ) ;
#3581 = CARTESIAN_POINT ( 'NONE',  ( 111.0427316248491400, 17.89438502781045400, 317.6815760792002800 ) ) ;
#3582 = CARTESIAN_POINT ( 'NONE',  ( 104.2518110361278900, 16.39438590240683500, 317.3749571821951500 ) ) ;
#3583 = CARTESIAN_POINT ( 'NONE',  ( 111.5802937829707600, -23.50157486567758600, 315.8847366947911700 ) ) ;
#3584 = CARTESIAN_POINT ( 'NONE',  ( 101.4409717057877700, -23.50157617151196700, 311.4905101395917800 ) ) ;
#3585 = VERTEX_POINT ( 'NONE', #1327 ) ;
#3586 = CARTESIAN_POINT ( 'NONE',  ( 106.5114545938282900, -22.00157551848882100, 305.3604824585330600 ) ) ;
#3587 = CARTESIAN_POINT ( 'NONE',  ( 101.2638451710147500, -22.00157619432396700, 316.3603336027047100 ) ) ;
#3588 = CARTESIAN_POINT ( 'NONE',  ( 115.5663459960921200, -23.50157435231734100, 311.6650884228412200 ) ) ;
#3589 = CARTESIAN_POINT ( 'NONE',  ( 113.6221383007755600, -22.00157460271012200, 312.7034593998121200 ) ) ;
#3590 = CARTESIAN_POINT ( 'NONE',  ( 107.6114546150847200, 17.89438546972153800, 324.0426434868389800 ) ) ;
#3591 = CARTESIAN_POINT ( 'NONE',  ( 103.1781384442181500, -23.50157594778383400, 315.6478498211142800 ) ) ;
#3592 = CARTESIAN_POINT ( 'NONE',  ( 114.1614145291916000, 17.89438462615804300, 307.4780499099449600 ) ) ;
#3593 = EDGE_CURVE ( 'NONE', #3501, #459, #5295, .T. ) ;
#3594 = CARTESIAN_POINT ( 'NONE',  ( 99.93569284607630700, -22.00157636537552400, 313.0966053090409700 ) ) ;
#3595 = EDGE_CURVE ( 'NONE', #4248, #1790, #4769, .T. ) ;
#3596 = CARTESIAN_POINT ( 'NONE',  ( 113.6178810761899500, -22.00157460325849400, 315.9602069051126700 ) ) ;
#3597 = CARTESIAN_POINT ( 'NONE',  ( 76.11368815268146200, -2.803594741847680100, 319.2165224408962000 ) ) ;
#3598 = CARTESIAN_POINT ( 'NONE',  ( 112.6674522452602500, -22.00157472566325700, 305.6668568679917300 ) ) ;
#3599 = CARTESIAN_POINT ( 'NONE',  ( 112.1477732646581600, 17.89438488549318200, 318.7159819977512100 ) ) ;
#3600 = ORIENTED_EDGE ( 'NONE', *, *, #5002, .F. ) ;
#3601 = CARTESIAN_POINT ( 'NONE',  ( 113.7306498449434100, 17.89438468163589800, 312.8914887453719300 ) ) ;
#3602 = ADVANCED_FACE ( 'NONE', ( #5456 ), #1194, .T. ) ;
#3603 = CARTESIAN_POINT ( 'NONE',  ( 106.0619470056323600, -23.50157557638048200, 309.0696579317270200 ) ) ;
#3604 = CARTESIAN_POINT ( 'NONE',  ( 103.6378534897268700, 16.39438598147789200, 318.4387995509466100 ) ) ;
#3605 = CARTESIAN_POINT ( 'NONE',  ( 101.1623096040508300, -23.50157620740063900, 313.1717622859210300 ) ) ;
#3606 = CARTESIAN_POINT ( 'NONE',  ( 106.6562144304522000, -22.00157549984533000, 305.7673769395868800 ) ) ;
#3607 = CARTESIAN_POINT ( 'NONE',  ( 111.1114547871246600, 17.89438501895960300, 311.7522781511964900 ) ) ;
#3608 = FACE_OUTER_BOUND ( 'NONE', #3866, .T. ) ;
#3609 = CARTESIAN_POINT ( 'NONE',  ( 115.1670967971178200, 17.89438449663722300, 313.1770706232363200 ) ) ;
#3610 = CARTESIAN_POINT ( 'NONE',  ( 113.5182553381305000, -23.50157461608912600, 312.3607063652375500 ) ) ;
#3611 = CARTESIAN_POINT ( 'NONE',  ( 103.1771297151397300, 16.39438604081404400, 315.6476331646657100 ) ) ;
#3612 = CARTESIAN_POINT ( 'NONE',  ( 111.5044596714669600, -22.00157487544417700, 315.9604189986855000 ) ) ;
#3613 = CARTESIAN_POINT ( 'NONE',  ( 103.8671443985495400, -23.50157585904736400, 316.1090453880138400 ) ) ;
#3614 = ORIENTED_EDGE ( 'NONE', *, *, #731, .F. ) ;
#3615 = DIRECTION ( 'NONE',  ( -1.000000000000000000, 0.0000000000000000000, 0.0000000000000000000 ) ) ;
#3616 = CARTESIAN_POINT ( 'NONE',  ( 113.5115897383993500, 16.39438470984846000, 312.3606763975408900 ) ) ;
#3617 = CARTESIAN_POINT ( 'NONE',  ( 104.2519395379936800, 17.89438590239019400, 307.4750311894885000 ) ) ;
#3618 = CARTESIAN_POINT ( 'NONE',  ( 111.2790835973607100, -22.00157490447020000, 318.1468928258775000 ) ) ;
#3619 = CARTESIAN_POINT ( 'NONE',  ( 107.6114545967163800, 16.39438546972125400, 300.3904008626374800 ) ) ;
#3620 = CARTESIAN_POINT ( 'NONE',  ( 107.7556088688108800, -22.00157535825535100, 318.1166572671070300 ) ) ;
#3621 = CARTESIAN_POINT ( 'NONE',  ( 113.0776331876449100, 16.39438476573736400, 318.6846893605948000 ) ) ;
#3622 = CARTESIAN_POINT ( 'NONE',  ( 77.61368816194959700, -7.753342210153460800, 315.5662699092009700 ) ) ;
#3623 = CARTESIAN_POINT ( 'NONE',  ( 101.1120718073642300, 16.39438630677096100, 316.7532015281645400 ) ) ;
#3624 = B_SPLINE_CURVE_WITH_KNOTS ( 'NONE', 1,
 ( #4971, #3632 ),
 .UNSPECIFIED., .F., .F.,
 ( 2, 2 ),
 ( 0.0000000000000000000, 1.000000000000000000 ),
 .UNSPECIFIED. ) ;
#3625 = CARTESIAN_POINT ( 'NONE',  ( 100.0605997767918600, -22.00157634928884300, 311.2612819591759000 ) ) ;
#3626 = CARTESIAN_POINT ( 'NONE',  ( 113.9995500557797400, 16.39438464700452500, 317.8746694045709700 ) ) ;
#3627 = CARTESIAN_POINT ( 'NONE',  ( 101.1432364950489400, -22.00157620985705600, 316.6509631025105600 ) ) ;
#3628 = EDGE_CURVE ( 'NONE', #3730, #376, #1645, .T. ) ;
#3629 = CARTESIAN_POINT ( 'NONE',  ( 113.5113877901971600, -23.50157461697352400, 312.2877794604566500 ) ) ;
#3630 = CARTESIAN_POINT ( 'NONE',  ( 100.4652063120446100, 17.89438639008013600, 313.3165212492186800 ) ) ;
#3631 = ORIENTED_EDGE ( 'NONE', *, *, #2958, .T. ) ;
#3632 = CARTESIAN_POINT ( 'NONE',  ( 111.4298314054199900, -23.50157488505539800, 306.1354038043450000 ) ) ;
#3633 = ADVANCED_FACE ( 'NONE', ( #4021 ), #1285, .T. ) ;
#3634 = CARTESIAN_POINT ( 'NONE',  ( 101.4928220001895500, 17.89438625773443900, 311.5421213991936600 ) ) ;
#3635 = CARTESIAN_POINT ( 'NONE',  ( 114.0566099351787300, 16.39438463965585800, 311.2556418967238300 ) ) ;
#3636 = CARTESIAN_POINT ( 'NONE',  ( 111.1114545938283000, -22.00157492605892200, 312.2165221234050100 ) ) ;
#3637 = ORIENTED_EDGE ( 'NONE', *, *, #401, .F. ) ;
#3638 = CARTESIAN_POINT ( 'NONE',  ( 106.5114547870120000, 17.89438561138928200, 305.0725617865646800 ) ) ;
#3639 = COORDINATED_UNIVERSAL_TIME_OFFSET ( 8, 0, .AHEAD. ) ;
#3640 = CARTESIAN_POINT ( 'NONE',  ( 115.4271693325212600, 16.39438446314260400, 303.3073993680330900 ) ) ;
#3641 = CARTESIAN_POINT ( 'NONE',  ( 111.4298314054199900, -23.50157488505539800, 306.1354038043450000 ) ) ;
#3642 = CARTESIAN_POINT ( 'NONE',  ( 114.1612402705094200, 16.39438462618058900, 317.2706564314428900 ) ) ;
#3643 = CARTESIAN_POINT ( 'NONE',  ( 106.5394322499671200, 17.89438560778625100, 318.9295521073266900 ) ) ;
#3644 = ORIENTED_EDGE ( 'NONE', *, *, #1511, .T. ) ;
#3645 = CC_DESIGN_PERSON_AND_ORGANIZATION_ASSIGNMENT ( #4909, #3290, ( #5806 ) ) ;
#3646 = CARTESIAN_POINT ( 'NONE',  ( 104.2907623280582900, -23.50157580448986400, 311.0873683747994400 ) ) ;
#3647 = CARTESIAN_POINT ( 'NONE',  ( 101.0719276979622100, 16.39438631194109100, 317.3767821814635700 ) ) ;
#3648 = FACE_BOUND ( 'NONE', #5782, .T. ) ;
#3649 = CARTESIAN_POINT ( 'NONE',  ( 111.1114547870110000, 17.89438501895968200, 312.2165221234050100 ) ) ;
#3650 = ORIENTED_EDGE ( 'NONE', *, *, #329, .T. ) ;
#3651 = VECTOR ( 'NONE', #2429, 1000.000000000000100 ) ;
#3652 = CARTESIAN_POINT ( 'NONE',  ( 111.1114547870110000, 17.89438501895968200, 312.2165221234050100 ) ) ;
#3653 = CARTESIAN_POINT ( 'NONE',  ( 107.7556090619970600, 17.89438545115581300, 306.3163869779749000 ) ) ;
#3654 = CARTESIAN_POINT ( 'NONE',  ( 111.4087749753297900, -22.00157488776717000, 300.9899845662719700 ) ) ;
#3655 = CARTESIAN_POINT ( 'NONE',  ( 109.1583621415724800, 17.89438527049647500, 300.4663044362139300 ) ) ;
#3656 = CARTESIAN_POINT ( 'NONE',  ( 108.4915377803260400, -22.00157526347579300, 319.8922838702952200 ) ) ;
#3657 = EDGE_LOOP ( 'NONE', ( #2082, #1730, #1568, #3515 ) ) ;
#3658 = CARTESIAN_POINT ( 'NONE',  ( 101.2818114388185800, 16.39438628491027900, 311.3411969673143700 ) ) ;
#3659 = CARTESIAN_POINT ( 'NONE',  ( 103.7930779754213700, 16.39438596148665900, 318.2976404407530100 ) ) ;
#3660 = CARTESIAN_POINT ( 'NONE',  ( 111.0115667439854000, -22.00157493892346500, 317.5793376535479500 ) ) ;
#3661 = CARTESIAN_POINT ( 'NONE',  ( 103.1781382510344500, -22.00157594778384900, 315.6478498211142800 ) ) ;
#3662 = VERTEX_POINT ( 'NONE', #2488 ) ;
#3663 = CARTESIAN_POINT ( 'NONE',  ( 113.6190842081212100, 17.89438469600439800, 318.3712092532539900 ) ) ;
#3664 = ADVANCED_FACE ( 'NONE', ( #1719 ), #3323, .T. ) ;
#3665 = PLANE ( 'NONE',  #1806 ) ;
#3666 = CARTESIAN_POINT ( 'NONE',  ( 101.6049647348514500, 16.39438624329175600, 318.3721201830231300 ) ) ;
#3667 = CARTESIAN_POINT ( 'NONE',  ( 113.6925731052169800, -23.50157459363889600, 308.3981455041409800 ) ) ;
#3668 = ORIENTED_EDGE ( 'NONE', *, *, #690, .T. ) ;
#3669 = CARTESIAN_POINT ( 'NONE',  ( 109.3771840211943800, 17.89438524231469800, 309.1589177192682300 ) ) ;
#3670 = CARTESIAN_POINT ( 'NONE',  ( 114.7580038281252800, -22.00157445642290500, 311.1165221225489900 ) ) ;
#3671 = ORIENTED_EDGE ( 'NONE', *, *, #5874, .F. ) ;
#3672 = DIRECTION ( 'NONE',  ( 0.9999999999999525900, -0.0000000000000000000, -3.079986237769798100E-007 ) ) ;
#3673 = CARTESIAN_POINT ( 'NONE',  ( 118.8356783659623100, 17.89438402416393400, 308.4120748091712000 ) ) ;
#3674 = EDGE_CURVE ( 'NONE', #3585, #2692, #1929, .T. ) ;
#3675 = CARTESIAN_POINT ( 'NONE',  ( 100.8989426251625600, -23.50157624131940900, 311.1444124224117900 ) ) ;
#3676 = CARTESIAN_POINT ( 'NONE',  ( 101.5727876727006000, 16.39438624743572600, 311.6627105937291700 ) ) ;
#3677 = AXIS2_PLACEMENT_3D ( 'NONE', #1565, #5385, #2109 ) ;
#3678 = CARTESIAN_POINT ( 'NONE',  ( 111.8512676255874500, -22.00157483077899900, 308.7049286389911900 ) ) ;
#3679 = CARTESIAN_POINT ( 'NONE',  ( 106.9349588946202200, 17.89438555684656900, 304.3372484813654600 ) ) ;
#3680 = CARTESIAN_POINT ( 'NONE',  ( 113.2706069316811300, 16.39438474088433400, 308.7051980811596100 ) ) ;
#3681 = CARTESIAN_POINT ( 'NONE',  ( 76.11368823192177000, -2.803594741848473200, 308.7165224408955200 ) ) ;
#3682 = CARTESIAN_POINT ( 'NONE',  ( 107.7569388287654300, 17.89438545098469300, 318.1163854716933800 ) ) ;
#3683 = LINE ( 'NONE', #6088, #2413 ) ;
#3684 = CARTESIAN_POINT ( 'NONE',  ( 111.0004516780732300, -23.50157494035479300, 311.3109307595422000 ) ) ;
#3685 = CARTESIAN_POINT ( 'NONE',  ( 111.0119396776115900, -22.00157493887532200, 307.6815079135342900 ) ) ;
#3686 = CARTESIAN_POINT ( 'NONE',  ( 101.6767117725230800, -22.00157614115119400, 311.9312254973311300 ) ) ;
#3687 = CARTESIAN_POINT ( 'NONE',  ( 113.6925731052169700, 17.89438468653980500, 316.0348987409560100 ) ) ;
#3688 = EDGE_LOOP ( 'NONE', ( #6100, #6059, #1717, #2032 ) ) ;
#3689 = CARTESIAN_POINT ( 'NONE',  ( 107.1245175097512100, 17.89438553243350700, 306.2058384155998300 ) ) ;
#3690 = CARTESIAN_POINT ( 'NONE',  ( 107.6114544276837000, -22.00157537682074600, 300.3904008578980400 ) ) ;
#3691 = CIRCLE ( 'NONE', #5090, 3.500000000000003100 ) ;
#3692 = CARTESIAN_POINT ( 'NONE',  ( 106.7361308960346700, -22.00157548955306200, 319.8868850267990100 ) ) ;
#3693 = CARTESIAN_POINT ( 'NONE',  ( 118.2365710693213600, 17.89438410132251500, 317.4668556713674500 ) ) ;
#3694 = CARTESIAN_POINT ( 'NONE',  ( 102.4537894332303800, 17.89438613397242500, 318.7565755097091900 ) ) ;
#3695 = CARTESIAN_POINT ( 'NONE',  ( 106.6224824140477000, 16.39438559709011800, 304.7288753442375700 ) ) ;
#3696 = CARTESIAN_POINT ( 'NONE',  ( 112.4571554762361000, 16.39438484564800500, 308.8668328794158800 ) ) ;
#3697 = CARTESIAN_POINT ( 'NONE',  ( 106.9373206304941800, 17.89438555654259100, 320.0978104554234800 ) ) ;
#3698 = ORIENTED_EDGE ( 'NONE', *, *, #925, .T. ) ;
#3699 = CARTESIAN_POINT ( 'NONE',  ( 101.5303362756243600, 16.39438625290296500, 308.3981455041409800 ) ) ;
#3700 = CARTESIAN_POINT ( 'NONE',  ( 111.3557649822979600, -22.00157489459435200, 308.3239988570799700 ) ) ;
#3701 = CARTESIAN_POINT ( 'NONE',  ( 112.9746312459848100, -23.50157468610200700, 308.8164870611336100 ) ) ;
#3702 = CARTESIAN_POINT ( 'NONE',  ( 100.7554149298143200, -22.00157625980422400, 313.3165221225489700 ) ) ;
#3703 = CARTESIAN_POINT ( 'NONE',  ( 113.8425994657429800, -23.50157457431723200, 316.1849251014830300 ) ) ;
#3704 = VERTEX_POINT ( 'NONE', #440 ) ;
#3705 = EDGE_CURVE ( 'NONE', #3760, #1724, #2696, .T. ) ;
#3706 = CARTESIAN_POINT ( 'NONE',  ( 115.5663458029084300, -22.00157435231735500, 311.6650884228412200 ) ) ;
#3707 = CARTESIAN_POINT ( 'NONE',  ( 101.1127669807260400, -22.00157621378119900, 316.7506207577282000 ) ) ;
#3708 = CARTESIAN_POINT ( 'NONE',  ( 102.7679573086521100, -22.00157600061068700, 315.5663518045989200 ) ) ;
#3709 = ORIENTED_EDGE ( 'NONE', *, *, #3545, .F. ) ;
#3710 = EDGE_CURVE ( 'NONE', #5358, #367, #2463, .T. ) ;
#3711 = CARTESIAN_POINT ( 'NONE',  ( 108.3374667699722100, -23.50157528331847700, 320.0460390413224400 ) ) ;
#3712 = LOCAL_TIME ( 11, 1, 40.00000000000000000, #3932 ) ;
#3713 = CARTESIAN_POINT ( 'NONE',  ( 115.4271695257048800, 17.89438446314259300, 303.3073993680330900 ) ) ;
#3714 = CARTESIAN_POINT ( 'NONE',  ( 113.6190840149375800, 16.39438469600441200, 318.3712092532539900 ) ) ;
#3715 = CARTESIAN_POINT ( 'NONE',  ( 101.3897759643711800, 17.89438627100558300, 306.2899912482158100 ) ) ;
#3716 = CARTESIAN_POINT ( 'NONE',  ( 108.1652642716256200, -22.00157530549611100, 304.2551829717870600 ) ) ;
#3717 = ORIENTED_EDGE ( 'NONE', *, *, #4193, .T. ) ;
#3718 = CARTESIAN_POINT ( 'NONE',  ( 119.3602765553219300, -23.50157386370034700, 310.6592800639035100 ) ) ;
#3719 = CARTESIAN_POINT ( 'NONE',  ( 108.6831451570227100, 16.39438533169944300, 319.5042942948964500 ) ) ;
#3720 = FACE_OUTER_BOUND ( 'NONE', #4997, .T. ) ;
#3721 = CARTESIAN_POINT ( 'NONE',  ( 101.2241752252281500, -23.50157619943293200, 306.5566481026351700 ) ) ;
#3722 = CARTESIAN_POINT ( 'NONE',  ( 112.0447709366300200, -22.00157480585788200, 308.7851944239842500 ) ) ;
#3723 = PLANE ( 'NONE',  #1521 ) ;
#3724 = CARTESIAN_POINT ( 'NONE',  ( 111.0888696576035000, 17.89438502186834900, 311.7537542970948200 ) ) ;
#3725 = CARTESIAN_POINT ( 'NONE',  ( 111.0427314316603700, -22.00157493490965500, 306.7514681659025700 ) ) ;
#3726 = CARTESIAN_POINT ( 'NONE',  ( 114.6114547870119900, 17.89438456819788600, 313.3165221225489700 ) ) ;
#3727 = ORIENTED_EDGE ( 'NONE', *, *, #2320, .T. ) ;
#3728 = VECTOR ( 'NONE', #3165, 1000.000000000000200 ) ;
#3729 = CARTESIAN_POINT ( 'NONE',  ( 112.3486840493695400, -23.50157476671731500, 318.7661508020519800 ) ) ;
#3730 = VERTEX_POINT ( 'NONE', #5078 ) ;
#3731 = CARTESIAN_POINT ( 'NONE',  ( 109.7582574623971100, 17.89438519323667300, 315.0196194463375700 ) ) ;
#3732 = CARTESIAN_POINT ( 'NONE',  ( 115.6767117725235600, -22.00157433810336700, 311.9312254973269800 ) ) ;
#3733 = CARTESIAN_POINT ( 'NONE',  ( 119.3609149879727900, 17.89438395651924900, 313.7689850780581100 ) ) ;
#3734 = CARTESIAN_POINT ( 'NONE',  ( 102.8718627260475400, -22.00157598722880100, 315.5764053626330700 ) ) ;
#3735 = CARTESIAN_POINT ( 'NONE',  ( 108.7114547870120200, -23.50157523515270700, 319.3630713568453000 ) ) ;
#3736 = CARTESIAN_POINT ( 'NONE',  ( 109.1610785802958900, 17.89438527014662100, 300.4668451439612200 ) ) ;
#3737 = ORIENTED_EDGE ( 'NONE', *, *, #1516, .T. ) ;
#3738 = FACE_OUTER_BOUND ( 'NONE', #428, .T. ) ;
#3739 = DIRECTION ( 'NONE',  ( 0.0000000000000000000, 0.0000000000000000000, 1.000000000000000000 ) ) ;
#3740 = CARTESIAN_POINT ( 'NONE',  ( 101.1124449341837400, 17.89438630672281500, 306.8520413949681800 ) ) ;
#3741 = CARTESIAN_POINT ( 'NONE',  ( 107.3223646621630500, 16.39438550695293300, 304.1451078871456300 ) ) ;
#3742 = CARTESIAN_POINT ( 'NONE',  ( 110.2480133505263400, -22.00157503726070000, 309.9034085599641900 ) ) ;
#3743 = CARTESIAN_POINT ( 'NONE',  ( 109.5260191861309900, -23.50157513024564400, 300.5400077836017100 ) ) ;
#3744 = CARTESIAN_POINT ( 'NONE',  ( 106.6505743679966800, 16.39438559347236100, 319.7713667812112700 ) ) ;
#3745 = ORIENTED_EDGE ( 'NONE', *, *, #2245, .T. ) ;
#3746 = CARTESIAN_POINT ( 'NONE',  ( 103.3711121882517600, -23.50157592293079000, 305.8283512273245600 ) ) ;
#3747 = DIRECTION ( 'NONE',  ( 0.0000000000000000000, -1.176836406102669200E-014, 1.000000000000000000 ) ) ;
#3748 = CARTESIAN_POINT ( 'NONE',  ( 105.2978610365262000, 17.89438576768702300, 309.5802934123503300 ) ) ;
#3749 = CARTESIAN_POINT ( 'NONE',  ( 113.5426054864290400, -23.50157461295306400, 305.9852731688345100 ) ) ;
#3750 = EDGE_CURVE ( 'NONE', #242, #1284, #5159, .T. ) ;
#3751 = CARTESIAN_POINT ( 'NONE',  ( 104.5725280161193500, -22.00157576820152600, 313.9694058175052200 ) ) ;
#3752 = ORIENTED_EDGE ( 'NONE', *, *, #1124, .T. ) ;
#3753 = CARTESIAN_POINT ( 'NONE',  ( 107.8967512190474600, -22.00157534007774600, 320.2817793012386000 ) ) ;
#3754 = CARTESIAN_POINT ( 'NONE',  ( 113.9590642098362000, -23.50157455931773500, 308.0727106423938700 ) ) ;
#3755 = CARTESIAN_POINT ( 'NONE',  ( 99.88459133466285800, 17.89438646485700700, 313.0452303761737800 ) ) ;
#3756 = CARTESIAN_POINT ( 'NONE',  ( 110.6792765429122900, -23.50157498171890300, 323.6641004482725100 ) ) ;
#3757 = B_SPLINE_CURVE_WITH_KNOTS ( 'NONE', 3,
 ( #2595, #3630, #772, #3133, #2205, #2685, #6017, #4551, #5547, #1634, #4113, #3092, #4088, #4047, #245, #725, #1676, #1269 ),
 .UNSPECIFIED., .F., .F.,
 ( 4, 2, 2, 2, 2, 2, 2, 2, 4 ),
 ( 0.0000000000000000000, 0.1250000000000000000, 0.2500000000000000000, 0.3750000000000000000, 0.5000000000000000000, 0.6250000000000000000, 0.7500000000000000000, 0.8750000000000000000, 1.000000000000000000 ),
 .UNSPECIFIED. ) ;
#3758 = CARTESIAN_POINT ( 'NONE',  ( 113.5291040322936700, 17.89438470759266800, 301.9699905328029700 ) ) ;
#3759 = CARTESIAN_POINT ( 'NONE',  ( 102.2482781348450900, -22.00157606753970200, 315.6165571839641800 ) ) ;
#3760 = VERTEX_POINT ( 'NONE', #3107 ) ;
#3761 = CARTESIAN_POINT ( 'NONE',  ( 78.36368816194959700, 15.64438923651439200, 324.0426433693249900 ) ) ;
#3762 = CARTESIAN_POINT ( 'NONE',  ( 106.4857484655632300, -22.00157552179944500, 308.8947056088395600 ) ) ;
#3763 = CARTESIAN_POINT ( 'NONE',  ( 112.3510464615959800, 16.39438485931376700, 315.5764053626341500 ) ) ;
#3764 = CARTESIAN_POINT ( 'NONE',  ( 108.4924298064804900, 17.89438535626151200, 319.8910450260096400 ) ) ;
#3765 = CARTESIAN_POINT ( 'NONE',  ( 101.2731033423682400, -23.50157619313151600, 306.4646310084531800 ) ) ;
#3766 = CARTESIAN_POINT ( 'NONE',  ( 104.4664784500659800, -22.00157578185952200, 310.6632485909799500 ) ) ;
#3767 = CARTESIAN_POINT ( 'NONE',  ( 112.1438120088886700, -23.50157479310259800, 318.7256710027247100 ) ) ;
#3768 = LINE ( 'NONE', #5390, #1247 ) ;
#3769 = CARTESIAN_POINT ( 'NONE',  ( 101.5303364688079900, -23.50157616000271700, 308.3981455041409300 ) ) ;
#3770 = CARTESIAN_POINT ( 'NONE',  ( 105.4736763102602900, 16.39438574504390200, 309.4347603494609300 ) ) ;
#3771 = CARTESIAN_POINT ( 'NONE',  ( 104.1797198358563000, -22.00157581879093300, 307.7833986403278500 ) ) ;
#3772 = CARTESIAN_POINT ( 'NONE',  ( 114.6114545938283100, -22.00157447529697300, 311.1165221225489900 ) ) ;
#3773 = ORIENTED_EDGE ( 'NONE', *, *, #6080, .T. ) ;
#3774 = DIRECTION ( 'NONE',  ( 3.079986266030114900E-007, 0.0000000000000000000, 0.9999999999999525900 ) ) ;
#3775 = CARTESIAN_POINT ( 'NONE',  ( 101.6810473115694700, -22.00157614059287800, 315.8841877050109000 ) ) ;
#3776 = CARTESIAN_POINT ( 'NONE',  ( 108.6831451570227400, -22.00157523879868300, 304.9287499502017300 ) ) ;
#3777 = DIRECTION ( 'NONE',  ( 1.287891253920479900E-007, -0.9999999999999917800, -1.176836406102659600E-014 ) ) ;
#3778 = CARTESIAN_POINT ( 'NONE',  ( 110.9709698428450800, 16.39438503705257200, 316.9580130556111600 ) ) ;
#3779 = CARTESIAN_POINT ( 'NONE',  ( 102.8742255247329500, 17.89438607982484100, 318.7661508020750000 ) ) ;
#3780 = CARTESIAN_POINT ( 'NONE',  ( 111.1725980857868900, 16.39438501108496700, 308.0689183000334900 ) ) ;
#3781 = VERTEX_POINT ( 'NONE', #5623 ) ;
#3782 = CARTESIAN_POINT ( 'NONE',  ( 106.7037375985839300, -22.00157549372490700, 308.8280201038178900 ) ) ;
#3783 = CARTESIAN_POINT ( 'NONE',  ( 108.6834773240342100, -23.50157523875608600, 318.9295521072958200 ) ) ;
#3784 = EDGE_LOOP ( 'NONE', ( #4732, #4619, #6170, #867 ) ) ;
#3785 = EDGE_CURVE ( 'NONE', #1399, #4077, #2409, .T. ) ;
#3786 = CARTESIAN_POINT ( 'NONE',  ( 106.5114545938283600, 16.39438561138929300, 305.3630713568454700 ) ) ;
#3787 = DIRECTION ( 'NONE',  ( 0.9999999999999525900, -0.0000000000000000000, -3.079986754528468600E-007 ) ) ;
#3788 = AXIS2_PLACEMENT_3D ( 'NONE', #3961, #4397, #4886 ) ;
#3789 = CARTESIAN_POINT ( 'NONE',  ( 103.7930779754213100, -22.00157586858617600, 306.1354038043440400 ) ) ;
#3790 = ORIENTED_EDGE ( 'NONE', *, *, #4555, .F. ) ;
#3791 = B_SPLINE_CURVE_WITH_KNOTS ( 'NONE', 3,
 ( #3690, #807, #4637, #4657, #3654, #3214, #1756, #5105, #2268, #6078, #6062, #4131, #360, #343, #3173, #4149, #4595, #829, #4617, #2225, #5586, #2737, #851, #5082, #1741, #1324, #6037, #1289, #1308, #2720 ),
 .UNSPECIFIED., .F., .F.,
 ( 4, 2, 2, 2, 2, 2, 2, 2, 2, 2, 2, 2, 2, 2, 4 ),
 ( 0.0000000000000000000, 0.06250000000000000000, 0.1250000000000000000, 0.2500000000000000000, 0.2812500000000000600, 0.3125000000000000000, 0.3750000000000000000, 0.4374999999999999400, 0.5000000000000000000, 0.5625000000000001100, 0.6250000000000000000, 0.7500000000000000000, 0.8749999999999998900, 0.9374999999999998900, 1.000000000000000000 ),
 .UNSPECIFIED. ) ;
#3792 = FACE_OUTER_BOUND ( 'NONE', #1943, .T. ) ;
#3793 = CARTESIAN_POINT ( 'NONE',  ( 103.1764694896659300, 17.89438604089896500, 305.7478651175301300 ) ) ;
#3794 = CARTESIAN_POINT ( 'NONE',  ( 106.9349587014366000, 16.39438555684657900, 304.3372484813654600 ) ) ;
#3795 = CARTESIAN_POINT ( 'NONE',  ( 104.0595690800322200, 16.39438592716537700, 306.4608386660910400 ) ) ;
#3796 = CARTESIAN_POINT ( 'NONE',  ( 78.36368816194959700, -21.25157914361497500, 300.3904008652820000 ) ) ;
#3797 = ORIENTED_EDGE ( 'NONE', *, *, #5646, .F. ) ;
#3798 = CARTESIAN_POINT ( 'NONE',  ( 101.8597822358859200, 16.39438621047389300, 305.8775326204155900 ) ) ;
#3799 = CARTESIAN_POINT ( 'NONE',  ( 101.8604676032515600, -23.50157611748539200, 305.8770389332727300 ) ) ;
#3800 = AXIS2_PLACEMENT_3D ( 'NONE', #2584, #2169, #2630 ) ;
#3801 = CARTESIAN_POINT ( 'NONE',  ( 113.0759642331030800, -22.00157467305140800, 308.7856841909524500 ) ) ;
#3802 = CARTESIAN_POINT ( 'NONE',  ( 108.4920587320797800, 17.89438535630912200, 304.5412800651864700 ) ) ;
#3803 = B_SPLINE_CURVE_WITH_KNOTS ( 'NONE', 1,
 ( #12, #941 ),
 .UNSPECIFIED., .F., .F.,
 ( 2, 2 ),
 ( 0.0000000000000000000, 1.000000000000000000 ),
 .UNSPECIFIED. ) ;
#3804 = ORIENTED_EDGE ( 'NONE', *, *, #608, .F. ) ;
#3805 = B_SPLINE_CURVE_WITH_KNOTS ( 'NONE', 3,
 ( #3840, #4318, #1431, #5748, #4763, #4809, #5, #1900, #4786, #3388, #4254, #5772, #5246, #2404, #1410, #3344, #1949, #489 ),
 .UNSPECIFIED., .F., .F.,
 ( 4, 2, 2, 2, 2, 2, 2, 2, 4 ),
 ( 0.0000000000000000000, 0.1250000000000000000, 0.2500000000000000000, 0.3750000000000000000, 0.5000000000000000000, 0.6250000000000000000, 0.7500000000000000000, 0.8750000000000000000, 1.000000000000000000 ),
 .UNSPECIFIED. ) ;
#3806 = CARTESIAN_POINT ( 'NONE',  ( 111.4298314054199900, 17.89438497795624600, 318.2976404407530100 ) ) ;
#3807 = CARTESIAN_POINT ( 'NONE',  ( 114.0794425371492200, -23.50157454381429600, 306.7510282382136200 ) ) ;
#3808 = CARTESIAN_POINT ( 'NONE',  ( 104.1335593914489400, 16.39438591763636300, 311.7580540058318100 ) ) ;
#3809 = ORIENTED_EDGE ( 'NONE', *, *, #3674, .T. ) ;
#3810 = CARTESIAN_POINT ( 'NONE',  ( 102.1462845359058600, -22.00157608067524600, 305.7481382280548100 ) ) ;
#3811 = CARTESIAN_POINT ( 'NONE',  ( 103.9340880125633800, -22.00157585042564500, 308.2429439628657000 ) ) ;
#3812 = CARTESIAN_POINT ( 'NONE',  ( 103.7930781686050200, 17.89438596148651300, 306.1354038043440400 ) ) ;
#3813 = VERTEX_POINT ( 'NONE', #5676 ) ;
#3814 = CARTESIAN_POINT ( 'NONE',  ( 115.7113194492567100, 16.39438442654729400, 312.0723678475579300 ) ) ;
#3815 = CARTESIAN_POINT ( 'NONE',  ( 106.0619470041900900, 17.89438566928112100, 315.3633863126518100 ) ) ;
#3816 = CARTESIAN_POINT ( 'NONE',  ( 100.8992210988802000, 17.89438633418375000, 311.1448303681613100 ) ) ;
#3817 = CARTESIAN_POINT ( 'NONE',  ( 113.2693479302711800, 16.39438474104645100, 305.8276598741708800 ) ) ;
#3818 = DIRECTION ( 'NONE',  ( 0.9999999999999525900, -0.0000000000000000000, -3.079986399256918600E-007 ) ) ;
#3819 = CARTESIAN_POINT ( 'NONE',  ( 111.0119396776140200, 16.39438503177610700, 316.7515363315762300 ) ) ;
#3820 = CARTESIAN_POINT ( 'NONE',  ( 102.4537892400458900, -22.00157604107199900, 305.6764687353802400 ) ) ;
#3821 = CARTESIAN_POINT ( 'NONE',  ( 113.5400403584227100, 16.39438470618442900, 312.5056120542125800 ) ) ;
#3822 = APPROVAL_ROLE ( '' ) ;
#3823 = CARTESIAN_POINT ( 'NONE',  ( 108.2864214098716200, -23.50157528989256100, 318.3357171804934800 ) ) ;
#3824 = EDGE_CURVE ( 'NONE', #3494, #6056, #10, .T. ) ;
#3825 = CARTESIAN_POINT ( 'NONE',  ( 113.9581925667825900, 17.89438465233094200, 317.9743999063966800 ) ) ;
#3826 = FACE_BOUND ( 'NONE', #612, .T. ) ;
#3827 = FACE_OUTER_BOUND ( 'NONE', #687, .T. ) ;
#3828 = EDGE_CURVE ( 'NONE', #4659, #3026, #5250, .T. ) ;
#3829 = CARTESIAN_POINT ( 'NONE',  ( 113.8331336096467500, -23.50157457553620000, 306.2899912482150200 ) ) ;
#3830 = CARTESIAN_POINT ( 'NONE',  ( 100.6114491342670000, 17.89438637124563800, 311.1165209732590700 ) ) ;
#3831 = CARTESIAN_POINT ( 'NONE',  ( 114.8703621682243700, -23.50157444195241400, 302.7527684159327400 ) ) ;
#3832 = CARTESIAN_POINT ( 'NONE',  ( 104.2617849825440700, 17.89438590112220200, 307.4789589908502300 ) ) ;
#3833 = LINE ( 'NONE', #5237, #1610 ) ;
#3834 = CARTESIAN_POINT ( 'NONE',  ( 108.4867782916232000, 16.39438535698935000, 319.8868850267953700 ) ) ;
#3835 = CARTESIAN_POINT ( 'NONE',  ( 113.5420585763046700, 17.89438470592434200, 308.5486600330534700 ) ) ;
#3836 = CARTESIAN_POINT ( 'NONE',  ( 113.6925731052169800, -23.50157459363889600, 308.3981455041409800 ) ) ;
#3837 = CARTESIAN_POINT ( 'NONE',  ( 111.8517973857693000, 17.89438492361149400, 305.8283512273261000 ) ) ;
#3838 = PRODUCT_DEFINITION ( '未知', '', #5806, #5308 ) ;
#3839 = CARTESIAN_POINT ( 'NONE',  ( 108.7114547870119700, -23.50157523515272800, 305.2165221225490100 ) ) ;
#3840 = CARTESIAN_POINT ( 'NONE',  ( 108.7114547870119700, -23.50157523515272800, 305.2165221225490100 ) ) ;
#3841 = CARTESIAN_POINT ( 'NONE',  ( 101.1126071733166300, -22.00157621380167300, 306.8517980166253700 ) ) ;
#3842 = CARTESIAN_POINT ( 'NONE',  ( 112.7702462063011700, -22.00157471242456700, 308.8568622319042400 ) ) ;
#3843 = CARTESIAN_POINT ( 'NONE',  ( 108.1660072325325500, 17.89438539830098000, 304.2551369398157100 ) ) ;
#3844 = B_SPLINE_CURVE_WITH_KNOTS ( 'NONE', 3,
 ( #4419, #2068, #4486, #3525, #1633, #2986, #5890, #5345, #1570, #5431, #4904, #5391, #3978, #2575, #4928, #2533, #5912, #5410 ),
 .UNSPECIFIED., .F., .F.,
 ( 4, 2, 2, 2, 2, 2, 2, 2, 4 ),
 ( 0.0000000000000000000, 0.1250000000000000000, 0.2500000000000000000, 0.3750000000000000000, 0.5000000000000000000, 0.6250000000000000000, 0.7500000000000000000, 0.8750000000000000000, 1.000000000000000000 ),
 .UNSPECIFIED. ) ;
#3845 = B_SPLINE_CURVE_WITH_KNOTS ( 'NONE', 3,
 ( #670, #1144, #3643, #800, #353, #1733, #2236, #5537, #5558, #3682, #1317, #4141, #4159, #1300, #4123, #841, #1750, #4650 ),
 .UNSPECIFIED., .F., .F.,
 ( 4, 2, 2, 2, 2, 2, 2, 2, 4 ),
 ( 0.0000000000000000000, 0.1250000000000000000, 0.2500000000000000000, 0.3750000000000000000, 0.5000000000000000000, 0.6250000000000000000, 0.7500000000000000000, 0.8750000000000000000, 1.000000000000000000 ),
 .UNSPECIFIED. ) ;
#3846 = CARTESIAN_POINT ( 'NONE',  ( 111.4298312122363800, 16.39438497795611800, 306.1354038043450000 ) ) ;
#3847 = CARTESIAN_POINT ( 'NONE',  ( 104.1114545938283000, -22.00157582758266300, 312.2165221216940300 ) ) ;
#3848 = VERTEX_POINT ( 'NONE', #5180 ) ;
#3849 = CARTESIAN_POINT ( 'NONE',  ( 104.2614935475508700, 17.89438590115985800, 316.9527427516529800 ) ) ;
#3850 = CARTESIAN_POINT ( 'NONE',  ( 111.8517971925856900, 16.39438492361150400, 305.8283512273261000 ) ) ;
#3851 = CARTESIAN_POINT ( 'NONE',  ( 104.2109695100415200, 16.39438590766667000, 307.6815079135162100 ) ) ;
#3852 = CARTESIAN_POINT ( 'NONE',  ( 112.3503296334286400, -23.50157476650538200, 318.7560590697476600 ) ) ;
#3853 = CARTESIAN_POINT ( 'NONE',  ( 77.61368816194959700, 2.146152726457860800, 308.8667749725871700 ) ) ;
#3854 = ORIENTED_EDGE ( 'NONE', *, *, #4712, .F. ) ;
#3855 = CARTESIAN_POINT ( 'NONE',  ( 103.8662668629098800, 17.89438595206072700, 316.1079406220436600 ) ) ;
#3856 = CARTESIAN_POINT ( 'NONE',  ( 117.0161761514080800, 16.39438425849588300, 305.0047097873091400 ) ) ;
#3857 = CARTESIAN_POINT ( 'NONE',  ( 115.4409715126107600, 16.39438446136520600, 312.9425341055060700 ) ) ;
#3858 = CARTESIAN_POINT ( 'NONE',  ( 104.1114547870110000, 17.89438592048324800, 312.2165221216940300 ) ) ;
#3859 = ORIENTED_EDGE ( 'NONE', *, *, #5564, .F. ) ;
#3860 = CARTESIAN_POINT ( 'NONE',  ( 113.0766246517542700, 16.39438476586710500, 305.7481382280507200 ) ) ;
#3861 = CARTESIAN_POINT ( 'NONE',  ( 106.4820216863720600, -23.50157552227954800, 315.5370214918564200 ) ) ;
#3862 = CARTESIAN_POINT ( 'NONE',  ( 102.2470010697442100, 16.39438616060434100, 305.7174089095680600 ) ) ;
#3863 = EDGE_CURVE ( 'NONE', #5320, #5663, #600, .T. ) ;
#3864 = CARTESIAN_POINT ( 'NONE',  ( 101.5303364688079900, -23.50157616000271700, 308.3981455041409800 ) ) ;
#3865 = CARTESIAN_POINT ( 'NONE',  ( 101.8533076086176300, 17.89438621130776500, 305.8694643761400000 ) ) ;
#3866 = EDGE_LOOP ( 'NONE', ( #1079, #2829, #2180, #5161 ) ) ;
#3867 = CIRCLE ( 'NONE', #5770, 1.100000000000042100 ) ;
#3868 = CARTESIAN_POINT ( 'NONE',  ( 111.4298312122363200, -22.00157488505555000, 318.2976404407530100 ) ) ;
#3869 = CARTESIAN_POINT ( 'NONE',  ( 103.9431045291241800, 17.89438594216489500, 318.1476140802337200 ) ) ;
#3870 = ORIENTED_EDGE ( 'NONE', *, *, #1594, .F. ) ;
#3871 = DIRECTION ( 'NONE',  ( 0.0000000000000000000, -8.673617379884027600E-016, 1.000000000000000000 ) ) ;
#3872 = CARTESIAN_POINT ( 'NONE',  ( 103.4636320151586500, 16.39438600391559600, 308.6560166880699400 ) ) ;
#3873 = CARTESIAN_POINT ( 'NONE',  ( 112.4563774629793500, -23.50157475284757400, 318.7662110211263700 ) ) ;
#3874 = VECTOR ( 'NONE', #2021, 1000.000000000000000 ) ;
#3875 = CARTESIAN_POINT ( 'NONE',  ( 101.3893262384958100, -22.00157617816326200, 306.2906053456216600 ) ) ;
#3876 = AXIS2_PLACEMENT_3D ( 'NONE', #2882, #1986, #1014 ) ;
#3877 = CARTESIAN_POINT ( 'NONE',  ( 101.9523024491565600, 17.89438619855843600, 315.7278461639331800 ) ) ;
#3878 = CARTESIAN_POINT ( 'NONE',  ( 107.6114545967144400, 16.39438546972126100, 300.3904008705369500 ) ) ;
#3879 = VERTEX_POINT ( 'NONE', #4282 ) ;
#3880 = CARTESIAN_POINT ( 'NONE',  ( 106.8854426108728100, 16.39438556322388200, 320.0460390413338700 ) ) ;
#3881 = CARTESIAN_POINT ( 'NONE',  ( 111.0021586726080300, 17.89438503303569700, 307.6847465750310000 ) ) ;
#3882 = CARTESIAN_POINT ( 'NONE',  ( 101.4865867192967500, 17.89438625853749400, 312.8871049553126200 ) ) ;
#3883 = CARTESIAN_POINT ( 'NONE',  ( 76.11368758507215700, -2.803594741847749800, 304.1165224408964600 ) ) ;
#3884 = CARTESIAN_POINT ( 'NONE',  ( 113.5671402012188100, 17.89438470269422500, 311.8627237994514900 ) ) ;
#3885 = CARTESIAN_POINT ( 'NONE',  ( 102.8725797474010600, -22.00157598713633800, 305.6769851753464900 ) ) ;
#3886 = CARTESIAN_POINT ( 'NONE',  ( 102.2437414667280000, 17.89438616102414800, 305.7075111778605700 ) ) ;
#3887 = CARTESIAN_POINT ( 'NONE',  ( 101.6855607613206600, -22.00157614001150500, 308.5393046143333300 ) ) ;
#3888 = CARTESIAN_POINT ( 'NONE',  ( 107.0576451092125400, 17.89438554104607700, 318.2551829717811500 ) ) ;
#3889 = CARTESIAN_POINT ( 'NONE',  ( 106.6562144304575100, 16.39438559274596600, 318.6656673055132400 ) ) ;
#3890 = EDGE_LOOP ( 'NONE', ( #4403, #3717 ) ) ;
#3891 = CARTESIAN_POINT ( 'NONE',  ( 111.4298314054199900, 17.89438497795609700, 306.1354038043450000 ) ) ;
#3892 = CARTESIAN_POINT ( 'NONE',  ( 106.5396766188344800, -22.00157551485428100, 318.9282369329573600 ) ) ;
#3893 = CARTESIAN_POINT ( 'NONE',  ( 112.9759081179081500, -22.00157468593751300, 305.7174089095737500 ) ) ;
#3894 = CARTESIAN_POINT ( 'NONE',  ( 100.1238038409623700, 16.39438643404902900, 313.2054939858425100 ) ) ;
#3895 = B_SPLINE_CURVE_WITH_KNOTS ( 'NONE', 1,
 ( #4742, #2824 ),
 .UNSPECIFIED., .F., .F.,
 ( 2, 2 ),
 ( 0.0000000000000000000, 1.000000000000000000 ),
 .UNSPECIFIED. ) ;
#3896 = CARTESIAN_POINT ( 'NONE',  ( 101.2241750320444700, -22.00157619943294300, 306.5566481026351700 ) ) ;
#3897 = EDGE_LOOP ( 'NONE', ( #1642, #1033, #1027, #991 ) ) ;
#3898 = CARTESIAN_POINT ( 'NONE',  ( 113.5702152438678400, -22.00157460939740900, 322.5487165208733100 ) ) ;
#3899 = CARTESIAN_POINT ( 'NONE',  ( 108.6004267736101200, 16.39438534235267000, 319.7041689008600500 ) ) ;
#3900 = CARTESIAN_POINT ( 'NONE',  ( 103.0751361161952200, 16.39438605394958200, 305.7170622473455000 ) ) ;
#3901 = FACE_OUTER_BOUND ( 'NONE', #5622, .T. ) ;
#3902 = CARTESIAN_POINT ( 'NONE',  ( 101.6557639913699900, 16.39438623674929500, 312.5703179067588700 ) ) ;
#3903 = CARTESIAN_POINT ( 'NONE',  ( 112.0455679458533600, 16.39438489865594700, 305.7480744417827600 ) ) ;
#3904 = CARTESIAN_POINT ( 'NONE',  ( 107.5401974491072800, -23.50157538599792100, 304.1164551257330700 ) ) ;
#3905 = CARTESIAN_POINT ( 'NONE',  ( 113.5113877901988500, 17.89438470987448000, 312.1452647846443800 ) ) ;
#3906 = CARTESIAN_POINT ( 'NONE',  ( 114.6114547870119900, -23.50157447529691300, 311.1165221225489900 ) ) ;
#3907 = ORIENTED_EDGE ( 'NONE', *, *, #1828, .T. ) ;
#3908 = CARTESIAN_POINT ( 'NONE',  ( 103.4629470341539100, -23.50157591110348700, 308.6565103752065500 ) ) ;
#3909 = EDGE_CURVE ( 'NONE', #5358, #777, #5749, .T. ) ;
#3910 = CARTESIAN_POINT ( 'NONE',  ( 101.2645756346119600, -23.50157619422982000, 308.0747946327511500 ) ) ;
#3911 = CARTESIAN_POINT ( 'NONE',  ( 104.1114545937722100, -22.00157582758266600, 312.4476334050226600 ) ) ;
#3912 = EDGE_CURVE ( 'NONE', #948, #2692, #3803, .T. ) ;
#3913 = DIRECTION ( 'NONE',  ( 0.0000000000000000000, 0.0000000000000000000, 1.000000000000000000 ) ) ;
#3914 = CARTESIAN_POINT ( 'NONE',  ( 111.4298312122363800, 16.39438497795611800, 306.1354038043450000 ) ) ;
#3915 = CARTESIAN_POINT ( 'NONE',  ( 112.3521581111285700, -23.50157476626975100, 305.6766870765651400 ) ) ;
#3916 = CARTESIAN_POINT ( 'NONE',  ( 114.1103022075271100, -23.50157453984003900, 317.5812462284736200 ) ) ;
#3917 = CARTESIAN_POINT ( 'NONE',  ( 104.8081049551772100, -23.50157573786185600, 314.3627670713646000 ) ) ;
#3918 = DIRECTION ( 'NONE',  ( -1.000000000000000000, 0.0000000000000000000, 0.0000000000000000000 ) ) ;
#3919 = FACE_OUTER_BOUND ( 'NONE', #3559, .T. ) ;
#3920 = CARTESIAN_POINT ( 'NONE',  ( 106.5114545938282900, -22.00157551848882100, 305.3604824585330600 ) ) ;
#3921 = CARTESIAN_POINT ( 'NONE',  ( 113.3683063546601500, 17.89438472830181600, 315.7679880860706000 ) ) ;
#3922 = CARTESIAN_POINT ( 'NONE',  ( 114.1610955026645500, -22.00157453329839900, 317.2728975223424800 ) ) ;
#3923 = CARTESIAN_POINT ( 'NONE',  ( 114.1238080086964700, 17.89438463100145400, 313.2054943023342700 ) ) ;
#3924 = EDGE_LOOP ( 'NONE', ( #2967, #5004 ) ) ;
#3925 = CARTESIAN_POINT ( 'NONE',  ( 108.3374665767857600, 16.39438537621888500, 304.3870052037730700 ) ) ;
#3926 = CARTESIAN_POINT ( 'NONE',  ( 104.0503112950592300, -23.50157583545736300, 308.0689183000330900 ) ) ;
#3927 = CARTESIAN_POINT ( 'NONE',  ( 106.6562146236411300, 17.89438559274595200, 318.6656673055132400 ) ) ;
#3928 = CARTESIAN_POINT ( 'NONE',  ( 100.6114491342660100, 17.89438637124564100, 311.1165209732590100 ) ) ;
#3929 = CARTESIAN_POINT ( 'NONE',  ( 101.6808509977378600, 17.89438623351841400, 315.8843842120261300 ) ) ;
#3930 = EDGE_LOOP ( 'NONE', ( #3631, #379, #4687, #1523 ) ) ;
#3931 = CARTESIAN_POINT ( 'NONE',  ( 112.0457796657021800, 17.89438489862873600, 308.7854110804364000 ) ) ;
#3932 = COORDINATED_UNIVERSAL_TIME_OFFSET ( 8, 0, .AHEAD. ) ;
#3933 = CARTESIAN_POINT ( 'NONE',  ( 101.6557691796253700, -22.00157614384837100, 311.8627237994530200 ) ) ;
#3934 = CARTESIAN_POINT ( 'NONE',  ( 113.6925731052169700, 17.89438468653980500, 316.0348987409560100 ) ) ;
#3935 = CARTESIAN_POINT ( 'NONE',  ( 99.65011563626092100, -23.50157640215475000, 311.6627124447532000 ) ) ;
#3936 = B_SPLINE_CURVE_WITH_KNOTS ( 'NONE', 1,
 ( #1622, #1665 ),
 .UNSPECIFIED., .F., .F.,
 ( 2, 2 ),
 ( 0.0000000000000000000, 1.000000000000000000 ),
 .UNSPECIFIED. ) ;
#3937 = CARTESIAN_POINT ( 'NONE',  ( 110.6792763497286000, -22.00157498171891700, 323.6641004482725100 ) ) ;
#3938 = ORIENTED_EDGE ( 'NONE', *, *, #1680, .T. ) ;
#3939 = CARTESIAN_POINT ( 'NONE',  ( 106.6224826072326800, -23.50157550418963500, 305.7041689008591400 ) ) ;
#3940 = FACE_BOUND ( 'NONE', #956, .T. ) ;
#3941 = CARTESIAN_POINT ( 'NONE',  ( 107.8412349847213000, 16.39438544012830300, 315.7163966577972500 ) ) ;
#3942 = CARTESIAN_POINT ( 'NONE',  ( 101.2872122527237200, 16.39438628421472900, 313.0966029221446000 ) ) ;
#3943 = CARTESIAN_POINT ( 'NONE',  ( 112.6652486480245400, -22.00157472594722200, 318.7663278160224500 ) ) ;
#3944 = CARTESIAN_POINT ( 'NONE',  ( 107.4672705443269400, -23.50157539539012000, 304.1233226736673600 ) ) ;
#3945 = EDGE_LOOP ( 'NONE', ( #2498, #3391, #4694, #1418 ) ) ;
#3946 = CARTESIAN_POINT ( 'NONE',  ( 114.6114545938283700, 16.39438456819794300, 313.3165221225489700 ) ) ;
#3947 = EDGE_CURVE ( 'NONE', #3848, #3330, #2891, .T. ) ;
#3948 = FACE_OUTER_BOUND ( 'NONE', #715, .T. ) ;
#3949 = CARTESIAN_POINT ( 'NONE',  ( 102.4508346968172100, -23.50157604145255500, 308.8565641331592200 ) ) ;
#3950 = ORIENTED_EDGE ( 'NONE', *, *, #2347, .F. ) ;
#3951 = CARTESIAN_POINT ( 'NONE',  ( 101.6807988463588000, -23.50157614062477400, 305.9852417581522600 ) ) ;
#3952 = CARTESIAN_POINT ( 'NONE',  ( 111.5848303769140600, 16.39438495799394600, 308.5392312900706900 ) ) ;
#3953 = CARTESIAN_POINT ( 'NONE',  ( 114.1611640020021100, 17.89438462619042300, 317.0617530718888000 ) ) ;
#3954 = CARTESIAN_POINT ( 'NONE',  ( 112.1467661780835700, 17.89438488562277700, 308.8162922593954800 ) ) ;
#3955 = CARTESIAN_POINT ( 'NONE',  ( 102.8732186721130800, -23.50157598705421300, 318.7664337568854200 ) ) ;
#3956 = CARTESIAN_POINT ( 'NONE',  ( 112.3503294402449500, -22.00157476650539200, 318.7560590697476600 ) ) ;
#3957 = CARTESIAN_POINT ( 'NONE',  ( 103.1764694896686600, -23.50157594799880200, 318.6851791275656800 ) ) ;
#3958 = CC_DESIGN_APPROVAL ( #898, ( #5806 ) ) ;
#3959 = CARTESIAN_POINT ( 'NONE',  ( 115.4907284282010700, 17.89438445495709100, 311.5400262301562900 ) ) ;
#3960 = ORIENTED_EDGE ( 'NONE', *, *, #2430, .F. ) ;
#3961 = CARTESIAN_POINT ( 'NONE',  ( 76.11368816194959700, -21.62053882741650300, 300.3904008652820000 ) ) ;
#3962 = CARTESIAN_POINT ( 'NONE',  ( 104.1114545937713600, 16.39438592048326300, 312.4474776761555300 ) ) ;
#3963 = CARTESIAN_POINT ( 'NONE',  ( 101.8546032193765400, -23.50157611824077400, 315.7679880860569000 ) ) ;
#3964 = CARTESIAN_POINT ( 'NONE',  ( 112.1452520405442400, -22.00157479291713300, 318.7153211877036400 ) ) ;
#3965 = CARTESIAN_POINT ( 'NONE',  ( 113.3624417775800200, 16.39438472905697400, 305.8770389332775000 ) ) ;
#3966 = CARTESIAN_POINT ( 'NONE',  ( 114.4674944510251200, 17.89438458673845000, 313.3165221225489700 ) ) ;
#3967 = CARTESIAN_POINT ( 'NONE',  ( 101.6855609545043400, -23.50157614001149000, 308.5393046143333300 ) ) ;
#3968 = CARTESIAN_POINT ( 'NONE',  ( 107.7569388287659800, -23.50157535808418200, 320.3166587733972500 ) ) ;
#3969 = CARTESIAN_POINT ( 'NONE',  ( 112.3532843698425000, 17.89438485902548900, 308.8570805731141600 ) ) ;
#3970 = CARTESIAN_POINT ( 'NONE',  ( 111.5033201093260000, 16.39438496849166400, 315.9613299284537200 ) ) ;
#3971 = CARTESIAN_POINT ( 'NONE',  ( 108.5226548311394500, -23.50157525946815400, 308.8056869082859600 ) ) ;
#3972 = CARTESIAN_POINT ( 'NONE',  ( 111.4298314054199900, 17.89438497795624600, 318.2976404407530100 ) ) ;
#3973 = CARTESIAN_POINT ( 'NONE',  ( 99.51824936097055700, 16.39438651203781900, 312.0723377235598300 ) ) ;
#3974 = CARTESIAN_POINT ( 'NONE',  ( 103.9340880125607200, 16.39438594332607800, 316.1901002822285700 ) ) ;
#3975 = ORIENTED_EDGE ( 'NONE', *, *, #608, .T. ) ;
#3976 = CARTESIAN_POINT ( 'NONE',  ( 106.9349587014461800, -22.00157546394610700, 306.0957957637277800 ) ) ;
#3977 = DIRECTION ( 'NONE',  ( 0.0000000000000000000, 0.0000000000000000000, 1.000000000000000000 ) ) ;
#3978 = CARTESIAN_POINT ( 'NONE',  ( 104.2614935475488800, -23.50157580825937100, 307.4803014934028600 ) ) ;
#3979 = CARTESIAN_POINT ( 'NONE',  ( 107.6114547841219600, -23.50157537682098800, 324.0426435149085500 ) ) ;
#3980 = CARTESIAN_POINT ( 'NONE',  ( 113.3624417775720300, -22.00157463615632700, 318.5560053118310900 ) ) ;
#3981 = CARTESIAN_POINT ( 'NONE',  ( 104.2106474635021800, -23.50157581480791400, 317.5819184239846300 ) ) ;
#3982 = CARTESIAN_POINT ( 'NONE',  ( 115.3383136573756400, -22.00157438168537300, 313.0452304080950500 ) ) ;
#3983 = CARTESIAN_POINT ( 'NONE',  ( 107.9652529169226700, 16.39438542415593900, 304.1722075367538300 ) ) ;
#3984 = FACE_BOUND ( 'NONE', #5469, .T. ) ;
#3985 = CARTESIAN_POINT ( 'NONE',  ( 106.0605532041336700, 16.39438566946061100, 309.0704862124967500 ) ) ;
#3986 = CARTESIAN_POINT ( 'NONE',  ( 101.3893262384958100, -22.00157617816326200, 306.2906053456216600 ) ) ;
#3987 = CARTESIAN_POINT ( 'NONE',  ( 112.7720748772172800, -23.50157471218915000, 315.5764801119414600 ) ) ;
#3988 = CARTESIAN_POINT ( 'NONE',  ( 99.53946729470149500, -23.50157641640504700, 311.9288108173227600 ) ) ;
#3989 = AXIS2_PLACEMENT_3D ( 'NONE', #4236, #5177, #2331 ) ;
#3990 = CARTESIAN_POINT ( 'NONE',  ( 111.2790835973619900, 16.39438499737076400, 306.2861514192193200 ) ) ;
#3991 = CARTESIAN_POINT ( 'NONE',  ( 111.7592771724897300, 16.39438493552718900, 315.7770275570318300 ) ) ;
#3992 = CARTESIAN_POINT ( 'NONE',  ( 101.3805512531543200, -23.50157617929350800, 316.1846839566096000 ) ) ;
#3993 = CARTESIAN_POINT ( 'NONE',  ( 112.1452520405442400, -22.00157479291713300, 318.7153211877036400 ) ) ;
#3994 = CARTESIAN_POINT ( 'NONE',  ( 99.93568684068098700, 16.39438645827643300, 311.3364380419535600 ) ) ;
#3995 = ORIENTED_EDGE ( 'NONE', *, *, #4677, .T. ) ;
#3996 = CARTESIAN_POINT ( 'NONE',  ( 102.4515517181711000, -23.50157604136033400, 318.7561338190967000 ) ) ;
#3997 = CARTESIAN_POINT ( 'NONE',  ( 115.5663459960949400, 17.89438444521838500, 312.7679558222550900 ) ) ;
#3998 = CARTESIAN_POINT ( 'NONE',  ( 113.9362127296230700, -23.50157456226082100, 313.0971260675877400 ) ) ;
#3999 = CARTESIAN_POINT ( 'NONE',  ( 106.7037375970125300, 16.39438558662554300, 315.6050241408727900 ) ) ;
#4000 = CARTESIAN_POINT ( 'NONE',  ( 104.2210520288218200, -23.50157581346792000, 317.5830822251840000 ) ) ;
#4001 = EDGE_LOOP ( 'NONE', ( #4832, #5811, #1426, #3960 ) ) ;
#4002 = CARTESIAN_POINT ( 'NONE',  ( 76.11368816194959700, -21.25157914361497500, 300.3904008652820000 ) ) ;
#4003 = CARTESIAN_POINT ( 'NONE',  ( 103.7183863327610900, 17.89438597110613900, 318.3723322765968600 ) ) ;
#4004 = ORIENTED_EDGE ( 'NONE', *, *, #852, .F. ) ;
#4005 = CARTESIAN_POINT ( 'NONE',  ( 108.4401628793722100, -22.00157527009228500, 318.4896630589984700 ) ) ;
#4006 = CARTESIAN_POINT ( 'NONE',  ( 104.2108070777245000, -22.00157581478723400, 307.6817512918544300 ) ) ;
#4007 = FACE_OUTER_BOUND ( 'NONE', #6093, .T. ) ;
#4008 = CARTESIAN_POINT ( 'NONE',  ( 111.4027877004676700, 16.39438498143923400, 323.4252130420399000 ) ) ;
#4009 = CARTESIAN_POINT ( 'NONE',  ( 108.2820399392038300, 16.39438538335739500, 318.3413855825194800 ) ) ;
#4010 = CARTESIAN_POINT ( 'NONE',  ( 110.9321470533171100, 16.39438504205255900, 311.0873683763750300 ) ) ;
#4011 = CARTESIAN_POINT ( 'NONE',  ( 114.0563809829264300, 17.89438463968528800, 313.1775895340330200 ) ) ;
#4012 = ORIENTED_EDGE ( 'NONE', *, *, #476, .T. ) ;
#4013 = CARTESIAN_POINT ( 'NONE',  ( 111.5853654175422200, 16.39438495792512600, 315.8934177073032900 ) ) ;
#4014 = CARTESIAN_POINT ( 'NONE',  ( 112.9756381393572700, -22.00157468597243200, 318.7157871960013200 ) ) ;
#4015 = FACE_OUTER_BOUND ( 'NONE', #2315, .T. ) ;
#4016 = CARTESIAN_POINT ( 'NONE',  ( 108.7114545938282900, -22.00157523515273500, 305.3630713568446100 ) ) ;
#4017 = CARTESIAN_POINT ( 'NONE',  ( 104.0599374857949900, 17.89438592711809400, 317.9716375581981000 ) ) ;
#4018 = B_SPLINE_CURVE_WITH_KNOTS ( 'NONE', 1,
 ( #2196, #1303 ),
 .UNSPECIFIED., .F., .F.,
 ( 2, 2 ),
 ( 0.0000000000000000000, 1.000000000000000000 ),
 .UNSPECIFIED. ) ;
#4019 = CARTESIAN_POINT ( 'NONE',  ( 106.5114547870120000, -23.50157551848891700, 319.2165221225490100 ) ) ;
#4020 = ORIENTED_EDGE ( 'NONE', *, *, #5642, .T. ) ;
#4021 = FACE_OUTER_BOUND ( 'NONE', #4052, .T. ) ;
#4022 = CARTESIAN_POINT ( 'NONE',  ( 113.6565635779399100, -23.50157459827652300, 312.7679558222539500 ) ) ;
#4023 = CARTESIAN_POINT ( 'NONE',  ( 113.5400403584270400, -22.00157461328338500, 311.9274321908898700 ) ) ;
#4024 = CARTESIAN_POINT ( 'NONE',  ( 113.6179444528091000, 16.39438469615103600, 306.0609240620755700 ) ) ;
#4025 = CARTESIAN_POINT ( 'NONE',  ( 113.9583339394014300, 17.89438465231261700, 308.0747946327638800 ) ) ;
#4026 = VERTEX_POINT ( 'NONE', #3868 ) ;
#4027 = EDGE_CURVE ( 'NONE', #1284, #5358, #760, .T. ) ;
#4028 = B_SPLINE_SURFACE_WITH_KNOTS ( 'NONE', 1, 3, ( 
 ( #5235, #1366, #926, #5662, #1397, #4263, #3755, #6133, #4734, #1890, #419, #909, #4715, #2858, #4223, #2814, #458, #5698, #4752, #2375, #6195, #4285, #4820, #3830 ),
 ( #1520, #1049, #567, #3894, #1961, #105, #4390, #2979, #1005, #2960, #60, #5294, #5779, #2898, #545, #2919, #4860, #2002, #3417, #39, #4329, #2415, #2486, #5848 ) ),
 .UNSPECIFIED., .F., .F., .F.,
 ( 2, 2 ),
 ( 4, 2, 2, 2, 2, 2, 2, 2, 2, 2, 2, 4 ),
 ( 0.0000000000000000000, 1.000000000000000000 ),
 ( 0.0000000000000000000, 0.0004295933559851104500, 0.0006443900339776656300, 0.0008591867119702209100, 0.001288780067955331300, 0.001718373423940441800, 0.001933170101932997100, 0.002147966779925552400, 0.002362763457918107400, 0.002577560135910662500, 0.003007153491895773100, 0.003436746847880883600 ),
 .UNSPECIFIED. ) ;
#4029 = CARTESIAN_POINT ( 'NONE',  ( 102.8725799405962200, 17.89438608003677800, 318.7560590697697800 ) ) ;
#4030 = EDGE_CURVE ( 'NONE', #3760, #4530, #4851, .T. ) ;
#4031 = CARTESIAN_POINT ( 'NONE',  ( 102.4508345036388300, 16.39438613435293100, 315.5764801119500500 ) ) ;
#4032 = CARTESIAN_POINT ( 'NONE',  ( 119.0414060208027500, 16.39438399766845200, 309.1560281281883200 ) ) ;
#4033 = CARTESIAN_POINT ( 'NONE',  ( 114.0796726926014600, -22.00157454378466000, 307.7820811425859200 ) ) ;
#4034 = ORIENTED_EDGE ( 'NONE', *, *, #1362, .F. ) ;
#4035 = CARTESIAN_POINT ( 'NONE',  ( 113.8406982077826900, 17.89438466746291200, 316.1830238435216500 ) ) ;
#4036 = CARTESIAN_POINT ( 'NONE',  ( 107.4659707452359100, 17.89438548845806000, 306.3166587734045800 ) ) ;
#4037 = ADVANCED_FACE ( 'NONE', ( #681, #2091, #2830, #4319, #3058, #1791, #528, #675, #4311, #1342 ), #54, .T. ) ;
#4038 = CARTESIAN_POINT ( 'NONE',  ( 113.3670996588523000, 17.89438472845722600, 315.7674901713813300 ) ) ;
#4039 = CARTESIAN_POINT ( 'NONE',  ( 101.6810473115692700, 16.39438623349303400, 308.5488565400868300 ) ) ;
#4040 = CARTESIAN_POINT ( 'NONE',  ( 101.6557693728090600, -23.50157614384836100, 311.8627237994530200 ) ) ;
#4041 = CARTESIAN_POINT ( 'NONE',  ( 106.7361308960238800, -22.00157548955295900, 305.8868850268016200 ) ) ;
#4042 = CARTESIAN_POINT ( 'NONE',  ( 102.7657537114194600, 16.39438609379479000, 315.5662113656929400 ) ) ;
#4043 = AXIS2_PLACEMENT_3D ( 'NONE', #115, #3486, #2450 ) ;
#4044 = CARTESIAN_POINT ( 'NONE',  ( 115.6007710800652700, 17.89438444078482200, 312.7034593998099600 ) ) ;
#4045 = CARTESIAN_POINT ( 'NONE',  ( 113.5182551449468100, -22.00157461608913700, 312.3607063652375500 ) ) ;
#4046 = ORIENTED_EDGE ( 'NONE', *, *, #640, .T. ) ;
#4047 = CARTESIAN_POINT ( 'NONE',  ( 99.93620671188352800, 17.89438645820948500, 311.3359172952767200 ) ) ;
#4048 = CARTESIAN_POINT ( 'NONE',  ( 111.1629718950463000, -22.00157491942411200, 317.9716375582088400 ) ) ;
#4049 = CARTESIAN_POINT ( 'NONE',  ( 103.9336386730389800, -23.50157585048362600, 316.1894861848314200 ) ) ;
#4050 = CARTESIAN_POINT ( 'NONE',  ( 101.2859776904722700, -23.50157619147352500, 313.0974971420205300 ) ) ;
#4051 = CARTESIAN_POINT ( 'NONE',  ( 103.4636322083422800, 17.89438600391558500, 308.6560166880699400 ) ) ;
#4052 = EDGE_LOOP ( 'NONE', ( #3975, #4375, #3195, #1552 ) ) ;
#4053 = CARTESIAN_POINT ( 'NONE',  ( 111.1236701618350800, -23.50157492448575500, 316.4561430392470200 ) ) ;
#4054 = CARTESIAN_POINT ( 'NONE',  ( 78.36368845172512500, -23.50157914361492900, 298.0250565698730700 ) ) ;
#4055 = CARTESIAN_POINT ( 'NONE',  ( 108.5666947571956900, -22.00157525379630000, 318.6656673055090300 ) ) ;
#4056 = CARTESIAN_POINT ( 'NONE',  ( 113.3631271449540800, 17.89438472896888000, 318.5555116246727600 ) ) ;
#4057 = CARTESIAN_POINT ( 'NONE',  ( 108.2864214098333900, 17.89438538279297900, 306.0973270646376800 ) ) ;
#4058 = VERTEX_POINT ( 'NONE', #6165 ) ;
#4059 = CARTESIAN_POINT ( 'NONE',  ( 112.9746312459841300, 17.89438477900287000, 315.6165571839565000 ) ) ;
#4060 = CARTESIAN_POINT ( 'NONE',  ( 111.1633403008055900, -23.50157491937655500, 306.4608386661013800 ) ) ;
#4061 = CARTESIAN_POINT ( 'NONE',  ( 101.1662994456788500, -23.50157620688675000, 311.2556418967126300 ) ) ;
#4062 = CARTESIAN_POINT ( 'NONE',  ( 111.0223995540124200, -23.50157493752826500, 313.1278373086111100 ) ) ;
#4063 = CARTESIAN_POINT ( 'NONE',  ( 107.1469593336753100, 17.89438552954327500, 308.7167760362920000 ) ) ;
#4064 = EDGE_CURVE ( 'NONE', #2761, #376, #2903, .T. ) ;
#4065 = CARTESIAN_POINT ( 'NONE',  ( 108.7114545938293400, 16.39438532805332100, 305.2165221225490100 ) ) ;
#4066 = CARTESIAN_POINT ( 'NONE',  ( 113.7321809526438300, -22.00157458853782400, 311.5400262301603200 ) ) ;
#4067 = CARTESIAN_POINT ( 'NONE',  ( 113.7363180538091600, -22.00157458800500300, 312.8871074679234400 ) ) ;
#4068 = CARTESIAN_POINT ( 'NONE',  ( 113.6178810761899500, -22.00157460325849400, 315.9602069051126700 ) ) ;
#4069 = CARTESIAN_POINT ( 'NONE',  ( 103.0764133744813600, -23.50157596088491700, 315.6169038461724800 ) ) ;
#4070 = ADVANCED_FACE ( 'NONE', ( #1637 ), #1786, .F. ) ;
#4071 = B_SPLINE_SURFACE_WITH_KNOTS ( 'NONE', 1, 3, ( 
 ( #5044, #226, #1252, #5529, #3554, #5437, #1161, #754, #3617, #4094, #3052, #5485, #3097, #2670, #250, #730, #4951, #4051, #1615, #2097, #4975, #4534, #1681, #5024, #4492, #3140, #2580, #200, #3530, #5504 ),
 ( #2649, #1639, #3795, #1373, #3319, #4741, #795, #1390, #5572, #466, #2691, #1840, #1879, #897, #1861, #2360, #952, #4273, #1745, #6121, #5089, #2786, #1276, #4252, #6177, #6160, #935, #5188, #4579, #314 ) ),
 .UNSPECIFIED., .F., .F., .F.,
 ( 2, 2 ),
 ( 4, 2, 2, 2, 2, 2, 2, 2, 2, 2, 2, 2, 2, 2, 4 ),
 ( 0.0000000000000000000, 1.000000000000000000 ),
 ( 0.0000000000000000000, 0.0006249605929462652600, 0.0009374408894193978300, 0.001249921185892530500, 0.001562401482365663200, 0.001874881778838795700, 0.002187362075311928600, 0.002499842371785061000, 0.002812322668258193500, 0.003124802964731326400, 0.003437283261204458800, 0.003749763557677591300, 0.004062243854150724200, 0.004374724150623857100, 0.004999684743570122000 ),
 .UNSPECIFIED. ) ;
#4072 = CARTESIAN_POINT ( 'NONE',  ( 100.0566099351588900, -22.00157634980270400, 313.1774023483819200 ) ) ;
#4073 = CARTESIAN_POINT ( 'NONE',  ( 103.9340880125633800, -22.00157585042564500, 308.2429439628657000 ) ) ;
#4074 = CARTESIAN_POINT ( 'NONE',  ( 77.61368837707453800, 4.196405258152250200, 313.3165224408962800 ) ) ;
#4075 = CARTESIAN_POINT ( 'NONE',  ( 113.9995500557751900, -22.00157455410356300, 306.5583748405206800 ) ) ;
#4076 = CARTESIAN_POINT ( 'NONE',  ( 112.7713578558682600, 17.89438480518229800, 318.7561338191048900 ) ) ;
#4077 = VERTEX_POINT ( 'NONE', #5710 ) ;
#4078 = CARTESIAN_POINT ( 'NONE',  ( 111.8530561940008400, 16.39438492344940100, 308.7058894343165900 ) ) ;
#4079 = CARTESIAN_POINT ( 'NONE',  ( 104.9747279912014900, -23.50157571640255200, 309.9032647171295000 ) ) ;
#4080 = CARTESIAN_POINT ( 'NONE',  ( 101.2241750320409000, 16.39438629233329100, 317.8763961424609200 ) ) ;
#4081 = CARTESIAN_POINT ( 'NONE',  ( 101.6828690224155300, -23.50157614035822800, 312.5056120542107600 ) ) ;
#4082 = CARTESIAN_POINT ( 'NONE',  ( 77.61368797334537800, 2.146152726458149900, 317.1662699092013300 ) ) ;
#4083 = CARTESIAN_POINT ( 'NONE',  ( 110.4136268793815500, 17.89438510883219300, 310.0684688989642800 ) ) ;
#4084 = VERTEX_POINT ( 'NONE', #2854 ) ;
#4085 = CALENDAR_DATE ( 2022, 4, 5 ) ;
#4086 = CARTESIAN_POINT ( 'NONE',  ( 78.36368825854137300, 16.39438923651410100, 300.3904008642169900 ) ) ;
#4087 = CARTESIAN_POINT ( 'NONE',  ( 113.5671400080325200, -22.00157460979330200, 312.5703204456482400 ) ) ;
#4088 = CARTESIAN_POINT ( 'NONE',  ( 99.73016039134439800, 17.89438648474601100, 311.5423873263304100 ) ) ;
#4089 = CARTESIAN_POINT ( 'NONE',  ( 111.8530561940040700, -22.00157483054875500, 315.7271548107781300 ) ) ;
#4090 = VERTEX_POINT ( 'NONE', #2391 ) ;
#4091 = CARTESIAN_POINT ( 'NONE',  ( 114.1609884841622200, 17.89438462621291100, 307.0532478150290100 ) ) ;
#4092 = CIRCLE ( 'NONE', #4724, 2.250000000000001800 ) ;
#4093 = CARTESIAN_POINT ( 'NONE',  ( 113.6501154430739600, 16.39438469200796400, 312.7703318003428900 ) ) ;
#4094 = CARTESIAN_POINT ( 'NONE',  ( 104.2109697032251500, 17.89438590766666000, 307.6815079135162100 ) ) ;
#4095 = CARTESIAN_POINT ( 'NONE',  ( 106.7361310892170000, 17.89438558245341300, 304.5461592183011100 ) ) ;
#4096 = ORIENTED_EDGE ( 'NONE', *, *, #3593, .T. ) ;
#4097 = CARTESIAN_POINT ( 'NONE',  ( 101.0616020633298900, 16.39438631327091800, 317.0618932428826600 ) ) ;
#4098 = CARTESIAN_POINT ( 'NONE',  ( 114.1101422069291000, -22.00157453986052400, 307.6824234873684000 ) ) ;
#4099 = CARTESIAN_POINT ( 'NONE',  ( 100.6114545938283100, -22.00157627834472900, 311.1165221225489900 ) ) ;
#4100 = CYLINDRICAL_SURFACE ( 'NONE', #1573, 3.499999999999947600 ) ;
#4101 = ADVANCED_FACE ( 'NONE', ( #4999 ), #901, .F. ) ;
#4102 = CARTESIAN_POINT ( 'NONE',  ( 109.7492330719707600, -23.50157510149815500, 309.4347603505353300 ) ) ;
#4103 = CARTESIAN_POINT ( 'NONE',  ( 110.9714128884635300, -23.50157494409472400, 307.0561814689484100 ) ) ;
#4104 = B_SPLINE_CURVE_WITH_KNOTS ( 'NONE', 1,
 ( #4611, #1320 ),
 .UNSPECIFIED., .F., .F.,
 ( 2, 2 ),
 ( 0.0000000000000000000, 1.000000000000000000 ),
 .UNSPECIFIED. ) ;
#4105 = CARTESIAN_POINT ( 'NONE',  ( 100.4674942578439800, -22.00157629688525800, 311.1165221225489900 ) ) ;
#4106 = VERTEX_POINT ( 'NONE', #3846 ) ;
#4107 = B_SPLINE_SURFACE_WITH_KNOTS ( 'NONE', 1, 3, ( 
 ( #5907, #1563, #3540, #186, #3520, #3085, #210, #4481, #3935, #2046, #674, #5382, #3000, #1625, #4964, #2108, #3062, #1669, #766, #805, #5993, #784, #1283, #2638 ),
 ( #1261, #4105, #4590, #5075, #3625, #1690, #1737, #2222, #301, #5562, #5033, #6032, #4126, #2717, #742, #2700, #3126, #2179, #5513, #5972, #278, #2659, #3170, #322 ) ),
 .UNSPECIFIED., .F., .F., .F.,
 ( 2, 2 ),
 ( 4, 2, 2, 2, 2, 2, 2, 2, 2, 2, 2, 4 ),
 ( 0.0000000000000000000, 1.000000000000000000 ),
 ( 0.0000000000000000000, 0.0004295930917394237100, 0.0006443896376091356100, 0.0008591861834788474100, 0.001288779275218271200, 0.001718372366957694800, 0.001933168912827406600, 0.002147965458697118400, 0.002362762004566830400, 0.002577558550436542500, 0.003007151642175966100, 0.003436744733915389700 ),
 .UNSPECIFIED. ) ;
#4108 = CARTESIAN_POINT ( 'NONE',  ( 114.1104644466600300, 16.39438463271996900, 317.5810028501379600 ) ) ;
#4109 = CARTESIAN_POINT ( 'NONE',  ( 103.6423669394747700, -22.00157588799626400, 318.4483514766995400 ) ) ;
#4110 = EDGE_LOOP ( 'NONE', ( #1581, #5041, #2149, #3600 ) ) ;
#4111 = CARTESIAN_POINT ( 'NONE',  ( 115.7115914378658800, 17.89438442651224600, 312.3620061643173400 ) ) ;
#4112 = CARTESIAN_POINT ( 'NONE',  ( 113.8845955302820100, -22.00157456890848500, 311.3878138370001200 ) ) ;
#4113 = CARTESIAN_POINT ( 'NONE',  ( 99.53920318688302900, 17.89438650933921300, 311.9303387164065400 ) ) ;
#4114 = CARTESIAN_POINT ( 'NONE',  ( 113.9577034764263900, 17.89438465239379600, 306.4579960373307000 ) ) ;
#4115 = EDGE_CURVE ( 'NONE', #1856, #2190, #5731, .T. ) ;
#4116 = CARTESIAN_POINT ( 'NONE',  ( 101.6007659326908200, 16.39438624383244700, 312.7034568246277800 ) ) ;
#4117 = ORIENTED_EDGE ( 'NONE', *, *, #4998, .T. ) ;
#4118 = CARTESIAN_POINT ( 'NONE',  ( 107.3845425262174900, -22.00157540604456600, 308.7163976598617400 ) ) ;
#4119 = AXIS2_PLACEMENT_3D ( 'NONE', #3131, #2137, #5036 ) ;
#4120 = CARTESIAN_POINT ( 'NONE',  ( 111.2888211750986500, -22.00157490321608500, 316.1901002822234500 ) ) ;
#4121 = CARTESIAN_POINT ( 'NONE',  ( 104.2109695100541400, -22.00157581476641900, 316.7515363315791300 ) ) ;
#4122 = CARTESIAN_POINT ( 'NONE',  ( 111.1114547870110000, 17.89438501895968200, 312.2165221234050100 ) ) ;
#4123 = CARTESIAN_POINT ( 'NONE',  ( 108.5720032877008800, 17.89438534601329800, 318.6608801124655800 ) ) ;
#4124 = CARTESIAN_POINT ( 'NONE',  ( 105.8567444491249500, -23.50157560280837300, 309.1787088543585500 ) ) ;
#4125 = CARTESIAN_POINT ( 'NONE',  ( 112.1442129689902200, -23.50157479305093500, 315.6070175297966800 ) ) ;
#4126 = CARTESIAN_POINT ( 'NONE',  ( 99.51825514494822800, -22.00157641913694200, 312.3607063652314100 ) ) ;
#4127 = CARTESIAN_POINT ( 'NONE',  ( 103.1764692964849700, -22.00157594799881300, 318.6851791275656800 ) ) ;
#4128 = AXIS2_PLACEMENT_3D ( 'NONE', #1518, #5359, #4387 ) ;
#4129 = CYLINDRICAL_SURFACE ( 'NONE', #5401, 1.099999999999989900 ) ;
#4130 = CARTESIAN_POINT ( 'NONE',  ( 115.4865911338596600, -22.00157436258889000, 311.5459367771732100 ) ) ;
#4131 = CARTESIAN_POINT ( 'NONE',  ( 117.8670554865851700, -22.00157405601093100, 306.2773611145909700 ) ) ;
#4132 = CARTESIAN_POINT ( 'NONE',  ( 102.2470010697447100, -22.00157606770421700, 318.7156353355562100 ) ) ;
#4133 = ADVANCED_FACE ( 'NONE', ( #3050 ), #3269, .T. ) ;
#4134 = CARTESIAN_POINT ( 'NONE',  ( 108.3374665767885100, -22.00157528331848800, 320.0460390413224400 ) ) ;
#4135 = CARTESIAN_POINT ( 'NONE',  ( 101.2872122527237200, 16.39438628421472900, 313.0966029221446000 ) ) ;
#4136 = CARTESIAN_POINT ( 'NONE',  ( 102.2472710482812200, 16.39438616056972400, 318.7157871959958600 ) ) ;
#4137 = CARTESIAN_POINT ( 'NONE',  ( 107.8967514122276600, 17.89438543297819400, 304.1512649438562300 ) ) ;
#4138 = CARTESIAN_POINT ( 'NONE',  ( 117.0161761514080800, 16.39438425849588300, 305.0047097873091400 ) ) ;
#4139 = CARTESIAN_POINT ( 'NONE',  ( 113.5257620107929000, -23.50157461512228000, 301.9462117493330300 ) ) ;
#4140 = CARTESIAN_POINT ( 'NONE',  ( 112.3521581111575500, 17.89438485917064600, 318.7563571685190000 ) ) ;
#4141 = CARTESIAN_POINT ( 'NONE',  ( 108.1660072325567200, 17.89438539830114300, 318.2551369398319700 ) ) ;
#4142 = CARTESIAN_POINT ( 'NONE',  ( 123.5451026297750000, 17.89438341764170600, 324.0426435991170100 ) ) ;
#4143 = CARTESIAN_POINT ( 'NONE',  ( 101.0616020633298900, 16.39438631327091800, 317.0618932428826600 ) ) ;
#4144 = CARTESIAN_POINT ( 'NONE',  ( 100.8992267661760300, -22.00157624128282000, 313.2882126857354600 ) ) ;
#4145 = CARTESIAN_POINT ( 'NONE',  ( 101.1127669807260400, -22.00157621378119900, 316.7506207577282000 ) ) ;
#4146 = EDGE_CURVE ( 'NONE', #2475, #777, #4695, .T. ) ;
#4147 = CARTESIAN_POINT ( 'NONE',  ( 77.61368816194959700, -7.753342210153550500, 308.8667749725868800 ) ) ;
#4148 = CARTESIAN_POINT ( 'NONE',  ( 107.6114547899019400, 17.89438546972123900, 300.3904008547380000 ) ) ;
#4149 = CARTESIAN_POINT ( 'NONE',  ( 119.3597578601417400, -22.00157386376716300, 310.6566865609324900 ) ) ;
#4150 = EDGE_LOOP ( 'NONE', ( #3123, #2523 ) ) ;
#4151 = CARTESIAN_POINT ( 'NONE',  ( 101.0616689171454500, -22.00157622036210000, 317.2706564314462400 ) ) ;
#4152 = EDGE_CURVE ( 'NONE', #1888, #905, #2165, .T. ) ;
#4153 = CARTESIAN_POINT ( 'NONE',  ( 106.5114545938283000, -22.00157551848887400, 319.3604824585333400 ) ) ;
#4154 = CARTESIAN_POINT ( 'NONE',  ( 101.6828628972934300, 16.39438623325924000, 311.9274300639241900 ) ) ;
#4155 = ORIENTED_EDGE ( 'NONE', *, *, #5759, .F. ) ;
#4156 = CARTESIAN_POINT ( 'NONE',  ( 110.9710981515309500, -22.00157494413538100, 317.3749571822010000 ) ) ;
#4157 = CARTESIAN_POINT ( 'NONE',  ( 117.6536873441226300, -23.50157408349043900, 305.9586817198367000 ) ) ;
#4158 = CARTESIAN_POINT ( 'NONE',  ( 106.5114547870120000, 17.89438561138944600, 319.2165221225490100 ) ) ;
#4159 = CARTESIAN_POINT ( 'NONE',  ( 108.2855889435476900, 17.89438538290033500, 318.3352337897004500 ) ) ;
#4160 = ORIENTED_EDGE ( 'NONE', *, *, #201, .T. ) ;
#4161 = CC_DESIGN_SECURITY_CLASSIFICATION ( #4925, ( #5806 ) ) ;
#4162 = CARTESIAN_POINT ( 'NONE',  ( 110.3963558357781100, -23.50157501815577300, 310.0831471931642200 ) ) ;
#4163 = CARTESIAN_POINT ( 'NONE',  ( 112.7702463994848500, -23.50157471242455300, 308.8568622319042400 ) ) ;
#4164 = CARTESIAN_POINT ( 'NONE',  ( 113.9583930221700000, -23.50157455940417600, 308.0743279964871100 ) ) ;
#4165 = FACE_BOUND ( 'NONE', #1935, .T. ) ;
#4166 = CARTESIAN_POINT ( 'NONE',  ( 104.2902757309666100, -22.00157580455250200, 313.3441277884677400 ) ) ;
#4167 = ORIENTED_EDGE ( 'NONE', *, *, #1905, .F. ) ;
#4168 = VECTOR ( 'NONE', #1126, 1000.000000000000000 ) ;
#4169 = CARTESIAN_POINT ( 'NONE',  ( 106.8854428040525300, 17.89438556322372500, 306.0460390413225000 ) ) ;
#4170 = CARTESIAN_POINT ( 'NONE',  ( 107.3816742030289500, 16.39438549931464500, 308.7166475872706400 ) ) ;
#4171 = CARTESIAN_POINT ( 'NONE',  ( 107.7556388365138000, -22.00157535825148600, 320.3097215714252600 ) ) ;
#4172 = EDGE_LOOP ( 'NONE', ( #5214, #6034 ) ) ;
#4173 = CARTESIAN_POINT ( 'NONE',  ( 117.0161763445917000, 17.89438425849586900, 305.0047097873091400 ) ) ;
#4174 = FACE_OUTER_BOUND ( 'NONE', #2914, .T. ) ;
#4175 = CARTESIAN_POINT ( 'NONE',  ( 101.2731033423596200, 17.89438628603189200, 317.9684132366452300 ) ) ;
#4176 = CARTESIAN_POINT ( 'NONE',  ( 106.7361308960333700, 16.39438558245342700, 304.5461592183011100 ) ) ;
#4177 = CARTESIAN_POINT ( 'NONE',  ( 107.9973672544328300, -23.50157532711938700, 300.3904008690673200 ) ) ;
#4178 = ORIENTED_EDGE ( 'NONE', *, *, #5961, .T. ) ;
#4179 = CARTESIAN_POINT ( 'NONE',  ( 107.7556088688259300, 16.39438545115599100, 320.3163869779735400 ) ) ;
#4180 = CARTESIAN_POINT ( 'NONE',  ( 101.5303364688079900, 17.89438625290295400, 308.3981455041409800 ) ) ;
#4181 = CARTESIAN_POINT ( 'NONE',  ( 111.2892707078083100, -22.00157490315809400, 308.2435580602644900 ) ) ;
#4182 = CARTESIAN_POINT ( 'NONE',  ( 107.1544798686418300, 17.89438552857477700, 308.7383185101937800 ) ) ;
#4183 = CARTESIAN_POINT ( 'NONE',  ( 110.9611640469432800, -23.50157494541466700, 307.3711614948374500 ) ) ;
#4184 = CARTESIAN_POINT ( 'NONE',  ( 101.4409715126040900, -22.00157617151198200, 311.4905101395917800 ) ) ;
#4185 = ORIENTED_EDGE ( 'NONE', *, *, #643, .F. ) ;
#4186 = EDGE_CURVE ( 'NONE', #4761, #3537, #65, .T. ) ;
#4187 = CARTESIAN_POINT ( 'NONE',  ( 106.0605532025967900, -22.00157557656009300, 315.3625580318479300 ) ) ;
#4188 = FACE_OUTER_BOUND ( 'NONE', #2312, .T. ) ;
#4189 = CARTESIAN_POINT ( 'NONE',  ( 106.5114547870119800, 17.89438561138928200, 305.2165221225490100 ) ) ;
#4190 = ORIENTED_EDGE ( 'NONE', *, *, #3545, .T. ) ;
#4191 = CARTESIAN_POINT ( 'NONE',  ( 101.1434668436913900, -22.00157620982742300, 317.6820160068807600 ) ) ;
#4192 = CARTESIAN_POINT ( 'NONE',  ( 101.6050281114684600, -22.00157615038322600, 308.4728373399851800 ) ) ;
#4193 = EDGE_CURVE ( 'NONE', #5663, #5071, #1416, .T. ) ;
#4194 = CARTESIAN_POINT ( 'NONE',  ( 101.1432364950540300, 16.39438630275718000, 307.7820811425859800 ) ) ;
#4195 = CARTESIAN_POINT ( 'NONE',  ( 107.0600208941247200, -22.00157544783943200, 304.2616309134724600 ) ) ;
#4196 = CARTESIAN_POINT ( 'NONE',  ( 109.1573738974248600, -23.50157517772342400, 323.9668370085419700 ) ) ;
#4197 = CARTESIAN_POINT ( 'NONE',  ( 101.1124447410001200, 16.39438630672282900, 306.8520413949681800 ) ) ;
#4198 = CARTESIAN_POINT ( 'NONE',  ( 110.9710981515245300, 16.39438503703593500, 307.0580870628996900 ) ) ;
#4199 = CARTESIAN_POINT ( 'NONE',  ( 106.4857484655632300, -22.00157552179944500, 308.8947056088395600 ) ) ;
#4200 = CARTESIAN_POINT ( 'NONE',  ( 111.0122619173342000, -22.00157493883379800, 306.8511258211196400 ) ) ;
#4201 = CARTESIAN_POINT ( 'NONE',  ( 104.1335593912323800, -22.00157582473593400, 312.6749902375693200 ) ) ;
#4202 = ORIENTED_EDGE ( 'NONE', *, *, #2123, .T. ) ;
#4203 = CARTESIAN_POINT ( 'NONE',  ( 111.4298312122363200, -22.00157488505555000, 318.2976404407530100 ) ) ;
#4204 = CARTESIAN_POINT ( 'NONE',  ( 108.1652644648096700, 17.89438539839666800, 306.1778612733197100 ) ) ;
#4205 = CARTESIAN_POINT ( 'NONE',  ( 104.9748958382790100, 16.39438580928140300, 309.9034085586408800 ) ) ;
#4206 = CARTESIAN_POINT ( 'NONE',  ( 106.6562146236422800, -23.50157549984542300, 319.7673769395862000 ) ) ;
#4207 = B_SPLINE_SURFACE_WITH_KNOTS ( 'NONE', 1, 3, ( 
 ( #2652, #4517, #2583, #5003, #2561, #2145, #692, #3987, #1164, #1641, #3078, #4494, #3054, #270, #5943, #2125, #203, #5984, #5466, #2604, #4053, #1140, #1231, #4559, #4474, #228, #710, #5487, #2629, #4536, #5899, #5964 ),
 ( #1209, #3596, #1683, #3117, #755, #1704, #5045, #1764, #1296, #2671, #2192, #4647, #6046, #5091, #1253, #349, #3179, #5110, #4120, #2255, #1802, #5613, #334, #837, #5531, #6024, #4156, #3660, #1277, #1314, #3618, #1331 ) ),
 .UNSPECIFIED., .F., .F., .F.,
 ( 2, 2 ),
 ( 4, 2, 2, 2, 2, 2, 2, 2, 2, 2, 2, 2, 2, 2, 2, 4 ),
 ( 0.0000000000000000000, 1.000000000000000000 ),
 ( 0.0000000000000000000, 0.0003124349154380930600, 0.0006248698308761861100, 0.0009373047463142791700, 0.001249739661752372200, 0.001562174577190465300, 0.001874609492628558300, 0.002187044408066651600, 0.002499479323504744500, 0.002811914238942837300, 0.003124349154380930600, 0.003436784069819023800, 0.003749218985257116700, 0.004061653900695209500, 0.004374088816133303200, 0.004998958647009488900 ),
 .UNSPECIFIED. ) ;
#4208 = CARTESIAN_POINT ( 'NONE',  ( 119.4371612707338000, 17.89438394669956300, 312.9972161771372000 ) ) ;
#4209 = FACE_BOUND ( 'NONE', #3924, .T. ) ;
#4210 = CARTESIAN_POINT ( 'NONE',  ( 101.6858706741201800, 17.89438623287181700, 305.9939227706945000 ) ) ;
#4211 = CARTESIAN_POINT ( 'NONE',  ( 108.2820399392002600, 16.39438538335723500, 304.3413855825214700 ) ) ;
#4212 = DIRECTION ( 'NONE',  ( 0.9999999999999916700, 1.287891253920479600E-007, 0.0000000000000000000 ) ) ;
#4213 = CARTESIAN_POINT ( 'NONE',  ( 106.5114547870120000, 17.89438561138944600, 319.2165221225490100 ) ) ;
#4214 = CARTESIAN_POINT ( 'NONE',  ( 106.5114545938283800, 16.39438561138945600, 319.2165221225490100 ) ) ;
#4215 = CARTESIAN_POINT ( 'NONE',  ( 111.0121021099254400, 16.39438503175507500, 307.6817512918579500 ) ) ;
#4216 = DIRECTION ( 'NONE',  ( 0.0000000000000000000, -1.000000000000000000, 0.0000000000000000000 ) ) ;
#4217 = CARTESIAN_POINT ( 'NONE',  ( 104.5725280169795200, 16.39438586110202700, 310.4636384261163500 ) ) ;
#4218 = CARTESIAN_POINT ( 'NONE',  ( 101.6007708868841500, -22.00157615093155500, 311.7295848452877700 ) ) ;
#4219 = CARTESIAN_POINT ( 'NONE',  ( 123.5451024365913800, 16.39438341764143900, 300.3904008547380000 ) ) ;
#4220 = ORIENTED_EDGE ( 'NONE', *, *, #5087, .T. ) ;
#4221 = EDGE_CURVE ( 'NONE', #3253, #1178, #1931, .T. ) ;
#4222 = CARTESIAN_POINT ( 'NONE',  ( 101.1126071733188100, 16.39438630670201700, 317.5812462284689600 ) ) ;
#4223 = CARTESIAN_POINT ( 'NONE',  ( 99.56713426410854600, 17.89438650574199100, 311.8627234822797600 ) ) ;
#4224 = VERTEX_POINT ( 'NONE', #163 ) ;
#4225 = EDGE_CURVE ( 'NONE', #4530, #3781, #3422, .T. ) ;
#4226 = CARTESIAN_POINT ( 'NONE',  ( 104.2108070777245000, -22.00157581478723400, 307.6817512918544300 ) ) ;
#4227 = COORDINATED_UNIVERSAL_TIME_OFFSET ( 8, 0, .AHEAD. ) ;
#4228 = B_SPLINE_CURVE_WITH_KNOTS ( 'NONE', 1,
 ( #2589, #187 ),
 .UNSPECIFIED., .F., .F.,
 ( 2, 2 ),
 ( 0.0000000000000000000, 1.000000000000000000 ),
 .UNSPECIFIED. ) ;
#4229 = CARTESIAN_POINT ( 'NONE',  ( 110.2854928977950100, 16.39438512533459800, 323.7428609691189100 ) ) ;
#4230 = CARTESIAN_POINT ( 'NONE',  ( 102.8707514628901800, 17.89438608027210300, 305.6766870765671300 ) ) ;
#4231 = CARTESIAN_POINT ( 'NONE',  ( 106.5114547870119800, -23.50157551848880600, 305.3627670128526000 ) ) ;
#4232 = ORIENTED_EDGE ( 'NONE', *, *, #4910, .F. ) ;
#4233 = CARTESIAN_POINT ( 'NONE',  ( 105.4776874549974800, -22.00157565162678000, 309.4319897493817300 ) ) ;
#4234 = DIRECTION ( 'NONE',  ( -1.000000000000000000, 0.0000000000000000000, 0.0000000000000000000 ) ) ;
#4235 = CARTESIAN_POINT ( 'NONE',  ( 111.8512676255874500, -22.00157483077899900, 308.7049286389911900 ) ) ;
#4236 = CARTESIAN_POINT ( 'NONE',  ( 123.5451024365913800, 16.39438341764141400, 298.0250565698730700 ) ) ;
#4237 = CARTESIAN_POINT ( 'NONE',  ( 108.7371609168954300, 17.89438532474274600, 308.8947056093977600 ) ) ;
#4238 = PERSON_AND_ORGANIZATION_ROLE ( 'design_supplier' ) ;
#4239 = EDGE_LOOP ( 'NONE', ( #5552, #5013 ) ) ;
#4240 = CYLINDRICAL_SURFACE ( 'NONE', #4358, 1.099999999999989900 ) ;
#4241 = DIRECTION ( 'NONE',  ( 0.0000000000000000000, 0.0000000000000000000, 1.000000000000000000 ) ) ;
#4242 = EDGE_LOOP ( 'NONE', ( #2610, #5641 ) ) ;
#4243 = CARTESIAN_POINT ( 'NONE',  ( 108.5723348196587200, -22.00157525306991600, 319.7713667812065500 ) ) ;
#4244 = CARTESIAN_POINT ( 'NONE',  ( 108.5666947572003200, 16.39438534669681100, 305.7673769395871100 ) ) ;
#4245 = CARTESIAN_POINT ( 'NONE',  ( 108.0703270612115100, 16.39438541062362000, 308.7385854605242300 ) ) ;
#4246 = CARTESIAN_POINT ( 'NONE',  ( 110.6616050674362800, -23.50157498399452300, 300.7644864900992700 ) ) ;
#4247 = CARTESIAN_POINT ( 'NONE',  ( 115.6007708868813200, -22.00157434788378900, 311.7295848452856700 ) ) ;
#4248 = VERTEX_POINT ( 'NONE', #1141 ) ;
#4249 = CARTESIAN_POINT ( 'NONE',  ( 113.2711364986853100, 16.39438474081625000, 318.6044235756002600 ) ) ;
#4250 = CARTESIAN_POINT ( 'NONE',  ( 101.5303362756243100, -22.00157616000282000, 316.0348987409560100 ) ) ;
#4251 = CARTESIAN_POINT ( 'NONE',  ( 107.0576449160299000, 16.39438554104594600, 304.2551829717955900 ) ) ;
#4252 = CARTESIAN_POINT ( 'NONE',  ( 102.5569577014907200, 16.39438612068533300, 308.8668560412936000 ) ) ;
#4253 = CARTESIAN_POINT ( 'NONE',  ( 111.5853654175422200, 16.39438495792512600, 315.8934177073032900 ) ) ;
#4254 = CARTESIAN_POINT ( 'NONE',  ( 107.3252716321821500, -23.50157541367803300, 304.1442764264213600 ) ) ;
#4255 = ORIENTED_EDGE ( 'NONE', *, *, #1291, .T. ) ;
#4256 = CARTESIAN_POINT ( 'NONE',  ( 103.6378536829078000, -23.50157588857738100, 305.9942446941514600 ) ) ;
#4257 = CARTESIAN_POINT ( 'NONE',  ( 106.0619468124486700, -22.00157557638049600, 309.0696579317270200 ) ) ;
#4258 = CARTESIAN_POINT ( 'NONE',  ( 106.7025802856245800, 17.89438558677450800, 308.8282332039812000 ) ) ;
#4259 = CARTESIAN_POINT ( 'NONE',  ( 107.8991660921961700, -23.50157533976683800, 318.1445346302235700 ) ) ;
#4260 = EDGE_CURVE ( 'NONE', #3781, #1576, #371, .T. ) ;
#4261 = DIRECTION ( 'NONE',  ( 0.0000000000000000000, 1.000000000000000000, 0.0000000000000000000 ) ) ;
#4262 = CARTESIAN_POINT ( 'NONE',  ( 107.7556388365138000, -22.00157535825148600, 320.3097215714252600 ) ) ;
#4263 = CARTESIAN_POINT ( 'NONE',  ( 99.94108760274143300, 17.89438645758090400, 313.0918457305392100 ) ) ;
#4264 = CARTESIAN_POINT ( 'NONE',  ( 102.2482781348450900, -22.00157606753970200, 315.6165571839641800 ) ) ;
#4265 = FACE_OUTER_BOUND ( 'NONE', #3154, .T. ) ;
#4266 = CARTESIAN_POINT ( 'NONE',  ( 101.6855607613206600, -22.00157614001150500, 308.5393046143333300 ) ) ;
#4267 = B_SPLINE_CURVE_WITH_KNOTS ( 'NONE', 1,
 ( #5372, #114 ),
 .UNSPECIFIED., .F., .F.,
 ( 2, 2 ),
 ( 0.0000000000000000000, 1.000000000000000000 ),
 .UNSPECIFIED. ) ;
#4268 = CARTESIAN_POINT ( 'NONE',  ( 118.2365708761377300, 16.39438410132253000, 317.4668556713674500 ) ) ;
#4269 = CARTESIAN_POINT ( 'NONE',  ( 115.0991013721453700, 16.39438450539430300, 311.2275499427662500 ) ) ;
#4270 = CARTESIAN_POINT ( 'NONE',  ( 102.1452761931939500, 17.89438617370540300, 305.7483548845142400 ) ) ;
#4271 = ORIENTED_EDGE ( 'NONE', *, *, #1554, .F. ) ;
#4272 = CARTESIAN_POINT ( 'NONE',  ( 107.6114545967163800, 16.39438546972125400, 300.3904008626374800 ) ) ;
#4273 = CARTESIAN_POINT ( 'NONE',  ( 103.4636320151586500, 16.39438600391559600, 308.6560166880699400 ) ) ;
#4274 = CC_DESIGN_PERSON_AND_ORGANIZATION_ASSIGNMENT ( #1266, #4238, ( #5806 ) ) ;
#4275 = CARTESIAN_POINT ( 'NONE',  ( 113.2693479302711800, 16.39438474104645100, 305.8276598741708800 ) ) ;
#4276 = CARTESIAN_POINT ( 'NONE',  ( 110.9714126952856600, 16.39438503699554800, 317.3768627761536400 ) ) ;
#4277 = CARTESIAN_POINT ( 'NONE',  ( 111.1114545937712700, 16.39438501895976700, 312.4476334066099500 ) ) ;
#4278 = CARTESIAN_POINT ( 'NONE',  ( 101.2647170072313100, 17.89438628711181400, 306.4586443387017900 ) ) ;
#4279 = CARTESIAN_POINT ( 'NONE',  ( 106.5114547870119800, 17.89438561138928200, 305.2165221225490100 ) ) ;
#4280 = B_SPLINE_CURVE_WITH_KNOTS ( 'NONE', 3,
 ( #2668, #5483, #3551, #4577, #2209, #3634, #775, #1723, #5503, #1273, #1181, #2688, #5461, #4598, #2164, #793, #6021, #1658 ),
 .UNSPECIFIED., .F., .F.,
 ( 4, 2, 2, 2, 2, 2, 2, 2, 4 ),
 ( 0.0000000000000000000, 0.1249999903378031100, 0.2499999806756062200, 0.3749999710134093200, 0.4999999613512124400, 0.6249999516890155600, 0.7499999420268186300, 0.8749999323646218100, 0.9999999227024248800 ),
 .UNSPECIFIED. ) ;
#4281 = B_SPLINE_CURVE_WITH_KNOTS ( 'NONE', 3,
 ( #5007, #166, #4497, #5421, #2563, #3516, #4431, #3988, #1143, #695, #1644, #5922, #3492, #4979, #4476, #1620, #3558, #627 ),
 .UNSPECIFIED., .F., .F.,
 ( 4, 2, 2, 2, 2, 2, 2, 2, 4 ),
 ( 0.0000000000000000000, 0.1250000000000000000, 0.2500000000000000000, 0.3750000000000000000, 0.5000000000000000000, 0.6250000000000000000, 0.7500000000000000000, 0.8750000000000000000, 1.000000000000000000 ),
 .UNSPECIFIED. ) ;
#4282 = CARTESIAN_POINT ( 'NONE',  ( 77.61368816194959700, -2.803594741848484800, 315.7165224408957400 ) ) ;
#4283 = CARTESIAN_POINT ( 'NONE',  ( 107.4673003188394300, -22.00157539538638900, 320.3163869779821200 ) ) ;
#4284 = DIRECTION ( 'NONE',  ( 0.0000000000000000000, 0.0000000000000000000, 1.000000000000000000 ) ) ;
#4285 = CARTESIAN_POINT ( 'NONE',  ( 100.3231637302363700, 17.89438640837365600, 311.1447430483976300 ) ) ;
#4286 = CARTESIAN_POINT ( 'NONE',  ( 101.0716032149148300, -22.00157621908255800, 307.4754622455830000 ) ) ;
#4287 = CARTESIAN_POINT ( 'NONE',  ( 107.6114546933107300, -23.50157537682072500, 300.3904008705370100 ) ) ;
#4288 = CARTESIAN_POINT ( 'NONE',  ( 119.0414060208027500, 16.39438399766845200, 309.1560281281883200 ) ) ;
#4289 = ORIENTED_EDGE ( 'NONE', *, *, #729, .F. ) ;
#4290 = CARTESIAN_POINT ( 'NONE',  ( 108.5666947571990900, 16.39438534669697800, 319.7673769395830700 ) ) ;
#4291 = CARTESIAN_POINT ( 'NONE',  ( 111.1640705712546700, 17.89438501218320000, 306.4587546757034600 ) ) ;
#4292 = CARTESIAN_POINT ( 'NONE',  ( 101.7115162053609100, 17.89438622956902900, 312.2877770419139000 ) ) ;
#4293 = CARTESIAN_POINT ( 'NONE',  ( 113.7657617995219800, 17.89438467711379500, 306.2084456854349800 ) ) ;
#4294 = CARTESIAN_POINT ( 'NONE',  ( 112.9746310528005000, 16.39438477900288000, 315.6165571839565000 ) ) ;
#4295 = CARTESIAN_POINT ( 'NONE',  ( 103.4676045290658500, 16.39438600340394100, 305.8679952347747000 ) ) ;
#4296 = CARTESIAN_POINT ( 'NONE',  ( 102.2472710482820200, -22.00157606766929800, 305.7172570491002300 ) ) ;
#4297 = ORIENTED_EDGE ( 'NONE', *, *, #5530, .F. ) ;
#4298 = CARTESIAN_POINT ( 'NONE',  ( 102.4486952062374600, 17.89438613462834800, 305.6669396469873200 ) ) ;
#4299 = CARTESIAN_POINT ( 'NONE',  ( 107.7580318949746500, -23.50157535794338800, 318.1166595406835400 ) ) ;
#4300 = CARTESIAN_POINT ( 'NONE',  ( 111.1114545938283000, -22.00157492605890400, 312.2165221234050100 ) ) ;
#4301 = EDGE_CURVE ( 'NONE', #1790, #1856, #981, .T. ) ;
#4302 = ORIENTED_EDGE ( 'NONE', *, *, #3508, .F. ) ;
#4303 = FACE_OUTER_BOUND ( 'NONE', #5225, .T. ) ;
#4304 = CARTESIAN_POINT ( 'NONE',  ( 113.6190842081136300, -23.50157460310345300, 306.0618349918397600 ) ) ;
#4305 = CARTESIAN_POINT ( 'NONE',  ( 112.7691201407845900, -23.50157471256972000, 318.7565755097180600 ) ) ;
#4306 = CARTESIAN_POINT ( 'NONE',  ( 107.6114544219011000, 16.39438546972155200, 324.0426434868389800 ) ) ;
#4307 = AXIS2_PLACEMENT_3D ( 'NONE', #2511, #3044, #192 ) ;
#4308 = CARTESIAN_POINT ( 'NONE',  ( 119.0560602159820300, -23.50157390288011100, 309.1376157592691200 ) ) ;
#4309 = ORIENTED_EDGE ( 'NONE', *, *, #1214, .F. ) ;
#4310 = CARTESIAN_POINT ( 'NONE',  ( 102.8747194311477000, 17.89438607976111900, 308.8666096614991300 ) ) ;
#4311 = FACE_BOUND ( 'NONE', #5157, .T. ) ;
#4312 = CARTESIAN_POINT ( 'NONE',  ( 107.2576564639201100, 17.89438551528683900, 320.2608367083410600 ) ) ;
#4313 = CARTESIAN_POINT ( 'NONE',  ( 108.7114545938282800, -22.00157523515274200, 305.2165221225490100 ) ) ;
#4314 = CARTESIAN_POINT ( 'NONE',  ( 101.6767066767488500, 17.89438623405211700, 312.5018162318410200 ) ) ;
#4315 = CARTESIAN_POINT ( 'NONE',  ( 111.7581455147143000, 17.89438493567282200, 305.8782426027146900 ) ) ;
#4316 = CARTESIAN_POINT ( 'NONE',  ( 114.1610955026633300, 16.39438462619912000, 307.1601467227612300 ) ) ;
#4317 = ORIENTED_EDGE ( 'NONE', *, *, #4796, .T. ) ;
#4318 = CARTESIAN_POINT ( 'NONE',  ( 108.7114547870119700, -23.50157523515272800, 305.0702772322559900 ) ) ;
#4319 = FACE_BOUND ( 'NONE', #1470, .T. ) ;
#4320 = CARTESIAN_POINT ( 'NONE',  ( 101.4571475813272800, -22.00157616942860600, 306.2084456854357800 ) ) ;
#4321 = CARTESIAN_POINT ( 'NONE',  ( 101.1023626085902800, 17.89438630802129600, 307.6835872885646400 ) ) ;
#4322 = CARTESIAN_POINT ( 'NONE',  ( 77.61368816194959700, -7.753342210153444800, 318.7662699092004500 ) ) ;
#4323 = EDGE_LOOP ( 'NONE', ( #72, #5281, #63, #3095 ) ) ;
#4324 = B_SPLINE_CURVE_WITH_KNOTS ( 'NONE', 3,
 ( #2328, #4726, #3719, #1785, #4707, #426, #410, #2806, #918, #1392, #4179, #5653, #2258, #5112, #1804, #6099, #5596, #5190, #389, #3204, #3744, #1333, #351, #4214 ),
 .UNSPECIFIED., .F., .F.,
 ( 4, 2, 2, 2, 2, 2, 2, 2, 2, 2, 2, 4 ),
 ( 0.0000000000000000000, 0.1250000000000000000, 0.1875000000000000000, 0.2500000000000000000, 0.3750000000000000000, 0.5000000000000000000, 0.5625000000000000000, 0.6250000000000000000, 0.6875000000000000000, 0.7500000000000000000, 0.8750000000000001100, 1.000000000000000000 ),
 .UNSPECIFIED. ) ;
#4325 = CARTESIAN_POINT ( 'NONE',  ( 105.4736763089023300, -22.00157565214340500, 314.9982838945971400 ) ) ;
#4326 = DIRECTION ( 'NONE',  ( 0.9999999999999525900, -0.0000000000000000000, -3.079986237769798100E-007 ) ) ;
#4327 = CARTESIAN_POINT ( 'NONE',  ( 112.0455679458533600, 16.39438489865594700, 305.7480744417827600 ) ) ;
#4328 = CARTESIAN_POINT ( 'NONE',  ( 104.1799474073477100, 16.39438591166198500, 307.7825210702641800 ) ) ;
#4329 = CARTESIAN_POINT ( 'NONE',  ( 100.0566039795830200, 16.39438644270363100, 311.2556409124979400 ) ) ;
#4330 = ORIENTED_EDGE ( 'NONE', *, *, #958, .T. ) ;
#4331 = CARTESIAN_POINT ( 'NONE',  ( 101.6853354402956700, -22.00157614004050200, 305.9943180184066600 ) ) ;
#4332 = CARTESIAN_POINT ( 'NONE',  ( 118.6868312753943800, 16.39438404333379400, 308.0521897385055500 ) ) ;
#4333 = VERTEX_POINT ( 'NONE', #1602 ) ;
#4334 = CARTESIAN_POINT ( 'NONE',  ( 108.6004269667937500, 17.89438534235266000, 319.7041689008600500 ) ) ;
#4335 = CARTESIAN_POINT ( 'NONE',  ( 105.4776876469092200, 17.89438574452737300, 315.0010544947202200 ) ) ;
#4336 = CARTESIAN_POINT ( 'NONE',  ( 101.6557641845536200, 17.89438623674928100, 312.5703179067588700 ) ) ;
#4337 = CARTESIAN_POINT ( 'NONE',  ( 113.5375737473588600, 16.39438470650188900, 305.9943180184154100 ) ) ;
#4338 = CARTESIAN_POINT ( 'NONE',  ( 108.5191717822507200, -23.50157525991677000, 315.6050241412708600 ) ) ;
#4339 = CARTESIAN_POINT ( 'NONE',  ( 103.0751361161952200, 16.39438605394958200, 305.7170622473455000 ) ) ;
#4340 = CARTESIAN_POINT ( 'NONE',  ( 108.5666949503793700, -23.50157525379628600, 318.6656673055090300 ) ) ;
#4341 = CARTESIAN_POINT ( 'NONE',  ( 114.0605997767866900, 16.39438463914204600, 313.1717622859301300 ) ) ;
#4342 = EDGE_CURVE ( 'NONE', #889, #242, #1455, .T. ) ;
#4343 = CARTESIAN_POINT ( 'NONE',  ( 106.9349588946237000, 17.89438555684674600, 318.3372484813627400 ) ) ;
#4344 = CARTESIAN_POINT ( 'NONE',  ( 110.2481813896439500, -22.00157503723905700, 314.5297795279881300 ) ) ;
#4345 = CARTESIAN_POINT ( 'NONE',  ( 108.7114545938293400, 16.39438532805332100, 305.2165221225490100 ) ) ;
#4346 = EDGE_CURVE ( 'NONE', #1070, #44, #3574, .T. ) ;
#4347 = CARTESIAN_POINT ( 'NONE',  ( 100.6114545938283100, -22.00157627834472900, 311.1165221225489900 ) ) ;
#4348 = CARTESIAN_POINT ( 'NONE',  ( 113.9498062316590500, -23.50157456051019300, 317.9684132366483000 ) ) ;
#4349 = CARTESIAN_POINT ( 'NONE',  ( 101.1436944151812200, -22.00157620979797100, 306.7501506681523400 ) ) ;
#4350 = LINE ( 'NONE', #2384, #5409 ) ;
#4351 = CARTESIAN_POINT ( 'NONE',  ( 104.2108072709125000, 17.89438590768768800, 316.7512929532376200 ) ) ;
#4352 = VERTEX_POINT ( 'NONE', #4074 ) ;
#4353 = CARTESIAN_POINT ( 'NONE',  ( 108.2820399392021500, -22.00157529045668900, 306.0916586625646100 ) ) ;
#4354 = CARTESIAN_POINT ( 'NONE',  ( 108.5666949503827100, 17.89438534669696400, 319.7673769395830700 ) ) ;
#4355 = CARTESIAN_POINT ( 'NONE',  ( 108.7114547870119700, -23.50157523515272800, 305.2165221225490100 ) ) ;
#4356 = CARTESIAN_POINT ( 'NONE',  ( 101.7046485579761400, 16.39438623045349200, 312.3607038968879700 ) ) ;
#4357 = CARTESIAN_POINT ( 'NONE',  ( 111.5045230480805600, 16.39438496833663100, 306.0607119684999000 ) ) ;
#4358 = AXIS2_PLACEMENT_3D ( 'NONE', #2586, #5946, #337 ) ;
#4359 = CARTESIAN_POINT ( 'NONE',  ( 107.2576564639152000, -23.50157542238612900, 304.1722075367528600 ) ) ;
#4360 = CARTESIAN_POINT ( 'NONE',  ( 113.6221384939553900, 17.89438469561104500, 311.7295848452849300 ) ) ;
#4361 = CARTESIAN_POINT ( 'NONE',  ( 102.7657537114202300, -22.00157600089439600, 308.8668328793989400 ) ) ;
#4362 = CARTESIAN_POINT ( 'NONE',  ( 106.7361308960311700, 16.39438558245359400, 318.5461592182987800 ) ) ;
#4363 = CARTESIAN_POINT ( 'NONE',  ( 110.9990662773932300, -22.00157494053329900, 313.1276967052905900 ) ) ;
#4364 = CARTESIAN_POINT ( 'NONE',  ( 101.5303364688079900, 17.89438625290304000, 316.0348987409560100 ) ) ;
#4365 = CARTESIAN_POINT ( 'NONE',  ( 111.0431895449803900, 17.89438502775138000, 307.7833986403315400 ) ) ;
#4366 = CARTESIAN_POINT ( 'NONE',  ( 104.0507515990872100, 16.39438592830100200, 308.0683273150532400 ) ) ;
#4367 = CARTESIAN_POINT ( 'NONE',  ( 112.1452522337279300, -23.50157479291712200, 318.7153211877036400 ) ) ;
#4368 = B_SPLINE_CURVE_WITH_KNOTS ( 'NONE', 3,
 ( #758, #2607, #2194, #4033, #4098, #2694, #1255, #5006, #272, #5945, #5556, #4075, #3557, #4582, #5027, #5534, #4538, #734, #231, #5093, #4519, #1706, #3598, #5068, #2672, #2170, #3100, #5468, #1685, #3080 ),
 .UNSPECIFIED., .F., .F.,
 ( 4, 2, 2, 2, 2, 2, 2, 2, 2, 2, 2, 2, 2, 2, 4 ),
 ( 0.0000000000000000000, 0.1250000000000000000, 0.1875000000000000000, 0.2500000000000000000, 0.3125000000000000000, 0.3750000000000000000, 0.4375000000000000000, 0.5000000000000000000, 0.5625000000000000000, 0.6250000000000000000, 0.6875000000000000000, 0.7500000000000000000, 0.8125000000000000000, 0.8750000000000000000, 1.000000000000000000 ),
 .UNSPECIFIED. ) ;
#4369 = CARTESIAN_POINT ( 'NONE',  ( 101.9535612573849100, -22.00157610549591400, 305.8276598741645100 ) ) ;
#4370 = ORIENTED_EDGE ( 'NONE', *, *, #2210, .T. ) ;
#4371 = CARTESIAN_POINT ( 'NONE',  ( 104.2113426368583300, 17.89438590761873700, 317.5793376535434600 ) ) ;
#4372 = CARTESIAN_POINT ( 'NONE',  ( 106.6562146236358900, -23.50157549984532000, 305.7673769395868800 ) ) ;
#4373 = CARTESIAN_POINT ( 'NONE',  ( 108.1652644648131900, 17.89438539839683500, 320.1778612733016900 ) ) ;
#4374 = CARTESIAN_POINT ( 'NONE',  ( 76.11368837901345300, -4.103594794676077100, 308.9669071001738400 ) ) ;
#4375 = ORIENTED_EDGE ( 'NONE', *, *, #1287, .T. ) ;
#4376 = CARTESIAN_POINT ( 'NONE',  ( 112.3503294402449500, -22.00157476650539200, 318.7560590697476600 ) ) ;
#4377 = CARTESIAN_POINT ( 'NONE',  ( 100.6114489410823700, 16.39438637124564800, 311.1165209732590100 ) ) ;
#4378 = APPROVAL_PERSON_ORGANIZATION ( #2072, #3206, #2346 ) ;
#4379 = EDGE_CURVE ( 'NONE', #4779, #3848, #494, .T. ) ;
#4380 = CARTESIAN_POINT ( 'NONE',  ( 108.5723348196607200, 16.39438534597042400, 304.6616774638860100 ) ) ;
#4381 = ORIENTED_EDGE ( 'NONE', *, *, #4301, .T. ) ;
#4382 = CARTESIAN_POINT ( 'NONE',  ( 103.7930781686049900, -23.50157586858617300, 306.1354038043440400 ) ) ;
#4383 = FACE_BOUND ( 'NONE', #206, .T. ) ;
#4384 = CARTESIAN_POINT ( 'NONE',  ( 108.1628884867191100, 17.89438539870280900, 318.2616309134695000 ) ) ;
#4385 = CARTESIAN_POINT ( 'NONE',  ( 107.1544796737601900, -22.00157543567423000, 315.6947257346686800 ) ) ;
#4386 = CARTESIAN_POINT ( 'NONE',  ( 112.3486840493471700, 17.89438485961791500, 305.6668934430450700 ) ) ;
#4387 = DIRECTION ( 'NONE',  ( 0.0000000000000000000, 1.000000000000000000, 0.0000000000000000000 ) ) ;
#4388 = ORIENTED_EDGE ( 'NONE', *, *, #4472, .T. ) ;
#4389 = CARTESIAN_POINT ( 'NONE',  ( 112.6674522452602500, -22.00157472566325700, 305.6668568679917300 ) ) ;
#4390 = CARTESIAN_POINT ( 'NONE',  ( 99.88459114147923400, 16.39438646485701800, 313.0452303761737800 ) ) ;
#4391 = LINE ( 'NONE', #310, #1939 ) ;
#4392 = CARTESIAN_POINT ( 'NONE',  ( 99.54003503265357700, 16.39438650923206400, 312.5056121515343600 ) ) ;
#4393 = CARTESIAN_POINT ( 'NONE',  ( 114.8819340986796900, -22.00157444046228900, 321.6716186450954100 ) ) ;
#4394 = AXIS2_PLACEMENT_3D ( 'NONE', #1596, #5856, #2497 ) ;
#4395 = CARTESIAN_POINT ( 'NONE',  ( 108.0983920642772600, -23.50157531410855300, 306.2058384156057400 ) ) ;
#4396 = VERTEX_POINT ( 'NONE', #2302 ) ;
#4397 = DIRECTION ( 'NONE',  ( 0.0000000000000000000, 0.0000000000000000000, 1.000000000000000000 ) ) ;
#4398 = CARTESIAN_POINT ( 'NONE',  ( 114.1238080086993100, -23.50157453810052000, 311.2275499427690900 ) ) ;
#4399 = CARTESIAN_POINT ( 'NONE',  ( 111.0018575451978600, -23.50157494017377100, 306.8499620199117400 ) ) ;
#4400 = CARTESIAN_POINT ( 'NONE',  ( 77.61368797334542100, -7.753342210153429700, 317.1662699092009900 ) ) ;
#4401 = DIRECTION ( 'NONE',  ( 0.9999999999999916700, 1.287891253920479600E-007, 0.0000000000000000000 ) ) ;
#4402 = CARTESIAN_POINT ( 'NONE',  ( 106.0619468110064600, 16.39438566928113500, 315.3633863126518100 ) ) ;
#4403 = ORIENTED_EDGE ( 'NONE', *, *, #3190, .T. ) ;
#4404 = CIRCLE ( 'NONE', #2135, 1.599999999999990300 ) ;
#4405 = CARTESIAN_POINT ( 'NONE',  ( 107.4673003188337100, 16.39438548828678300, 304.1166572671232300 ) ) ;
#4406 = CARTESIAN_POINT ( 'NONE',  ( 101.9523022559743200, -22.00157610565809600, 308.7051980811585800 ) ) ;
#4407 = CARTESIAN_POINT ( 'NONE',  ( 108.7114545938283900, 16.39438532805348800, 319.0699728882517000 ) ) ;
#4408 = CARTESIAN_POINT ( 'NONE',  ( 106.5114545938283000, -22.00157551848881700, 305.2165221225490100 ) ) ;
#4409 = ORIENTED_EDGE ( 'NONE', *, *, #2519, .F. ) ;
#4410 = CARTESIAN_POINT ( 'NONE',  ( 77.61368815268146200, -2.803594741847680100, 319.2165224408962000 ) ) ;
#4411 = CARTESIAN_POINT ( 'NONE',  ( 110.9714228277516200, 17.89438503699413700, 307.4772872448535800 ) ) ;
#4412 = CARTESIAN_POINT ( 'NONE',  ( 100.8997397834188900, -22.00157624121672500, 311.1447441475622200 ) ) ;
#4413 = CARTESIAN_POINT ( 'NONE',  ( 114.1103020143434300, -22.00157453984005000, 317.5812462284736200 ) ) ;
#4414 = B_SPLINE_CURVE_WITH_KNOTS ( 'NONE', 3,
 ( #1646, #697, #2128, #5471, #737, #4057, #5493, #2609, #5987, #4036, #5968, #5947, #2195, #319, #6071, #2218, #5070, #5578 ),
 .UNSPECIFIED., .F., .F.,
 ( 4, 2, 2, 2, 2, 2, 2, 2, 4 ),
 ( 0.0000000000000000000, 0.1250000000000000000, 0.2500000000000000000, 0.3750000000000000000, 0.5000000000000000000, 0.6250000000000000000, 0.7500000000000000000, 0.8750000000000000000, 1.000000000000000000 ),
 .UNSPECIFIED. ) ;
#4415 = CARTESIAN_POINT ( 'NONE',  ( 108.5209394639804100, -23.50157525968915500, 315.6275984229528100 ) ) ;
#4416 = EDGE_LOOP ( 'NONE', ( #3698, #5755, #5999, #52 ) ) ;
#4417 = ADVANCED_FACE ( 'NONE', ( #520 ), #3377, .T. ) ;
#4418 = CARTESIAN_POINT ( 'NONE',  ( 111.4087749753297900, -22.00157488776717000, 300.9899845662719700 ) ) ;
#4419 = CARTESIAN_POINT ( 'NONE',  ( 101.5303364688079900, -23.50157616000271700, 308.3981455041409300 ) ) ;
#4420 = CARTESIAN_POINT ( 'NONE',  ( 100.7580007480908400, 16.39438635237140900, 313.3165206980904700 ) ) ;
#4421 = CARTESIAN_POINT ( 'NONE',  ( 114.1108373802869100, 16.39438463267181600, 307.6798427169374600 ) ) ;
#4422 = CARTESIAN_POINT ( 'NONE',  ( 108.6831453502064300, -23.50157523879867200, 304.9287499502017300 ) ) ;
#4423 = CARTESIAN_POINT ( 'NONE',  ( 106.4857484640284000, 16.39438561470011600, 315.5383386357434600 ) ) ;
#4424 = LINE ( 'NONE', #646, #81 ) ;
#4425 = CARTESIAN_POINT ( 'NONE',  ( 106.9349587014366000, 16.39438555684657900, 304.3372484813654600 ) ) ;
#4426 = VERTEX_POINT ( 'NONE', #932 ) ;
#4427 = DIRECTION ( 'NONE',  ( 0.0000000000000000000, 0.0000000000000000000, 1.000000000000000000 ) ) ;
#4428 = EDGE_CURVE ( 'NONE', #2184, #3049, #3372, .T. ) ;
#4429 = CARTESIAN_POINT ( 'NONE',  ( 108.3374667699715000, 17.89438537621903800, 318.3870052037715400 ) ) ;
#4430 = CARTESIAN_POINT ( 'NONE',  ( 76.11368816194959700, -21.62053882741650300, 300.3904008652820000 ) ) ;
#4431 = CARTESIAN_POINT ( 'NONE',  ( 99.65068889316465600, -23.50157640208092900, 311.6613338183139500 ) ) ;
#4432 = AXIS2_PLACEMENT_3D ( 'NONE', #5123, #2249, #5607 ) ;
#4433 = CARTESIAN_POINT ( 'NONE',  ( 111.5044598646469000, 17.89438496834480600, 308.4726252464118900 ) ) ;
#4434 = CARTESIAN_POINT ( 'NONE',  ( 101.6803040875594600, -23.50157614068863400, 318.4477710762087100 ) ) ;
#4435 = CARTESIAN_POINT ( 'NONE',  ( 113.6925729120332800, -22.00157459363899200, 316.0348987409560100 ) ) ;
#4436 = CARTESIAN_POINT ( 'NONE',  ( 99.73631199745632600, 16.39438648395373500, 311.5459361480186000 ) ) ;
#4437 = CARTESIAN_POINT ( 'NONE',  ( 101.9523022559729500, 16.39438619855844700, 315.7278461639331800 ) ) ;
#4438 = CARTESIAN_POINT ( 'NONE',  ( 107.4673005120231900, -23.50157539538626100, 306.3163869779820600 ) ) ;
#4439 = CARTESIAN_POINT ( 'NONE',  ( 113.6500696042939000, -23.50157459911293900, 312.7710745680861900 ) ) ;
#4440 = CARTESIAN_POINT ( 'NONE',  ( 104.2907621343638600, 16.39438589739041800, 313.3456758687943900 ) ) ;
#4441 = CARTESIAN_POINT ( 'NONE',  ( 114.6114545938283100, -22.00157447529697300, 311.1165221225489900 ) ) ;
#4442 = CARTESIAN_POINT ( 'NONE',  ( 113.6925729120332800, -22.00157459363899900, 316.0348987409560100 ) ) ;
#4443 = AXIS2_PLACEMENT_3D ( 'NONE', #5113, #4585, #2729 ) ;
#4444 = CARTESIAN_POINT ( 'NONE',  ( 106.6505745611792300, -23.50157550057169000, 304.6616774638834500 ) ) ;
#4445 = CARTESIAN_POINT ( 'NONE',  ( 108.5203290953170400, 16.39438535266836200, 315.6048110410868000 ) ) ;
#4446 = ORIENTED_EDGE ( 'NONE', *, *, #116, .T. ) ;
#4447 = CARTESIAN_POINT ( 'NONE',  ( 106.7361308960333700, 16.39438558245342700, 304.5461592183011100 ) ) ;
#4448 = ADVANCED_FACE ( 'NONE', ( #2455 ), #5368, .T. ) ;
#4449 = CARTESIAN_POINT ( 'NONE',  ( 113.6925731052169800, 17.89438468653971300, 308.3981455041409300 ) ) ;
#4450 = CARTESIAN_POINT ( 'NONE',  ( 104.2618123808964300, -23.50157580821829500, 307.1623983062666000 ) ) ;
#4451 = CARTESIAN_POINT ( 'NONE',  ( 104.1114545938273900, 16.39438592048316300, 312.2165221217624100 ) ) ;
#4452 = CARTESIAN_POINT ( 'NONE',  ( 106.9364881641683000, -23.50157546374930500, 320.0973270646185800 ) ) ;
#4453 = ORIENTED_EDGE ( 'NONE', *, *, #690, .F. ) ;
#4454 = CARTESIAN_POINT ( 'NONE',  ( 78.36368816194959700, 15.64438923651411500, 300.3904008642169900 ) ) ;
#4455 = LOCAL_TIME ( 11, 1, 40.00000000000000000, #3639 ) ;
#4456 = CARTESIAN_POINT ( 'NONE',  ( 101.3795886607504300, 16.39438627231770300, 316.1856463558299900 ) ) ;
#4457 = CARTESIAN_POINT ( 'NONE',  ( 103.4629468409713700, 16.39438600400392000, 315.7765338698858400 ) ) ;
#4458 = CARTESIAN_POINT ( 'NONE',  ( 105.4668481767685900, -23.50157565302282600, 309.4118617328131200 ) ) ;
#4459 = DIRECTION ( 'NONE',  ( 0.0000000000000000000, 2.335681251583093200E-013, 1.000000000000000000 ) ) ;
#4460 = CARTESIAN_POINT ( 'NONE',  ( 103.7184495161935200, 16.39438597109797200, 315.9604189986844700 ) ) ;
#4461 = ORIENTED_EDGE ( 'NONE', *, *, #810, .T. ) ;
#4462 = CARTESIAN_POINT ( 'NONE',  ( 115.7113196424403300, 17.89438442654728300, 312.0723678475579300 ) ) ;
#4463 = FACE_BOUND ( 'NONE', #3063, .T. ) ;
#4464 = CARTESIAN_POINT ( 'NONE',  ( 114.6114547870119900, -23.50157447529687000, 311.1165221225489900 ) ) ;
#4465 = CARTESIAN_POINT ( 'NONE',  ( 111.4298314054199900, -23.50157488505539800, 306.1354038043450000 ) ) ;
#4466 = CARTESIAN_POINT ( 'NONE',  ( 113.7657616063315400, -22.00157458421311700, 318.2245985596725300 ) ) ;
#4467 = CARTESIAN_POINT ( 'NONE',  ( 104.1801779491749800, -23.50157581873205700, 317.6815760792012500 ) ) ;
#4468 = ORIENTED_EDGE ( 'NONE', *, *, #2430, .T. ) ;
#4469 = EDGE_CURVE ( 'NONE', #2190, #1856, #3844, .T. ) ;
#4470 = FACE_OUTER_BOUND ( 'NONE', #1190, .T. ) ;
#4471 = CARTESIAN_POINT ( 'NONE',  ( 115.1665285910773900, -23.50157440380951000, 313.1775895340300100 ) ) ;
#4472 = EDGE_CURVE ( 'NONE', #1132, #1491, #939, .T. ) ;
#4473 = CARTESIAN_POINT ( 'NONE',  ( 101.2241750320444700, -22.00157619943294300, 306.5566481026351700 ) ) ;
#4474 = CARTESIAN_POINT ( 'NONE',  ( 110.9613088147892800, -23.50157494539615400, 317.0596416593700700 ) ) ;
#4475 = VERTEX_POINT ( 'NONE', #3022 ) ;
#4476 = CARTESIAN_POINT ( 'NONE',  ( 100.0558127769052300, -23.50157634990538500, 313.1770706232324500 ) ) ;
#4477 = CYLINDRICAL_SURFACE ( 'NONE', #5329, 2.250000000000001800 ) ;
#4478 = CARTESIAN_POINT ( 'NONE',  ( 113.6506888931631500, 17.89438469193400000, 312.7717104267868000 ) ) ;
#4479 = CARTESIAN_POINT ( 'NONE',  ( 110.9714126952856600, 16.39438503699554800, 317.3768627761536400 ) ) ;
#4480 = CARTESIAN_POINT ( 'NONE',  ( 101.1021093546787500, -23.50157621515382500, 317.5822855050184300 ) ) ;
#4481 = CARTESIAN_POINT ( 'NONE',  ( 99.73218114583259800, -23.50157639158560100, 311.5400262301615700 ) ) ;
#4482 = ORIENTED_EDGE ( 'NONE', *, *, #3593, .F. ) ;
#4483 = PRODUCT_RELATED_PRODUCT_CATEGORY ( 'detail', '', ( #4589 ) ) ;
#4484 = CARTESIAN_POINT ( 'NONE',  ( 115.4907282350174700, 16.39438445495710500, 311.5400262301562900 ) ) ;
#4485 = EDGE_LOOP ( 'NONE', ( #5916, #908, #537, #3073 ) ) ;
#4486 = CARTESIAN_POINT ( 'NONE',  ( 101.8540585792875500, -23.50157611831082200, 308.6644968817266200 ) ) ;
#4487 = CARTESIAN_POINT ( 'NONE',  ( 111.5797990241579200, 17.89438495864202100, 315.8847681054750200 ) ) ;
#4488 = CARTESIAN_POINT ( 'NONE',  ( 114.6114547870119900, -23.50157447529691300, 311.1165221225489900 ) ) ;
#4489 = CARTESIAN_POINT ( 'NONE',  ( 104.1801777559912800, -22.00157581873207100, 317.6815760792012500 ) ) ;
#4490 = ORIENTED_EDGE ( 'NONE', *, *, #1398, .T. ) ;
#4491 = CARTESIAN_POINT ( 'NONE',  ( 103.1773412418068700, 16.39438604078683800, 318.6849698033111100 ) ) ;
#4492 = CARTESIAN_POINT ( 'NONE',  ( 102.4526631745186900, 17.89438613411735800, 308.8568622319156700 ) ) ;
#4493 = CARTESIAN_POINT ( 'NONE',  ( 106.5114547870120000, -23.50157551848882400, 319.2165221225490100 ) ) ;
#4494 = CARTESIAN_POINT ( 'NONE',  ( 112.1467661780904900, -23.50157479272211300, 315.6167519857101500 ) ) ;
#4495 = DIRECTION ( 'NONE',  ( -1.880790961315659600E-037, 1.176836406102669400E-014, -1.000000000000000000 ) ) ;
#4496 = CARTESIAN_POINT ( 'NONE',  ( 108.1628882935354900, 16.39438539870282300, 318.2616309134695000 ) ) ;
#4497 = CARTESIAN_POINT ( 'NONE',  ( 100.3244847717897600, -23.50157631530333500, 311.1444995855123400 ) ) ;
#4498 = CARTESIAN_POINT ( 'NONE',  ( 114.0558127769706400, 17.89438463975844600, 311.2559736218547100 ) ) ;
#4499 = CARTESIAN_POINT ( 'NONE',  ( 111.0429619734915600, 17.89438502778079300, 316.6505231748383800 ) ) ;
#4500 = CARTESIAN_POINT ( 'NONE',  ( 106.7019701101811800, -23.50157549395254700, 308.8054458220831900 ) ) ;
#4501 = CARTESIAN_POINT ( 'NONE',  ( 112.7691199476009000, -22.00157471256973100, 318.7565755097180600 ) ) ;
#4502 = CARTESIAN_POINT ( 'NONE',  ( 106.5114545938283000, -22.00157551848881700, 305.2165221225490100 ) ) ;
#4503 = CARTESIAN_POINT ( 'NONE',  ( 101.3822113662398200, -23.50157617907971600, 316.1830238435241500 ) ) ;
#4504 = B_SPLINE_CURVE_WITH_KNOTS ( 'NONE', 1,
 ( #5787, #3505 ),
 .UNSPECIFIED., .F., .F.,
 ( 2, 2 ),
 ( 0.0000000000000000000, 1.000000000000000000 ),
 .UNSPECIFIED. ) ;
#4505 = CARTESIAN_POINT ( 'NONE',  ( 115.2818174980778300, 16.39438448186250200, 311.3411984247584900 ) ) ;
#4506 = EDGE_CURVE ( 'NONE', #3879, #919, #224, .T. ) ;
#4507 = CARTESIAN_POINT ( 'NONE',  ( 114.7576996772872100, 17.89438454936307100, 311.1165221225490400 ) ) ;
#4508 = CARTESIAN_POINT ( 'NONE',  ( 114.6114547870119900, -23.50157447529681300, 313.3165221225489700 ) ) ;
#4509 = CARTESIAN_POINT ( 'NONE',  ( 114.3231694042400500, -22.00157451242495600, 313.2883000975635400 ) ) ;
#4510 = DIRECTION ( 'NONE',  ( 0.9999999999999525900, -0.0000000000000000000, -3.079986399256918600E-007 ) ) ;
#4511 = CARTESIAN_POINT ( 'NONE',  ( 102.7679575018358000, -23.50157600061067600, 315.5663518045989200 ) ) ;
#4512 = CLOSED_SHELL ( 'NONE', ( #5897, #3573, #1734, #1699, #4952, #5495, #2238, #4982, #330, #4133, #4576, #3039, #2646, #3102, #2611, #4593, #4070, #1272, #2175, #2548, #1237, #268, #5021, #3106, #744, #831, #1222, #705, #2617, #3602, #4607, #802, #2142, #4641, #5959, #3576, #6020, #774, #4541, #1666, #2708, #4101, #738, #5589, #298, #2517, #2049, #1208, #3136, #4448, #3197, #235, #1205, #5930, #2675, #5559, #4417, #3633, #5050, #4513, #3167, #6052, #2182, #171, #4923, #136, #3664, #5115, #5525, #5988, #4037, #2208, #2730, #761, #613, #1759, #1301, #5084 ) ) ;
#4513 = ADVANCED_FACE ( 'NONE', ( #2246 ), #1339, .T. ) ;
#4514 = CARTESIAN_POINT ( 'NONE',  ( 113.8425994657249900, 17.89438466721795600, 308.2481191436330600 ) ) ;
#4515 = CARTESIAN_POINT ( 'NONE',  ( 103.4647640593148200, 17.89438600376993800, 318.5548016423863400 ) ) ;
#4516 = CARTESIAN_POINT ( 'NONE',  ( 99.78193767505123900, -22.00157638517751800, 312.9425341055039700 ) ) ;
#4517 = CARTESIAN_POINT ( 'NONE',  ( 113.6178812693736400, -23.50157460325848300, 315.9602069051126700 ) ) ;
#4518 = CARTESIAN_POINT ( 'NONE',  ( 107.6114544219011000, 16.39438546972155200, 324.0426434868389800 ) ) ;
#4519 = CARTESIAN_POINT ( 'NONE',  ( 112.9759081179081500, -22.00157468593751300, 305.7174089095737500 ) ) ;
#4520 = CARTESIAN_POINT ( 'NONE',  ( 109.3661649331922000, 16.39438524373389000, 309.1787088552081300 ) ) ;
#4521 = AXIS2_PLACEMENT_3D ( 'NONE', #3193, #3672, #1775 ) ;
#4522 = CARTESIAN_POINT ( 'NONE',  ( 110.9710981515245300, 16.39438503703593500, 307.0580870628996900 ) ) ;
#4523 = CARTESIAN_POINT ( 'NONE',  ( 110.9611638537583800, 16.39438503831547300, 317.0618827502679000 ) ) ;
#4524 = CARTESIAN_POINT ( 'NONE',  ( 111.1640705712171400, -23.50157491928263600, 317.9742895693569300 ) ) ;
#4525 = CARTESIAN_POINT ( 'NONE',  ( 101.0991015653279400, -23.50157621554112800, 313.2054943023320600 ) ) ;
#4526 = CARTESIAN_POINT ( 'NONE',  ( 110.4136268782766500, -23.50157501593158600, 314.3645753475897800 ) ) ;
#4527 = CARTESIAN_POINT ( 'NONE',  ( 102.5554569423809000, -22.00157602797846200, 318.7661873771206700 ) ) ;
#4528 = CARTESIAN_POINT ( 'NONE',  ( 115.4409717057943800, 17.89438446136519500, 312.9425341055060700 ) ) ;
#4529 = CARTESIAN_POINT ( 'NONE',  ( 77.61368816194959700, 2.146152726458169900, 315.5662699092013700 ) ) ;
#4530 = VERTEX_POINT ( 'NONE', #112 ) ;
#4531 = CARTESIAN_POINT ( 'NONE',  ( 112.9771520837308100, -22.00157468577742000, 315.6172179939922000 ) ) ;
#4532 = CARTESIAN_POINT ( 'NONE',  ( 104.0595690800340500, -22.00157583426516100, 317.9722055790105100 ) ) ;
#4533 = DIRECTION ( 'NONE',  ( -1.000000000000000000, -1.589300665533850100E-015, 0.0000000000000000000 ) ) ;
#4534 = CARTESIAN_POINT ( 'NONE',  ( 102.8718629192332500, 17.89438608012901000, 308.8566388824631300 ) ) ;
#4535 = VERTEX_POINT ( 'NONE', #1223 ) ;
#4536 = CARTESIAN_POINT ( 'NONE',  ( 111.1629720882299900, -23.50157491942410100, 317.9716375582088400 ) ) ;
#4537 = CARTESIAN_POINT ( 'NONE',  ( 112.8417173466811400, 16.39438479612080400, 322.8516040363638200 ) ) ;
#4538 = CARTESIAN_POINT ( 'NONE',  ( 113.5370387067158200, -22.00157461366998400, 305.9939227706890400 ) ) ;
#4539 = CARTESIAN_POINT ( 'NONE',  ( 112.9759081179213100, 16.39438477883844700, 318.7156353355561000 ) ) ;
#4540 = VERTEX_POINT ( 'NONE', #3132 ) ;
#4541 = ADVANCED_FACE ( 'NONE', ( #4015 ), #1250, .T. ) ;
#4542 = CARTESIAN_POINT ( 'NONE',  ( 111.1633401076205700, 16.39438501227739300, 317.9722055790035700 ) ) ;
#4543 = CARTESIAN_POINT ( 'NONE',  ( 103.4647638661311900, 16.39438600376994900, 318.5548016423863400 ) ) ;
#4544 = CARTESIAN_POINT ( 'NONE',  ( 101.4865913270395300, -23.50157616563664600, 311.5459367771771900 ) ) ;
#4545 = LINE ( 'NONE', #2658, #5742 ) ;
#4546 = DIRECTION ( 'NONE',  ( 3.079986005821904200E-007, 1.650697807609284000E-013, 0.9999999999999524800 ) ) ;
#4547 = CARTESIAN_POINT ( 'NONE',  ( 111.0223995544564600, 17.89438503042893600, 311.3052069382032400 ) ) ;
#4548 = ORIENTED_EDGE ( 'NONE', *, *, #1905, .T. ) ;
#4549 = FACE_OUTER_BOUND ( 'NONE', #3413, .T. ) ;
#4550 = CARTESIAN_POINT ( 'NONE',  ( 113.5400403584270400, -22.00157461328338500, 311.9274321908898700 ) ) ;
#4551 = CARTESIAN_POINT ( 'NONE',  ( 99.53946195689340500, 17.89438650930589600, 312.5042335009337600 ) ) ;
#4552 = CARTESIAN_POINT ( 'NONE',  ( 101.3822111730561200, -22.00157617907972700, 316.1830238435241500 ) ) ;
#4553 = CARTESIAN_POINT ( 'NONE',  ( 101.7115914378659900, -23.50157613665909300, 312.0710380807958000 ) ) ;
#4554 = EDGE_LOOP ( 'NONE', ( #5292, #1310, #4446, #3407 ) ) ;
#4555 = EDGE_CURVE ( 'NONE', #459, #3537, #5151, .T. ) ;
#4556 = CARTESIAN_POINT ( 'NONE',  ( 101.3383075822954300, 16.39438627763420800, 311.3878123196203100 ) ) ;
#4557 = CARTESIAN_POINT ( 'NONE',  ( 99.51158973839950800, -22.00157641999537000, 312.0723678475546900 ) ) ;
#4558 = EDGE_CURVE ( 'NONE', #242, #1113, #1415, .T. ) ;
#4559 = CARTESIAN_POINT ( 'NONE',  ( 110.9714228277526500, -23.50157494409355900, 316.9557570002456300 ) ) ;
#4560 = CARTESIAN_POINT ( 'NONE',  ( 116.5223559676759600, 16.39438432209454200, 304.4029392641925800 ) ) ;
#4561 = CARTESIAN_POINT ( 'NONE',  ( 106.8854426108695700, -22.00157547032330600, 318.3870052037592600 ) ) ;
#4562 = CARTESIAN_POINT ( 'NONE',  ( 112.3521579179739300, 16.39438485917066000, 318.7563571685190000 ) ) ;
#4563 = CARTESIAN_POINT ( 'NONE',  ( 111.0424557392742000, 16.39438502784585300, 306.7523626619833400 ) ) ;
#4564 = CARTESIAN_POINT ( 'NONE',  ( 105.4776876481811700, -23.50157565162676600, 309.4319897493817300 ) ) ;
#4565 = CARTESIAN_POINT ( 'NONE',  ( 104.1804534483712500, 16.39438591159693800, 317.6806815831142200 ) ) ;
#4566 = CARTESIAN_POINT ( 'NONE',  ( 103.7930779754213800, 16.39438596148666600, 318.2976404407530100 ) ) ;
#4567 = CARTESIAN_POINT ( 'NONE',  ( 101.7113196424401300, -23.50157613669409800, 312.3606763975407700 ) ) ;
#4568 = CARTESIAN_POINT ( 'NONE',  ( 113.7657616063383600, 16.39438467711380900, 306.2084456854349800 ) ) ;
#4569 = ORIENTED_EDGE ( 'NONE', *, *, #5963, .T. ) ;
#4570 = AXIS2_PLACEMENT_3D ( 'NONE', #5597, #5097, #4606 ) ;
#4571 = CARTESIAN_POINT ( 'NONE',  ( 113.5461976083172000, -23.50157461249046900, 312.5018187477706400 ) ) ;
#4572 = ORIENTED_EDGE ( 'NONE', *, *, #3072, .T. ) ;
#4573 = CARTESIAN_POINT ( 'NONE',  ( 113.5113875970134700, -22.00157461697353900, 312.2877794604566500 ) ) ;
#4574 = CARTESIAN_POINT ( 'NONE',  ( 111.2790835973607100, -22.00157490447020000, 318.1468928258775000 ) ) ;
#4575 = CARTESIAN_POINT ( 'NONE',  ( 104.2616688722057300, -22.00157580823689700, 317.2707861098248300 ) ) ;
#4576 = ADVANCED_FACE ( 'NONE', ( #2756 ), #1424, .T. ) ;
#4577 = CARTESIAN_POINT ( 'NONE',  ( 101.1669070238753500, 17.89438629970873200, 311.2556124669778200 ) ) ;
#4578 = CARTESIAN_POINT ( 'NONE',  ( 113.5182551449503600, 16.39438470899008800, 312.0723378798640500 ) ) ;
#4579 = CARTESIAN_POINT ( 'NONE',  ( 101.6810473115692700, 16.39438623349303400, 308.5488565400868300 ) ) ;
#4580 = CARTESIAN_POINT ( 'NONE',  ( 106.5114547870120000, 17.89438561138928200, 305.2165221225490700 ) ) ;
#4581 = CARTESIAN_POINT ( 'NONE',  ( 104.1801777559912800, -22.00157581873207100, 317.6815760792012500 ) ) ;
#4582 = CARTESIAN_POINT ( 'NONE',  ( 113.8331334164630600, -22.00157457553621000, 306.2899912482150200 ) ) ;
#4583 = CARTESIAN_POINT ( 'NONE',  ( 113.6925729120333400, 16.39438468653981600, 316.0348987409559500 ) ) ;
#4584 = FACE_BOUND ( 'NONE', #4323, .T. ) ;
#4585 = DIRECTION ( 'NONE',  ( 1.000000000000000000, -0.0000000000000000000, -0.0000000000000000000 ) ) ;
#4586 = EDGE_LOOP ( 'NONE', ( #1264, #2925 ) ) ;
#4587 = CARTESIAN_POINT ( 'NONE',  ( 106.4857486587469300, -23.50157552179943500, 308.8947056088395600 ) ) ;
#4588 = CARTESIAN_POINT ( 'NONE',  ( 111.0122621105178800, -23.50157493883378700, 306.8511258211196400 ) ) ;
#4589 = PRODUCT ( 'HX-35H直U支架', 'HX-35H直U支架', '', ( #2850 ) ) ;
#4590 = CARTESIAN_POINT ( 'NONE',  ( 100.3236824214801900, -22.00157631540664800, 311.1448315593538000 ) ) ;
#4591 = CARTESIAN_POINT ( 'NONE',  ( 114.1101422069315100, 16.39438463276145800, 316.7506207577246800 ) ) ;
#4592 = EDGE_CURVE ( 'NONE', #4248, #2190, #1885, .T. ) ;
#4593 = ADVANCED_FACE ( 'NONE', ( #3720 ), #148, .F. ) ;
#4594 = CARTESIAN_POINT ( 'NONE',  ( 113.9356930392718100, -23.50157456232762600, 313.0966053090509700 ) ) ;
#4595 = CARTESIAN_POINT ( 'NONE',  ( 119.4368323875752200, -22.00157385384078900, 311.4310948995760100 ) ) ;
#4596 = CARTESIAN_POINT ( 'NONE',  ( 114.8283631956864500, 17.89438454026229400, 302.8155446156357600 ) ) ;
#4597 = FACE_BOUND ( 'NONE', #5660, .T. ) ;
#4598 = CARTESIAN_POINT ( 'NONE',  ( 101.2861128205111400, 17.89438628435635400, 313.0977048477474800 ) ) ;
#4599 = CARTESIAN_POINT ( 'NONE',  ( 115.4907282350183100, -22.00157436205603300, 312.8930180149388300 ) ) ;
#4600 = CARTESIAN_POINT ( 'NONE',  ( 109.3663694764786200, -22.00157515080680800, 309.1786126824677600 ) ) ;
#4601 = CARTESIAN_POINT ( 'NONE',  ( 113.6925729120332800, -22.00157459363899900, 316.0348987409560100 ) ) ;
#4602 = CARTESIAN_POINT ( 'NONE',  ( 110.6809603183692600, 16.39438507440244300, 300.7693779900357100 ) ) ;
#4603 = CARTESIAN_POINT ( 'NONE',  ( 107.1245173165699200, -22.00157543953305300, 318.2272058295043300 ) ) ;
#4604 = CARTESIAN_POINT ( 'NONE',  ( 111.4298312122363700, 16.39438497795626000, 318.2976404407529600 ) ) ;
#4605 = ORIENTED_EDGE ( 'NONE', *, *, #78, .F. ) ;
#4606 = DIRECTION ( 'NONE',  ( 0.0000000000000000000, 0.0000000000000000000, 1.000000000000000000 ) ) ;
#4607 = ADVANCED_FACE ( 'NONE', ( #2307 ), #2833, .F. ) ;
#4608 = CC_DESIGN_PERSON_AND_ORGANIZATION_ASSIGNMENT ( #1274, #5266, ( #4589 ) ) ;
#4609 = CARTESIAN_POINT ( 'NONE',  ( 104.1114547870685400, -23.50157582758259900, 311.9855665674754200 ) ) ;
#4610 = CARTESIAN_POINT ( 'NONE',  ( 101.3893262384870000, 16.39438627106364200, 318.1424388994795400 ) ) ;
#4611 = CARTESIAN_POINT ( 'NONE',  ( 106.5114545938283200, -22.00157551848898400, 319.2165221225490100 ) ) ;
#4612 = CARTESIAN_POINT ( 'NONE',  ( 103.6423671326585100, -23.50157588799625300, 318.4483514766994900 ) ) ;
#4613 = ORIENTED_EDGE ( 'NONE', *, *, #5871, .T. ) ;
#4614 = DATE_AND_TIME ( #3189, #816 ) ;
#4615 = CARTESIAN_POINT ( 'NONE',  ( 104.1114547870110000, 17.89438592048318800, 312.2165221217624100 ) ) ;
#4616 = CARTESIAN_POINT ( 'NONE',  ( 108.4401630725604700, 17.89438536299272900, 305.9433811860969300 ) ) ;
#4617 = CARTESIAN_POINT ( 'NONE',  ( 119.3625521260340600, -22.00157386340731600, 313.7549302663352400 ) ) ;
#4618 = CARTESIAN_POINT ( 'NONE',  ( 119.4190053788908000, 17.89438394903782000, 311.4473442410919100 ) ) ;
#4619 = ORIENTED_EDGE ( 'NONE', *, *, #1682, .T. ) ;
#4620 = CARTESIAN_POINT ( 'NONE',  ( 107.0576451092148600, -23.50157544814552300, 320.1778612733106100 ) ) ;
#4621 = FACE_OUTER_BOUND ( 'NONE', #131, .T. ) ;
#4622 = CARTESIAN_POINT ( 'NONE',  ( 76.11368741132871200, -2.803594741849297500, 312.2165224408954000 ) ) ;
#4623 = CARTESIAN_POINT ( 'NONE',  ( 101.9535612573874900, 16.39438619839632600, 318.6053843709276500 ) ) ;
#4624 = CARTESIAN_POINT ( 'NONE',  ( 108.0983920642734000, 17.89438540700908600, 304.2272058294910800 ) ) ;
#4625 = VERTEX_POINT ( 'NONE', #2350 ) ;
#4626 = CARTESIAN_POINT ( 'NONE',  ( 118.8366834652045300, -23.50157393113351000, 316.0180102021235500 ) ) ;
#4627 = CARTESIAN_POINT ( 'NONE',  ( 114.0794423439666800, 16.39438463671526900, 317.6820160068776300 ) ) ;
#4628 = CIRCLE ( 'NONE', #177, 1.599999999999934800 ) ;
#4629 = CARTESIAN_POINT ( 'NONE',  ( 76.11368816194959700, 15.64438923651438900, 324.0426433693249900 ) ) ;
#4630 = CARTESIAN_POINT ( 'NONE',  ( 113.5418618760882800, 16.39438470594975400, 315.8841877050107900 ) ) ;
#4631 = CARTESIAN_POINT ( 'NONE',  ( 110.9709698428445400, -22.00157494415178800, 307.4750311894960100 ) ) ;
#4632 = DIRECTION ( 'NONE',  ( 0.9999999999999525900, -0.0000000000000000000, -3.079986754528468600E-007 ) ) ;
#4633 = ORIENTED_EDGE ( 'NONE', *, *, #1727, .T. ) ;
#4634 = CARTESIAN_POINT ( 'NONE',  ( 104.2224577027840800, -22.00157581328680200, 313.1221134856135100 ) ) ;
#4635 = ORIENTED_EDGE ( 'NONE', *, *, #1199, .F. ) ;
#4636 = CARTESIAN_POINT ( 'NONE',  ( 108.7114547870129700, 17.89438532805331100, 305.3604824585334000 ) ) ;
#4637 = CARTESIAN_POINT ( 'NONE',  ( 109.1509135784605300, -22.00157517855513900, 300.4658582369840500 ) ) ;
#4638 = CARTESIAN_POINT ( 'NONE',  ( 101.3897757711865500, -22.00157617810550500, 318.1430529968838000 ) ) ;
#4639 = CARTESIAN_POINT ( 'NONE',  ( 104.1799474073599000, -22.00157581876172600, 316.6505231748298000 ) ) ;
#4640 = EDGE_CURVE ( 'NONE', #367, #1724, #3205, .T. ) ;
#4641 = ADVANCED_FACE ( 'NONE', ( #2086 ), #3455, .T. ) ;
#4642 = CARTESIAN_POINT ( 'NONE',  ( 108.2820401323861700, -23.50157529045678500, 320.0916586625734200 ) ) ;
#4643 = CARTESIAN_POINT ( 'NONE',  ( 117.8706264597847600, 17.89438414845218600, 318.1498724103380500 ) ) ;
#4644 = VERTEX_POINT ( 'NONE', #437 ) ;
#4645 = AXIS2_PLACEMENT_3D ( 'NONE', #4776, #2487, #502 ) ;
#4646 = CARTESIAN_POINT ( 'NONE',  ( 101.6049649280350700, 17.89438624329174100, 318.3721201830231300 ) ) ;
#4647 = CARTESIAN_POINT ( 'NONE',  ( 112.1467659849067900, -22.00157479272212800, 315.6167519857101500 ) ) ;
#4648 = CARTESIAN_POINT ( 'NONE',  ( 111.4206337081643200, -23.50157488624016400, 323.4392743286348400 ) ) ;
#4649 = CARTESIAN_POINT ( 'NONE',  ( 106.5393450868747900, 17.89438560779748100, 319.5040099607127800 ) ) ;
#4650 = CARTESIAN_POINT ( 'NONE',  ( 108.7114547870120000, 17.89438532805347000, 319.2165221225490100 ) ) ;
#4651 = DIRECTION ( 'NONE',  ( 3.079986266030114900E-007, 0.0000000000000000000, 0.9999999999999525900 ) ) ;
#4652 = CARTESIAN_POINT ( 'NONE',  ( 111.3557649822979600, -22.00157489459435200, 308.3239988570799700 ) ) ;
#4653 = CARTESIAN_POINT ( 'NONE',  ( 114.1611245465368400, -23.50157453329455500, 307.4790886692521800 ) ) ;
#4654 = CARTESIAN_POINT ( 'NONE',  ( 114.1205469654361800, 17.89438463142145300, 316.7494569565297400 ) ) ;
#4655 = CYLINDRICAL_SURFACE ( 'NONE', #5715, 1.099999999999989900 ) ;
#4656 = CARTESIAN_POINT ( 'NONE',  ( 115.1662992524928600, -22.00157440383894100, 311.2556418967117800 ) ) ;
#4657 = CARTESIAN_POINT ( 'NONE',  ( 110.6616048742526000, -22.00157498399453400, 300.7644864900992700 ) ) ;
#4658 = CARTESIAN_POINT ( 'NONE',  ( 102.5554569423809000, -22.00157602797846200, 318.7661873771206700 ) ) ;
#4659 = VERTEX_POINT ( 'NONE', #3934 ) ;
#4660 = CARTESIAN_POINT ( 'NONE',  ( 107.4673003188394300, -22.00157539538638900, 320.3163869779821200 ) ) ;
#4661 = CARTESIAN_POINT ( 'NONE',  ( 119.0414062139863800, 17.89438399766844200, 309.1560281281883200 ) ) ;
#4662 = CARTESIAN_POINT ( 'NONE',  ( 103.0776573402981700, 17.89438605362505200, 318.7153211877214900 ) ) ;
#4663 = ORIENTED_EDGE ( 'NONE', *, *, #2316, .T. ) ;
#4664 = CARTESIAN_POINT ( 'NONE',  ( 106.5397640306351700, 16.39438560774334500, 304.9287499502015600 ) ) ;
#4665 = CARTESIAN_POINT ( 'NONE',  ( 112.0457794725185600, 16.39438489862875100, 308.7854110804364000 ) ) ;
#4666 = CARTESIAN_POINT ( 'NONE',  ( 101.0616689171464500, 16.39438631326217800, 307.1623878136526300 ) ) ;
#4667 = DIRECTION ( 'NONE',  ( 1.000000000000000000, -0.0000000000000000000, -0.0000000000000000000 ) ) ;
#4668 = CARTESIAN_POINT ( 'NONE',  ( 111.0427314316603700, -22.00157493490965500, 306.7514681659025700 ) ) ;
#4669 = DIRECTION ( 'NONE',  ( -0.9999999999999916700, -1.287891253920479600E-007, -0.0000000000000000000 ) ) ;
#4670 = CARTESIAN_POINT ( 'NONE',  ( 108.5191717839055500, 17.89438535281733400, 308.8280201042804300 ) ) ;
#4671 = CARTESIAN_POINT ( 'NONE',  ( 111.1721577817706900, -23.50157491824097300, 308.0683273150570500 ) ) ;
#4672 = CARTESIAN_POINT ( 'NONE',  ( 113.9581925667712000, -23.50157455942998300, 306.4586443386831400 ) ) ;
#4673 = EDGE_CURVE ( 'NONE', #3421, #1664, #2851, .T. ) ;
#4674 = CARTESIAN_POINT ( 'NONE',  ( 114.6114545938283100, -22.00157447529686600, 313.3165221225489700 ) ) ;
#4675 = ORIENTED_EDGE ( 'NONE', *, *, #2870, .T. ) ;
#4676 = CARTESIAN_POINT ( 'NONE',  ( 101.8597822358986800, -22.00157611757379100, 318.5555116246640600 ) ) ;
#4677 = EDGE_CURVE ( 'NONE', #1888, #1334, #1040, .T. ) ;
#4678 = CARTESIAN_POINT ( 'NONE',  ( 106.6224824140486900, -22.00157550418979100, 319.7041689008620400 ) ) ;
#4679 = DIRECTION ( 'NONE',  ( 0.0000000000000000000, 0.0000000000000000000, 1.000000000000000000 ) ) ;
#4680 = VERTEX_POINT ( 'NONE', #3036 ) ;
#4681 = CARTESIAN_POINT ( 'NONE',  ( 115.1623094108667700, 16.39438449725383500, 311.2612819591798800 ) ) ;
#4682 = CARTESIAN_POINT ( 'NONE',  ( 101.4562700456804300, 16.39438626244186300, 306.2095504514012400 ) ) ;
#4683 = CARTESIAN_POINT ( 'NONE',  ( 107.4672703511432400, -22.00157539539013400, 304.1233226736673600 ) ) ;
#4684 = DIRECTION ( 'NONE',  ( 0.0000000000000000000, 0.0000000000000000000, 1.000000000000000000 ) ) ;
#4685 = CARTESIAN_POINT ( 'NONE',  ( 104.1114547870119900, -23.50157582758272000, 312.2165221217624100 ) ) ;
#4686 = CARTESIAN_POINT ( 'NONE',  ( 101.0719278911453100, -23.50157621904073200, 307.0562620636292800 ) ) ;
#4687 = ORIENTED_EDGE ( 'NONE', *, *, #1394, .F. ) ;
#4688 = CARTESIAN_POINT ( 'NONE',  ( 104.1340397234549800, -22.00157582467394900, 311.7537542954553400 ) ) ;
#4689 = CARTESIAN_POINT ( 'NONE',  ( 110.7564309315121400, 17.89438506468287900, 310.6632485924754400 ) ) ;
#4690 = CARTESIAN_POINT ( 'NONE',  ( 110.9714126952798400, -22.00157494409473500, 307.0561814689484100 ) ) ;
#4691 = CARTESIAN_POINT ( 'NONE',  ( 101.6557691796253700, -22.00157614384837100, 311.8627237994530200 ) ) ;
#4692 = CARTESIAN_POINT ( 'NONE',  ( 101.8586503849164600, 16.39438621061977500, 315.7777375393226900 ) ) ;
#4693 = CARTESIAN_POINT ( 'NONE',  ( 113.9583930221661800, 17.89438465230510600, 316.3587162486163600 ) ) ;
#4694 = ORIENTED_EDGE ( 'NONE', *, *, #201, .F. ) ;
#4695 = LINE ( 'NONE', #5443, #3268 ) ;
#4696 = CARTESIAN_POINT ( 'NONE',  ( 106.5397640306333800, -22.00157551484301900, 319.5042942948985600 ) ) ;
#4697 = CARTESIAN_POINT ( 'NONE',  ( 114.8997399766017200, -23.50157443816889100, 311.1447441475613700 ) ) ;
#4698 = CARTESIAN_POINT ( 'NONE',  ( 109.1609623767452700, 16.39438527016173800, 309.0696579324661600 ) ) ;
#4699 = ORIENTED_EDGE ( 'NONE', *, *, #3509, .T. ) ;
#4700 = CARTESIAN_POINT ( 'NONE',  ( 110.6621364563962700, 16.39438507682702800, 323.6490997277740600 ) ) ;
#4701 = LINE ( 'NONE', #1227, #906 ) ;
#4702 = CARTESIAN_POINT ( 'NONE',  ( 113.3631269517704700, 16.39438472896889500, 318.5555116246727600 ) ) ;
#4703 = CARTESIAN_POINT ( 'NONE',  ( 101.6858704809365700, 16.39438623287183100, 305.9939227706945000 ) ) ;
#4704 = CARTESIAN_POINT ( 'NONE',  ( 106.5396766188376600, -22.00157551485413200, 304.9282369329603700 ) ) ;
#4705 = CARTESIAN_POINT ( 'NONE',  ( 116.5157718896595600, -23.50157423004155200, 304.3951863945265500 ) ) ;
#4706 = EDGE_LOOP ( 'NONE', ( #1845, #4572, #1587, #5958 ) ) ;
#4707 = CARTESIAN_POINT ( 'NONE',  ( 108.5666947571990900, 16.39438534669697800, 319.7673769395830700 ) ) ;
#4708 = CARTESIAN_POINT ( 'NONE',  ( 101.6853356334793700, -23.50157614004048800, 305.9943180184066600 ) ) ;
#4709 = CARTESIAN_POINT ( 'NONE',  ( 112.6659514861498100, -22.00157472585657100, 308.8668560412775200 ) ) ;
#4710 = CARTESIAN_POINT ( 'NONE',  ( 104.1114545938273900, 16.39438592048323400, 312.2165221216940300 ) ) ;
#4711 = CARTESIAN_POINT ( 'NONE',  ( 112.3496909019987600, -23.50157476658748800, 305.6666104881817900 ) ) ;
#4712 = EDGE_CURVE ( 'NONE', #503, #5747, #2615, .T. ) ;
#4713 = CARTESIAN_POINT ( 'NONE',  ( 106.7025800907882500, -22.00157549387397900, 315.6048110406624700 ) ) ;
#4714 = CARTESIAN_POINT ( 'NONE',  ( 107.3261579686050000, 16.39438550646441000, 306.2817793012468400 ) ) ;
#4715 = CARTESIAN_POINT ( 'NONE',  ( 99.51824955415418100, 17.89438651203780500, 312.0723377235598300 ) ) ;
#4716 = ORIENTED_EDGE ( 'NONE', *, *, #2992, .F. ) ;
#4717 = CARTESIAN_POINT ( 'NONE',  ( 104.0503111018755400, -22.00157583545737700, 308.0689183000330900 ) ) ;
#4718 = B_SPLINE_CURVE_WITH_KNOTS ( 'NONE', 3,
 ( #279, #1171, #768, #5054, #4591, #5541, #2680, #2133, #2616, #4108, #303, #3626, #785, #238, #719, #3714, #5649, #4702, #4249, #2783, #6137, #1837, #5685, #3235, #1404, #949, #4738, #2800, #6118, #4758 ),
 .UNSPECIFIED., .F., .F.,
 ( 4, 2, 2, 2, 2, 2, 2, 2, 2, 2, 2, 2, 2, 2, 4 ),
 ( 0.0000000000000000000, 0.1250000000000000300, 0.1875000000000000300, 0.2500000000000000600, 0.3125000000000000600, 0.3750000000000000600, 0.4375000000000000600, 0.5000000000000001100, 0.5625000000000000000, 0.6250000000000001100, 0.6875000000000001100, 0.7500000000000001100, 0.8125000000000001100, 0.8750000000000001100, 1.000000000000000000 ),
 .UNSPECIFIED. ) ;
#4719 = CARTESIAN_POINT ( 'NONE',  ( 111.7673579727403800, 17.89438493448657400, 323.2950958947356000 ) ) ;
#4720 = ORIENTED_EDGE ( 'NONE', *, *, #1124, .F. ) ;
#4721 = CARTESIAN_POINT ( 'NONE',  ( 103.7930781686050400, 17.89438596148651000, 306.1354038043440400 ) ) ;
#4722 = CARTESIAN_POINT ( 'NONE',  ( 108.3374665767857600, 16.39438537621888500, 304.3870052037730700 ) ) ;
#4723 = CARTESIAN_POINT ( 'NONE',  ( 105.3014026880094600, -22.00157567433038600, 309.5770659133532400 ) ) ;
#4724 = AXIS2_PLACEMENT_3D ( 'NONE', #1796, #5142, #2281 ) ;
#4725 = CARTESIAN_POINT ( 'NONE',  ( 104.1114547869558900, -23.50157582758265600, 312.4476334050226600 ) ) ;
#4726 = CARTESIAN_POINT ( 'NONE',  ( 108.7114545938283800, 16.39438532805348500, 319.3604824585329400 ) ) ;
#4727 = CARTESIAN_POINT ( 'NONE',  ( 111.2790835973619900, 16.39438499737076400, 306.2861514192193200 ) ) ;
#4728 = CARTESIAN_POINT ( 'NONE',  ( 105.3014026880094600, -22.00157567433038600, 309.5770659133532400 ) ) ;
#4729 = CARTESIAN_POINT ( 'NONE',  ( 105.8565399058722700, 17.89438569573526300, 309.1786126815669000 ) ) ;
#4730 = PERSON_AND_ORGANIZATION_ROLE ( 'classification_officer' ) ;
#4731 = CARTESIAN_POINT ( 'NONE',  ( 112.3496909018714500, 17.89438485948839700, 318.7664337568749000 ) ) ;
#4732 = ORIENTED_EDGE ( 'NONE', *, *, #4221, .F. ) ;
#4733 = CARTESIAN_POINT ( 'NONE',  ( 108.6831451570275400, 16.39438533169927600, 305.5042942948988400 ) ) ;
#4734 = CARTESIAN_POINT ( 'NONE',  ( 99.65011070604767000, 17.89438649505553500, 312.7703319284168500 ) ) ;
#4735 = CARTESIAN_POINT ( 'NONE',  ( 102.2457571039314100, -22.00157606786431000, 308.8158262511139500 ) ) ;
#4736 = CARTESIAN_POINT ( 'NONE',  ( 117.8706262666011400, 16.39438414845220000, 318.1498724103380500 ) ) ;
#4737 = CIRCLE ( 'NONE', #1559, 1.599999999999990300 ) ;
#4738 = CARTESIAN_POINT ( 'NONE',  ( 112.0464398911749700, 16.39438489854380200, 318.6851791275701100 ) ) ;
#4739 = CARTESIAN_POINT ( 'NONE',  ( 101.3822113662406000, 17.89438627197984700, 308.2500204015736900 ) ) ;
#4740 = CARTESIAN_POINT ( 'NONE',  ( 106.9364881641931500, -23.50157546374914500, 306.0973270646273900 ) ) ;
#4741 = CARTESIAN_POINT ( 'NONE',  ( 104.2514964923733100, 16.39438590244723300, 307.0561814689380600 ) ) ;
#4742 = CARTESIAN_POINT ( 'NONE',  ( 101.5303362756243600, 16.39438625290305800, 316.0348987409560100 ) ) ;
#4743 = CARTESIAN_POINT ( 'NONE',  ( 101.1016904609264600, 17.89438630810797900, 316.7514949348062000 ) ) ;
#4744 = CARTESIAN_POINT ( 'NONE',  ( 111.0893497964337800, -22.00157492890567200, 311.7580540075921400 ) ) ;
#4745 = CARTESIAN_POINT ( 'NONE',  ( 104.4655846652641700, 17.89438587487519800, 310.6649645484095000 ) ) ;
#4746 = APPROVAL_ROLE ( '' ) ;
#4747 = CARTESIAN_POINT ( 'NONE',  ( 101.5303364688080000, -23.50157616000280600, 316.0348987409560100 ) ) ;
#4748 = ORIENTED_EDGE ( 'NONE', *, *, #1727, .F. ) ;
#4749 = EDGE_CURVE ( 'NONE', #1284, #1178, #6109, .T. ) ;
#4750 = CARTESIAN_POINT ( 'NONE',  ( 108.7114545938283400, -22.00157523515290900, 319.2165221225490100 ) ) ;
#4751 = CARTESIAN_POINT ( 'NONE',  ( 113.8406982077822100, -23.50157457456199200, 308.2500204015758000 ) ) ;
#4752 = CARTESIAN_POINT ( 'NONE',  ( 99.78193181048787600, 17.89438647807841300, 311.4905094452294100 ) ) ;
#4753 = ORIENTED_EDGE ( 'NONE', *, *, #1249, .F. ) ;
#4754 = CARTESIAN_POINT ( 'NONE',  ( 118.8361458089751200, -23.50157393120275600, 316.0193111161626100 ) ) ;
#4755 = APPROVAL_DATE_TIME ( #293, #3206 ) ;
#4756 = B_SPLINE_CURVE_WITH_KNOTS ( 'NONE', 3,
 ( #5255, #1026, #2961, #4800, #1981, #1481, #5319, #2465, #5802, #4392, #1087, #5884, #3973, #2087, #676, #5426, #123, #4436, #590, #3994, #5405, #1148, #1105, #2569 ),
 .UNSPECIFIED., .F., .F.,
 ( 4, 2, 2, 2, 2, 2, 2, 2, 2, 2, 2, 4 ),
 ( 0.0000000000000000000, 0.1250000000000000000, 0.1874999999999999700, 0.2500000000000000000, 0.3749999999999999400, 0.5000000000000000000, 0.5625000000000000000, 0.6250000000000000000, 0.6875000000000000000, 0.7499999999999998900, 0.8750000000000000000, 1.000000000000000000 ),
 .UNSPECIFIED. ) ;
#4757 = CARTESIAN_POINT ( 'NONE',  ( 109.1610783871122700, 16.39438527014663500, 300.4668451439612200 ) ) ;
#4758 = CARTESIAN_POINT ( 'NONE',  ( 111.4298312122363700, 16.39438497795626000, 318.2976404407530100 ) ) ;
#4759 = CARTESIAN_POINT ( 'NONE',  ( 101.0719177586739500, 16.39438631194226300, 307.4773678395457100 ) ) ;
#4760 = CARTESIAN_POINT ( 'NONE',  ( 107.4673003188337100, 16.39438548828678300, 304.1166572671232300 ) ) ;
#4761 = VERTEX_POINT ( 'NONE', #170 ) ;
#4762 = CARTESIAN_POINT ( 'NONE',  ( 111.2817061096713300, 16.39438499703315300, 318.1495153381880000 ) ) ;
#4763 = CARTESIAN_POINT ( 'NONE',  ( 108.4924298065233200, -23.50157526336076300, 304.5419992191128200 ) ) ;
#4764 = FACE_BOUND ( 'NONE', #4242, .T. ) ;
#4765 = CARTESIAN_POINT ( 'NONE',  ( 111.1236699686522200, 16.39438501738636900, 307.9769012058486600 ) ) ;
#4766 = AXIS2_PLACEMENT_3D ( 'NONE', #5617, #2747, #3183 ) ;
#4767 = CARTESIAN_POINT ( 'NONE',  ( 113.9410916895750200, 16.39438465453337900, 313.0918458203563000 ) ) ;
#4768 = ORIENTED_EDGE ( 'NONE', *, *, #2320, .F. ) ;
#4769 = B_SPLINE_CURVE_WITH_KNOTS ( 'NONE', 3,
 ( #2282, #4192, #4266, #6171, #5664, #6154, #4735, #3335, #1461, #6134, #5238, #2817, #3298, #4777, #2836, #504, #2798, #6196, #3811, #4717, #3315, #3771, #4226, #1873, #928, #2859, #481, #1423, #1855, #967, #461, #3789 ),
 .UNSPECIFIED., .F., .F.,
 ( 4, 2, 2, 2, 2, 2, 2, 2, 2, 2, 2, 2, 2, 2, 2, 4 ),
 ( 0.0000000000000000000, 0.06250000000000000000, 0.1250000000000000000, 0.1875000000000000000, 0.2500000000000000000, 0.3125000000000000600, 0.3750000000000000000, 0.4375000000000000000, 0.5000000000000000000, 0.5625000000000000000, 0.6250000000000001100, 0.6875000000000000000, 0.7500000000000000000, 0.8125000000000000000, 0.8750000000000000000, 1.000000000000000000 ),
 .UNSPECIFIED. ) ;
#4770 = CIRCLE ( 'NONE', #862, 1.599999999999990300 ) ;
#4771 = B_SPLINE_CURVE_WITH_KNOTS ( 'NONE', 3,
 ( #4377, #6022, #347, #5415, #332, #3658, #4556, #3159, #3676, #4154, #1251, #1312, #794, #5528, #1293, #4116, #5088, #1593, #4931, #4135, #2071, #2253, #5571, #2669 ),
 .UNSPECIFIED., .F., .F.,
 ( 4, 2, 2, 2, 2, 2, 2, 2, 2, 2, 2, 4 ),
 ( 0.0000000000000000000, 0.1249999903103437000, 0.1874999854655155500, 0.2499999806206873700, 0.3749999709310311000, 0.4999999612413748000, 0.5624999563965466000, 0.6249999515517185000, 0.6874999467068903000, 0.7499999418620622000, 0.8749999321724059000, 0.9999999224827494900 ),
 .UNSPECIFIED. ) ;
#4772 = DIRECTION ( 'NONE',  ( -0.9999999999999525900, -1.071904469946629500E-012, 3.079986267298958600E-007 ) ) ;
#4773 = ORIENTED_EDGE ( 'NONE', *, *, #1044, .F. ) ;
#4774 = CARTESIAN_POINT ( 'NONE',  ( 108.4915377803260400, -22.00157526347579300, 319.8922838702952200 ) ) ;
#4775 = CARTESIAN_POINT ( 'NONE',  ( 108.5191715907219200, 16.39438535281734500, 308.8280201042804300 ) ) ;
#4776 = CARTESIAN_POINT ( 'NONE',  ( 78.36368816194959700, 15.64438923651411500, 300.3904008642169900 ) ) ;
#4777 = CARTESIAN_POINT ( 'NONE',  ( 103.3698529936601500, -22.00157592309298200, 308.7058894343150500 ) ) ;
#4778 = CARTESIAN_POINT ( 'NONE',  ( 108.3861709198194100, 16.39438536994626000, 300.3904008707261300 ) ) ;
#4779 = VERTEX_POINT ( 'NONE', #2999 ) ;
#4780 = CARTESIAN_POINT ( 'NONE',  ( 107.2576562707364900, 16.39438551528685300, 320.2608367083410600 ) ) ;
#4781 = CARTESIAN_POINT ( 'NONE',  ( 104.4664786425435900, 17.89438587476006900, 313.7697956526944800 ) ) ;
#4782 = CARTESIAN_POINT ( 'NONE',  ( 101.5727878658842200, 17.89438624743571200, 311.6627105937291700 ) ) ;
#4783 = CARTESIAN_POINT ( 'NONE',  ( 104.2907621348746100, -22.00157580448987800, 311.0873683747994400 ) ) ;
#4784 = DIRECTION ( 'NONE',  ( 1.000000000000000000, 0.0000000000000000000, 0.0000000000000000000 ) ) ;
#4785 = CARTESIAN_POINT ( 'NONE',  ( 107.6114546208673800, -23.50157537682073900, 300.3904008578980400 ) ) ;
#4786 = CARTESIAN_POINT ( 'NONE',  ( 107.7580318948829200, -23.50157535794322100, 304.1166595406994000 ) ) ;
#4787 = VERTEX_POINT ( 'NONE', #3496 ) ;
#4788 = CARTESIAN_POINT ( 'NONE',  ( 103.4647638661252000, -22.00157591086945200, 305.8782426027128200 ) ) ;
#4789 = CARTESIAN_POINT ( 'NONE',  ( 114.6114545938283700, 16.39438456819785700, 313.3165221225489700 ) ) ;
#4790 = DIRECTION ( 'NONE',  ( -1.000000000000000000, 0.0000000000000000000, 0.0000000000000000000 ) ) ;
#4791 = CARTESIAN_POINT ( 'NONE',  ( 76.11368816194959700, -21.25157914361525600, 324.0426433693249900 ) ) ;
#4792 = EDGE_CURVE ( 'NONE', #44, #1070, #4628, .T. ) ;
#4793 = CARTESIAN_POINT ( 'NONE',  ( 101.5303362756243100, -22.00157616000282000, 316.0348987409560100 ) ) ;
#4794 = CARTESIAN_POINT ( 'NONE',  ( 106.4820214931883700, -22.00157552227956300, 315.5370214918564200 ) ) ;
#4795 = EDGE_LOOP ( 'NONE', ( #5702, #4202, #5139, #2051 ) ) ;
#4796 = EDGE_CURVE ( 'NONE', #1463, #1792, #2641, .T. ) ;
#4797 = CARTESIAN_POINT ( 'NONE',  ( 101.3383136573751400, -22.00157618473321000, 313.0452304080977200 ) ) ;
#4798 = CARTESIAN_POINT ( 'NONE',  ( 104.0595690800322200, 16.39438592716537700, 306.4608386660910400 ) ) ;
#4799 = CARTESIAN_POINT ( 'NONE',  ( 113.3624419707557300, -23.50157463615631700, 318.5560053118310900 ) ) ;
#4800 = CARTESIAN_POINT ( 'NONE',  ( 100.1238038409623700, 16.39438643404902900, 313.2054939858425100 ) ) ;
#4801 = CARTESIAN_POINT ( 'NONE',  ( 101.5303364688079700, 17.89438625290303600, 316.0348987409560100 ) ) ;
#4802 = CARTESIAN_POINT ( 'NONE',  ( 101.5303364688079900, 17.89438625290295400, 308.3981455041409800 ) ) ;
#4803 = CARTESIAN_POINT ( 'NONE',  ( 107.1245175097502100, 17.89438553243368100, 320.2058384156083500 ) ) ;
#4804 = CARTESIAN_POINT ( 'NONE',  ( 105.3014028799835000, 17.89438576723090100, 314.8559783306739600 ) ) ;
#4805 = VECTOR ( 'NONE', #5377, 1000.000000000000000 ) ;
#4806 = CARTESIAN_POINT ( 'NONE',  ( 101.5663411535660900, 17.89438624826599500, 312.7679532646112100 ) ) ;
#4807 = CARTESIAN_POINT ( 'NONE',  ( 113.8335831423543100, 17.89438466837912900, 306.2906053456200100 ) ) ;
#4808 = CARTESIAN_POINT ( 'NONE',  ( 111.5033201093260000, 16.39438496849166400, 315.9613299284537200 ) ) ;
#4809 = CARTESIAN_POINT ( 'NONE',  ( 108.2864214098302400, -23.50157528989239700, 304.3357171804688600 ) ) ;
#4810 = CARTESIAN_POINT ( 'NONE',  ( 107.4672705443188900, -23.50157539539020500, 318.1233226736707700 ) ) ;
#4811 = CARTESIAN_POINT ( 'NONE',  ( 113.5113875970152300, 16.39438470987449000, 312.1452647846443800 ) ) ;
#4812 = DIRECTION ( 'NONE',  ( -1.000000000000000000, 0.0000000000000000000, 0.0000000000000000000 ) ) ;
#4813 = EDGE_LOOP ( 'NONE', ( #5389, #237, #4232, #6047 ) ) ;
#4814 = B_SPLINE_CURVE_WITH_KNOTS ( 'NONE', 1,
 ( #3223, #1258 ),
 .UNSPECIFIED., .F., .F.,
 ( 2, 2 ),
 ( 0.0000000000000000000, 1.000000000000000000 ),
 .UNSPECIFIED. ) ;
#4815 = DIRECTION ( 'NONE',  ( 3.079986266030230300E-007, 0.0000000000000000000, 0.9999999999999525900 ) ) ;
#4816 = CARTESIAN_POINT ( 'NONE',  ( 109.1609623751996300, -22.00157517726108500, 315.3633863133837300 ) ) ;
#4817 = CARTESIAN_POINT ( 'NONE',  ( 106.8854426108689100, 16.39438556322373900, 306.0460390413225000 ) ) ;
#4818 = CARTESIAN_POINT ( 'NONE',  ( 112.3503294402501800, 16.39438485940599200, 305.6769851753463200 ) ) ;
#4819 = CARTESIAN_POINT ( 'NONE',  ( 112.7713576626582500, -22.00157471228138200, 305.6769104260319500 ) ) ;
#4820 = CARTESIAN_POINT ( 'NONE',  ( 100.4648998115483200, 17.89438639011958900, 311.1165209732590700 ) ) ;
#4821 = CARTESIAN_POINT ( 'NONE',  ( 117.0719326068817900, -22.00157415841427200, 319.4797872907930700 ) ) ;
#4822 = CARTESIAN_POINT ( 'NONE',  ( 104.0586976301765400, 17.89438592727764600, 308.0749049697948900 ) ) ;
#4823 = VERTEX_POINT ( 'NONE', #1607 ) ;
#4824 = CARTESIAN_POINT ( 'NONE',  ( 113.8335829491706900, 16.39438466837914300, 306.2906053456200100 ) ) ;
#4825 = CARTESIAN_POINT ( 'NONE',  ( 111.1114545937712700, 16.39438501895976700, 312.4476334066099500 ) ) ;
#4826 = CARTESIAN_POINT ( 'NONE',  ( 100.8992209056965800, 16.39438633418376100, 311.1448303681613100 ) ) ;
#4827 = CARTESIAN_POINT ( 'NONE',  ( 113.7657616063383600, 16.39438467711380900, 306.2084456854349800 ) ) ;
#4828 = CARTESIAN_POINT ( 'NONE',  ( 107.3816743945039600, -23.50157540641401600, 315.7163966577070400 ) ) ;
#4829 = CARTESIAN_POINT ( 'NONE',  ( 107.3845425245876200, 16.39438549894530400, 315.7166465851466300 ) ) ;
#4830 = EDGE_CURVE ( 'NONE', #3330, #1476, #189, .T. ) ;
#4831 = CARTESIAN_POINT ( 'NONE',  ( 101.0616020633315100, -22.00157622037057300, 307.3711510022147300 ) ) ;
#4832 = ORIENTED_EDGE ( 'NONE', *, *, #2832, .T. ) ;
#4833 = CARTESIAN_POINT ( 'NONE',  ( 123.5451024365913800, 16.39438341764172000, 324.0426435991170100 ) ) ;
#4834 = CARTESIAN_POINT ( 'NONE',  ( 106.6562144304575100, 16.39438559274596600, 318.6656673055132400 ) ) ;
#4835 = CARTESIAN_POINT ( 'NONE',  ( 109.3661651248782500, -23.50157515083325100, 315.2543353907306000 ) ) ;
#4836 = CARTESIAN_POINT ( 'NONE',  ( 103.7930781686050200, 17.89438596148651300, 306.1354038043440400 ) ) ;
#4837 = ORIENTED_EDGE ( 'NONE', *, *, #2245, .F. ) ;
#4838 = CARTESIAN_POINT ( 'NONE',  ( 103.3716415620763800, 16.39438601576295100, 308.7049286389997200 ) ) ;
#4839 = CARTESIAN_POINT ( 'NONE',  ( 114.0792149656575100, -23.50157454384373800, 317.6828935769496000 ) ) ;
#4840 = CARTESIAN_POINT ( 'NONE',  ( 101.3795886607499300, -22.00157617941737700, 308.2473978892666100 ) ) ;
#4841 = CARTESIAN_POINT ( 'NONE',  ( 76.11368837901345300, -4.103594794676077100, 308.9669071001738400 ) ) ;
#4842 = ORIENTED_EDGE ( 'NONE', *, *, #3470, .F. ) ;
#4843 = AXIS2_PLACEMENT_3D ( 'NONE', #4400, #4510, #284 ) ;
#4844 = VECTOR ( 'NONE', #182, 1000.000000000000100 ) ;
#4845 = CARTESIAN_POINT ( 'NONE',  ( 115.5663458029113300, 16.39438444521840000, 312.7679558222550900 ) ) ;
#4846 = CARTESIAN_POINT ( 'NONE',  ( 110.9614160264769700, 17.89438503828290200, 307.4803014934889200 ) ) ;
#4847 = CARTESIAN_POINT ( 'NONE',  ( 111.8517971925856900, 16.39438492361150400, 305.8283512273261000 ) ) ;
#4848 = CARTESIAN_POINT ( 'NONE',  ( 108.1652644648093100, -23.50157530549609700, 304.2551829717870600 ) ) ;
#4849 = ORIENTED_EDGE ( 'NONE', *, *, #2556, .F. ) ;
#4850 = CARTESIAN_POINT ( 'NONE',  ( 105.4776874537255900, 16.39438574452738400, 315.0010544947202200 ) ) ;
#4851 = LINE ( 'NONE', #1887, #5611 ) ;
#4852 = CARTESIAN_POINT ( 'NONE',  ( 106.5114545938283800, 16.39438561138929300, 305.0725617865645600 ) ) ;
#4853 = CARTESIAN_POINT ( 'NONE',  ( 106.6509062863237200, -23.50157550052912500, 318.6608801124674000 ) ) ;
#4854 = ORIENTED_EDGE ( 'NONE', *, *, #4342, .T. ) ;
#4855 = CARTESIAN_POINT ( 'NONE',  ( 108.2820399392038300, 16.39438538335739500, 318.3413855825194800 ) ) ;
#4856 = CARTESIAN_POINT ( 'NONE',  ( 110.6474493518420800, -23.50157498581777600, 313.9744298214363900 ) ) ;
#4857 = CARTESIAN_POINT ( 'NONE',  ( 102.7679573086521100, -22.00157600061068700, 315.5663518045989200 ) ) ;
#4858 = CARTESIAN_POINT ( 'NONE',  ( 110.9613088147907800, 17.89438503829670800, 307.3734025857282900 ) ) ;
#4859 = CARTESIAN_POINT ( 'NONE',  ( 114.0796726926014600, -22.00157454378466000, 307.7820811425859200 ) ) ;
#4860 = CARTESIAN_POINT ( 'NONE',  ( 99.65655735902952000, 16.39438649422526200, 311.6650879136098000 ) ) ;
#4861 = EDGE_LOOP ( 'NONE', ( #616, #2168, #2069, #4837 ) ) ;
#4862 = B_SPLINE_CURVE_WITH_KNOTS ( 'NONE', 1,
 ( #4451, #668 ),
 .UNSPECIFIED., .F., .F.,
 ( 2, 2 ),
 ( 0.0000000000000000000, 1.000000000000000000 ),
 .UNSPECIFIED. ) ;
#4863 = CARTESIAN_POINT ( 'NONE',  ( 103.6378534897241100, -22.00157588857739600, 305.9942446941514600 ) ) ;
#4864 = CARTESIAN_POINT ( 'NONE',  ( 104.1804536415548800, 17.89438591159692400, 317.6806815831142200 ) ) ;
#4865 = CARTESIAN_POINT ( 'NONE',  ( 108.5723350128403300, -23.50157525306985600, 305.7713667812051300 ) ) ;
#4866 = CARTESIAN_POINT ( 'NONE',  ( 108.6831451570227100, 16.39438533169944300, 319.5042942948964500 ) ) ;
#4867 = CARTESIAN_POINT ( 'NONE',  ( 113.3688509946532300, 17.89438472823159600, 308.6644968817614100 ) ) ;
#4868 = CARTESIAN_POINT ( 'NONE',  ( 106.8854428040540100, -23.50157547032318900, 304.3870052037757400 ) ) ;
#4869 = CARTESIAN_POINT ( 'NONE',  ( 113.5400405516063400, 17.89438470618441500, 312.5056120542125800 ) ) ;
#4870 = EDGE_LOOP ( 'NONE', ( #2257, #283 ) ) ;
#4871 = CARTESIAN_POINT ( 'NONE',  ( 108.4915377803236100, 16.39438535637620100, 304.5407603747996700 ) ) ;
#4872 = CARTESIAN_POINT ( 'NONE',  ( 103.1771297151457100, -22.00157594791365100, 308.7854110804341900 ) ) ;
#4873 = EDGE_CURVE ( 'NONE', #4900, #5365, #4988, .T. ) ;
#4874 = CARTESIAN_POINT ( 'NONE',  ( 106.5114547870120000, 17.89438561138944600, 319.2165221225490100 ) ) ;
#4875 = CARTESIAN_POINT ( 'NONE',  ( 105.2978608420567800, -22.00157567478661500, 314.8527508316191800 ) ) ;
#4876 = CARTESIAN_POINT ( 'NONE',  ( 108.6831451570275400, 16.39438533169927600, 305.5042942948988400 ) ) ;
#4877 = CIRCLE ( 'NONE', #41, 1.599999999999955200 ) ;
#4878 = EDGE_CURVE ( 'NONE', #1724, #6, #4545, .T. ) ;
#4879 = CARTESIAN_POINT ( 'NONE',  ( 113.6178812693723500, 17.89438469615920700, 308.4728373399856900 ) ) ;
#4880 = CARTESIAN_POINT ( 'NONE',  ( 101.1662992524951500, -22.00157620688676400, 311.2556418967126300 ) ) ;
#4881 = CARTESIAN_POINT ( 'NONE',  ( 112.1477732646423000, -23.50157479259229700, 305.7170622473495300 ) ) ;
#4882 = CARTESIAN_POINT ( 'NONE',  ( 111.4298312122363200, -22.00157488505555400, 318.2976404407530100 ) ) ;
#4883 = CARTESIAN_POINT ( 'NONE',  ( 102.2457572971188000, 17.89438616076464700, 315.6172179939942500 ) ) ;
#4884 = EDGE_LOOP ( 'NONE', ( #3565, #5886 ) ) ;
#4885 = CARTESIAN_POINT ( 'NONE',  ( 106.6224824140489900, -22.00157550418964900, 305.7041689008591400 ) ) ;
#4886 = DIRECTION ( 'NONE',  ( 0.0000000000000000000, 1.000000000000000000, -0.0000000000000000000 ) ) ;
#4887 = CARTESIAN_POINT ( 'NONE',  ( 114.0605999699750000, -23.50157454624097400, 311.2612819591780600 ) ) ;
#4888 = CARTESIAN_POINT ( 'NONE',  ( 114.0792147724722700, 16.39438463674446600, 306.7501506681572300 ) ) ;
#4889 = AXIS2_PLACEMENT_3D ( 'NONE', #296, #2714, #1768 ) ;
#4890 = CARTESIAN_POINT ( 'NONE',  ( 104.1114545938273900, 16.39438592048316300, 312.2165221217624100 ) ) ;
#4891 = CARTESIAN_POINT ( 'NONE',  ( 108.2820399392002600, 16.39438538335723500, 304.3413855825214700 ) ) ;
#4892 = CYLINDRICAL_SURFACE ( 'NONE', #4307, 1.599999999999990300 ) ;
#4893 = CARTESIAN_POINT ( 'NONE',  ( 106.5114547870120000, -23.50157551848891700, 319.2165221225490100 ) ) ;
#4894 = CARTESIAN_POINT ( 'NONE',  ( 107.3223646621746200, 16.39438550695307800, 318.1451078871571100 ) ) ;
#4895 = CARTESIAN_POINT ( 'NONE',  ( 78.36368825854144400, -22.00157914361497200, 300.3904008452590200 ) ) ;
#4896 = CARTESIAN_POINT ( 'NONE',  ( 113.2706071248647500, 17.89438474088432300, 308.7051980811596100 ) ) ;
#4897 = CARTESIAN_POINT ( 'NONE',  ( 102.1469449545593200, 16.39438617349051300, 308.7856841909496100 ) ) ;
#4898 = DIRECTION ( 'NONE',  ( 1.287890777357250300E-007, 0.9999999999999917800, -1.176836406102659600E-014 ) ) ;
#4899 = B_SPLINE_CURVE_WITH_KNOTS ( 'NONE', 3,
 ( #1343, #398, #4696, #1830, #942, #3270, #2856, #1382, #963, #15, #4283, #1852, #4262, #3753, #2392, #1419, #5198, #1438, #2349, #4774, #4243, #3355, #984, #4750 ),
 .UNSPECIFIED., .F., .F.,
 ( 4, 2, 2, 2, 2, 2, 2, 2, 2, 2, 2, 4 ),
 ( 0.0000000000000000000, 0.1250000000000000000, 0.1875000000000000000, 0.2500000000000000000, 0.3750000000000000000, 0.5000000000000000000, 0.5625000000000000000, 0.6250000000000000000, 0.6875000000000000000, 0.7500000000000000000, 0.8750000000000000000, 1.000000000000000000 ),
 .UNSPECIFIED. ) ;
#4900 = VERTEX_POINT ( 'NONE', #4566 ) ;
#4901 = CARTESIAN_POINT ( 'NONE',  ( 101.1434670368750800, -23.50157620982741200, 317.6820160068807600 ) ) ;
#4902 = CARTESIAN_POINT ( 'NONE',  ( 115.3383138505588200, 17.89438447458642000, 311.3878138370028500 ) ) ;
#4903 = CARTESIAN_POINT ( 'NONE',  ( 113.7306498449461700, -23.50157458873505700, 311.5415554997053400 ) ) ;
#4904 = CARTESIAN_POINT ( 'NONE',  ( 104.0582085398149800, -23.50157583444027800, 308.0755532711737000 ) ) ;
#4905 = CARTESIAN_POINT ( 'NONE',  ( 112.7727136086741800, 17.89438480500765000, 315.5661054248037100 ) ) ;
#4906 = ORIENTED_EDGE ( 'NONE', *, *, #2955, .T. ) ;
#4907 = CARTESIAN_POINT ( 'NONE',  ( 112.4563772697956500, -22.00157475284758500, 318.7662110211263700 ) ) ;
#4908 = CARTESIAN_POINT ( 'NONE',  ( 107.3261581617930700, -23.50157541356385900, 304.1512649438543600 ) ) ;
#4909 = PERSON_AND_ORGANIZATION ( #5074, #5367 ) ;
#4910 = EDGE_CURVE ( 'NONE', #6056, #3494, #3108, .T. ) ;
#4911 = CARTESIAN_POINT ( 'NONE',  ( 106.5114545938283000, -22.00157551848881700, 305.2165221225490100 ) ) ;
#4912 = ORIENTED_EDGE ( 'NONE', *, *, #4592, .T. ) ;
#4913 = CARTESIAN_POINT ( 'NONE',  ( 76.11368774035183500, -7.753342210153520300, 305.6667749725874000 ) ) ;
#4914 = FACE_OUTER_BOUND ( 'NONE', #2440, .T. ) ;
#4915 = CARTESIAN_POINT ( 'NONE',  ( 101.8551281472565100, -23.50157611817305200, 305.8682755090349600 ) ) ;
#4916 = CARTESIAN_POINT ( 'NONE',  ( 103.7930781686050100, -23.50157586858616900, 306.1354038043440400 ) ) ;
#4917 = CARTESIAN_POINT ( 'NONE',  ( 114.1514344746100300, 17.89438462744349000, 317.3745261261011000 ) ) ;
#4918 = CARTESIAN_POINT ( 'NONE',  ( 111.2888213682823100, 17.89438499611669200, 308.2429439628691100 ) ) ;
#4919 = ORIENTED_EDGE ( 'NONE', *, *, #3310, .F. ) ;
#4920 = CARTESIAN_POINT ( 'NONE',  ( 103.7930779754213800, 16.39438596148666600, 318.2976404407530100 ) ) ;
#4921 = CARTESIAN_POINT ( 'NONE',  ( 113.9594322292229300, -22.00157455927042300, 316.3609016235024600 ) ) ;
#4922 = LINE ( 'NONE', #4833, #3651 ) ;
#4923 = ADVANCED_FACE ( 'NONE', ( #4470 ), #3475, .T. ) ;
#4924 = CARTESIAN_POINT ( 'NONE',  ( 103.7930781686049900, 17.89438596148664500, 318.2976404407530100 ) ) ;
#4925 = SECURITY_CLASSIFICATION ( '', '', #9 ) ;
#4926 = CARTESIAN_POINT ( 'NONE',  ( 108.6832325688312300, -22.00157523878743900, 305.5048073121355400 ) ) ;
#4927 = ORIENTED_EDGE ( 'NONE', *, *, #2119, .F. ) ;
#4928 = CARTESIAN_POINT ( 'NONE',  ( 104.2217241764490700, -23.50157581338122300, 306.8519999981530200 ) ) ;
#4929 = CARTESIAN_POINT ( 'NONE',  ( 114.6114547870119900, -23.50157447529691300, 311.1165221225489900 ) ) ;
#4930 = CARTESIAN_POINT ( 'NONE',  ( 113.6925729120332800, -22.00157459363899900, 316.0348987409560100 ) ) ;
#4931 = CARTESIAN_POINT ( 'NONE',  ( 101.4409670287843100, 16.39438626441279100, 312.9425316201346200 ) ) ;
#4932 = ORIENTED_EDGE ( 'NONE', *, *, #6106, .F. ) ;
#4933 = CARTESIAN_POINT ( 'NONE',  ( 114.7584209837875200, -23.50157445636931200, 311.1165221225489900 ) ) ;
#4934 = CARTESIAN_POINT ( 'NONE',  ( 107.6114544920782500, -22.50157537682074200, 300.3904008452590200 ) ) ;
#4935 = CARTESIAN_POINT ( 'NONE',  ( 104.2113426368522900, -23.50157581471826200, 306.8537065915480800 ) ) ;
#4936 = CARTESIAN_POINT ( 'NONE',  ( 117.2244105146606300, 16.39438423167774100, 319.1157518151349600 ) ) ;
#4937 = EDGE_LOOP ( 'NONE', ( #2453, #5609 ) ) ;
#4938 = CARTESIAN_POINT ( 'NONE',  ( 110.9990662778313700, 16.39438503343402700, 311.3053475414650400 ) ) ;
#4939 = CARTESIAN_POINT ( 'NONE',  ( 106.9408692484501700, -22.00157546318497400, 318.3413855825049800 ) ) ;
#4940 = CARTESIAN_POINT ( 'NONE',  ( 111.2892707077996300, 16.39438499605889300, 316.1894861848384200 ) ) ;
#4941 = CARTESIAN_POINT ( 'NONE',  ( 101.2645165518498100, -23.50157619423752900, 316.3587162486475700 ) ) ;
#4942 = CARTESIAN_POINT ( 'NONE',  ( 114.1513059727350600, -22.00157453455917900, 316.9575819995110900 ) ) ;
#4943 = DIRECTION ( 'NONE',  ( -1.000000000000000000, 0.0000000000000000000, 0.0000000000000000000 ) ) ;
#4944 = CARTESIAN_POINT ( 'NONE',  ( 101.2233593250629600, -23.50157619953815700, 317.8746694045754000 ) ) ;
#4945 = CARTESIAN_POINT ( 'NONE',  ( 115.5727937445833600, 16.39438444438792800, 311.6627124447526900 ) ) ;
#4946 = CARTESIAN_POINT ( 'NONE',  ( 114.0792147724722700, 16.39438463674446600, 306.7501506681572300 ) ) ;
#4947 = CARTESIAN_POINT ( 'NONE',  ( 104.1340397232456800, 16.39438591757450000, 312.6792899480736300 ) ) ;
#4948 = CARTESIAN_POINT ( 'NONE',  ( 100.8997362720894600, 16.39438633411742100, 313.2882983554775900 ) ) ;
#4949 = CARTESIAN_POINT ( 'NONE',  ( 106.5114545938283200, -22.00157551848898400, 319.2165221225490100 ) ) ;
#4950 = CARTESIAN_POINT ( 'NONE',  ( 108.1652642716256200, -22.00157530549611100, 304.2551829717870600 ) ) ;
#4951 = CARTESIAN_POINT ( 'NONE',  ( 103.6375439632913800, 17.89438598151764700, 308.5396265377894500 ) ) ;
#4952 = ADVANCED_FACE ( 'NONE', ( #5605 ), #5544, .T. ) ;
#4953 = EDGE_CURVE ( 'NONE', #1381, #44, #5817, .T. ) ;
#4954 = LINE ( 'NONE', #5631, #5114 ) ;
#4955 = CARTESIAN_POINT ( 'NONE',  ( 108.2879504862152500, -22.00157528969558400, 318.3372484813572200 ) ) ;
#4956 = CARTESIAN_POINT ( 'NONE',  ( 76.11368816194959700, -4.103595112425174400, 315.4661376545016100 ) ) ;
#4957 = CARTESIAN_POINT ( 'NONE',  ( 74.25617807612289300, -23.50157967261762700, 300.3904008452590200 ) ) ;
#4958 = CARTESIAN_POINT ( 'NONE',  ( 107.6827119317352700, 16.39438546054428500, 318.1164551257330700 ) ) ;
#4959 = CARTESIAN_POINT ( 'NONE',  ( 106.5114547870120000, -23.50157551848891700, 319.2165221225490100 ) ) ;
#4960 = AXIS2_PLACEMENT_3D ( 'NONE', #2126, #2975, #1619 ) ;
#4961 = CARTESIAN_POINT ( 'NONE',  ( 111.4298312122363800, 16.39438497795611800, 306.1354038043450000 ) ) ;
#4962 = CARTESIAN_POINT ( 'NONE',  ( 111.2892709009832500, 17.89438499605888200, 316.1894861848384200 ) ) ;
#4963 = CARTESIAN_POINT ( 'NONE',  ( 101.3797915172107600, -23.50157617939138200, 318.1469319707377400 ) ) ;
#4964 = CARTESIAN_POINT ( 'NONE',  ( 99.56714020121404500, -23.50157641284108900, 312.5703204456430600 ) ) ;
#4965 = CARTESIAN_POINT ( 'NONE',  ( 104.5548594142154600, -23.50157577047712500, 313.9839742380471500 ) ) ;
#4966 = CARTESIAN_POINT ( 'NONE',  ( 103.9438255902959600, 16.39438594207201300, 318.1468928258783000 ) ) ;
#4967 = CIRCLE ( 'NONE', #5804, 3.500000000000003100 ) ;
#4968 = CARTESIAN_POINT ( 'NONE',  ( 114.8997399766033300, 17.89438453106993500, 313.2883000975355100 ) ) ;
#4969 = CARTESIAN_POINT ( 'NONE',  ( 109.1623559836011700, 16.39438526998234000, 315.3625580325343700 ) ) ;
#4970 = CARTESIAN_POINT ( 'NONE',  ( 113.5414942218007200, -23.50157461309622100, 308.5492243875573300 ) ) ;
#4971 = CARTESIAN_POINT ( 'NONE',  ( 111.4298312122362900, -22.00157488505540800, 306.1354038043450000 ) ) ;
#4972 = CARTESIAN_POINT ( 'NONE',  ( 107.7556088688190800, -22.00157535825526300, 304.1166572671227800 ) ) ;
#4973 = ORIENTED_EDGE ( 'NONE', *, *, #2832, .F. ) ;
#4974 = CARTESIAN_POINT ( 'NONE',  ( 103.0776571471145500, 16.39438605362506300, 318.7153211877214900 ) ) ;
#4975 = CARTESIAN_POINT ( 'NONE',  ( 103.0764133744831700, 17.89438605378514400, 308.8161403989174100 ) ) ;
#4976 = CARTESIAN_POINT ( 'NONE',  ( 106.6505745611799400, -23.50157550057183900, 318.6616774638912900 ) ) ;
#4977 = DIRECTION ( 'NONE',  ( -1.000000000000000000, 0.0000000000000000000, 0.0000000000000000000 ) ) ;
#4978 = CARTESIAN_POINT ( 'NONE',  ( 77.61368816194959700, -21.25157914361525600, 324.0426433693249900 ) ) ;
#4979 = CARTESIAN_POINT ( 'NONE',  ( 99.93621272965521000, -23.50157636530857600, 313.0971260676220100 ) ) ;
#4980 = VERTEX_POINT ( 'NONE', #169 ) ;
#4981 = CARTESIAN_POINT ( 'NONE',  ( 77.61368803827623700, -9.803594741847591700, 312.2165224408962600 ) ) ;
#4982 = ADVANCED_FACE ( 'NONE', ( #3792 ), #1402, .T. ) ;
#4983 = CARTESIAN_POINT ( 'NONE',  ( 112.0447709366188900, 16.39438489875870900, 315.6478498211215500 ) ) ;
#4984 = CARTESIAN_POINT ( 'NONE',  ( 104.8092826956985100, -23.50157573771011600, 310.0684688975970300 ) ) ;
#4985 = CARTESIAN_POINT ( 'NONE',  ( 112.4563772697956500, -22.00157475284758500, 318.7662110211263700 ) ) ;
#4986 = CARTESIAN_POINT ( 'NONE',  ( 108.3374665767905500, -22.00157528331833800, 306.0460390413155100 ) ) ;
#4987 = CARTESIAN_POINT ( 'NONE',  ( 104.2616005660518300, 16.39438590114605500, 317.0596416593666600 ) ) ;
#4988 = B_SPLINE_CURVE_WITH_KNOTS ( 'NONE', 3,
 ( #4920, #5424, #3604, #4543, #1239, #2221, #5511, #6054, #1752, #1689, #2240, #3185, #5582, #2716, #2178, #5561, #3666, #5032, #4610, #764, #4080, #277, #339, #3647, #3125, #4143, #5100, #3623, #258, #1668, #2699, #1217 ),
 .UNSPECIFIED., .F., .F.,
 ( 4, 2, 2, 2, 2, 2, 2, 2, 2, 2, 2, 2, 2, 2, 2, 4 ),
 ( 0.0000000000000000000, 0.06250000000000000000, 0.1250000000000000000, 0.1875000000000000000, 0.2500000000000000000, 0.3125000000000000000, 0.3750000000000000000, 0.4375000000000000000, 0.5000000000000000000, 0.5625000000000000000, 0.6250000000000000000, 0.6875000000000000000, 0.7500000000000000000, 0.8124999999999998900, 0.8750000000000000000, 1.000000000000000000 ),
 .UNSPECIFIED. ) ;
#4989 = EDGE_LOOP ( 'NONE', ( #976, #4388, #2226, #933 ) ) ;
#4990 = CARTESIAN_POINT ( 'NONE',  ( 115.2872165347583600, 17.89438448116718700, 313.0966053090338100 ) ) ;
#4991 = COORDINATED_UNIVERSAL_TIME_OFFSET ( 8, 0, .AHEAD. ) ;
#4992 = CARTESIAN_POINT ( 'NONE',  ( 114.8984248022819700, 17.89438453123922200, 311.1444995855411000 ) ) ;
#4993 = CARTESIAN_POINT ( 'NONE',  ( 113.5400405516107300, -23.50157461328337400, 311.9274321908898700 ) ) ;
#4994 = CARTESIAN_POINT ( 'NONE',  ( 111.7528025452134100, -23.50157484346025100, 308.6640849323173400 ) ) ;
#4995 = CARTESIAN_POINT ( 'NONE',  ( 110.9714226345689500, -22.00157494409356900, 316.9557570002456300 ) ) ;
#4996 = CARTESIAN_POINT ( 'NONE',  ( 103.6375439632925600, -23.50157588861738500, 315.8934177073111300 ) ) ;
#4997 = EDGE_LOOP ( 'NONE', ( #1236, #3572, #3552, #1212 ) ) ;
#4998 = EDGE_CURVE ( 'NONE', #4084, #4352, #3867, .T. ) ;
#4999 = FACE_OUTER_BOUND ( 'NONE', #1913, .T. ) ;
#5000 = CARTESIAN_POINT ( 'NONE',  ( 101.0719278911458300, 17.89438631194108000, 317.3767821814635700 ) ) ;
#5001 = CARTESIAN_POINT ( 'NONE',  ( 100.6114545938283100, -22.00157627834475700, 313.3165221225489700 ) ) ;
#5002 = EDGE_CURVE ( 'NONE', #709, #5747, #4770, .T. ) ;
#5003 = CARTESIAN_POINT ( 'NONE',  ( 113.3642589959336000, -23.50157463592226400, 315.7777375393209800 ) ) ;
#5004 = ORIENTED_EDGE ( 'NONE', *, *, #1998, .F. ) ;
#5005 = DIRECTION ( 'NONE',  ( 0.0000000000000000000, -1.176836406102669400E-014, -1.000000000000000000 ) ) ;
#5006 = CARTESIAN_POINT ( 'NONE',  ( 114.1612402705108500, -22.00157453327963400, 307.1623878136491600 ) ) ;
#5007 = CARTESIAN_POINT ( 'NONE',  ( 100.6114547870119900, -23.50157627834471400, 311.1165221225489900 ) ) ;
#5008 = LINE ( 'NONE', #3157, #444 ) ;
#5009 = CARTESIAN_POINT ( 'NONE',  ( 113.5113181361609500, 17.89438470988341100, 312.0710380808038700 ) ) ;
#5010 = CARTESIAN_POINT ( 'NONE',  ( 111.5033203025096200, 17.89438496849165000, 315.9613299284537200 ) ) ;
#5011 = CARTESIAN_POINT ( 'NONE',  ( 111.2798050448935500, -23.50157490437730300, 318.1476140802266700 ) ) ;
#5012 = CARTESIAN_POINT ( 'NONE',  ( 101.5727939377687900, -23.50157615453470700, 312.7703318003459000 ) ) ;
#5013 = ORIENTED_EDGE ( 'NONE', *, *, #1077, .F. ) ;
#5014 = CARTESIAN_POINT ( 'NONE',  ( 106.9349587014461800, -22.00157546394610700, 306.0957957637277800 ) ) ;
#5015 = CARTESIAN_POINT ( 'NONE',  ( 103.7930781686050200, -23.50157586858630800, 318.2976404407530100 ) ) ;
#5016 = AXIS2_PLACEMENT_3D ( 'NONE', #999, #6184, #5708 ) ;
#5017 = CIRCLE ( 'NONE', #4443, 1.599999999999934800 ) ;
#5018 = CARTESIAN_POINT ( 'NONE',  ( 114.0566101283680800, -23.50157454675490600, 313.1774023483708300 ) ) ;
#5019 = CARTESIAN_POINT ( 'NONE',  ( 113.2706069316961200, -22.00157464798362700, 315.7278461639321000 ) ) ;
#5020 = CARTESIAN_POINT ( 'NONE',  ( 104.2514964923741600, -22.00157580954699200, 317.3768627761618300 ) ) ;
#5021 = ADVANCED_FACE ( 'NONE', ( #2007 ), #3665, .F. ) ;
#5022 = CARTESIAN_POINT ( 'NONE',  ( 101.5722206808623400, -23.50157615460853600, 312.7717104267919700 ) ) ;
#5023 = ORIENTED_EDGE ( 'NONE', *, *, #556, .T. ) ;
#5024 = CARTESIAN_POINT ( 'NONE',  ( 102.5569578946743400, 17.89438612068532200, 308.8668560412936000 ) ) ;
#5025 = CARTESIAN_POINT ( 'NONE',  ( 103.8662666697290400, -22.00157585916030100, 308.3251036230503800 ) ) ;
#5026 = CARTESIAN_POINT ( 'NONE',  ( 118.8304147248002500, 16.39438402484190900, 316.0362272997190300 ) ) ;
#5027 = CARTESIAN_POINT ( 'NONE',  ( 113.7666391419732000, -22.00157458409997300, 306.2095504513999300 ) ) ;
#5028 = CARTESIAN_POINT ( 'NONE',  ( 111.7553048517916600, 17.89438493603882900, 318.5650490103213300 ) ) ;
#5029 = ORIENTED_EDGE ( 'NONE', *, *, #5230, .F. ) ;
#5030 = CARTESIAN_POINT ( 'NONE',  ( 110.9610969999445300, 16.39438503832397100, 307.1623983062757500 ) ) ;
#5031 = CARTESIAN_POINT ( 'NONE',  ( 111.1228542616661800, 17.89438501749153700, 316.4578697771404400 ) ) ;
#5032 = CARTESIAN_POINT ( 'NONE',  ( 101.4571475813192900, 16.39438626232898600, 318.2245985596654800 ) ) ;
#5033 = CARTESIAN_POINT ( 'NONE',  ( 99.51158973839950800, -22.00157641999537000, 312.0723678475546900 ) ) ;
#5034 = CARTESIAN_POINT ( 'NONE',  ( 102.7664565495373500, -22.00157600080400400, 318.7663509778953400 ) ) ;
#5035 = EDGE_CURVE ( 'NONE', #3421, #3222, #4018, .T. ) ;
#5036 = DIRECTION ( 'NONE',  ( 0.0000000000000000000, 1.000000000000000000, 0.0000000000000000000 ) ) ;
#5037 = CARTESIAN_POINT ( 'NONE',  ( 114.8992269593613700, -23.50157443823501800, 313.2882126857419400 ) ) ;
#5038 = CARTESIAN_POINT ( 'NONE',  ( 114.4649053595328500, -22.00157449417077200, 313.3165221225489700 ) ) ;
#5039 = CARTESIAN_POINT ( 'NONE',  ( 114.8191887428568000, 17.89438454144407900, 321.6245121079092500 ) ) ;
#5040 = CARTESIAN_POINT ( 'NONE',  ( 107.0600208941247200, -22.00157544783943200, 304.2616309134724600 ) ) ;
#5041 = ORIENTED_EDGE ( 'NONE', *, *, #927, .T. ) ;
#5042 = CARTESIAN_POINT ( 'NONE',  ( 101.5728399697368300, -23.50157615452877000, 311.6619696770204700 ) ) ;
#5043 = CARTESIAN_POINT ( 'NONE',  ( 113.8845955302804100, 16.39438466180946100, 313.0452304081056200 ) ) ;
#5044 = CARTESIAN_POINT ( 'NONE',  ( 103.7930781686050100, 17.89438596148650600, 306.1354038043440400 ) ) ;
#5045 = CARTESIAN_POINT ( 'NONE',  ( 112.9771520837308100, -22.00157468577742000, 315.6172179939922000 ) ) ;
#5046 = CARTESIAN_POINT ( 'NONE',  ( 104.2616688722057300, -22.00157580823689700, 317.2707861098248300 ) ) ;
#5047 = CARTESIAN_POINT ( 'NONE',  ( 74.25617788293919800, -22.00157967261763800, 300.3904008452590200 ) ) ;
#5048 = CARTESIAN_POINT ( 'NONE',  ( 113.6190840149375800, 16.39438469600441200, 318.3712092532539900 ) ) ;
#5049 = CARTESIAN_POINT ( 'NONE',  ( 113.5115922051595200, 17.89438470984812600, 312.3630992304159700 ) ) ;
#5050 = ADVANCED_FACE ( 'NONE', ( #2539 ), #3467, .T. ) ;
#5051 = DIRECTION ( 'NONE',  ( -1.515636753877866600E-021, -1.176836406102649800E-014, -1.000000000000000000 ) ) ;
#5052 = CARTESIAN_POINT ( 'NONE',  ( 113.5420585762675600, -23.50157461302361400, 315.8843842120065800 ) ) ;
#5053 = DIRECTION ( 'NONE',  ( 0.9999999999999525900, 1.071904469946629500E-012, -3.079986267298958600E-007 ) ) ;
#5054 = CARTESIAN_POINT ( 'NONE',  ( 114.0796726926031300, 16.39438463668559700, 316.6509631025076600 ) ) ;
#5055 = CARTESIAN_POINT ( 'NONE',  ( 101.6858704809426800, -22.00157613997173600, 318.4391214743896500 ) ) ;
#5056 = CARTESIAN_POINT ( 'NONE',  ( 114.8989426251622100, 17.89438453117255900, 313.2886318226864000 ) ) ;
#5057 = CARTESIAN_POINT ( 'NONE',  ( 114.0566099351844000, -22.00157454675492000, 313.1774023483708300 ) ) ;
#5058 = CARTESIAN_POINT ( 'NONE',  ( 114.1238078155156200, -22.00157453810053100, 311.2275499427690900 ) ) ;
#5059 = EDGE_LOOP ( 'NONE', ( #1365, #4160 ) ) ;
#5060 = CARTESIAN_POINT ( 'NONE',  ( 113.3642588027499000, -22.00157463592227500, 315.7777375393209800 ) ) ;
#5061 = DIRECTION ( 'NONE',  ( -1.000000000000000000, 0.0000000000000000000, 0.0000000000000000000 ) ) ;
#5062 = CARTESIAN_POINT ( 'NONE',  ( 114.8992267661776900, -22.00157443823503200, 313.2882126857419400 ) ) ;
#5063 = CARTESIAN_POINT ( 'NONE',  ( 107.6114544219011000, 16.39438546972155200, 324.0426434868389800 ) ) ;
#5064 = ORIENTED_EDGE ( 'NONE', *, *, #6080, .F. ) ;
#5065 = DIRECTION ( 'NONE',  ( 0.9999999999999525900, -0.0000000000000000000, -3.079986399256808500E-007 ) ) ;
#5066 = CALENDAR_DATE ( 2022, 4, 5 ) ;
#5067 = CARTESIAN_POINT ( 'NONE',  ( 104.2617453338994300, -22.00157580822704200, 317.0618827502663600 ) ) ;
#5068 = CARTESIAN_POINT ( 'NONE',  ( 112.4564526380877000, -22.00157475283771500, 305.6666932671869300 ) ) ;
#5069 = CARTESIAN_POINT ( 'NONE',  ( 112.4564526381281100, 16.39438484573862800, 318.7663509778900600 ) ) ;
#5070 = CARTESIAN_POINT ( 'NONE',  ( 106.5114547870120100, 17.89438561138927900, 305.3634883193346900 ) ) ;
#5071 = VERTEX_POINT ( 'NONE', #5636 ) ;
#5072 = CARTESIAN_POINT ( 'NONE',  ( 104.0992392190055100, 16.39438592205641900, 316.4561430392459400 ) ) ;
#5073 = CARTESIAN_POINT ( 'NONE',  ( 103.7930781686050200, -23.50157586858630800, 318.2976404407530100 ) ) ;
#5074 = PERSON ( '未指定', '未指定', '未指定', ('未指定'), ('未指定'), ('未指定') ) ;
#5075 = CARTESIAN_POINT ( 'NONE',  ( 100.1238078155170300, -22.00157634114832200, 311.2275499427685800 ) ) ;
#5076 = CIRCLE ( 'NONE', #2573, 1.100000000000042100 ) ;
#5077 = CARTESIAN_POINT ( 'NONE',  ( 107.0576449160328000, -22.00157544814545900, 306.1778612733099900 ) ) ;
#5078 = CARTESIAN_POINT ( 'NONE',  ( 77.61368816194959700, -4.103594794676077100, 308.9669071001738400 ) ) ;
#5079 = EDGE_LOOP ( 'NONE', ( #213, #3385, #4309, #5667 ) ) ;
#5080 = VECTOR ( 'NONE', #4495, 1000.000000000000000 ) ;
#5081 = CARTESIAN_POINT ( 'NONE',  ( 101.5303362756242900, -22.00157616000272800, 308.3981455041409300 ) ) ;
#5082 = CARTESIAN_POINT ( 'NONE',  ( 114.8819340986796900, -22.00157444046228900, 321.6716186450954100 ) ) ;
#5083 = CARTESIAN_POINT ( 'NONE',  ( 101.1124447409943200, -22.00157621382272300, 317.5810028501339800 ) ) ;
#5084 = ADVANCED_FACE ( 'NONE', ( #6190 ), #2379, .F. ) ;
#5085 = CARTESIAN_POINT ( 'NONE',  ( 108.7114547870120200, -23.50157523515270700, 319.2165221225490100 ) ) ;
#5086 = ORIENTED_EDGE ( 'NONE', *, *, #5316, .T. ) ;
#5087 = EDGE_CURVE ( 'NONE', #3032, #1863, #721, .T. ) ;
#5088 = CARTESIAN_POINT ( 'NONE',  ( 101.5663409603824600, 16.39438624826600900, 312.7679532646112100 ) ) ;
#5089 = CARTESIAN_POINT ( 'NONE',  ( 103.0764131812995600, 16.39438605378515800, 308.8161403989174100 ) ) ;
#5090 = AXIS2_PLACEMENT_3D ( 'NONE', #1542, #2528, #5865 ) ;
#5091 = CARTESIAN_POINT ( 'NONE',  ( 111.8530561940040700, -22.00157483054875500, 315.7271548107781300 ) ) ;
#5092 = CARTESIAN_POINT ( 'NONE',  ( 101.0618136849978700, 16.39438631324366800, 317.2728975223379300 ) ) ;
#5093 = CARTESIAN_POINT ( 'NONE',  ( 113.0776331876420100, -22.00157467283641900, 305.7483548845095800 ) ) ;
#5094 = EDGE_LOOP ( 'NONE', ( #2984, #3773, #4605, #2796 ) ) ;
#5095 = CARTESIAN_POINT ( 'NONE',  ( 113.9995502489633600, 17.89438464700451100, 317.8746694045709700 ) ) ;
#5096 = LINE ( 'NONE', #207, #2840 ) ;
#5097 = DIRECTION ( 'NONE',  ( -1.000000000000000000, 0.0000000000000000000, 0.0000000000000000000 ) ) ;
#5098 = CARTESIAN_POINT ( 'NONE',  ( 111.1114545938283000, -22.00157492605890800, 312.2165221234050100 ) ) ;
#5099 = CARTESIAN_POINT ( 'NONE',  ( 104.2514865530882800, 16.39438590244862600, 316.9557570002408500 ) ) ;
#5100 = CARTESIAN_POINT ( 'NONE',  ( 101.0716032149118200, 16.39438631198287400, 316.9575819995100700 ) ) ;
#5101 = CARTESIAN_POINT ( 'NONE',  ( 100.8992269593597200, -23.50157624128280500, 313.2882126857354600 ) ) ;
#5102 = ORIENTED_EDGE ( 'NONE', *, *, #5569, .F. ) ;
#5103 = CARTESIAN_POINT ( 'NONE',  ( 105.8423203405519200, 17.89438569756653800, 309.1608220573752400 ) ) ;
#5104 = AXIS2_PLACEMENT_3D ( 'NONE', #5851, #1505, #1983 ) ;
#5105 = CARTESIAN_POINT ( 'NONE',  ( 116.2405090838278900, -22.00157426549239400, 304.1204242742119300 ) ) ;
#5106 = CARTESIAN_POINT ( 'NONE',  ( 115.4255466477266100, 17.89438446335158900, 303.3057759665827000 ) ) ;
#5107 = CARTESIAN_POINT ( 'NONE',  ( 107.3223646621724600, -22.00157541405251700, 320.2879363579476100 ) ) ;
#5108 = CARTESIAN_POINT ( 'NONE',  ( 114.1238078155128500, 16.39438463100146800, 313.2054943023342700 ) ) ;
#5109 = CARTESIAN_POINT ( 'NONE',  ( 101.6853354403013600, 16.39438623294087800, 318.4387262266830000 ) ) ;
#5110 = CARTESIAN_POINT ( 'NONE',  ( 111.3566425179317000, -22.00157489448142200, 316.1079406220390000 ) ) ;
#5111 = CARTESIAN_POINT ( 'NONE',  ( 118.2177666456016100, -23.50157401084316800, 306.9709289057085500 ) ) ;
#5112 = CARTESIAN_POINT ( 'NONE',  ( 107.3261579686154300, 16.39438550646457700, 320.2817793012394500 ) ) ;
#5113 = CARTESIAN_POINT ( 'NONE',  ( 77.61368816194959700, -7.753342210153480400, 307.2667749725864000 ) ) ;
#5114 = VECTOR ( 'NONE', #6097, 1000.000000000000000 ) ;
#5115 = ADVANCED_FACE ( 'NONE', ( #1115 ), #1926, .T. ) ;
#5116 = CARTESIAN_POINT ( 'NONE',  ( 112.6659514861647400, 16.39438481875743700, 315.5661882038039600 ) ) ;
#5117 = CARTESIAN_POINT ( 'NONE',  ( 112.0447711298137000, -23.50157480585786700, 308.7851944239842500 ) ) ;
#5118 = CARTESIAN_POINT ( 'NONE',  ( 111.7540981559898500, -23.50157484329335800, 305.8684931494442500 ) ) ;
#5119 = CARTESIAN_POINT ( 'NONE',  ( 114.1202458380328200, -23.50157453855941400, 317.5842415116504200 ) ) ;
#5120 = EDGE_CURVE ( 'NONE', #1178, #889, #4922, .T. ) ;
#5121 = CARTESIAN_POINT ( 'NONE',  ( 105.8457255528108600, 17.89438569712805100, 315.2741265257827200 ) ) ;
#5122 = CARTESIAN_POINT ( 'NONE',  ( 108.5666949503839500, 17.89438534669679700, 305.7673769395871100 ) ) ;
#5123 = CARTESIAN_POINT ( 'NONE',  ( 76.11368797334537800, 2.146152726458149900, 317.1662699092013300 ) ) ;
#5124 = CARTESIAN_POINT ( 'NONE',  ( 102.1452760000130800, -22.00157608080530000, 318.6846893606041200 ) ) ;
#5125 = FACE_OUTER_BOUND ( 'NONE', #4554, .T. ) ;
#5126 = EDGE_CURVE ( 'NONE', #2018, #2184, #678, .T. ) ;
#5127 = CARTESIAN_POINT ( 'NONE',  ( 107.3223648553561600, -23.50157541405250300, 320.2879363579476100 ) ) ;
#5128 = CARTESIAN_POINT ( 'NONE',  ( 111.4027878936512900, 17.89438498143922000, 323.4252130420399000 ) ) ;
#5129 = CARTESIAN_POINT ( 'NONE',  ( 103.7930781686049900, 17.89438596148664500, 318.2976404407530100 ) ) ;
#5130 = CARTESIAN_POINT ( 'NONE',  ( 76.11368781155169900, 2.146152726458109900, 307.2667749725878300 ) ) ;
#5131 = CARTESIAN_POINT ( 'NONE',  ( 110.6817343422937200, -23.50157498140236700, 323.6636115433256000 ) ) ;
#5132 = ORIENTED_EDGE ( 'NONE', *, *, #5126, .T. ) ;
#5133 = CARTESIAN_POINT ( 'NONE',  ( 111.2817061096686600, -22.00157490413231500, 306.2835289069105900 ) ) ;
#5134 = CARTESIAN_POINT ( 'NONE',  ( 103.7930779754213800, 16.39438596148666600, 318.2976404407530100 ) ) ;
#5135 = CARTESIAN_POINT ( 'NONE',  ( 104.9748960314626300, 17.89438580928139200, 309.9034085586408800 ) ) ;
#5136 = CARTESIAN_POINT ( 'NONE',  ( 111.1721575885870100, -22.00157491824098700, 308.0683273150570500 ) ) ;
#5137 = CARTESIAN_POINT ( 'NONE',  ( 114.1612799191590300, -23.50157453327453500, 307.0545903176001200 ) ) ;
#5138 = CARTESIAN_POINT ( 'NONE',  ( 76.11368803827623700, -9.803594741847591700, 311.1165224408962900 ) ) ;
#5139 = ORIENTED_EDGE ( 'NONE', *, *, #6189, .T. ) ;
#5140 = CARTESIAN_POINT ( 'NONE',  ( 106.7019701085128000, 17.89438558685311200, 315.6275984225802100 ) ) ;
#5141 = CARTESIAN_POINT ( 'NONE',  ( 106.5396768120199800, 17.89438560775460000, 305.5048073121379800 ) ) ;
#5142 = DIRECTION ( 'NONE',  ( -0.0000000000000000000, 0.0000000000000000000, -1.000000000000000000 ) ) ;
#5143 = EDGE_LOOP ( 'NONE', ( #4271, #662, #3507, #1325 ) ) ;
#5144 = LINE ( 'NONE', #5179, #363 ) ;
#5145 = CARTESIAN_POINT ( 'NONE',  ( 114.7580038281252800, -22.00157445642290500, 311.1165221225489900 ) ) ;
#5146 = CARTESIAN_POINT ( 'NONE',  ( 101.8604676032615400, 17.89438621038578200, 318.5560053118198300 ) ) ;
#5147 = CARTESIAN_POINT ( 'NONE',  ( 108.7114545938293600, 16.39438532805332800, 305.0699728882521500 ) ) ;
#5148 = ORIENTED_EDGE ( 'NONE', *, *, #925, .F. ) ;
#5149 = CARTESIAN_POINT ( 'NONE',  ( 113.6925729120333600, 16.39438468653972700, 308.3981455041409300 ) ) ;
#5150 = CARTESIAN_POINT ( 'NONE',  ( 107.8991660922426700, 17.89438543266739900, 320.2885096148545500 ) ) ;
#5151 = LINE ( 'NONE', #3172, #5452 ) ;
#5152 = CARTESIAN_POINT ( 'NONE',  ( 110.9610969999445300, 16.39438503832397100, 307.1623983062757500 ) ) ;
#5153 = CARTESIAN_POINT ( 'NONE',  ( 105.4776874549974800, -22.00157565162678000, 309.4319897493817300 ) ) ;
#5154 = CARTESIAN_POINT ( 'NONE',  ( 109.1609625699289000, 17.89438527016172400, 309.0696579324661600 ) ) ;
#5155 = CARTESIAN_POINT ( 'NONE',  ( 111.5853656107346000, -23.50157486502431300, 308.5396265377974600 ) ) ;
#5156 = CARTESIAN_POINT ( 'NONE',  ( 112.9791681073300700, -23.50157468551767100, 305.7075111778697200 ) ) ;
#5157 = EDGE_LOOP ( 'NONE', ( #5167, #671, #455, #5205 ) ) ;
#5158 = EDGE_CURVE ( 'NONE', #4823, #3222, #3543, .T. ) ;
#5159 = LINE ( 'NONE', #4219, #3579 ) ;
#5160 = CARTESIAN_POINT ( 'NONE',  ( 104.8265535450655600, -22.00157573548580800, 314.3498970519823400 ) ) ;
#5161 = ORIENTED_EDGE ( 'NONE', *, *, #5844, .F. ) ;
#5162 = CARTESIAN_POINT ( 'NONE',  ( 114.1509814897016400, 16.39438462750169000, 307.0562620636362100 ) ) ;
#5163 = CARTESIAN_POINT ( 'NONE',  ( 101.1436944151856200, 16.39438630269831200, 317.6828935769432900 ) ) ;
#5164 = CARTESIAN_POINT ( 'NONE',  ( 101.6858704809426800, -22.00157613997173600, 318.4391214743896500 ) ) ;
#5165 = CARTESIAN_POINT ( 'NONE',  ( 108.6832327620107700, -23.50157523878747400, 319.5048073121385000 ) ) ;
#5166 = CARTESIAN_POINT ( 'NONE',  ( 112.4977877151327900, 17.89438484041494000, 301.4400963880004800 ) ) ;
#5167 = ORIENTED_EDGE ( 'NONE', *, *, #4064, .F. ) ;
#5168 = AXIS2_PLACEMENT_3D ( 'NONE', #70, #3818, #2383 ) ;
#5169 = CARTESIAN_POINT ( 'NONE',  ( 102.4515515249930500, 16.39438613426047900, 305.6769104260216600 ) ) ;
#5170 = CARTESIAN_POINT ( 'NONE',  ( 106.9408692484562800, -22.00157546318487100, 304.3413855825248800 ) ) ;
#5171 = AXIS2_PLACEMENT_3D ( 'NONE', #1128, #5404, #4459 ) ;
#5172 = CARTESIAN_POINT ( 'NONE',  ( 114.8179067675097800, -23.50157444870810900, 302.8075281296460200 ) ) ;
#5173 = CARTESIAN_POINT ( 'NONE',  ( 101.2233591318748300, 16.39438629243824500, 306.5583748405223300 ) ) ;
#5174 = ORIENTED_EDGE ( 'NONE', *, *, #1437, .T. ) ;
#5175 = CARTESIAN_POINT ( 'NONE',  ( 111.4298312122363800, 16.39438497795611800, 306.1354038043450000 ) ) ;
#5176 = CARTESIAN_POINT ( 'NONE',  ( 111.0429617803065600, -22.00157493487999700, 307.7825210702705500 ) ) ;
#5177 = DIRECTION ( 'NONE',  ( 1.287890777357250300E-007, 0.9999999999999917800, -1.176836406102659600E-014 ) ) ;
#5178 = CARTESIAN_POINT ( 'NONE',  ( 104.1335593914489400, 16.39438591763636300, 311.7580540058318100 ) ) ;
#5179 = CARTESIAN_POINT ( 'NONE',  ( 123.5451026297750000, 17.89438341764142800, 300.3904008642169900 ) ) ;
#5180 = CARTESIAN_POINT ( 'NONE',  ( 101.5303362756243100, -22.00157616000282000, 316.0348987409560100 ) ) ;
#5181 = CARTESIAN_POINT ( 'NONE',  ( 112.9759083110918300, -23.50157468593749900, 305.7174089095737500 ) ) ;
#5182 = CARTESIAN_POINT ( 'NONE',  ( 109.1598316968063500, -23.50157517740688500, 323.9663481035949000 ) ) ;
#5183 = CARTESIAN_POINT ( 'NONE',  ( 107.6114546875284800, 17.89438546972153100, 324.0426433745610100 ) ) ;
#5184 = CARTESIAN_POINT ( 'NONE',  ( 114.6114545938283100, -22.00157447529699800, 313.3165221225489700 ) ) ;
#5185 = CARTESIAN_POINT ( 'NONE',  ( 102.7664565495510200, 16.39438609370413900, 305.6666932671921600 ) ) ;
#5186 = VERTEX_POINT ( 'NONE', #1453 ) ;
#5187 = CARTESIAN_POINT ( 'NONE',  ( 107.3261579686093800, -22.00157541356387400, 304.1512649438543600 ) ) ;
#5188 = CARTESIAN_POINT ( 'NONE',  ( 101.8558097219711000, 16.39438621098555200, 308.6655540737178900 ) ) ;
#5189 = CARTESIAN_POINT ( 'NONE',  ( 110.9611638537583800, 16.39438503831547300, 317.0618827502679000 ) ) ;
#5190 = CARTESIAN_POINT ( 'NONE',  ( 106.9408692484547000, 16.39438555608555200, 320.0916586625879200 ) ) ;
#5191 = CARTESIAN_POINT ( 'NONE',  ( 101.0716034080985300, -23.50157621908254800, 307.4754622455830000 ) ) ;
#5192 = CARTESIAN_POINT ( 'NONE',  ( 112.1464960063529200, -22.00157479275680200, 308.8161403989446400 ) ) ;
#5193 = CARTESIAN_POINT ( 'NONE',  ( 104.2224577032133100, 16.39438590618722500, 311.3109307578334300 ) ) ;
#5194 = DIRECTION ( 'NONE',  ( 1.287890777357250000E-007, 0.9999999999999916700, -1.176836406102659500E-014 ) ) ;
#5195 = CARTESIAN_POINT ( 'NONE',  ( 110.2481813896439500, -22.00157503723905700, 314.5297795279881300 ) ) ;
#5196 = VECTOR ( 'NONE', #4943, 1000.000000000000000 ) ;
#5197 = EDGE_CURVE ( 'NONE', #2446, #3704, #3498, .T. ) ;
#5198 = CARTESIAN_POINT ( 'NONE',  ( 108.1628882935354500, -22.00157530580223800, 320.1714133316265200 ) ) ;
#5199 = CARTESIAN_POINT ( 'NONE',  ( 108.4401628793768400, 16.39438536299274000, 305.9433811860969300 ) ) ;
#5200 = CARTESIAN_POINT ( 'NONE',  ( 110.7564307383285300, 16.39438506468289300, 310.6632485924754400 ) ) ;
#5201 = EDGE_CURVE ( 'NONE', #5598, #1907, #1196, .T. ) ;
#5202 = CARTESIAN_POINT ( 'NONE',  ( 109.1509137716442300, -23.50157517855512500, 300.4658582369840500 ) ) ;
#5203 = B_SPLINE_CURVE_WITH_KNOTS ( 'NONE', 3,
 ( #5720, #385, #445, #4269, #4681, #1876, #893, #2841, #1895, #2357, #3814, #506, #1967, #66, #1506, #91, #4845, #2399, #3857, #1, #2946, #2491, #3423, #532 ),
 .UNSPECIFIED., .F., .F.,
 ( 4, 2, 2, 2, 2, 2, 2, 2, 2, 2, 2, 4 ),
 ( 0.0000000000000000000, 0.1250000000000000000, 0.1874999999999999700, 0.2500000000000000000, 0.3749999999999999400, 0.5000000000000000000, 0.5625000000000000000, 0.6250000000000000000, 0.6875000000000000000, 0.7499999999999998900, 0.8750000000000000000, 1.000000000000000000 ),
 .UNSPECIFIED. ) ;
#5204 = CARTESIAN_POINT ( 'NONE',  ( 116.5223561608595900, 17.89438432209453100, 304.4029392641925800 ) ) ;
#5205 = ORIENTED_EDGE ( 'NONE', *, *, #1472, .T. ) ;
#5206 = CARTESIAN_POINT ( 'NONE',  ( 101.5303362756243600, 16.39438625290296500, 308.3981455041409800 ) ) ;
#5207 = CARTESIAN_POINT ( 'NONE',  ( 108.0983918710897700, 16.39438540700909600, 304.2272058294910800 ) ) ;
#5208 = CARTESIAN_POINT ( 'NONE',  ( 106.7037375985839300, -22.00157549372490700, 308.8280201038178900 ) ) ;
#5209 = CARTESIAN_POINT ( 'NONE',  ( 114.1108373802869100, 16.39438463267181600, 307.6798427169374600 ) ) ;
#5210 = CARTESIAN_POINT ( 'NONE',  ( 102.7664565495510200, 16.39438609370413900, 305.6666932671921600 ) ) ;
#5211 = CARTESIAN_POINT ( 'NONE',  ( 111.0431893517967700, 16.39438502775139400, 307.7833986403315400 ) ) ;
#5212 = ORIENTED_EDGE ( 'NONE', *, *, #3109, .F. ) ;
#5213 = DIRECTION ( 'NONE',  ( 0.0000000000000000000, 0.0000000000000000000, 1.000000000000000000 ) ) ;
#5214 = ORIENTED_EDGE ( 'NONE', *, *, #3824, .T. ) ;
#5215 = PERSON_AND_ORGANIZATION ( #5074, #5367 ) ;
#5216 = CARTESIAN_POINT ( 'NONE',  ( 110.2481813907547900, 16.39438513013978500, 309.9032647183948400 ) ) ;
#5217 = CARTESIAN_POINT ( 'NONE',  ( 119.3597580533254400, -23.50157386376714900, 310.6566865609324900 ) ) ;
#5218 = ORIENTED_EDGE ( 'NONE', *, *, #2347, .T. ) ;
#5219 = CARTESIAN_POINT ( 'NONE',  ( 76.11368803827605200, 4.196405258152250200, 313.3165224408962800 ) ) ;
#5220 = FACE_OUTER_BOUND ( 'NONE', #1046, .T. ) ;
#5221 = CARTESIAN_POINT ( 'NONE',  ( 102.5554571355724700, 17.89438612087856800, 305.6668568679871800 ) ) ;
#5222 = CARTESIAN_POINT ( 'NONE',  ( 107.3237434818231700, -23.50157541387487100, 306.2885096148643800 ) ) ;
#5223 = CARTESIAN_POINT ( 'NONE',  ( 109.1623559850833800, -22.00157517708148100, 309.0704862132973900 ) ) ;
#5224 = CARTESIAN_POINT ( 'NONE',  ( 111.2892707077996300, 16.39438499605889300, 316.1894861848384200 ) ) ;
#5225 = EDGE_LOOP ( 'NONE', ( #752, #2847, #5836, #2920 ) ) ;
#5226 = CARTESIAN_POINT ( 'NONE',  ( 101.6858704809365700, 16.39438623287183100, 305.9939227706945000 ) ) ;
#5227 = CARTESIAN_POINT ( 'NONE',  ( 113.7321809526535800, 16.39438468143879000, 312.8930180149297900 ) ) ;
#5228 = APPROVAL_STATUS ( 'not_yet_approved' ) ;
#5229 = ORIENTED_EDGE ( 'NONE', *, *, #287, .T. ) ;
#5230 = EDGE_CURVE ( 'NONE', #905, #1888, #3351, .T. ) ;
#5231 = CARTESIAN_POINT ( 'NONE',  ( 113.5426054864742300, 17.89438470585402600, 318.4477710762247400 ) ) ;
#5232 = CIRCLE ( 'NONE', #3088, 1.099999999999986500 ) ;
#5233 = EDGE_CURVE ( 'NONE', #5761, #4396, #2112, .T. ) ;
#5234 = CARTESIAN_POINT ( 'NONE',  ( 107.0600208941242800, 16.39438554073996100, 306.1714133316237400 ) ) ;
#5235 = CARTESIAN_POINT ( 'NONE',  ( 100.6114513154050100, 17.89438637124538200, 313.3165209732571800 ) ) ;
#5236 = ORIENTED_EDGE ( 'NONE', *, *, #2038, .T. ) ;
#5237 = CARTESIAN_POINT ( 'NONE',  ( 76.11368792387070000, -2.803594741847749800, 306.3165224408962800 ) ) ;
#5238 = CARTESIAN_POINT ( 'NONE',  ( 102.8696250110004500, -22.00157598751689400, 308.8570805730968800 ) ) ;
#5239 = B_SPLINE_CURVE_WITH_KNOTS ( 'NONE', 3,
 ( #2093, #154, #5411, #2054, #2553, #5891, #1091, #3464, #5833, #4487, #3526, #1571, #5432, #4905, #1547, #3921, #2966, #684 ),
 .UNSPECIFIED., .F., .F.,
 ( 4, 2, 2, 2, 2, 2, 2, 2, 4 ),
 ( 0.0000000000000000000, 0.1250000000000000000, 0.2500000000000000000, 0.3750000000000000000, 0.5000000000000000000, 0.6250000000000000000, 0.7500000000000000000, 0.8750000000000000000, 1.000000000000000000 ),
 .UNSPECIFIED. ) ;
#5240 = DIRECTION ( 'NONE',  ( -1.000000000000000000, 0.0000000000000000000, 0.0000000000000000000 ) ) ;
#5241 = CARTESIAN_POINT ( 'NONE',  ( 76.11368816194959700, 2.146152726456558300, 307.2667749725867500 ) ) ;
#5242 = CARTESIAN_POINT ( 'NONE',  ( 101.2726628451463900, 17.89438628608847600, 306.4652219934341100 ) ) ;
#5243 = CARTESIAN_POINT ( 'NONE',  ( 100.7580009412745300, 17.89438635237139900, 313.3165206980904700 ) ) ;
#5244 = CARTESIAN_POINT ( 'NONE',  ( 104.1114545938283000, -22.00157582758280500, 312.2165221217624100 ) ) ;
#5245 = AXIS2_PLACEMENT_3D ( 'NONE', #2230, #3777, #4212 ) ;
#5246 = CARTESIAN_POINT ( 'NONE',  ( 106.9373206304730400, -23.50157546364190600, 304.3352337897143200 ) ) ;
#5247 = CARTESIAN_POINT ( 'NONE',  ( 113.6925729120332800, -22.00157459363890700, 308.3981455041409800 ) ) ;
#5248 = CARTESIAN_POINT ( 'NONE',  ( 106.9364881641570800, 17.89438555664961000, 304.3357171804924000 ) ) ;
#5249 = APPROVAL_STATUS ( 'not_yet_approved' ) ;
#5250 = B_SPLINE_CURVE_WITH_KNOTS ( 'NONE', 3,
 ( #3687, #846, #4693, #4654, #3311, #521, #5290, #3825, #959, #5231, #474, #2411, #1417, #4731, #5775, #1956, #1473, #3806 ),
 .UNSPECIFIED., .F., .F.,
 ( 4, 2, 2, 2, 2, 2, 2, 2, 4 ),
 ( 0.0000000000000000000, 0.1250000000000000000, 0.2500000000000000000, 0.3750000000000000000, 0.5000000000000000000, 0.6250000000000000000, 0.7500000000000000000, 0.8750000000000000000, 1.000000000000000000 ),
 .UNSPECIFIED. ) ;
#5251 = B_SPLINE_CURVE_WITH_KNOTS ( 'NONE', 3,
 ( #4279, #5265, #1953, #957, #516, #5248, #2389, #2407, #3371, #3348, #1434, #3843, #980, #3802, #1454, #1884, #5752, #31 ),
 .UNSPECIFIED., .F., .F.,
 ( 4, 2, 2, 2, 2, 2, 2, 2, 4 ),
 ( 0.0000000000000000000, 0.1250000000000000000, 0.2500000000000000000, 0.3750000000000000000, 0.5000000000000000000, 0.6250000000000000000, 0.7500000000000000000, 0.8750000000000000000, 1.000000000000000000 ),
 .UNSPECIFIED. ) ;
#5252 = LINE ( 'NONE', #6101, #1446 ) ;
#5253 = CARTESIAN_POINT ( 'NONE',  ( 107.7556088688134400, 16.39438545115582700, 306.3163869779749000 ) ) ;
#5254 = CARTESIAN_POINT ( 'NONE',  ( 76.11368803827605200, 4.196405258152250200, 312.2165224408962600 ) ) ;
#5255 = CARTESIAN_POINT ( 'NONE',  ( 100.6114513948638800, 16.39438637124536100, 313.3165209732565600 ) ) ;
#5256 = CARTESIAN_POINT ( 'NONE',  ( 118.2348761998917300, -23.50157400863964000, 306.9627624336344000 ) ) ;
#5257 = CARTESIAN_POINT ( 'NONE',  ( 119.3604690724183300, 16.39438395657667200, 313.7712191769753100 ) ) ;
#5258 = CARTESIAN_POINT ( 'NONE',  ( 108.7114547870120000, 17.89438532805347000, 319.3604824585331700 ) ) ;
#5259 = CARTESIAN_POINT ( 'NONE',  ( 111.5802937829620200, 17.89438495857822500, 308.5483075503004800 ) ) ;
#5260 = CARTESIAN_POINT ( 'NONE',  ( 108.7114547870120000, -23.50157523515274200, 305.3634883193576600 ) ) ;
#5261 = CARTESIAN_POINT ( 'NONE',  ( 107.6114546150847200, 17.89438546972153800, 324.0426434868389800 ) ) ;
#5262 = CARTESIAN_POINT ( 'NONE',  ( 110.9326334561664900, 16.39438504198993100, 313.3441277900171300 ) ) ;
#5263 = CARTESIAN_POINT ( 'NONE',  ( 101.6853354402956700, -22.00157614004050200, 305.9943180184066600 ) ) ;
#5264 = CARTESIAN_POINT ( 'NONE',  ( 113.9356928460843200, 16.39438465522858800, 311.3364389360473900 ) ) ;
#5265 = CARTESIAN_POINT ( 'NONE',  ( 106.5114547870119800, 17.89438561138927500, 305.0702772322578100 ) ) ;
#5266 = PERSON_AND_ORGANIZATION_ROLE ( 'design_owner' ) ;
#5267 = DIRECTION ( 'NONE',  ( -1.000000000000000000, 0.0000000000000000000, 0.0000000000000000000 ) ) ;
#5268 = CARTESIAN_POINT ( 'NONE',  ( 106.5114545938283800, 16.39438561138945600, 319.0725617865659800 ) ) ;
#5269 = EDGE_LOOP ( 'NONE', ( #6114, #3209, #820, #4302 ) ) ;
#5270 = CARTESIAN_POINT ( 'NONE',  ( 108.5191715907219200, 16.39438535281734500, 308.8280201042804300 ) ) ;
#5271 = CARTESIAN_POINT ( 'NONE',  ( 104.2106472703190000, 16.39438590770816300, 306.8511258211152600 ) ) ;
#5272 = CARTESIAN_POINT ( 'NONE',  ( 114.1610956958482500, -23.50157453329838500, 317.2728975223424800 ) ) ;
#5273 = CARTESIAN_POINT ( 'NONE',  ( 103.7930779754213100, -22.00157586858617600, 306.1354038043440400 ) ) ;
#5274 = VERTEX_POINT ( 'NONE', #558 ) ;
#5275 = AXIS2_PLACEMENT_3D ( 'NONE', #3257, #1297, #4684 ) ;
#5276 = CARTESIAN_POINT ( 'NONE',  ( 107.6114545001270500, -22.00157537682073500, 300.3904008705370100 ) ) ;
#5277 = DIRECTION ( 'NONE',  ( 0.0000000000000000000, 0.0000000000000000000, 1.000000000000000000 ) ) ;
#5278 = CARTESIAN_POINT ( 'NONE',  ( 106.6505743679966800, 16.39438559347236100, 319.7713667812112700 ) ) ;
#5279 = CARTESIAN_POINT ( 'NONE',  ( 108.0684297054791200, 17.89438541086807900, 315.6947257348622900 ) ) ;
#5280 = CARTESIAN_POINT ( 'NONE',  ( 101.3383077754790400, 17.89438627763419400, 311.3878123196203100 ) ) ;
#5281 = ORIENTED_EDGE ( 'NONE', *, *, #1003, .F. ) ;
#5282 = CARTESIAN_POINT ( 'NONE',  ( 112.4563772698018600, 16.39438484574818800, 305.6668332239712500 ) ) ;
#5283 = CARTESIAN_POINT ( 'NONE',  ( 106.0605533957804700, -23.50157557656008200, 315.3625580318479300 ) ) ;
#5284 = CARTESIAN_POINT ( 'NONE',  ( 103.6423669394758300, 16.39438598089645500, 305.9846927683984700 ) ) ;
#5285 = FACE_BOUND ( 'NONE', #5878, .T. ) ;
#5286 = CARTESIAN_POINT ( 'NONE',  ( 107.2576564639080200, -23.50157542238618500, 318.1722075367406400 ) ) ;
#5287 = CARTESIAN_POINT ( 'NONE',  ( 114.4649053595326200, 16.39438458707193300, 311.1165221225489900 ) ) ;
#5288 = VERTEX_POINT ( 'NONE', #180 ) ;
#5289 = VECTOR ( 'NONE', #3004, 1000.000000000000000 ) ;
#5290 = CARTESIAN_POINT ( 'NONE',  ( 114.1208002193311300, 17.89438463138884900, 317.5822855050518000 ) ) ;
#5291 = CARTESIAN_POINT ( 'NONE',  ( 103.0786966050503300, 17.89438605349116400, 315.6070175298109500 ) ) ;
#5292 = ORIENTED_EDGE ( 'NONE', *, *, #4953, .F. ) ;
#5293 = CARTESIAN_POINT ( 'NONE',  ( 104.1801777559953300, 16.39438591163230200, 306.7514681658977900 ) ) ;
#5294 = CARTESIAN_POINT ( 'NONE',  ( 99.51138187716168200, 16.39438651292229200, 312.1452646839857700 ) ) ;
#5295 = CIRCLE ( 'NONE', #5413, 1.099999999999986500 ) ;
#5296 = CARTESIAN_POINT ( 'NONE',  ( 101.8586505781000800, 17.89438621061976400, 315.7777375393226900 ) ) ;
#5297 = CARTESIAN_POINT ( 'NONE',  ( 76.11368816194959700, -2.803594741847669900, 312.2165224408962000 ) ) ;
#5298 = ORIENTED_EDGE ( 'NONE', *, *, #1291, .F. ) ;
#5299 = B_SPLINE_SURFACE_WITH_KNOTS ( 'NONE', 1, 3, ( 
 ( #2420, #1425, #1893, #3939, #4372, #2531, #5366, #127, #2550, #2467, #4438, #2052, #1525, #1053, #1545, #4395, #5322, #3500, #5343, #5807, #4865, #1071, #5387, #2490 ),
 ( #2510, #3920, #5867, #4885, #150, #1108, #5888, #3976, #3481, #653, #2983, #3461, #5829, #110, #3020, #634, #2964, #4353, #2006, #2031, #173, #4926, #3003, #3443 ) ),
 .UNSPECIFIED., .F., .F., .F.,
 ( 2, 2 ),
 ( 4, 2, 2, 2, 2, 2, 2, 2, 2, 2, 2, 4 ),
 ( 0.0000000000000000000, 1.000000000000000000 ),
 ( 0.0000000000000000000, 0.0004295930917382012700, 0.0006443896376073019000, 0.0008591861834764025400, 0.001288779275214603800, 0.001718372366952805100, 0.001933168912821905600, 0.002147965458691006100, 0.002362762004560106700, 0.002577558550429207600, 0.003007151642167409100, 0.003436744733905610200 ),
 .UNSPECIFIED. ) ;
#5300 = CARTESIAN_POINT ( 'NONE',  ( 107.3261581617990600, 17.89438550646456200, 320.2817793012394500 ) ) ;
#5301 = CARTESIAN_POINT ( 'NONE',  ( 110.7573249087976700, 17.89438506456777500, 313.7680796966266100 ) ) ;
#5302 = CARTESIAN_POINT ( 'NONE',  ( 101.4907221376898300, 16.39438625800487900, 311.5400245295172100 ) ) ;
#5303 = CARTESIAN_POINT ( 'NONE',  ( 113.5375739405424900, 17.89438470650187800, 305.9943180184154100 ) ) ;
#5304 = CARTESIAN_POINT ( 'NONE',  ( 105.8565399043894900, -23.50157560283475200, 315.2544315626809100 ) ) ;
#5305 = CARTESIAN_POINT ( 'NONE',  ( 104.5754600281751400, 16.39438586072444800, 313.9744298200244500 ) ) ;
#5306 = ORIENTED_EDGE ( 'NONE', *, *, #1199, .T. ) ;
#5307 = CARTESIAN_POINT ( 'NONE',  ( 108.4867784848011800, -23.50157526408865700, 318.5461592182961100 ) ) ;
#5308 = DESIGN_CONTEXT ( 'detailed design', #5753, 'design' ) ;
#5309 = CARTESIAN_POINT ( 'NONE',  ( 101.2645165518541700, 17.89438628713765300, 308.0743279964803500 ) ) ;
#5310 = EDGE_CURVE ( 'NONE', #1548, #5765, #1150, .T. ) ;
#5311 = CARTESIAN_POINT ( 'NONE',  ( 107.0576449160289200, 16.39438554104609100, 318.2551829717811500 ) ) ;
#5312 = B_SPLINE_SURFACE_WITH_KNOTS ( 'NONE', 1, 3, ( 
 ( #471, #1903, #2276, #393, #1413, #4745, #1378, #3309, #5135, #3748, #1809, #4729, #452, #430, #4258, #4182, #1336, #1357, #922, #4670, #4237, #5154, #6127, #2291, #5637, #414, #6102, #1867, #4689, #1847, #881, #3724, #3244, #1826 ),
 ( #4710, #3262, #5178, #5193, #2311, #5657, #4217, #2808, #3289, #3510, #663, #1599, #3985, #336, #350, #1315, #4170, #2706, #1047, #5270, #1452, #372, #4520, #2080, #183, #2522, #5470, #669, #3473, #4010, #4938, #2103, #1123, #647 ) ),
 .UNSPECIFIED., .F., .F., .F.,
 ( 2, 2 ),
 ( 4, 2, 2, 2, 2, 2, 2, 2, 2, 2, 2, 2, 2, 2, 2, 2, 4 ),
 ( 0.0000000000000000000, 1.000000000000000000 ),
 ( 6.740025934700229800E-014, 0.0006835442484727158300, 0.001367088496878031400, 0.002050632745283346900, 0.002734176993688662700, 0.003417721242093978000, 0.004101265490499293700, 0.004784809738904609500, 0.005468353987309925200, 0.006151898235715240100, 0.006835442484120555900, 0.007518986732525871600, 0.008202530980931186500, 0.008886075229336501400, 0.009569619477741818000, 0.01025316372614713500, 0.01093670797455245000 ),
 .UNSPECIFIED. ) ;
#5313 = CARTESIAN_POINT ( 'NONE',  ( 109.9215066928133200, -23.50157507931122300, 314.8559783317380700 ) ) ;
#5314 = ORIENTED_EDGE ( 'NONE', *, *, #439, .T. ) ;
#5315 = CARTESIAN_POINT ( 'NONE',  ( 104.2217241764690400, 17.89438590628172000, 317.5810442469209000 ) ) ;
#5316 = EDGE_CURVE ( 'NONE', #5494, #1299, #5476, .T. ) ;
#5317 = CARTESIAN_POINT ( 'NONE',  ( 103.8671442053672100, 16.39438595194763700, 308.3239988570860000 ) ) ;
#5318 = CARTESIAN_POINT ( 'NONE',  ( 113.0766248449252300, -23.50157467296645600, 318.6849060170460500 ) ) ;
#5319 = CARTESIAN_POINT ( 'NONE',  ( 99.88459114147923400, 16.39438646485701800, 313.0452303761737800 ) ) ;
#5320 = VERTEX_POINT ( 'NONE', #2971 ) ;
#5321 = CARTESIAN_POINT ( 'NONE',  ( 103.7184497093771400, 17.89438597109795700, 315.9604189986844700 ) ) ;
#5322 = CARTESIAN_POINT ( 'NONE',  ( 108.1628884867182300, -23.50157530580211700, 306.1714133316213500 ) ) ;
#5323 = FACE_BOUND ( 'NONE', #1678, .T. ) ;
#5324 = CARTESIAN_POINT ( 'NONE',  ( 107.7556090620095500, 17.89438545115598000, 320.3163869779735400 ) ) ;
#5325 = CARTESIAN_POINT ( 'NONE',  ( 108.5203292885006600, 17.89438535266834800, 315.6048110410868000 ) ) ;
#5326 = CIRCLE ( 'NONE', #1963, 1.599999999999990300 ) ;
#5327 = CARTESIAN_POINT ( 'NONE',  ( 101.4409672219679400, 17.89438626441277700, 312.9425316201346200 ) ) ;
#5328 = CARTESIAN_POINT ( 'NONE',  ( 113.3624417775800200, 16.39438472905697400, 305.8770389332775000 ) ) ;
#5329 = AXIS2_PLACEMENT_3D ( 'NONE', #273, #5535, #2217 ) ;
#5330 = CARTESIAN_POINT ( 'NONE',  ( 113.7363182469919000, 17.89438468090594400, 311.5459367771750900 ) ) ;
#5331 = CIRCLE ( 'NONE', #480, 2.250000000000001800 ) ;
#5332 = CARTESIAN_POINT ( 'NONE',  ( 115.6837004831503500, -23.50157433720338300, 311.9303389677364700 ) ) ;
#5333 = ORIENTED_EDGE ( 'NONE', *, *, #4146, .F. ) ;
#5334 = CARTESIAN_POINT ( 'NONE',  ( 107.3252716322793400, -23.50157541367819600, 318.1442764263532000 ) ) ;
#5335 = CARTESIAN_POINT ( 'NONE',  ( 108.3374665767878800, 16.39438537621904900, 318.3870052037715400 ) ) ;
#5336 = CARTESIAN_POINT ( 'NONE',  ( 106.7025800907882500, -22.00157549387397900, 315.6048110406624700 ) ) ;
#5337 = CARTESIAN_POINT ( 'NONE',  ( 112.6660270476493800, 17.89438481874764300, 308.8667160845101900 ) ) ;
#5338 = CARTESIAN_POINT ( 'NONE',  ( 112.4563772698018600, 16.39438484574818800, 305.6668332239712500 ) ) ;
#5339 = CARTESIAN_POINT ( 'NONE',  ( 114.1611638088175900, -22.00157453328948900, 307.3712911732031300 ) ) ;
#5340 = CARTESIAN_POINT ( 'NONE',  ( 112.0455681390316400, -23.50157480575534300, 318.6849698033075800 ) ) ;
#5341 = B_SPLINE_CURVE_WITH_KNOTS ( 'NONE', 3,
 ( #3652, #1794, #1306, #358, #1815, #3731, #848, #1773, #3191, #1363, #5140, #5121, #6060, #5643, #2266, #5624, #868, #4615 ),
 .UNSPECIFIED., .F., .F.,
 ( 4, 2, 2, 2, 2, 2, 2, 2, 4 ),
 ( 0.0000000000000000000, 0.1250000000000000000, 0.2500000000000000000, 0.3750000000000000000, 0.5000000000000000000, 0.6250000000000000000, 0.7500000000000000000, 0.8750000000000000000, 1.000000000000000000 ),
 .UNSPECIFIED. ) ;
#5342 = CARTESIAN_POINT ( 'NONE',  ( 111.4233487436311100, -22.00157488589047700, 323.4381494269658200 ) ) ;
#5343 = CARTESIAN_POINT ( 'NONE',  ( 108.3374667699742400, -23.50157528331832800, 306.0460390413155100 ) ) ;
#5344 = CARTESIAN_POINT ( 'NONE',  ( 107.9005445254965700, 16.39438543248986200, 320.2879363579515400 ) ) ;
#5345 = CARTESIAN_POINT ( 'NONE',  ( 103.4682864901375400, -23.50157591041583400, 308.6652737994463700 ) ) ;
#5346 = CARTESIAN_POINT ( 'NONE',  ( 104.2616296099247300, -23.50157580824196300, 317.3785836058891100 ) ) ;
#5347 = CARTESIAN_POINT ( 'NONE',  ( 114.1509814897016400, 16.39438462750169000, 307.0562620636362100 ) ) ;
#5348 = CARTESIAN_POINT ( 'NONE',  ( 108.4401630725674200, -23.50157527009214000, 304.4896630590010900 ) ) ;
#5349 = CARTESIAN_POINT ( 'NONE',  ( 110.6503811707128800, 16.39438507834089300, 313.9694058189152200 ) ) ;
#5350 = EDGE_CURVE ( 'NONE', #1659, #357, #5954, .T. ) ;
#5351 = ORIENTED_EDGE ( 'NONE', *, *, #1287, .F. ) ;
#5352 = CARTESIAN_POINT ( 'NONE',  ( 106.5397640306351700, 16.39438560774334500, 304.9287499502015600 ) ) ;
#5353 = CARTESIAN_POINT ( 'NONE',  ( 104.0599374857996400, -23.50157583421759400, 306.4614066868900300 ) ) ;
#5354 = CARTESIAN_POINT ( 'NONE',  ( 107.6827121249188900, 17.89438546054427100, 318.1164551257330700 ) ) ;
#5355 = B_SPLINE_SURFACE_WITH_KNOTS ( 'NONE', 1, 3, ( 
 ( #1311, #3251, #1819, #2740, #4206, #346, #832, #3231, #4620, #5127, #2228, #1760, #382, #1346, #3215, #5628, #362, #4642, #3711, #1778, #872, #5165, #3735, #5085 ),
 ( #2300, #4153, #2270, #4678, #5647, #3692, #2723, #1368, #853, #5107, #4660, #5570, #4171, #2709, #6041, #6064, #3176, #331, #4134, #3656, #2760, #811, #3198, #1292 ) ),
 .UNSPECIFIED., .F., .F., .F.,
 ( 2, 2 ),
 ( 4, 2, 2, 2, 2, 2, 2, 2, 2, 2, 2, 4 ),
 ( 0.0000000000000000000, 1.000000000000000000 ),
 ( 0.0000000000000000000, 0.0004295930917413330400, 0.0006443896376119995300, 0.0008591861834826660800, 0.001288779275223999100, 0.001718372366965332200, 0.001933168912835998500, 0.002147965458706665000, 0.002362762004577331600, 0.002577558550447998100, 0.003007151642189331200, 0.003436744733930664300 ),
 .UNSPECIFIED. ) ;
#5356 = CARTESIAN_POINT ( 'NONE',  ( 108.7371607220871300, -22.00157523184213200, 315.5383386362569800 ) ) ;
#5357 = CARTESIAN_POINT ( 'NONE',  ( 103.7930781686050100, 17.89438596148664800, 318.2976404407530100 ) ) ;
#5358 = VERTEX_POINT ( 'NONE', #1577 ) ;
#5359 = DIRECTION ( 'NONE',  ( 0.0000000000000000000, -1.176836406102669200E-014, -1.000000000000000000 ) ) ;
#5360 = CARTESIAN_POINT ( 'NONE',  ( 100.7580038281249800, -22.00157625947078100, 311.1165221225489900 ) ) ;
#5361 = CARTESIAN_POINT ( 'NONE',  ( 111.7553046585893700, -22.00157484313796600, 305.8679952347652000 ) ) ;
#5362 = CARTESIAN_POINT ( 'NONE',  ( 114.0799485781631000, -23.50157454374924300, 316.6518575985936600 ) ) ;
#5363 = CARTESIAN_POINT ( 'NONE',  ( 106.7002547430671500, -23.50157549417355800, 315.6273573368278000 ) ) ;
#5364 = CARTESIAN_POINT ( 'NONE',  ( 102.7657539046030900, 17.89438609379477500, 315.5662113656929400 ) ) ;
#5365 = VERTEX_POINT ( 'NONE', #2058 ) ;
#5366 = CARTESIAN_POINT ( 'NONE',  ( 106.7827465014577700, -23.50157548354939200, 305.9433811860971000 ) ) ;
#5367 = ORGANIZATION ( '未指定', '未指定', '' ) ;
#5368 = B_SPLINE_SURFACE_WITH_KNOTS ( 'NONE', 1, 3, ( 
 ( #2380, #1465, #3384, #1968, #2470, #5301, #2, #2400, #550, #1507, #46, #1031, #533, #1945, #5325, #5279, #5809, #2947, #3339, #485, #574, #3815, #1013, #4335, #4804, #2423, #972, #1445, #4781, #1918, #3363, #2444, #2905, #3858 ),
 ( #1487, #4825, #5785, #683, #1109, #617, #1590, #3482, #5832, #3463, #2053, #655, #4969, #3445, #2552, #129, #3941, #2092, #153, #3999, #2965, #3503, #1134, #2034, #636, #193, #3045, #1090, #1154, #4440, #5369, #4947, #3962, #1546 ) ),
 .UNSPECIFIED., .F., .F., .F.,
 ( 2, 2 ),
 ( 4, 2, 2, 2, 2, 2, 2, 2, 2, 2, 2, 2, 2, 2, 2, 2, 4 ),
 ( 0.0000000000000000000, 1.000000000000000000 ),
 ( 0.0000000000000000000, 0.0006835442484039577900, 0.001367088496807915600, 0.002050632745211873300, 0.002734176993615831200, 0.003417721242019789100, 0.004101265490423746500, 0.004784809738827704900, 0.005468353987231662300, 0.006151898235635619800, 0.006835442484039578100, 0.007518986732443535600, 0.008202530980847493000, 0.008886075229251451400, 0.009569619477655409700, 0.01025316372605936800, 0.01093670797446332500 ),
 .UNSPECIFIED. ) ;
#5369 = CARTESIAN_POINT ( 'NONE',  ( 104.2238429098446900, 16.39438590600883600, 313.1276967037039200 ) ) ;
#5370 = CARTESIAN_POINT ( 'NONE',  ( 100.6114547870119800, -23.50157627834473900, 313.3165221225489700 ) ) ;
#5371 = CARTESIAN_POINT ( 'NONE',  ( 113.5375737473505400, -22.00157461360123200, 318.4387262266915300 ) ) ;
#5372 = CARTESIAN_POINT ( 'NONE',  ( 108.7114545938283400, -22.00157523515290900, 319.2165221225490100 ) ) ;
#5373 = ORIENTED_EDGE ( 'NONE', *, *, #4260, .F. ) ;
#5374 = CARTESIAN_POINT ( 'NONE',  ( 113.5115899315829800, 17.89438470984844500, 312.3606763975408900 ) ) ;
#5375 = FACE_OUTER_BOUND ( 'NONE', #3259, .T. ) ;
#5376 = CARTESIAN_POINT ( 'NONE',  ( 108.7114545938293600, 16.39438532805332800, 305.0699728882521500 ) ) ;
#5377 = DIRECTION ( 'NONE',  ( -1.000000000000000000, 0.0000000000000000000, 0.0000000000000000000 ) ) ;
#5378 = CARTESIAN_POINT ( 'NONE',  ( 107.3223648553582400, 17.89438550695306400, 318.1451078871571100 ) ) ;
#5379 = CARTESIAN_POINT ( 'NONE',  ( 114.0796728857867500, 17.89438463668558700, 316.6509631025076600 ) ) ;
#5380 = CARTESIAN_POINT ( 'NONE',  ( 107.0600208941220300, -22.00157544783953500, 318.2616309134665500 ) ) ;
#5381 = CARTESIAN_POINT ( 'NONE',  ( 110.4148046187340100, -23.50157501577985300, 310.0702771736542900 ) ) ;
#5382 = CARTESIAN_POINT ( 'NONE',  ( 99.51138779019838400, -23.50157642002139400, 312.2877794604509600 ) ) ;
#5383 = ORIENTED_EDGE ( 'NONE', *, *, #4873, .T. ) ;
#5384 = B_SPLINE_CURVE_WITH_KNOTS ( 'NONE', 3,
 ( #1934, #5268, #5776, #2916, #3889, #1042, #101, #1098, #5420, #3534, #1557, #4958, #693, #2079, #5860, #164, #4496, #4009, #1580, #2500, #204, #2043, #3491, #5841 ),
 .UNSPECIFIED., .F., .F.,
 ( 4, 2, 2, 2, 2, 2, 2, 2, 2, 2, 2, 4 ),
 ( 0.0000000000000000000, 0.1250000000000000000, 0.1875000000000000000, 0.2500000000000000000, 0.3750000000000000000, 0.5000000000000000000, 0.5625000000000000000, 0.6250000000000000000, 0.6875000000000000000, 0.7500000000000000000, 0.8750000000000000000, 1.000000000000000000 ),
 .UNSPECIFIED. ) ;
#5385 = DIRECTION ( 'NONE',  ( 0.9999999999999525900, -0.0000000000000000000, -3.079986754528468600E-007 ) ) ;
#5386 = CARTESIAN_POINT ( 'NONE',  ( 103.9438257834795800, 17.89438594207199900, 318.1468928258783000 ) ) ;
#5387 = CARTESIAN_POINT ( 'NONE',  ( 108.7114547870119900, -23.50157523515272500, 305.3630713568446100 ) ) ;
#5388 = B_SPLINE_SURFACE_WITH_KNOTS ( 'NONE', 1, 3, ( 
 ( #3081, #4035, #713, #5379, #5400, #5861, #3953, #1582, #4917, #5967, #2148, #5095, #1213, #1256, #1766, #3663, #1731, #4056, #3101, #254, #5507, #4076, #5986, #317, #4140, #3599, #2673, #5028, #3181, #6008 ),
 ( #4583, #5577, #5491, #781, #2171, #1749, #819, #3642, #6050, #1298, #4627, #1234, #2695, #2633, #3578, #5048, #3144, #735, #2235, #3621, #4539, #799, #1707, #5069, #4562, #759, #1686, #2655, #3121, #4604 ) ),
 .UNSPECIFIED., .F., .F., .F.,
 ( 2, 2 ),
 ( 4, 2, 2, 2, 2, 2, 2, 2, 2, 2, 2, 2, 2, 2, 4 ),
 ( 0.0000000000000000000, 1.000000000000000000 ),
 ( 6.206335383118182800E-017, 0.0006249605929469312800, 0.0009374408894203659100, 0.001249921185893800500, 0.001562401482367235300, 0.001874881778840669800, 0.002187362075314104300, 0.002499842371787539100, 0.002812322668260973400, 0.003124802964734408100, 0.003437283261207842900, 0.003749763557681277600, 0.004062243854154712300, 0.004374724150628147100, 0.004999684743575015700 ),
 .UNSPECIFIED. ) ;
#5389 = ORIENTED_EDGE ( 'NONE', *, *, #5674, .T. ) ;
#5390 = CARTESIAN_POINT ( 'NONE',  ( 78.36368845172512500, -23.50157914361495800, 300.3904008452590200 ) ) ;
#5391 = CARTESIAN_POINT ( 'NONE',  ( 104.2207509014175900, -23.50157581350658000, 307.6847465750026900 ) ) ;
#5392 = CARTESIAN_POINT ( 'NONE',  ( 101.4409670287843100, 16.39438626441279100, 312.9425316201346200 ) ) ;
#5393 = CARTESIAN_POINT ( 'NONE',  ( 114.1103020143434600, 16.39438463274076300, 306.8517980166315600 ) ) ;
#5394 = CARTESIAN_POINT ( 'NONE',  ( 107.9005447186715500, -23.50157533958911700, 304.1451078871511400 ) ) ;
#5395 = CARTESIAN_POINT ( 'NONE',  ( 113.9410918827586400, 17.89438465453336800, 313.0918458203563000 ) ) ;
#5396 = CARTESIAN_POINT ( 'NONE',  ( 102.1460730092407700, 16.39438617360288900, 315.6475693783972900 ) ) ;
#5397 = EDGE_CURVE ( 'NONE', #4333, #1659, #240, .T. ) ;
#5398 = CARTESIAN_POINT ( 'NONE',  ( 106.5397640306254600, 16.39438560774350500, 318.9287499501989500 ) ) ;
#5399 = DIRECTION ( 'NONE',  ( 0.0000000000000000000, 0.0000000000000000000, 1.000000000000000000 ) ) ;
#5400 = CARTESIAN_POINT ( 'NONE',  ( 114.1101424001151400, 17.89438463276144700, 316.7506207577246800 ) ) ;
#5401 = AXIS2_PLACEMENT_3D ( 'NONE', #1166, #3013, #5399 ) ;
#5402 = CARTESIAN_POINT ( 'NONE',  ( 111.1228540684825500, 16.39438501749155100, 316.4578697771404400 ) ) ;
#5403 = CARTESIAN_POINT ( 'NONE',  ( 102.4526629813350700, 16.39438613411736900, 308.8568622319156700 ) ) ;
#5404 = DIRECTION ( 'NONE',  ( 1.000000000000000000, -0.0000000000000000000, -0.0000000000000000000 ) ) ;
#5405 = CARTESIAN_POINT ( 'NONE',  ( 100.0566039795830200, 16.39438644270363100, 311.2556409124979400 ) ) ;
#5406 = CARTESIAN_POINT ( 'NONE',  ( 104.0992392190055100, 16.39438592205641900, 316.4561430392459400 ) ) ;
#5407 = FACE_OUTER_BOUND ( 'NONE', #4706, .T. ) ;
#5408 = CARTESIAN_POINT ( 'NONE',  ( 115.6828690224182300, 17.89438443021144900, 311.9274321908875400 ) ) ;
#5409 = VECTOR ( 'NONE', #5724, 1000.000000000000100 ) ;
#5410 = CARTESIAN_POINT ( 'NONE',  ( 103.7930781686050100, -23.50157586858616900, 306.1354038043440400 ) ) ;
#5411 = CARTESIAN_POINT ( 'NONE',  ( 111.1640114884659000, 17.89438501219094800, 317.9738229330857300 ) ) ;
#5412 = CARTESIAN_POINT ( 'NONE',  ( 76.11368769947775100, -9.803594741847591700, 311.1165224408963500 ) ) ;
#5413 = AXIS2_PLACEMENT_3D ( 'NONE', #1914, #2321, #911 ) ;
#5414 = CARTESIAN_POINT ( 'NONE',  ( 108.6831451570227400, -22.00157523879868300, 304.9287499502017300 ) ) ;
#5415 = CARTESIAN_POINT ( 'NONE',  ( 101.0990954005903100, 16.39438630844211200, 311.2275486395075200 ) ) ;
#5416 = CARTESIAN_POINT ( 'NONE',  ( 115.2859776904638800, -23.50157438842577000, 313.0974971420252500 ) ) ;
#5417 = CARTESIAN_POINT ( 'NONE',  ( 102.1462845359058600, -22.00157608067524600, 305.7481382280548100 ) ) ;
#5418 = CARTESIAN_POINT ( 'NONE',  ( 103.7184495161966400, -22.00157587819754600, 308.4726252464092200 ) ) ;
#5419 = CARTESIAN_POINT ( 'NONE',  ( 103.7930779754213300, -22.00157586858631800, 318.2976404407530100 ) ) ;
#5420 = CARTESIAN_POINT ( 'NONE',  ( 107.0576449160289200, 16.39438554104609100, 318.2551829717811500 ) ) ;
#5421 = CARTESIAN_POINT ( 'NONE',  ( 100.0563809829204600, -23.50157634983218800, 311.2554547110817700 ) ) ;
#5422 = CARTESIAN_POINT ( 'NONE',  ( 113.7301664542073200, 17.89438468169813800, 311.5423879659781500 ) ) ;
#5423 = CARTESIAN_POINT ( 'NONE',  ( 112.7702463994934700, 17.89438480532540200, 315.5761820131780800 ) ) ;
#5424 = CARTESIAN_POINT ( 'NONE',  ( 103.7183861395774600, 16.39438597110615000, 318.3723322765968600 ) ) ;
#5425 = CARTESIAN_POINT ( 'NONE',  ( 113.9987341556124800, -22.00157455420878000, 317.8763961424641600 ) ) ;
#5426 = CARTESIAN_POINT ( 'NONE',  ( 99.62213230186810600, 16.39438649865882900, 311.7295843902289800 ) ) ;
#5427 = ORIENTED_EDGE ( 'NONE', *, *, #5310, .F. ) ;
#5428 = CARTESIAN_POINT ( 'NONE',  ( 102.2457571039351800, 16.39438616076465700, 315.6172179939942500 ) ) ;
#5429 = CARTESIAN_POINT ( 'NONE',  ( 114.7580040213092900, 17.89438454932401600, 313.3165221225489700 ) ) ;
#5430 = B_SPLINE_SURFACE_WITH_KNOTS ( 'NONE', 1, 3, ( 
 ( #5183, #1780, #930, #1348, #5648, #5128, #4719, #6115, #6081, #3277, #1820, #1369, #383, #3232, #5610, #4643, #3693, #912, #2271, #2322, #4208, #1328, #854, #3299, #4661, #421, #3252, #402, #364, #4173, #5204, #3713, #3216, #1799, #3758, #873, #5166, #2301, #2781, #3736, #892, #5665 ),
 ( #2799, #443, #6156, #4229, #4700, #6135, #2337, #5683, #2818, #3399, #2860, #6198, #5764, #947, #1443, #4736, #4268, #2902, #530, #5257, #1942, #2397, #969, #43, #4288, #3383, #4332, #2924, #1029, #3856, #548, #21, #3360, #5718, #3337, #64, #1011, #482, #1403, #4757, #4778, #3878 ) ),
 .UNSPECIFIED., .F., .F., .F.,
 ( 2, 2 ),
 ( 4, 2, 2, 2, 2, 2, 2, 2, 2, 2, 2, 2, 2, 2, 2, 2, 2, 2, 2, 2, 4 ),
 ( 0.0000000000000000000, 1.000000000000000000 ),
 ( 0.0000000000000000000, 0.002306075371691463500, 0.003459113057537195300, 0.004612150743382927000, 0.006918226115074390500, 0.009224301486765854000, 0.01037733917261158600, 0.01153037685845731800, 0.01383645223014878100, 0.01614252760184024500, 0.01844860297353170800, 0.02075467834522317200, 0.02190771603106890500, 0.02306075371691463500, 0.02536682908860609900, 0.02767290446029756200, 0.02997897983198902600, 0.03113201751783475900, 0.03228505520368048900, 0.03459113057537195600, 0.03689720594706341600 ),
 .UNSPECIFIED. ) ;
#5431 = CARTESIAN_POINT ( 'NONE',  ( 103.9421007811603800, -23.50157584939370300, 308.2494213192280200 ) ) ;
#5432 = CARTESIAN_POINT ( 'NONE',  ( 112.3481901428512100, 17.89438485968163700, 315.5664345835996300 ) ) ;
#5433 = EDGE_LOOP ( 'NONE', ( #4409, #4155 ) ) ;
#5434 = CARTESIAN_POINT ( 'NONE',  ( 114.1509814897012500, -22.00157453460097700, 317.3767821814676000 ) ) ;
#5435 = CARTESIAN_POINT ( 'NONE',  ( 103.3716417552525000, -23.50157592286271300, 315.7281156061074500 ) ) ;
#5436 = EDGE_CURVE ( 'NONE', #1767, #422, #1628, .T. ) ;
#5437 = CARTESIAN_POINT ( 'NONE',  ( 104.2514966855569300, 17.89438590244721900, 307.0561814689380600 ) ) ;
#5438 = ORIENTED_EDGE ( 'NONE', *, *, #2794, .T. ) ;
#5439 = EDGE_CURVE ( 'NONE', #4625, #4980, #827, .T. ) ;
#5440 = CARTESIAN_POINT ( 'NONE',  ( 108.7114545938283200, -22.00157523515276700, 319.0725617865632000 ) ) ;
#5441 = CARTESIAN_POINT ( 'NONE',  ( 104.0992392190089600, -22.00157582915596100, 307.9769012058484900 ) ) ;
#5442 = VECTOR ( 'NONE', #1207, 1000.000000000000000 ) ;
#5443 = CARTESIAN_POINT ( 'NONE',  ( 76.11368816194959700, 15.64438923651411200, 300.1538784402415600 ) ) ;
#5444 = CARTESIAN_POINT ( 'NONE',  ( 113.6925729120332800, -22.00157459363890700, 308.3981455041409800 ) ) ;
#5445 = CARTESIAN_POINT ( 'NONE',  ( 108.7114547870120300, -23.50157523515282400, 319.2165221225490100 ) ) ;
#5446 = CARTESIAN_POINT ( 'NONE',  ( 110.9613086216071600, 16.39438503829672200, 307.3734025857282900 ) ) ;
#5447 = ORIENTED_EDGE ( 'NONE', *, *, #3158, .T. ) ;
#5448 = CARTESIAN_POINT ( 'NONE',  ( 113.6925731052169700, 17.89438468653980900, 316.0348987409560100 ) ) ;
#5449 = CARTESIAN_POINT ( 'NONE',  ( 103.9340880125607200, 16.39438594332607800, 316.1901002822285700 ) ) ;
#5450 = CARTESIAN_POINT ( 'NONE',  ( 103.0782177163395200, -23.50157596065257300, 318.7257204146669100 ) ) ;
#5451 = CARTESIAN_POINT ( 'NONE',  ( 112.0455679458479500, -22.00157480575535400, 318.6849698033075800 ) ) ;
#5452 = VECTOR ( 'NONE', #326, 1000.000000000000000 ) ;
#5453 = CARTESIAN_POINT ( 'NONE',  ( 102.5554571355645900, -23.50157602797844800, 318.7661873771206700 ) ) ;
#5454 = CARTESIAN_POINT ( 'NONE',  ( 115.4865913270481900, 17.89438445548992000, 312.8871074679235600 ) ) ;
#5455 = EDGE_LOOP ( 'NONE', ( #2887, #4720 ) ) ;
#5456 = FACE_OUTER_BOUND ( 'NONE', #1629, .T. ) ;
#5457 = CARTESIAN_POINT ( 'NONE',  ( 113.5394672947043900, -23.50157461335729200, 311.9288108173357200 ) ) ;
#5458 = CARTESIAN_POINT ( 'NONE',  ( 113.7819378682418800, -23.50157458212962100, 312.9425341055119800 ) ) ;
#5459 = CARTESIAN_POINT ( 'NONE',  ( 112.3481901427460900, -23.50157476678080900, 308.8666096615304500 ) ) ;
#5460 = CARTESIAN_POINT ( 'NONE',  ( 111.0115667439854000, -22.00157493892346500, 317.5793376535479500 ) ) ;
#5461 = CARTESIAN_POINT ( 'NONE',  ( 101.4933187276816800, 17.89438625767048700, 312.8900723049709400 ) ) ;
#5462 = ORIENTED_EDGE ( 'NONE', *, *, #291, .F. ) ;
#5463 = CARTESIAN_POINT ( 'NONE',  ( 113.6925729120332700, -22.00157459363890700, 308.3981455041409800 ) ) ;
#5464 = CARTESIAN_POINT ( 'NONE',  ( 100.3236824214801900, -22.00157631540664800, 311.1448315593538000 ) ) ;
#5465 = CARTESIAN_POINT ( 'NONE',  ( 106.5396768120181700, -23.50157551485426700, 318.9282369329573600 ) ) ;
#5466 = CARTESIAN_POINT ( 'NONE',  ( 111.2888213682823400, -23.50157490321607100, 316.1901002822234500 ) ) ;
#5467 = CARTESIAN_POINT ( 'NONE',  ( 103.9412030779886600, -22.00157584950941800, 318.1495153381857200 ) ) ;
#5468 = CARTESIAN_POINT ( 'NONE',  ( 111.7553046585893700, -22.00157484313796600, 305.8679952347652000 ) ) ;
#5469 = EDGE_LOOP ( 'NONE', ( #4167, #1614 ) ) ;
#5470 = CARTESIAN_POINT ( 'NONE',  ( 110.3939127591648200, 16.39438511137126000, 310.0799160207027400 ) ) ;
#5471 = CARTESIAN_POINT ( 'NONE',  ( 108.5725221984786400, 17.89438534594631500, 305.7715959266348000 ) ) ;
#5472 = CARTESIAN_POINT ( 'NONE',  ( 112.3510464615959800, 16.39438485931376700, 315.5764053626341500 ) ) ;
#5473 = CARTESIAN_POINT ( 'NONE',  ( 111.1114547871266200, -23.50157492605890400, 311.7530823401934300 ) ) ;
#5474 = CARTESIAN_POINT ( 'NONE',  ( 123.5451026297750000, 17.89438341764140000, 298.0250565698730700 ) ) ;
#5475 = CARTESIAN_POINT ( 'NONE',  ( 104.2514865530882800, 16.39438590244862600, 316.9557570002408500 ) ) ;
#5476 = B_SPLINE_CURVE_WITH_KNOTS ( 'NONE', 3,
 ( #661, #4852, #5352, #641, #1061, #4447, #5896, #4425, #1551, #117, #4405, #3009, #601, #5814, #3983, #2952, #98, #4891, #3925, #4871, #4380, #3430, #5376, #2516 ),
 .UNSPECIFIED., .F., .F.,
 ( 4, 2, 2, 2, 2, 2, 2, 2, 2, 2, 2, 4 ),
 ( 0.0000000000000000000, 0.1250000000000000000, 0.1875000000000000000, 0.2500000000000000000, 0.3750000000000000000, 0.5000000000000000000, 0.5625000000000000000, 0.6250000000000000000, 0.6875000000000000000, 0.7500000000000000000, 0.8750000000000000000, 1.000000000000000000 ),
 .UNSPECIFIED. ) ;
#5477 = CARTESIAN_POINT ( 'NONE',  ( 115.7046540427103700, 16.39438442740580400, 312.3607063652362400 ) ) ;
#5478 = EDGE_CURVE ( 'NONE', #905, #109, #1924, .T. ) ;
#5479 = CARTESIAN_POINT ( 'NONE',  ( 113.7321811458275200, -23.50157458853781400, 311.5400262301603200 ) ) ;
#5480 = CARTESIAN_POINT ( 'NONE',  ( 111.2792864538533600, -23.50157490444397000, 308.2474370341216200 ) ) ;
#5481 = CARTESIAN_POINT ( 'NONE',  ( 111.1236699686513800, -22.00157492448576900, 316.4561430392470200 ) ) ;
#5482 = CARTESIAN_POINT ( 'NONE',  ( 101.6810475047531700, -23.50157614059286700, 315.8841877050109000 ) ) ;
#5483 = CARTESIAN_POINT ( 'NONE',  ( 100.7576939058261400, 17.89438635241091200, 311.1165209732590700 ) ) ;
#5484 = FACE_OUTER_BOUND ( 'NONE', #5269, .T. ) ;
#5485 = CARTESIAN_POINT ( 'NONE',  ( 104.1000553123537300, 17.89438592195123000, 307.9751744679632000 ) ) ;
#5486 = FACE_BOUND ( 'NONE', #1928, .T. ) ;
#5487 = CARTESIAN_POINT ( 'NONE',  ( 111.0115669371690800, -23.50157493892345400, 317.5793376535479500 ) ) ;
#5488 = CARTESIAN_POINT ( 'NONE',  ( 77.61368781155169900, 2.146152726458109900, 307.2667749725878300 ) ) ;
#5489 = B_SPLINE_SURFACE_WITH_KNOTS ( 'NONE', 1, 3, ( 
 ( #5790, #3966, #1530, #3923, #73, #5395, #2037, #3405, #3466, #4869, #5374, #3905, #3427, #555, #3884, #4360, #1093, #5330, #2514, #5855, #2951, #1060, #134, #622 ),
 ( #3946, #5870, #3008, #5108, #2189, #834, #5043, #812, #4093, #3139, #3616, #660, #4578, #776, #2710, #6044, #1275, #1701, #3177, #2690, #3635, #6065, #5895, #1761 ) ),
 .UNSPECIFIED., .F., .F., .F.,
 ( 2, 2 ),
 ( 4, 2, 2, 2, 2, 2, 2, 2, 2, 2, 2, 4 ),
 ( 0.0000000000000000000, 1.000000000000000000 ),
 ( 0.0000000000000000000, 0.0004295930917403492400, 0.0006443896376105238300, 0.0008591861834806984700, 0.001288779275221047700, 0.001718372366961396900, 0.001933168912831571500, 0.002147965458701746200, 0.002362762004571921000, 0.002577558550442095300, 0.003007151642182444800, 0.003436744733922793900 ),
 .UNSPECIFIED. ) ;
#5490 = CARTESIAN_POINT ( 'NONE',  ( 107.4672703511352100, -22.00157539539021600, 318.1233226736707700 ) ) ;
#5491 = CARTESIAN_POINT ( 'NONE',  ( 113.9590640166465100, 16.39438465221867200, 316.3603336027035200 ) ) ;
#5492 = FACE_OUTER_BOUND ( 'NONE', #6066, .T. ) ;
#5493 = CARTESIAN_POINT ( 'NONE',  ( 108.1666430912809000, 17.89438539821911800, 306.1772880164031100 ) ) ;
#5494 = VERTEX_POINT ( 'NONE', #2144 ) ;
#5495 = ADVANCED_FACE ( 'NONE', ( #4914 ), #4071, .T. ) ;
#5496 = CARTESIAN_POINT ( 'NONE',  ( 101.2872165347616700, -23.50157619131396200, 311.3364389360527300 ) ) ;
#5497 = CARTESIAN_POINT ( 'NONE',  ( 106.7002547447593100, 17.89438558707395200, 308.8056869078094500 ) ) ;
#5498 = CARTESIAN_POINT ( 'NONE',  ( 113.5671402012162200, -23.50157460979329100, 312.5703204456482400 ) ) ;
#5499 = CARTESIAN_POINT ( 'NONE',  ( 113.5182551449468100, -22.00157461608913700, 312.3607063652375500 ) ) ;
#5500 = CARTESIAN_POINT ( 'NONE',  ( 100.6114515880475000, 17.89438637124534600, 313.3165209732565600 ) ) ;
#5501 = CARTESIAN_POINT ( 'NONE',  ( 108.4867782916339300, -22.00157526408859700, 304.5461592182961100 ) ) ;
#5502 = FACE_BOUND ( 'NONE', #2991, .T. ) ;
#5503 = CARTESIAN_POINT ( 'NONE',  ( 101.7113107616743800, 17.89438622959548300, 312.0691095506504700 ) ) ;
#5504 = CARTESIAN_POINT ( 'NONE',  ( 101.5303364688080000, 17.89438625290295400, 308.3981455041409800 ) ) ;
#5505 = CARTESIAN_POINT ( 'NONE',  ( 119.3604690724183300, 16.39438395657667200, 313.7712191769753100 ) ) ;
#5506 = CARTESIAN_POINT ( 'NONE',  ( 108.4867782916174800, -22.00157526408867200, 318.5461592182961100 ) ) ;
#5507 = CARTESIAN_POINT ( 'NONE',  ( 112.9759083111049300, 17.89438477883843200, 318.7156353355561000 ) ) ;
#5508 = ORIENTED_EDGE ( 'NONE', *, *, #162, .T. ) ;
#5509 = CARTESIAN_POINT ( 'NONE',  ( 114.6114547870119900, 17.89438456819788200, 311.1165221225489900 ) ) ;
#5510 = CARTESIAN_POINT ( 'NONE',  ( 109.3663696696623200, -23.50157515080679400, 309.1786126824677600 ) ) ;
#5511 = CARTESIAN_POINT ( 'NONE',  ( 103.0776571471145500, 16.39438605362506300, 318.7153211877214900 ) ) ;
#5512 = B_SPLINE_CURVE_WITH_KNOTS ( 'NONE', 1,
 ( #1649, #3972 ),
 .UNSPECIFIED., .F., .F.,
 ( 2, 2 ),
 ( 0.0000000000000000000, 1.000000000000000000 ),
 .UNSPECIFIED. ) ;
#5513 = CARTESIAN_POINT ( 'NONE',  ( 99.78193767505123900, -22.00157638517751800, 312.9425341055039700 ) ) ;
#5514 = CARTESIAN_POINT ( 'NONE',  ( 107.4673003188394900, -22.00157539538627600, 306.3163869779820600 ) ) ;
#5515 = CARTESIAN_POINT ( 'NONE',  ( 101.6855607613195500, 16.39438623291183100, 315.8937396307625200 ) ) ;
#5516 = CARTESIAN_POINT ( 'NONE',  ( 103.4676047222489200, -23.50157591050375000, 318.5650490103232100 ) ) ;
#5517 = ORIENTED_EDGE ( 'NONE', *, *, #3392, .F. ) ;
#5518 = APPROVAL_DATE_TIME ( #4614, #1841 ) ;
#5519 = B_SPLINE_SURFACE_WITH_KNOTS ( 'NONE', 1, 3, ( 
 ( #2327, #4725, #49, #2930, #1971, #535, #2426, #71, #3404, #1948, #3387, #5304, #5283, #3861, #5771, #1490, #4828, #2909, #1016, #4338, #2449, #5789, #4835, #2893, #5313, #5733, #1977, #4856, #1995, #522, #5819, #540, #1474, #3375 ),
 ( #3847, #3911, #2957, #2872, #1535, #34, #583, #55, #562, #4875, #4325, #2457, #1063, #4794, #5336, #4385, #5796, #1001, #1021, #2020, #5356, #4816, #13, #3434, #2480, #4344, #80, #1957, #3411, #3352, #4363, #498, #2432, #4300 ) ),
 .UNSPECIFIED., .F., .F., .F.,
 ( 2, 2 ),
 ( 4, 2, 2, 2, 2, 2, 2, 2, 2, 2, 2, 2, 2, 2, 2, 2, 4 ),
 ( 0.0000000000000000000, 1.000000000000000000 ),
 ( 6.740025934700229800E-014, 0.0006835442484777773200, 0.001367088496888154300, 0.002050632745298531400, 0.002734176993708908600, 0.003417721242119285900, 0.004101265490529662700, 0.004784809738940040300, 0.005468353987350417200, 0.006151898235760794000, 0.006835442484171171600, 0.007518986732581549300, 0.008202530980991926100, 0.008886075229402302900, 0.009569619477812679700, 0.01025316372622305700, 0.01093670797463343300 ),
 .UNSPECIFIED. ) ;
#5520 = CARTESIAN_POINT ( 'NONE',  ( 114.4674942578438700, -22.00157449383740600, 311.1165221225489900 ) ) ;
#5521 = CARTESIAN_POINT ( 'NONE',  ( 114.6114545938283100, -22.00157447529699800, 313.3165221225489700 ) ) ;
#5522 = CARTESIAN_POINT ( 'NONE',  ( 115.4173146293170000, 17.89438446441199600, 321.1344184749528900 ) ) ;
#5523 = CARTESIAN_POINT ( 'NONE',  ( 106.6505743679955300, -22.00157550057170000, 304.6616774638834500 ) ) ;
#5524 = ORIENTED_EDGE ( 'NONE', *, *, #4506, .F. ) ;
#5525 = ADVANCED_FACE ( 'NONE', ( #3940, #5735, #3648, #3489, #4463, #962, #513, #4764, #3199, #2689 ), #1726, .T. ) ;
#5526 = EDGE_CURVE ( 'NONE', #4077, #1399, #2592, .T. ) ;
#5527 = CIRCLE ( 'NONE', #1302, 1.099999999999931000 ) ;
#5528 = CARTESIAN_POINT ( 'NONE',  ( 101.6767064835652300, 16.39438623405212800, 312.5018162318410200 ) ) ;
#5529 = CARTESIAN_POINT ( 'NONE',  ( 104.1801779491789500, 17.89438591163228800, 306.7514681658977900 ) ) ;
#5530 = EDGE_CURVE ( 'NONE', #889, #4644, #3065, .T. ) ;
#5531 = CARTESIAN_POINT ( 'NONE',  ( 110.9613086216055800, -22.00157494539616800, 317.0596416593700700 ) ) ;
#5532 = ORIENTED_EDGE ( 'NONE', *, *, #1044, .T. ) ;
#5533 = CARTESIAN_POINT ( 'NONE',  ( 108.3861709198194100, 16.39438536994626000, 300.3904008707261300 ) ) ;
#5534 = CARTESIAN_POINT ( 'NONE',  ( 113.6190840149299400, -22.00157460310346700, 306.0618349918397600 ) ) ;
#5535 = DIRECTION ( 'NONE',  ( 0.0000000000000000000, -1.176836406102669200E-014, 1.000000000000000000 ) ) ;
#5536 = CYLINDRICAL_SURFACE ( 'NONE', #2448, 3.500000000000003100 ) ;
#5537 = CARTESIAN_POINT ( 'NONE',  ( 107.3237434818281600, 17.89438550677552100, 318.1445346302408000 ) ) ;
#5538 = CARTESIAN_POINT ( 'NONE',  ( 110.7573249095423600, -23.50157497166692300, 310.6649645499840100 ) ) ;
#5539 = CARTESIAN_POINT ( 'NONE',  ( 101.6007710800678300, -23.50157615093154100, 311.7295848452877700 ) ) ;
#5540 = ORIENTED_EDGE ( 'NONE', *, *, #5120, .F. ) ;
#5541 = CARTESIAN_POINT ( 'NONE',  ( 114.1509914289882800, 16.39438462750052800, 316.9556764055533900 ) ) ;
#5542 = CARTESIAN_POINT ( 'NONE',  ( 77.61368816194959700, -21.62053882741650300, 300.3904008652820000 ) ) ;
#5543 = AXIS2_PLACEMENT_3D ( 'NONE', #5695, #1436, #6191 ) ;
#5544 = B_SPLINE_SURFACE_WITH_KNOTS ( 'NONE', 1, 3, ( 
 ( #5129, #4003, #5941, #4515, #225, #836, #4662, #4029, #3178, #3074, #3694, #333, #1313, #1330, #5146, #3553, #4646, #1638, #5612, #4175, #5593, #5573, #707, #5000, #1781, #1182, #3051, #1801, #365, #6082, #2232, #1660 ),
 ( #3659, #3218, #5917, #1160, #2712, #4491, #4974, #2120, #6045, #2725, #814, #4136, #1295, #4623, #1763, #5109, #6067, #3200, #2325, #2492, #2684, #5163, #4222, #6031, #5092, #4097, #1705, #1623, #2612, #3103, #4456, #1667 ) ),
 .UNSPECIFIED., .F., .F., .F.,
 ( 2, 2 ),
 ( 4, 2, 2, 2, 2, 2, 2, 2, 2, 2, 2, 2, 2, 2, 2, 4 ),
 ( 0.0000000000000000000, 1.000000000000000000 ),
 ( 1.387778780781445700E-017, 0.0003124349154422037000, 0.0006248698308843935200, 0.0009373047463265833500, 0.001249739661768773200, 0.001562174577210963000, 0.001874609492653152800, 0.002187044408095342600, 0.002499479323537532500, 0.002811914238979722300, 0.003124349154421912100, 0.003436784069864101900, 0.003749218985306291800, 0.004061653900748481100, 0.004374088816190671400, 0.004998958647075051100 ),
 .UNSPECIFIED. ) ;
#5545 = VERTEX_POINT ( 'NONE', #3883 ) ;
#5546 = CARTESIAN_POINT ( 'NONE',  ( 113.9410916895785300, -22.00157456163232800, 311.3411984247535400 ) ) ;
#5547 = CARTESIAN_POINT ( 'NONE',  ( 99.51158669201862500, 17.89438651289592000, 312.3630992832311800 ) ) ;
#5548 = CARTESIAN_POINT ( 'NONE',  ( 108.3837387490834800, 17.89438537025977600, 324.0426433778780500 ) ) ;
#5549 = CARTESIAN_POINT ( 'NONE',  ( 104.2617453338994300, -22.00157580822704200, 317.0618827502663600 ) ) ;
#5550 = CARTESIAN_POINT ( 'NONE',  ( 113.6925731052169800, 17.89438468653971300, 308.3981455041409300 ) ) ;
#5551 = CARTESIAN_POINT ( 'NONE',  ( 115.6557691796256800, -22.00157434080060900, 311.8627237994491000 ) ) ;
#5552 = ORIENTED_EDGE ( 'NONE', *, *, #255, .F. ) ;
#5553 = CARTESIAN_POINT ( 'NONE',  ( 110.7573247163586700, -22.00157497166693300, 310.6649645499840100 ) ) ;
#5554 = CARTESIAN_POINT ( 'NONE',  ( 113.6925731052169800, -23.50157459363898500, 316.0348987409560100 ) ) ;
#5555 = CARTESIAN_POINT ( 'NONE',  ( 103.9336384798552900, -22.00157585048363600, 316.1894861848314200 ) ) ;
#5556 = CARTESIAN_POINT ( 'NONE',  ( 114.0794423439655200, -22.00157454381431100, 306.7510282382136200 ) ) ;
#5557 = CARTESIAN_POINT ( 'NONE',  ( 100.6114547870119900, -23.50157627834471400, 311.1165221225489900 ) ) ;
#5558 = CARTESIAN_POINT ( 'NONE',  ( 107.4648776791426500, 17.89438548859898100, 318.1166595406991200 ) ) ;
#5559 = ADVANCED_FACE ( 'NONE', ( #3345 ), #1966, .T. ) ;
#5560 = CARTESIAN_POINT ( 'NONE',  ( 104.8289966227057300, -23.50157573517118000, 310.0799160193693100 ) ) ;
#5561 = CARTESIAN_POINT ( 'NONE',  ( 101.6853354403013600, 16.39438623294087800, 318.4387262266830000 ) ) ;
#5562 = CARTESIAN_POINT ( 'NONE',  ( 99.54004035842145000, -22.00157641633124300, 311.9274321908835100 ) ) ;
#5563 = CARTESIAN_POINT ( 'NONE',  ( 102.2470010697447100, -22.00157606770421700, 318.7156353355562100 ) ) ;
#5564 = EDGE_CURVE ( 'NONE', #1907, #2674, #4504, .T. ) ;
#5565 = CARTESIAN_POINT ( 'NONE',  ( 107.9005447186626400, 17.89438543248968100, 306.2879363579404000 ) ) ;
#5566 = CARTESIAN_POINT ( 'NONE',  ( 101.5303362756243600, 16.39438625290305800, 316.0348987409560100 ) ) ;
#5567 = CARTESIAN_POINT ( 'NONE',  ( 101.4562700456769300, -22.00157616954176400, 318.2234937936991100 ) ) ;
#5568 = VERTEX_POINT ( 'NONE', #4949 ) ;
#5569 = EDGE_CURVE ( 'NONE', #367, #3662, #5889, .T. ) ;
#5570 = CARTESIAN_POINT ( 'NONE',  ( 107.6827119317339500, -22.00157536764371700, 320.3165891193611400 ) ) ;
#5571 = CARTESIAN_POINT ( 'NONE',  ( 100.7580007480908400, 16.39438635237140900, 313.3165206980904700 ) ) ;
#5572 = CARTESIAN_POINT ( 'NONE',  ( 104.2519393448100500, 16.39438590239020500, 307.4750311894885000 ) ) ;
#5573 = CARTESIAN_POINT ( 'NONE',  ( 101.1436946083692300, 17.89438630269829700, 317.6828935769432900 ) ) ;
#5574 = CARTESIAN_POINT ( 'NONE',  ( 107.3223648553466800, 17.89438550695291900, 304.1451078871456300 ) ) ;
#5575 = CARTESIAN_POINT ( 'NONE',  ( 104.2514964923741600, -22.00157580954699200, 317.3768627761618300 ) ) ;
#5576 = CARTESIAN_POINT ( 'NONE',  ( 118.8304205368507500, -23.50157393194001500, 308.3961739742156300 ) ) ;
#5577 = CARTESIAN_POINT ( 'NONE',  ( 113.8406980145990700, 16.39438466746292300, 316.1830238435216500 ) ) ;
#5578 = CARTESIAN_POINT ( 'NONE',  ( 106.5114547870119800, 17.89438561138928200, 305.2165221225490100 ) ) ;
#5579 = CIRCLE ( 'NONE', #3033, 1.100000000000042100 ) ;
#5580 = DIRECTION ( 'NONE',  ( 0.0000000000000000000, 0.0000000000000000000, 1.000000000000000000 ) ) ;
#5581 = CARTESIAN_POINT ( 'NONE',  ( 104.2618121877113600, 16.39438590111880600, 317.2706459388239800 ) ) ;
#5582 = CARTESIAN_POINT ( 'NONE',  ( 102.1462845359020700, 16.39438617357567600, 318.6849060170459300 ) ) ;
#5583 = CARTESIAN_POINT ( 'NONE',  ( 101.3383138505588300, -23.50157618473319600, 313.0452304080977200 ) ) ;
#5584 = CARTESIAN_POINT ( 'NONE',  ( 101.9517726889831100, -22.00157610572642100, 318.6044235755952600 ) ) ;
#5585 = CARTESIAN_POINT ( 'NONE',  ( 115.6007708868813200, -22.00157434788378900, 311.7295848452856700 ) ) ;
#5586 = CARTESIAN_POINT ( 'NONE',  ( 118.8361456157914200, -22.00157393120276700, 316.0193111161626100 ) ) ;
#5587 = VERTEX_POINT ( 'NONE', #1075 ) ;
#5588 = CARTESIAN_POINT ( 'NONE',  ( 118.8317756731288700, 17.89438402466664300, 316.0329491064328000 ) ) ;
#5589 = ADVANCED_FACE ( 'NONE', ( #4007 ), #1411, .F. ) ;
#5590 = CARTESIAN_POINT ( 'NONE',  ( 102.8718627260475400, -22.00157598722880100, 315.5764053626330700 ) ) ;
#5591 = CARTESIAN_POINT ( 'NONE',  ( 114.6114545938283100, -22.00157447529699800, 313.3165221225489700 ) ) ;
#5592 = EDGE_LOOP ( 'NONE', ( #4753, #1950, #2304, #5373 ) ) ;
#5593 = CARTESIAN_POINT ( 'NONE',  ( 101.2241752252245100, 17.89438629233327700, 317.8763961424609200 ) ) ;
#5594 = CARTESIAN_POINT ( 'NONE',  ( 108.1628884867163700, 17.89438539870264900, 304.2616309134688800 ) ) ;
#5595 = CARTESIAN_POINT ( 'NONE',  ( 119.0555417139855800, -23.50157390294686300, 309.1350222562981000 ) ) ;
#5596 = CARTESIAN_POINT ( 'NONE',  ( 107.0600208941211500, 16.39438554074012800, 320.1714133316369300 ) ) ;
#5597 = CARTESIAN_POINT ( 'NONE',  ( 76.11368781155169900, 2.146152726458109900, 307.2667749725878300 ) ) ;
#5598 = VERTEX_POINT ( 'NONE', #597 ) ;
#5599 = CARTESIAN_POINT ( 'NONE',  ( 112.9746310528005000, 16.39438477900288000, 315.6165571839565000 ) ) ;
#5600 = CARTESIAN_POINT ( 'NONE',  ( 111.1228542616734400, -23.50157492459072700, 307.9751744679641100 ) ) ;
#5601 = CARTESIAN_POINT ( 'NONE',  ( 101.2818174980785100, -22.00157619200931000, 313.0918458203436800 ) ) ;
#5602 = FACE_OUTER_BOUND ( 'NONE', #2596, .T. ) ;
#5603 = CARTESIAN_POINT ( 'NONE',  ( 114.1614145291900000, -23.50157453325731500, 316.9549943351804000 ) ) ;
#5604 = ORIENTED_EDGE ( 'NONE', *, *, #5439, .F. ) ;
#5605 = FACE_OUTER_BOUND ( 'NONE', #651, .T. ) ;
#5606 = CARTESIAN_POINT ( 'NONE',  ( 115.5727937445921300, -22.00157435148688400, 312.7703318003456700 ) ) ;
#5607 = DIRECTION ( 'NONE',  ( 3.079986005821904200E-007, 1.669671345627781600E-013, 0.9999999999999524800 ) ) ;
#5608 = CARTESIAN_POINT ( 'NONE',  ( 103.0751361161935300, -22.00157596104941500, 318.7159819977469500 ) ) ;
#5609 = ORIENTED_EDGE ( 'NONE', *, *, #5316, .F. ) ;
#5610 = CARTESIAN_POINT ( 'NONE',  ( 117.2244107078442600, 17.89438423167773000, 319.1157518151349600 ) ) ;
#5611 = VECTOR ( 'NONE', #5757, 1000.000000000000200 ) ;
#5612 = CARTESIAN_POINT ( 'NONE',  ( 101.3893264316706100, 17.89438627106362700, 318.1424388994795400 ) ) ;
#5613 = CARTESIAN_POINT ( 'NONE',  ( 111.0431893518012500, -22.00157493485079700, 316.6496456047623300 ) ) ;
#5614 = CARTESIAN_POINT ( 'NONE',  ( 112.9771520837178500, 16.39438477867812300, 308.8158262510964400 ) ) ;
#5615 = EDGE_LOOP ( 'NONE', ( #3727, #5438 ) ) ;
#5616 = CARTESIAN_POINT ( 'NONE',  ( 104.1114545938283000, -22.00157582758280500, 312.2165221217624100 ) ) ;
#5617 = CARTESIAN_POINT ( 'NONE',  ( 77.61368937988913800, -2.803594741849297500, 312.2165224408948300 ) ) ;
#5618 = CARTESIAN_POINT ( 'NONE',  ( 110.9612403154498000, -22.00157494540482600, 307.1622581352835400 ) ) ;
#5619 = CARTESIAN_POINT ( 'NONE',  ( 76.11368831404635700, 2.146152726457884400, 318.7662699092007300 ) ) ;
#5620 = CARTESIAN_POINT ( 'NONE',  ( 111.1228540684897400, -22.00157492459074100, 307.9751744679641100 ) ) ;
#5621 = CARTESIAN_POINT ( 'NONE',  ( 111.4298314054199900, 17.89438497795609700, 306.1354038043450000 ) ) ;
#5622 = EDGE_LOOP ( 'NONE', ( #5086, #2419, #4849, #5900 ) ) ;
#5623 = CARTESIAN_POINT ( 'NONE',  ( 78.36368845172512500, -23.50157914361495800, 300.3904008452590200 ) ) ;
#5624 = CARTESIAN_POINT ( 'NONE',  ( 104.2005100195690200, 17.89438590901382000, 313.1278373069064900 ) ) ;
#5625 = CARTESIAN_POINT ( 'NONE',  ( 115.4409717057904600, -23.50157436846415100, 311.4905101395897300 ) ) ;
#5626 = ORIENTED_EDGE ( 'NONE', *, *, #3310, .T. ) ;
#5627 = CARTESIAN_POINT ( 'NONE',  ( 104.1114545938845200, 16.39438592048323100, 311.9854108383670500 ) ) ;
#5628 = CARTESIAN_POINT ( 'NONE',  ( 108.0983920642770600, -23.50157531410861000, 320.2058384156054000 ) ) ;
#5629 = CARTESIAN_POINT ( 'NONE',  ( 115.4409715126067700, -22.00157436846416600, 311.4905101395897300 ) ) ;
#5630 = CARTESIAN_POINT ( 'NONE',  ( 101.3822111730569700, 16.39438627197985800, 308.2500204015736900 ) ) ;
#5631 = CARTESIAN_POINT ( 'NONE',  ( 76.11368831404641400, -7.753342210153444800, 318.7662699092004500 ) ) ;
#5632 = CARTESIAN_POINT ( 'NONE',  ( 108.3815572621796100, -23.50157527763988000, 300.4091318260827800 ) ) ;
#5633 = CARTESIAN_POINT ( 'NONE',  ( 106.5114547870120100, 17.89438561138944900, 319.3634883193371900 ) ) ;
#5634 = CARTESIAN_POINT ( 'NONE',  ( 111.0424557392742000, 16.39438502784585300, 306.7523626619833400 ) ) ;
#5635 = FACE_OUTER_BOUND ( 'NONE', #2207, .T. ) ;
#5636 = CARTESIAN_POINT ( 'NONE',  ( 76.11368837707473700, -9.803594741847591700, 313.3165224408962200 ) ) ;
#5637 = CARTESIAN_POINT ( 'NONE',  ( 109.9215066941028500, 17.89438517221192300, 309.5770659144742500 ) ) ;
#5638 = CARTESIAN_POINT ( 'NONE',  ( 113.3670996588522000, -23.50157463555634500, 308.6655540737145900 ) ) ;
#5639 = CARTESIAN_POINT ( 'NONE',  ( 101.3383136573751400, -22.00157618473321000, 313.0452304080977200 ) ) ;
#5640 = CARTESIAN_POINT ( 'NONE',  ( 109.7452217326324400, -22.00157510201487200, 315.0010544956982100 ) ) ;
#5641 = ORIENTED_EDGE ( 'NONE', *, *, #4469, .T. ) ;
#5642 = EDGE_CURVE ( 'NONE', #4026, #1851, #1673, .T. ) ;
#5643 = CARTESIAN_POINT ( 'NONE',  ( 104.8092826946622600, 17.89438583061057000, 314.3645753461723300 ) ) ;
#5644 = CARTESIAN_POINT ( 'NONE',  ( 108.7114547870129700, 17.89438532805331100, 305.2165221225490100 ) ) ;
#5645 = CARTESIAN_POINT ( 'NONE',  ( 113.8599287922427400, 17.89438466498606300, 302.1684672962069300 ) ) ;
#5646 = EDGE_CURVE ( 'NONE', #2446, #2620, #666, .T. ) ;
#5647 = CARTESIAN_POINT ( 'NONE',  ( 106.6562144304586000, -22.00157549984543300, 319.7673769395862000 ) ) ;
#5648 = CARTESIAN_POINT ( 'NONE',  ( 110.6621366495798800, 17.89438507682701700, 323.6490997277740600 ) ) ;
#5649 = CARTESIAN_POINT ( 'NONE',  ( 113.5370387067207900, 16.39438470657095700, 318.4391214744015900 ) ) ;
#5650 = CARTESIAN_POINT ( 'NONE',  ( 102.7664567427346500, 17.89438609370412400, 305.6666932671921600 ) ) ;
#5651 = CARTESIAN_POINT ( 'NONE',  ( 108.4401628793837200, -22.00157527009215400, 304.4896630590010900 ) ) ;
#5652 = CARTESIAN_POINT ( 'NONE',  ( 108.3880074521790400, -23.50157527680944700, 324.0426433747510900 ) ) ;
#5653 = CARTESIAN_POINT ( 'NONE',  ( 107.5401972559296800, 16.39438547889865600, 320.3165891193653500 ) ) ;
#5654 = CARTESIAN_POINT ( 'NONE',  ( 101.0618138781803600, -23.50157622034330600, 307.1601467227555400 ) ) ;
#5655 = AXIS2_PLACEMENT_3D ( 'NONE', #4410, #4326, #2936 ) ;
#5656 = CARTESIAN_POINT ( 'NONE',  ( 108.5203290969007500, -22.00157525976760600, 308.8282332044169000 ) ) ;
#5657 = CARTESIAN_POINT ( 'NONE',  ( 104.4655844720805500, 16.39438587487521200, 310.6649645484095000 ) ) ;
#5658 = DIRECTION ( 'NONE',  ( 3.079986770677255000E-007, 0.0000000000000000000, 0.9999999999999525900 ) ) ;
#5659 = CARTESIAN_POINT ( 'NONE',  ( 104.4655844713167000, -22.00157578197464800, 313.7680796951631800 ) ) ;
#5660 = EDGE_LOOP ( 'NONE', ( #5815, #2557 ) ) ;
#5661 = CARTESIAN_POINT ( 'NONE',  ( 77.61368816194959700, -21.25157914361497500, 300.1538784402420100 ) ) ;
#5662 = CARTESIAN_POINT ( 'NONE',  ( 100.1238040341459900, 17.89438643404901800, 313.2054939858425100 ) ) ;
#5663 = VERTEX_POINT ( 'NONE', #5412 ) ;
#5664 = CARTESIAN_POINT ( 'NONE',  ( 101.9523022559743200, -22.00157610565809600, 308.7051980811585800 ) ) ;
#5665 = CARTESIAN_POINT ( 'NONE',  ( 107.6114547898980600, 17.89438546972124700, 300.3904008705369500 ) ) ;
#5666 = CARTESIAN_POINT ( 'NONE',  ( 101.1434670368806900, 17.89438630272748700, 306.7510282382212400 ) ) ;
#5667 = ORIENTED_EDGE ( 'NONE', *, *, #432, .F. ) ;
#5668 = CARTESIAN_POINT ( 'NONE',  ( 109.7492328787870700, -22.00157510149816500, 309.4347603505353300 ) ) ;
#5669 = DIRECTION ( 'NONE',  ( 0.0000000000000000000, -1.000000000000000000, 0.0000000000000000000 ) ) ;
#5670 = CARTESIAN_POINT ( 'NONE',  ( 107.4659707452970100, 17.89438548845823000, 320.3166587734058900 ) ) ;
#5671 = CARTESIAN_POINT ( 'NONE',  ( 111.7592771725016100, -22.00157484262638300, 308.6560166880649400 ) ) ;
#5672 = CARTESIAN_POINT ( 'NONE',  ( 111.5809102888546500, -23.50157486559807700, 305.9843249209103000 ) ) ;
#5673 = ORIENTED_EDGE ( 'NONE', *, *, #2119, .T. ) ;
#5674 = EDGE_CURVE ( 'NONE', #1851, #4026, #2155, .T. ) ;
#5675 = FACE_OUTER_BOUND ( 'NONE', #4861, .T. ) ;
#5676 = CARTESIAN_POINT ( 'NONE',  ( 111.4298312122363700, 16.39438497795626000, 318.2976404407530100 ) ) ;
#5677 = ORIENTED_EDGE ( 'NONE', *, *, #5839, .T. ) ;
#5678 = CARTESIAN_POINT ( 'NONE',  ( 101.5727937445851000, -22.00157615453472100, 312.7703318003459000 ) ) ;
#5679 = CARTESIAN_POINT ( 'NONE',  ( 74.25617807612289300, -23.50157967261790400, 324.0426434307000200 ) ) ;
#5680 = CARTESIAN_POINT ( 'NONE',  ( 111.1114545938273700, 16.39438501895962100, 312.2165221234050100 ) ) ;
#5681 = CARTESIAN_POINT ( 'NONE',  ( 111.4087751685134900, -23.50157488776715600, 300.9899845662719700 ) ) ;
#5682 = B_SPLINE_CURVE_WITH_KNOTS ( 'NONE', 3,
 ( #5566, #327, #5515, #4692, #5754, #5396, #118, #4031, #315, #3364, #596, #1612, #3611, #5881, #4457, #2131, #649, #2106, #5449, #3060, #5072, #2636, #5990, #5099, #2220, #5581, #3582, #740, #4565, #1711, #2197, #5134 ),
 .UNSPECIFIED., .F., .F.,
 ( 4, 2, 2, 2, 2, 2, 2, 2, 2, 2, 2, 2, 2, 2, 2, 4 ),
 ( 0.0000000000000000000, 0.06250000000000000000, 0.1250000000000000000, 0.1875000000000000000, 0.2500000000000000000, 0.3125000000000000000, 0.3750000000000000000, 0.4375000000000000600, 0.5000000000000000000, 0.5625000000000000000, 0.6250000000000000000, 0.6875000000000000000, 0.7500000000000000000, 0.8125000000000000000, 0.8750000000000001100, 1.000000000000000000 ),
 .UNSPECIFIED. ) ;
#5683 = CARTESIAN_POINT ( 'NONE',  ( 112.8417173466811400, 16.39438479612080400, 322.8516040363638200 ) ) ;
#5684 = ORIENTED_EDGE ( 'NONE', *, *, #6106, .T. ) ;
#5685 = CARTESIAN_POINT ( 'NONE',  ( 112.6674522452906500, 16.39438481856418400, 318.7661873771254500 ) ) ;
#5686 = CARTESIAN_POINT ( 'NONE',  ( 102.5554569423888400, 16.39438612087858300, 305.6668568679871800 ) ) ;
#5687 = CARTESIAN_POINT ( 'NONE',  ( 106.5394322499661300, -23.50157551488561600, 305.5034921377551300 ) ) ;
#5688 = CARTESIAN_POINT ( 'NONE',  ( 104.8289964295220400, -22.00157573517119400, 310.0799160193693100 ) ) ;
#5689 = CARTESIAN_POINT ( 'NONE',  ( 111.1633401076205700, 16.39438501227739300, 317.9722055790035700 ) ) ;
#5690 = CARTESIAN_POINT ( 'NONE',  ( 101.4562700456804300, 16.39438626244186300, 306.2095504514012400 ) ) ;
#5691 = ORIENTED_EDGE ( 'NONE', *, *, #5961, .F. ) ;
#5692 = CARTESIAN_POINT ( 'NONE',  ( 102.4537894332295900, -23.50157604107198500, 305.6764687353802400 ) ) ;
#5693 = CARTESIAN_POINT ( 'NONE',  ( 111.1633401076218900, -22.00157491937656600, 306.4608386661013800 ) ) ;
#5694 =( NAMED_UNIT ( * ) PLANE_ANGLE_UNIT ( ) SI_UNIT ( $, .RADIAN. ) );
#5695 = CARTESIAN_POINT ( 'NONE',  ( 76.11368816194959700, -21.62053882741650300, 300.1538784402420100 ) ) ;
#5696 = CARTESIAN_POINT ( 'NONE',  ( 100.6114545938283100, -22.00157627834475700, 313.3165221225489700 ) ) ;
#5697 = CARTESIAN_POINT ( 'NONE',  ( 114.1509916221699300, -23.50157453459957300, 307.4773678395384900 ) ) ;
#5698 = CARTESIAN_POINT ( 'NONE',  ( 99.73631219063993600, 17.89438648395372400, 311.5459361480186000 ) ) ;
#5699 = CARTESIAN_POINT ( 'NONE',  ( 117.8670556797688700, -23.50157405601092000, 306.2773611145909700 ) ) ;
#5700 = CARTESIAN_POINT ( 'NONE',  ( 103.9436231202596300, 17.89438594209798700, 308.2474370340618700 ) ) ;
#5701 = CARTESIAN_POINT ( 'NONE',  ( 101.2638453641916000, 17.89438628722409400, 308.0727106423957500 ) ) ;
#5702 = ORIENTED_EDGE ( 'NONE', *, *, #5126, .F. ) ;
#5703 = CARTESIAN_POINT ( 'NONE',  ( 107.9652529169226700, 16.39438542415593900, 304.1722075367538300 ) ) ;
#5704 = CARTESIAN_POINT ( 'NONE',  ( 108.0684295139195300, -22.00157531796735500, 308.7383185104227400 ) ) ;
#5705 = CARTESIAN_POINT ( 'NONE',  ( 112.0447709366188900, 16.39438489875870900, 315.6478498211215500 ) ) ;
#5706 = CARTESIAN_POINT ( 'NONE',  ( 101.9517726889681600, 16.39438619862652800, 305.8286206694862100 ) ) ;
#5707 = CARTESIAN_POINT ( 'NONE',  ( 101.3893264316794900, -23.50157617816324800, 306.2906053456216600 ) ) ;
#5708 = DIRECTION ( 'NONE',  ( 0.9999999999999916700, 1.287891253920479600E-007, 0.0000000000000000000 ) ) ;
#5709 =( LENGTH_UNIT ( ) NAMED_UNIT ( * ) SI_UNIT ( .MILLI., .METRE. ) );
#5710 = CARTESIAN_POINT ( 'NONE',  ( 111.1114545938283000, -22.00157492605892200, 312.2165221234050100 ) ) ;
#5711 = VECTOR ( 'NONE', #3381, 1000.000000000000100 ) ;
#5712 = EDGE_CURVE ( 'NONE', #2656, #2371, #3148, .T. ) ;
#5713 = CARTESIAN_POINT ( 'NONE',  ( 113.5370388998995100, -23.50157461366997000, 305.9939227706890400 ) ) ;
#5714 = CARTESIAN_POINT ( 'NONE',  ( 110.3939127591648200, 16.39438511137126000, 310.0799160207027400 ) ) ;
#5715 = AXIS2_PLACEMENT_3D ( 'NONE', #1899, #4234, #5877 ) ;
#5716 = CARTESIAN_POINT ( 'NONE',  ( 108.3858034167488400, -23.50157527709330600, 324.0426433747504700 ) ) ;
#5717 = B_SPLINE_CURVE_WITH_KNOTS ( 'NONE', 3,
 ( #1586, #1626, #3478, #4965, #3917, #5929, #2028, #5363, #2507, #5849, #4415, #631, #1691, #4526, #2181, #4062, #700, #1670 ),
 .UNSPECIFIED., .F., .F.,
 ( 4, 2, 2, 2, 2, 2, 2, 2, 4 ),
 ( 0.0000000000000000000, 0.1250000000000000000, 0.2500000000000000000, 0.3750000000000000000, 0.5000000000000000000, 0.6250000000000000000, 0.7500000000000000000, 0.8750000000000000000, 1.000000000000000000 ),
 .UNSPECIFIED. ) ;
#5718 = CARTESIAN_POINT ( 'NONE',  ( 113.8616315201995200, 16.39438466476675100, 302.1696051343948300 ) ) ;
#5719 = EDGE_LOOP ( 'NONE', ( #5857, #987, #57, #2377 ) ) ;
#5720 = CARTESIAN_POINT ( 'NONE',  ( 114.6114545938283700, 16.39438456819782900, 311.1165221225489900 ) ) ;
#5721 = CARTESIAN_POINT ( 'NONE',  ( 113.6925731052169800, 17.89438468653971300, 308.3981455041409300 ) ) ;
#5722 = CARTESIAN_POINT ( 'NONE',  ( 108.1660072325163600, -23.50157530540045100, 306.1779073052897500 ) ) ;
#5723 = CARTESIAN_POINT ( 'NONE',  ( 112.7691201407952700, 17.89438480547035200, 305.6764687353783600 ) ) ;
#5724 = DIRECTION ( 'NONE',  ( -0.9999999999999916700, -1.287891253920479600E-007, -0.0000000000000000000 ) ) ;
#5725 = CARTESIAN_POINT ( 'NONE',  ( 101.0614950448245500, 17.89438631328471300, 316.9549943351679500 ) ) ;
#5726 = CARTESIAN_POINT ( 'NONE',  ( 108.7114547870120200, -23.50157523515275700, 319.2165221225490100 ) ) ;
#5727 = ORIENTED_EDGE ( 'NONE', *, *, #4673, .F. ) ;
#5728 = AXIS2_PLACEMENT_3D ( 'NONE', #2681, #260, #786 ) ;
#5729 = CARTESIAN_POINT ( 'NONE',  ( 113.5182551449503600, 16.39438470899008800, 312.0723378798640500 ) ) ;
#5730 = LOCAL_TIME ( 11, 1, 40.00000000000000000, #4227 ) ;
#5731 = B_SPLINE_CURVE_WITH_KNOTS ( 'NONE', 3,
 ( #1933, #33, #2431, #2542, #5859, #3012, #3433, #4915, #3951, #1514, #2995, #79, #3471, #2060, #605, #3910, #1994, #582 ),
 .UNSPECIFIED., .F., .F.,
 ( 4, 2, 2, 2, 2, 2, 2, 2, 4 ),
 ( 0.0000000000000000000, 0.1250000000000000000, 0.2500000000000000000, 0.3750000000000000000, 0.5000000000000000000, 0.6250000000000000000, 0.7500000000000000000, 0.8750000000000000000, 1.000000000000000000 ),
 .UNSPECIFIED. ) ;
#5732 = B_SPLINE_CURVE_WITH_KNOTS ( 'NONE', 1,
 ( #4099, #5557 ),
 .UNSPECIFIED., .F., .F.,
 ( 2, 2 ),
 ( 0.0000000000000000000, 1.000000000000000000 ),
 .UNSPECIFIED. ) ;
#5733 = CARTESIAN_POINT ( 'NONE',  ( 110.2481815828276400, -23.50157503723904600, 314.5297795279881300 ) ) ;
#5734 = EDGE_LOOP ( 'NONE', ( #323, #1129 ) ) ;
#5735 = FACE_BOUND ( 'NONE', #5872, .T. ) ;
#5736 = CARTESIAN_POINT ( 'NONE',  ( 107.9005445254790200, 16.39438543248969500, 306.2879363579404000 ) ) ;
#5737 = CARTESIAN_POINT ( 'NONE',  ( 105.8565397126886400, 16.39438569573527700, 309.1786126815669000 ) ) ;
#5738 = PLANE ( 'NONE',  #4645 ) ;
#5739 = CARTESIAN_POINT ( 'NONE',  ( 119.3625523192177400, -23.50157386340730200, 313.7549302663352400 ) ) ;
#5740 = ORIENTED_EDGE ( 'NONE', *, *, #5844, .T. ) ;
#5741 = CARTESIAN_POINT ( 'NONE',  ( 103.9428633842636600, 17.89438594219581100, 306.2851890200049100 ) ) ;
#5742 = VECTOR ( 'NONE', #5971, 1000.000000000000000 ) ;
#5743 = CARTESIAN_POINT ( 'NONE',  ( 108.7114545938283800, 16.39438532805348500, 319.2165221225490100 ) ) ;
#5744 = CARTESIAN_POINT ( 'NONE',  ( 112.7737204612589900, 17.89438480487790900, 308.8666558654308000 ) ) ;
#5745 = CARTESIAN_POINT ( 'NONE',  ( 108.5720032877046600, -23.50157525311257700, 305.7721641326093000 ) ) ;
#5746 = CARTESIAN_POINT ( 'NONE',  ( 114.1108375734705300, 17.89438463267180200, 307.6798427169374600 ) ) ;
#5747 = VERTEX_POINT ( 'NONE', #2644 ) ;
#5748 = CARTESIAN_POINT ( 'NONE',  ( 108.5725221984804700, -23.50157525304572900, 304.6614483184521300 ) ) ;
#5749 = LINE ( 'NONE', #456, #3210 ) ;
#5750 = CARTESIAN_POINT ( 'NONE',  ( 101.0716032149148300, -22.00157621908255800, 307.4754622455830000 ) ) ;
#5751 = CARTESIAN_POINT ( 'NONE',  ( 103.4688114180520400, 17.89438600324852000, 305.8684931494619300 ) ) ;
#5752 = CARTESIAN_POINT ( 'NONE',  ( 108.7114547870129800, 17.89438532805330700, 305.0695559257610500 ) ) ;
#5753 = APPLICATION_CONTEXT ( 'configuration controlled 3d designs of mechanical parts and assemblies' ) ;
#5754 = CARTESIAN_POINT ( 'NONE',  ( 101.9523022559729500, 16.39438619855844700, 315.7278461639331800 ) ) ;
#5755 = ORIENTED_EDGE ( 'NONE', *, *, #6076, .T. ) ;
#5756 = EDGE_CURVE ( 'NONE', #3032, #1875, #3624, .T. ) ;
#5757 = DIRECTION ( 'NONE',  ( 1.287891275107237200E-007, -0.9999999999999916700, -1.233581138472396200E-014 ) ) ;
#5758 = CARTESIAN_POINT ( 'NONE',  ( 107.5401972559186000, 16.39438547889848900, 306.3165891193647200 ) ) ;
#5759 = EDGE_CURVE ( 'NONE', #3129, #1381, #2752, .T. ) ;
#5760 = CARTESIAN_POINT ( 'NONE',  ( 104.2514964923733100, 16.39438590244723300, 307.0561814689380600 ) ) ;
#5761 = VERTEX_POINT ( 'NONE', #2140 ) ;
#5762 = CARTESIAN_POINT ( 'NONE',  ( 102.2472710482820200, -22.00157606766929800, 305.7172570491002300 ) ) ;
#5763 = CARTESIAN_POINT ( 'NONE',  ( 103.0761433959453100, 17.89438605382000000, 315.6167519857151500 ) ) ;
#5764 = CARTESIAN_POINT ( 'NONE',  ( 116.5024017990002500, 16.39438432466459300, 320.0243342042744000 ) ) ;
#5765 = VERTEX_POINT ( 'NONE', #4488 ) ;
#5766 = CARTESIAN_POINT ( 'NONE',  ( 106.5396768120202200, 17.89438560775476700, 319.5048073121407700 ) ) ;
#5767 = CARTESIAN_POINT ( 'NONE',  ( 110.9609899814418800, 17.89438503833777400, 307.0554993985153400 ) ) ;
#5768 = CARTESIAN_POINT ( 'NONE',  ( 101.3383075822954300, 16.39438627763420800, 311.3878123196203100 ) ) ;
#5769 = CARTESIAN_POINT ( 'NONE',  ( 114.1103022075270700, 17.89438463274075300, 306.8517980166315600 ) ) ;
#5770 = AXIS2_PLACEMENT_3D ( 'NONE', #3184, #842, #4651 ) ;
#5771 = CARTESIAN_POINT ( 'NONE',  ( 106.7025802839719400, -23.50157549387396500, 315.6048110406624700 ) ) ;
#5772 = CARTESIAN_POINT ( 'NONE',  ( 107.0569023414846300, -23.50157544824108100, 304.2551369398259500 ) ) ;
#5773 = CARTESIAN_POINT ( 'NONE',  ( 106.9408694416338600, -23.50157546318496300, 318.3413855825049800 ) ) ;
#5774 = CARTESIAN_POINT ( 'NONE',  ( 113.3670994656685000, -22.00157463555635600, 308.6655540737145900 ) ) ;
#5775 = CARTESIAN_POINT ( 'NONE',  ( 112.1446918577109500, 17.89438488589003000, 318.7257204146848700 ) ) ;
#5776 = CARTESIAN_POINT ( 'NONE',  ( 106.5397640306254600, 16.39438560774350500, 318.9287499501989500 ) ) ;
#5777 = CARTESIAN_POINT ( 'NONE',  ( 104.2619195925795200, 17.89438590110498600, 317.3775448465379400 ) ) ;
#5778 = CARTESIAN_POINT ( 'NONE',  ( 103.9336384798610500, 16.39438594338389500, 308.2435580602717700 ) ) ;
#5779 = CARTESIAN_POINT ( 'NONE',  ( 99.51824936097055700, 16.39438651203781900, 312.0723377235598300 ) ) ;
#5780 = DIRECTION ( 'NONE',  ( -1.000000000000000000, 0.0000000000000000000, 0.0000000000000000000 ) ) ;
#5781 = CARTESIAN_POINT ( 'NONE',  ( 116.2405090838278900, -22.00157426549239400, 304.1204242742119300 ) ) ;
#5782 = EDGE_LOOP ( 'NONE', ( #4906, #5229 ) ) ;
#5783 = CARTESIAN_POINT ( 'NONE',  ( 114.6114547870119900, 17.89438456819788600, 313.3165221225489700 ) ) ;
#5784 = CARTESIAN_POINT ( 'NONE',  ( 106.5114547870120000, 17.89438561138944600, 319.2165221225490100 ) ) ;
#5785 = CARTESIAN_POINT ( 'NONE',  ( 111.0893497962095000, 16.39438502180651700, 312.6749902391984500 ) ) ;
#5786 = CARTESIAN_POINT ( 'NONE',  ( 101.7113136445252200, 16.39438622959510300, 312.0723655925215800 ) ) ;
#5787 = CARTESIAN_POINT ( 'NONE',  ( 114.6114545938283700, 16.39438456819782900, 311.1165221225489900 ) ) ;
#5788 = DIRECTION ( 'NONE',  ( -1.000000000000000000, 0.0000000000000000000, 0.0000000000000000000 ) ) ;
#5789 = CARTESIAN_POINT ( 'NONE',  ( 109.1609625683833300, -23.50157517726107100, 315.3633863133837300 ) ) ;
#5790 = CARTESIAN_POINT ( 'NONE',  ( 114.6114547870119900, 17.89438456819792800, 313.3165221225489700 ) ) ;
#5791 = EDGE_CURVE ( 'NONE', #4644, #1113, #2678, .T. ) ;
#5792 = CARTESIAN_POINT ( 'NONE',  ( 103.7183861395773600, -22.00157587820566700, 306.0607119685000200 ) ) ;
#5793 = CARTESIAN_POINT ( 'NONE',  ( 101.3797915171629300, 17.89438627229147700, 306.2861122744207000 ) ) ;
#5794 = CARTESIAN_POINT ( 'NONE',  ( 103.8662668629127400, -23.50157585916028700, 308.3251036230503800 ) ) ;
#5795 = CARTESIAN_POINT ( 'NONE',  ( 107.7556388365155900, 16.39438545115211100, 318.1233226736675300 ) ) ;
#5796 = CARTESIAN_POINT ( 'NONE',  ( 107.3816742013202700, -22.00157540641403000, 315.7163966577070400 ) ) ;
#5797 = CARTESIAN_POINT ( 'NONE',  ( 103.4682864901153000, 17.89438600331624600, 315.7677704456311300 ) ) ;
#5798 = CARTESIAN_POINT ( 'NONE',  ( 113.6925731052169900, 17.89438468653971300, 308.3981455041410400 ) ) ;
#5799 = CARTESIAN_POINT ( 'NONE',  ( 111.7581453215306800, 16.39438493567283600, 305.8782426027146900 ) ) ;
#5800 = CARTESIAN_POINT ( 'NONE',  ( 113.6190840149299400, -22.00157460310346700, 306.0618349918397600 ) ) ;
#5801 = CARTESIAN_POINT ( 'NONE',  ( 114.1513061659187400, -23.50157453455916500, 316.9575819995110900 ) ) ;
#5802 = CARTESIAN_POINT ( 'NONE',  ( 99.65011051286404600, 16.39438649505554900, 312.7703319284168500 ) ) ;
#5803 = ORIENTED_EDGE ( 'NONE', *, *, #1477, .T. ) ;
#5804 = AXIS2_PLACEMENT_3D ( 'NONE', #2503, #3378, #3871 ) ;
#5805 = CARTESIAN_POINT ( 'NONE',  ( 117.2228216510081000, -22.00157413898123300, 305.3151562579996000 ) ) ;
#5806 = PRODUCT_DEFINITION_FORMATION_WITH_SPECIFIED_SOURCE ( '任何', '', #4589, .NOT_KNOWN. ) ;
#5807 = CARTESIAN_POINT ( 'NONE',  ( 108.4915379735191400, -23.50157526347563000, 305.8922838702963500 ) ) ;
#5808 = CARTESIAN_POINT ( 'NONE',  ( 108.2879506794070700, 17.89438538259619800, 320.0957957637328900 ) ) ;
#5809 = CARTESIAN_POINT ( 'NONE',  ( 107.8412351779049200, 17.89438544012828900, 315.7163966577972500 ) ) ;
#5810 = CARTESIAN_POINT ( 'NONE',  ( 100.7554091801395400, 16.39438635270515100, 311.1165209732590100 ) ) ;
#5811 = ORIENTED_EDGE ( 'NONE', *, *, #5035, .T. ) ;
#5812 = CARTESIAN_POINT ( 'NONE',  ( 104.2238429102573300, -22.00157581310827100, 311.3053475398608000 ) ) ;
#5813 = CARTESIAN_POINT ( 'NONE',  ( 108.7114547870119700, -23.50157523515272800, 305.0725617865641700 ) ) ;
#5814 = CARTESIAN_POINT ( 'NONE',  ( 107.8967512190440300, 16.39438543297820800, 304.1512649438562300 ) ) ;
#5815 = ORIENTED_EDGE ( 'NONE', *, *, #3076, .F. ) ;
#5816 = CARTESIAN_POINT ( 'NONE',  ( 103.0761432027668100, -22.00157596091959200, 308.8162922593837200 ) ) ;
#5817 = LINE ( 'NONE', #2105, #4168 ) ;
#5818 = CARTESIAN_POINT ( 'NONE',  ( 106.6224824140509600, 16.39438559709027700, 318.7288753442394400 ) ) ;
#5819 = CARTESIAN_POINT ( 'NONE',  ( 110.9990664705769200, -23.50157494053328800, 313.1276967052905900 ) ) ;
#5820 = CARTESIAN_POINT ( 'NONE',  ( 102.4526629813336700, -22.00157604121715200, 315.5761820131825200 ) ) ;
#5821 = CARTESIAN_POINT ( 'NONE',  ( 111.4298314054199900, 17.89438497795610400, 306.1354038043450000 ) ) ;
#5822 = ORIENTED_EDGE ( 'NONE', *, *, #4193, .F. ) ;
#5823 = CARTESIAN_POINT ( 'NONE',  ( 114.1509914289862300, -22.00157453459958700, 307.4773678395384900 ) ) ;
#5824 = CARTESIAN_POINT ( 'NONE',  ( 113.8433207200925800, -23.50157457422432800, 316.1856463558325500 ) ) ;
#5825 = FACE_OUTER_BOUND ( 'NONE', #3350, .T. ) ;
#5826 = B_SPLINE_CURVE_WITH_KNOTS ( 'NONE', 1,
 ( #4203, #1322 ),
 .UNSPECIFIED., .F., .F.,
 ( 2, 2 ),
 ( 0.0000000000000000000, 1.000000000000000000 ),
 .UNSPECIFIED. ) ;
#5827 = DIRECTION ( 'NONE',  ( 0.9999999999999525900, -0.0000000000000000000, -3.079986237769798100E-007 ) ) ;
#5828 = CARTESIAN_POINT ( 'NONE',  ( 103.3698531868422900, 17.89438601599338000, 315.7271548107763100 ) ) ;
#5829 = CARTESIAN_POINT ( 'NONE',  ( 107.7556388365135000, -22.00157535825144000, 306.3097215714251400 ) ) ;
#5830 = ORIENTED_EDGE ( 'NONE', *, *, #1793, .T. ) ;
#5831 = CARTESIAN_POINT ( 'NONE',  ( 113.5392090908816100, -23.50157461339056300, 312.5027052773743300 ) ) ;
#5832 = CARTESIAN_POINT ( 'NONE',  ( 110.2480133494341200, 16.39438513016144200, 314.5296356863947300 ) ) ;
#5833 = CARTESIAN_POINT ( 'NONE',  ( 111.2792864538266400, 17.89438499734477300, 316.1856072110031200 ) ) ;
#5834 = CARTESIAN_POINT ( 'NONE',  ( 113.9498060384753600, -22.00157456051020300, 317.9684132366483000 ) ) ;
#5835 = CARTESIAN_POINT ( 'NONE',  ( 104.2238429098446900, 16.39438590600883600, 313.1276967037039200 ) ) ;
#5836 = ORIENTED_EDGE ( 'NONE', *, *, #884, .T. ) ;
#5837 = VECTOR ( 'NONE', #626, 1000.000000000000000 ) ;
#5838 = CARTESIAN_POINT ( 'NONE',  ( 76.11368823314957400, 2.146152726457860800, 308.8667749725871700 ) ) ;
#5839 = EDGE_CURVE ( 'NONE', #3848, #4779, #765, .T. ) ;
#5840 = CARTESIAN_POINT ( 'NONE',  ( 108.7114547870120200, 17.89438532805347400, 319.2165221225490100 ) ) ;
#5841 = CARTESIAN_POINT ( 'NONE',  ( 108.7114545938283800, 16.39438532805348800, 319.2165221225490100 ) ) ;
#5842 = ORIENTED_EDGE ( 'NONE', *, *, #4146, .T. ) ;
#5843 = CARTESIAN_POINT ( 'NONE',  ( 106.9408692484548000, 16.39438555608538600, 306.0916586625735400 ) ) ;
#5844 = EDGE_CURVE ( 'NONE', #2475, #4980, #4092, .T. ) ;
#5845 = CARTESIAN_POINT ( 'NONE',  ( 111.1629720882445200, 17.89438501232467600, 306.4614066869058900 ) ) ;
#5846 = CARTESIAN_POINT ( 'NONE',  ( 111.5045230480805600, 16.39438496833663100, 306.0607119684999000 ) ) ;
#5847 = CARTESIAN_POINT ( 'NONE',  ( 113.5370387067158200, -22.00157461366998400, 305.9939227706890400 ) ) ;
#5848 = CARTESIAN_POINT ( 'NONE',  ( 100.6114489410833800, 16.39438637124564800, 311.1165209732590700 ) ) ;
#5849 = CARTESIAN_POINT ( 'NONE',  ( 108.0730819171607600, -23.50157531736833900, 315.7167750343795700 ) ) ;
#5850 = CARTESIAN_POINT ( 'NONE',  ( 119.4383085078798500, -22.00157385365069700, 312.9803056916287000 ) ) ;
#5851 = CARTESIAN_POINT ( 'NONE',  ( 76.11368803827623700, -9.803594741847591700, 312.2165224408962600 ) ) ;
#5852 = CARTESIAN_POINT ( 'NONE',  ( 113.9410918827622200, -23.50157456163231400, 311.3411984247535400 ) ) ;
#5853 = CARTESIAN_POINT ( 'NONE',  ( 100.6114511222208800, 16.39438637124540300, 313.3165209732569000 ) ) ;
#5854 = CARTESIAN_POINT ( 'NONE',  ( 113.8335829491627200, -22.00157457547847200, 318.1424388994860800 ) ) ;
#5855 = CARTESIAN_POINT ( 'NONE',  ( 113.9356930392679500, 17.89438465522857400, 311.3364389360473900 ) ) ;
#5856 = DIRECTION ( 'NONE',  ( 1.000000000000000000, -0.0000000000000000000, -0.0000000000000000000 ) ) ;
#5857 = ORIENTED_EDGE ( 'NONE', *, *, #4472, .F. ) ;
#5858 = CARTESIAN_POINT ( 'NONE',  ( 103.0761433959505100, -23.50157596091958100, 308.8162922593837200 ) ) ;
#5859 = CARTESIAN_POINT ( 'NONE',  ( 102.8742255246449000, -23.50157598692438700, 305.6668934430437000 ) ) ;
#5860 = CARTESIAN_POINT ( 'NONE',  ( 107.9652529169276000, 16.39438542415609800, 318.1722075367522400 ) ) ;
#5861 = CARTESIAN_POINT ( 'NONE',  ( 114.1509916221719000, 17.89438462750051800, 316.9556764055533900 ) ) ;
#5862 = CARTESIAN_POINT ( 'NONE',  ( 111.0115669371573400, 17.89438503182400800, 306.8537065915523400 ) ) ;
#5863 = CARTESIAN_POINT ( 'NONE',  ( 104.1114547871257200, -23.50157582758278400, 311.7522781494757300 ) ) ;
#5864 = CARTESIAN_POINT ( 'NONE',  ( 77.61368803827605200, 4.196405258152250200, 312.2165224408962600 ) ) ;
#5865 = DIRECTION ( 'NONE',  ( 0.0000000000000000000, -8.673617379884027600E-016, 1.000000000000000000 ) ) ;
#5866 = CARTESIAN_POINT ( 'NONE',  ( 102.1452761931967600, -23.50157608080529000, 318.6846893606041200 ) ) ;
#5867 = CARTESIAN_POINT ( 'NONE',  ( 106.5397640306301400, -22.00157551484287700, 305.5042942948966800 ) ) ;
#5868 = CARTESIAN_POINT ( 'NONE',  ( 104.2617849825477900, -23.50157580822194700, 316.9540852542020300 ) ) ;
#5869 = CARTESIAN_POINT ( 'NONE',  ( 113.0766246517415400, -22.00157467296646600, 318.6849060170460500 ) ) ;
#5870 = CARTESIAN_POINT ( 'NONE',  ( 114.4674942578415500, 16.39438458673846100, 313.3165221225489700 ) ) ;
#5871 = EDGE_CURVE ( 'NONE', #3444, #5545, #2077, .T. ) ;
#5872 = EDGE_LOOP ( 'NONE', ( #2279, #1172 ) ) ;
#5873 = CARTESIAN_POINT ( 'NONE',  ( 100.4674942578439800, -22.00157629688525800, 311.1165221225489900 ) ) ;
#5874 = EDGE_CURVE ( 'NONE', #2295, #948, #1240, .T. ) ;
#5875 = CARTESIAN_POINT ( 'NONE',  ( 101.8586505781025000, -23.50157611771943400, 308.6553067057705600 ) ) ;
#5876 = CARTESIAN_POINT ( 'NONE',  ( 108.4915379735022500, 17.89438535637635000, 318.5407603748010400 ) ) ;
#5877 = DIRECTION ( 'NONE',  ( 0.0000000000000000000, 0.0000000000000000000, 1.000000000000000000 ) ) ;
#5878 = EDGE_LOOP ( 'NONE', ( #3745, #4255 ) ) ;
#5879 = CARTESIAN_POINT ( 'NONE',  ( 114.6114547870119900, 17.89438456819788600, 313.3165221225489700 ) ) ;
#5880 = CARTESIAN_POINT ( 'NONE',  ( 113.0759644262779900, 17.89438476595226400, 315.6473600541437500 ) ) ;
#5881 = CARTESIAN_POINT ( 'NONE',  ( 103.3698529936586700, 16.39438601599339100, 315.7271548107763100 ) ) ;
#5882 = CARTESIAN_POINT ( 'NONE',  ( 111.0219083996075100, -23.50157493759151400, 311.3048109995576200 ) ) ;
#5883 = DIRECTION ( 'NONE',  ( 3.079986266030114900E-007, 0.0000000000000000000, 0.9999999999999525900 ) ) ;
#5884 = CARTESIAN_POINT ( 'NONE',  ( 99.51138187716168200, 16.39438651292229200, 312.1452646839857700 ) ) ;
#5885 = CARTESIAN_POINT ( 'NONE',  ( 104.2518110361278900, 16.39438590240683500, 317.3749571821951500 ) ) ;
#5886 = ORIENTED_EDGE ( 'NONE', *, *, #4186, .T. ) ;
#5887 = AXIS2_PLACEMENT_3D ( 'NONE', #965, #3787, #6151 ) ;
#5888 = CARTESIAN_POINT ( 'NONE',  ( 106.7827463082740700, -22.00157548354940600, 305.9433811860971000 ) ) ;
#5889 = LINE ( 'NONE', #4002, #2896 ) ;
#5890 = CARTESIAN_POINT ( 'NONE',  ( 103.0786966050356700, -23.50157596059077000, 308.8260267153027000 ) ) ;
#5891 = CARTESIAN_POINT ( 'NONE',  ( 110.9611245914774300, 17.89438503832055700, 316.9540852542595500 ) ) ;
#5892 = DIRECTION ( 'NONE',  ( -1.000000000000000000, 0.0000000000000000000, 0.0000000000000000000 ) ) ;
#5893 = DIRECTION ( 'NONE',  ( -1.515636753877866600E-021, -1.176836406102649800E-014, -1.000000000000000000 ) ) ;
#5894 = VERTEX_POINT ( 'NONE', #3357 ) ;
#5895 = CARTESIAN_POINT ( 'NONE',  ( 114.4649053595326200, 16.39438458707193300, 311.1165221225489900 ) ) ;
#5896 = CARTESIAN_POINT ( 'NONE',  ( 106.7827463082787700, 16.39438557644987400, 304.4896630590040400 ) ) ;
#5897 = ADVANCED_FACE ( 'NONE', ( #4621 ), #302, .F. ) ;
#5898 = CARTESIAN_POINT ( 'NONE',  ( 107.1245175097536200, -23.50157543953303800, 318.2272058295043300 ) ) ;
#5899 = CARTESIAN_POINT ( 'NONE',  ( 111.2790837905443100, -23.50157490447018600, 318.1468928258774400 ) ) ;
#5900 = ORIENTED_EDGE ( 'NONE', *, *, #1039, .F. ) ;
#5901 = CARTESIAN_POINT ( 'NONE',  ( 119.4379872507526700, 16.39438394659315200, 311.4474673182089600 ) ) ;
#5902 = DIRECTION ( 'NONE',  ( -0.0000000000000000000, -0.0000000000000000000, -1.000000000000000000 ) ) ;
#5903 = CARTESIAN_POINT ( 'NONE',  ( 107.8976379418521500, -23.50157533996366500, 320.2887678186667700 ) ) ;
#5904 = CARTESIAN_POINT ( 'NONE',  ( 114.3239669488159800, 17.89438460522311700, 311.1444124224101400 ) ) ;
#5905 = CARTESIAN_POINT ( 'NONE',  ( 111.0427314316655200, 16.39438502781046800, 317.6815760792002800 ) ) ;
#5906 = CARTESIAN_POINT ( 'NONE',  ( 102.7679573086536100, 16.39438609351088900, 308.8666924404990400 ) ) ;
#5907 = CARTESIAN_POINT ( 'NONE',  ( 100.6114547870119900, -23.50157627834471800, 311.1165221225489900 ) ) ;
#5908 = DIRECTION ( 'NONE',  ( 0.0000000000000000000, 0.0000000000000000000, 1.000000000000000000 ) ) ;
#5909 = CARTESIAN_POINT ( 'NONE',  ( 101.3897759643702400, -23.50157617810549100, 318.1430529968838000 ) ) ;
#5910 = CARTESIAN_POINT ( 'NONE',  ( 115.4865911338645800, 16.39438445548993100, 312.8871074679235600 ) ) ;
#5911 = ORIENTED_EDGE ( 'NONE', *, *, #5002, .T. ) ;
#5912 = CARTESIAN_POINT ( 'NONE',  ( 103.9431045291390800, -23.50157584926440500, 306.2854301648781600 ) ) ;
#5913 = CARTESIAN_POINT ( 'NONE',  ( 101.4865865261131300, 16.39438625853750900, 312.8871049553126200 ) ) ;
#5914 = CARTESIAN_POINT ( 'NONE',  ( 113.9987341556124800, -22.00157455420878000, 317.8763961424641600 ) ) ;
#5915 = CARTESIAN_POINT ( 'NONE',  ( 102.4526631745173500, -23.50157604121714200, 315.5761820131825200 ) ) ;
#5916 = ORIENTED_EDGE ( 'NONE', *, *, #2283, .F. ) ;
#5917 = CARTESIAN_POINT ( 'NONE',  ( 103.6378534897268700, 16.39438598147789200, 318.4387995509466100 ) ) ;
#5918 = CARTESIAN_POINT ( 'NONE',  ( 99.65656338474889300, -22.00157640132435000, 312.7679558222502600 ) ) ;
#5919 = CARTESIAN_POINT ( 'NONE',  ( 108.4867782916174800, -22.00157526408867200, 318.5461592182961100 ) ) ;
#5920 = CARTESIAN_POINT ( 'NONE',  ( 103.9438255902954300, -22.00157584917153400, 306.2861514192181300 ) ) ;
#5921 = CARTESIAN_POINT ( 'NONE',  ( 77.61368816194959700, -21.62053882741650300, 300.1538784402420100 ) ) ;
#5922 = CARTESIAN_POINT ( 'NONE',  ( 99.65006960429016700, -23.50157640216069400, 312.7710745680794300 ) ) ;
#5923 = FACE_OUTER_BOUND ( 'NONE', #3300, .T. ) ;
#5924 = AXIS2_PLACEMENT_3D ( 'NONE', #2908, #5788, #6178 ) ;
#5925 = CARTESIAN_POINT ( 'NONE',  ( 113.5392090908956200, 17.89438470629136900, 311.9303389677069200 ) ) ;
#5926 = CARTESIAN_POINT ( 'NONE',  ( 111.1721577817602300, 17.89438501114177500, 316.3647169300458600 ) ) ;
#5927 = CARTESIAN_POINT ( 'NONE',  ( 102.5569577014907200, 16.39438612068533300, 308.8668560412936000 ) ) ;
#5928 = CARTESIAN_POINT ( 'NONE',  ( 114.1108373802791500, -22.00157453977109200, 316.7532015281622100 ) ) ;
#5929 = CARTESIAN_POINT ( 'NONE',  ( 105.4646521103976800, -23.50157565330572500, 315.0196194454235900 ) ) ;
#5930 = ADVANCED_FACE ( 'NONE', ( #2532 ), #4028, .T. ) ;
#5931 = CARTESIAN_POINT ( 'NONE',  ( 101.5303362756243500, 16.39438625290305000, 316.0348987409560100 ) ) ;
#5932 = FACE_OUTER_BOUND ( 'NONE', #4813, .T. ) ;
#5933 = CARTESIAN_POINT ( 'NONE',  ( 115.5663458029113300, 16.39438444521840000, 312.7679558222550900 ) ) ;
#5934 = DIRECTION ( 'NONE',  ( 1.287891253920479600E-007, -0.9999999999999916700, -1.176836406102659500E-014 ) ) ;
#5935 = CARTESIAN_POINT ( 'NONE',  ( 114.6114545938283100, -22.00157447529682700, 313.3165221225489700 ) ) ;
#5936 = CARTESIAN_POINT ( 'NONE',  ( 114.6114545938283100, -22.00157447529697300, 311.1165221225489900 ) ) ;
#5937 = CARTESIAN_POINT ( 'NONE',  ( 117.8549423976478900, 17.89438415047213100, 318.1393512356663100 ) ) ;
#5938 = CARTESIAN_POINT ( 'NONE',  ( 107.4672703511432400, -22.00157539539013400, 304.1233226736673600 ) ) ;
#5939 = EDGE_LOOP ( 'NONE', ( #3202, #5314 ) ) ;
#5940 = CARTESIAN_POINT ( 'NONE',  ( 100.6114547870119800, -23.50157627834473900, 313.3165221225489700 ) ) ;
#5941 = CARTESIAN_POINT ( 'NONE',  ( 103.6378536829104700, 17.89438598147788200, 318.4387995509466100 ) ) ;
#5942 = CARTESIAN_POINT ( 'NONE',  ( 108.7114545938283200, -22.00157523515276700, 319.2165221225490100 ) ) ;
#5943 = CARTESIAN_POINT ( 'NONE',  ( 111.7599625398851400, -23.50157484253820800, 315.7765338698828800 ) ) ;
#5944 = CARTESIAN_POINT ( 'NONE',  ( 116.2413769144130700, 16.39438435828175100, 320.3117034579009300 ) ) ;
#5945 = CARTESIAN_POINT ( 'NONE',  ( 114.1104644466588800, -22.00157453981900300, 306.8520413949538600 ) ) ;
#5946 = DIRECTION ( 'NONE',  ( -1.000000000000000000, 0.0000000000000000000, 0.0000000000000000000 ) ) ;
#5947 = CARTESIAN_POINT ( 'NONE',  ( 107.0569023414639200, 17.89438554114160600, 306.1779073052554700 ) ) ;
#5948 = CARTESIAN_POINT ( 'NONE',  ( 111.2817061096713300, 16.39438499703315300, 318.1495153381880000 ) ) ;
#5949 = CARTESIAN_POINT ( 'NONE',  ( 111.1114547870119900, -23.50157492605890000, 312.2165221234050100 ) ) ;
#5950 = CARTESIAN_POINT ( 'NONE',  ( 114.0792147724738200, -22.00157454384375200, 317.6828935769496000 ) ) ;
#5951 = CARTESIAN_POINT ( 'NONE',  ( 76.11368774035183500, -7.753342210153520300, 305.6667749725874000 ) ) ;
#5952 = ORIENTED_EDGE ( 'NONE', *, *, #1117, .T. ) ;
#5953 = CARTESIAN_POINT ( 'NONE',  ( 103.4629468409713700, 16.39438600400392000, 315.7765338698858400 ) ) ;
#5954 = B_SPLINE_CURVE_WITH_KNOTS ( 'NONE', 1,
 ( #135, #3468 ),
 .UNSPECIFIED., .F., .F.,
 ( 2, 2 ),
 ( 0.0000000000000000000, 1.000000000000000000 ),
 .UNSPECIFIED. ) ;
#5955 = CARTESIAN_POINT ( 'NONE',  ( 115.4409715126107600, 16.39438446136520600, 312.9425341055060700 ) ) ;
#5956 = CARTESIAN_POINT ( 'NONE',  ( 115.7046542358932200, -23.50157433450469900, 312.0723378798599000 ) ) ;
#5957 = CARTESIAN_POINT ( 'NONE',  ( 113.3683063546646300, -23.50157463540092800, 308.6650561590236600 ) ) ;
#5958 = ORIENTED_EDGE ( 'NONE', *, *, #3509, .F. ) ;
#5959 = ADVANCED_FACE ( 'NONE', ( #5602 ), #1849, .T. ) ;
#5960 = CARTESIAN_POINT ( 'NONE',  ( 101.4922597290720000, -23.50157616490664100, 312.8914887454031900 ) ) ;
#5961 = EDGE_CURVE ( 'NONE', #4352, #4084, #5076, .T. ) ;
#5962 = ORIENTED_EDGE ( 'NONE', *, *, #5035, .F. ) ;
#5963 = EDGE_CURVE ( 'NONE', #3813, #3026, #5512, .T. ) ;
#5964 = CARTESIAN_POINT ( 'NONE',  ( 111.4298314054199900, -23.50157488505553600, 318.2976404407530100 ) ) ;
#5965 = CARTESIAN_POINT ( 'NONE',  ( 78.36368816194959700, 15.64438923651439200, 324.0426433693249900 ) ) ;
#5966 = CARTESIAN_POINT ( 'NONE',  ( 106.7313714073572300, -22.00157549016600500, 318.5407603748076900 ) ) ;
#5967 = CARTESIAN_POINT ( 'NONE',  ( 114.1104646398436600, 17.89438463271995500, 317.5810028501379600 ) ) ;
#5968 = CARTESIAN_POINT ( 'NONE',  ( 107.3252716321983900, 17.89438550657857600, 306.2887678186936600 ) ) ;
#5969 = ORIENTED_EDGE ( 'NONE', *, *, #6153, .F. ) ;
#5970 = CARTESIAN_POINT ( 'NONE',  ( 111.0122621105251400, 17.89438503173460400, 317.5819184239824200 ) ) ;
#5971 = DIRECTION ( 'NONE',  ( -1.000000000000000000, 0.0000000000000000000, 0.0000000000000000000 ) ) ;
#5972 = CARTESIAN_POINT ( 'NONE',  ( 99.93569284607630700, -22.00157636537552400, 313.0966053090409700 ) ) ;
#5973 = VECTOR ( 'NONE', #2547, 1000.000000000000000 ) ;
#5974 = CARTESIAN_POINT ( 'NONE',  ( 109.7560613986596800, 17.89438519351944400, 309.4118617339048600 ) ) ;
#5975 = EDGE_LOOP ( 'NONE', ( #4185, #2978, #390, #3870 ) ) ;
#5976 = LINE ( 'NONE', #5219, #1858 ) ;
#5977 = CARTESIAN_POINT ( 'NONE',  ( 115.6007710800650200, -23.50157434788377800, 311.7295848452856700 ) ) ;
#5978 = CARTESIAN_POINT ( 'NONE',  ( 111.1642119438400600, -23.50157491926431100, 308.0749049697595300 ) ) ;
#5979 = CARTESIAN_POINT ( 'NONE',  ( 111.2888211750986500, -22.00157490321608500, 316.1901002822234500 ) ) ;
#5980 = CARTESIAN_POINT ( 'NONE',  ( 106.9408692484562800, -22.00157546318487100, 304.3413855825248800 ) ) ;
#5981 = CARTESIAN_POINT ( 'NONE',  ( 101.7113173688635500, -23.50157613669439300, 312.3630992304239300 ) ) ;
#5982 = ORIENTED_EDGE ( 'NONE', *, *, #432, .T. ) ;
#5983 = CARTESIAN_POINT ( 'NONE',  ( 99.54004035842145000, -22.00157641633124300, 311.9274321908835100 ) ) ;
#5984 = CARTESIAN_POINT ( 'NONE',  ( 111.3566427111154000, -23.50157489448141100, 316.1079406220390000 ) ) ;
#5985 = CARTESIAN_POINT ( 'NONE',  ( 107.0600208941220300, -22.00157544783953500, 318.2616309134665500 ) ) ;
#5986 = CARTESIAN_POINT ( 'NONE',  ( 112.6674524384742700, 17.89438481856417000, 318.7661873771254500 ) ) ;
#5987 = CARTESIAN_POINT ( 'NONE',  ( 107.7580318948984100, 17.89438545084377800, 306.3163847043982700 ) ) ;
#5988 = ADVANCED_FACE ( 'NONE', ( #2826, #5285, #4383, #2373, #4165, #1478, #2605, #216, #139, #4303 ), #1086, .T. ) ;
#5989 = CARTESIAN_POINT ( 'NONE',  ( 108.5203292900844500, -23.50157525976759100, 308.8282332044169000 ) ) ;
#5990 = CARTESIAN_POINT ( 'NONE',  ( 104.2108070777288900, 16.39438590768769900, 316.7512929532376200 ) ) ;
#5991 = CARTESIAN_POINT ( 'NONE',  ( 111.0427316248440500, -23.50157493490964500, 306.7514681659025700 ) ) ;
#5992 = B_SPLINE_CURVE_WITH_KNOTS ( 'NONE', 3,
 ( #3667, #823, #4164, #1789, #4653, #5137, #415, #4672, #1770, #3749, #2293, #5156, #1848, #4711, #883, #5118, #5672, #6104 ),
 .UNSPECIFIED., .F., .F.,
 ( 4, 2, 2, 2, 2, 2, 2, 2, 4 ),
 ( 0.0000000000000000000, 0.1250000000000000000, 0.2500000000000000000, 0.3750000000000000000, 0.5000000000000000000, 0.6250000000000000000, 0.7500000000000000000, 0.8750000000000000000, 1.000000000000000000 ),
 .UNSPECIFIED. ) ;
#5993 = CARTESIAN_POINT ( 'NONE',  ( 100.0566101283425800, -23.50157634980269000, 313.1774023483819200 ) ) ;
#5994 = CARTESIAN_POINT ( 'NONE',  ( 108.5723348196566500, -22.00157525306987000, 305.7713667812051300 ) ) ;
#5995 = CARTESIAN_POINT ( 'NONE',  ( 101.6038251727259100, -22.00157615053827000, 318.3712092532472900 ) ) ;
#5996 = EDGE_CURVE ( 'NONE', #3266, #3879, #6043, .T. ) ;
#5997 = CARTESIAN_POINT ( 'NONE',  ( 114.7584209837862100, 17.89438454927020700, 313.3165221225490300 ) ) ;
#5998 = CARTESIAN_POINT ( 'NONE',  ( 113.7363180538091600, -22.00157458800500300, 312.8871074679234400 ) ) ;
#5999 = ORIENTED_EDGE ( 'NONE', *, *, #476, .F. ) ;
#6000 = CARTESIAN_POINT ( 'NONE',  ( 113.9356928460881200, -22.00157456232764000, 313.0966053090509700 ) ) ;
#6001 = CARTESIAN_POINT ( 'NONE',  ( 104.1114545938273900, 16.39438592048316300, 312.2165221217624100 ) ) ;
#6002 = CARTESIAN_POINT ( 'NONE',  ( 104.2519395380003400, -23.50157580948993900, 316.9580130556086600 ) ) ;
#6003 = DIRECTION ( 'NONE',  ( -1.000000000000000000, 0.0000000000000000000, 0.0000000000000000000 ) ) ;
#6004 = CARTESIAN_POINT ( 'NONE',  ( 100.3231694042373300, -22.00157631547274000, 313.2883000975363100 ) ) ;
#6005 = CARTESIAN_POINT ( 'NONE',  ( 106.6562146236413200, 17.89438559274578500, 304.6656673055137500 ) ) ;
#6006 = DIRECTION ( 'NONE',  ( 3.079986439502666300E-007, -1.246832498358365000E-014, 0.9999999999999524800 ) ) ;
#6007 = DIRECTION ( 'NONE',  ( 0.9999999999999916700, 1.287891253920479600E-007, 0.0000000000000000000 ) ) ;
#6008 = CARTESIAN_POINT ( 'NONE',  ( 111.4298314054199900, 17.89438497795624600, 318.2976404407529600 ) ) ;
#6009 = ORIENTED_EDGE ( 'NONE', *, *, #1554, .T. ) ;
#6010 = AXIS2_PLACEMENT_3D ( 'NONE', #619, #5892, #1549 ) ;
#6011 = CARTESIAN_POINT ( 'NONE',  ( 113.6925729120333400, 16.39438468653982300, 316.0348987409560100 ) ) ;
#6012 = CARTESIAN_POINT ( 'NONE',  ( 112.3494622557405600, -23.50157476661705400, 315.5661511466344100 ) ) ;
#6013 = CARTESIAN_POINT ( 'NONE',  ( 100.6114547870119900, -23.50157627834471400, 311.1165221225489900 ) ) ;
#6014 = CARTESIAN_POINT ( 'NONE',  ( 107.6827119317339300, -22.00157536764360300, 306.3165891193610800 ) ) ;
#6015 = DIRECTION ( 'NONE',  ( -0.0000000000000000000, -1.000000000000000000, 0.0000000000000000000 ) ) ;
#6016 = CARTESIAN_POINT ( 'NONE',  ( 115.0991015653265800, -23.50157441249334100, 313.2054943023295000 ) ) ;
#6017 = CARTESIAN_POINT ( 'NONE',  ( 99.65068397499118200, 17.89438649498172000, 312.7717105790167100 ) ) ;
#6018 = CARTESIAN_POINT ( 'NONE',  ( 111.0424557392874000, -22.00157493494528200, 317.6806815831114400 ) ) ;
#6019 = FACE_OUTER_BOUND ( 'NONE', #3784, .T. ) ;
#6020 = ADVANCED_FACE ( 'NONE', ( #3043 ), #4107, .T. ) ;
#6021 = CARTESIAN_POINT ( 'NONE',  ( 100.7584176955840000, 17.89438635231772400, 313.3165206628142400 ) ) ;
#6022 = CARTESIAN_POINT ( 'NONE',  ( 100.7554091801395400, 16.39438635270515100, 311.1165209732590100 ) ) ;
#6023 = CARTESIAN_POINT ( 'NONE',  ( 110.6503811715397500, -22.00157498544006500, 310.4636384276477700 ) ) ;
#6024 = CARTESIAN_POINT ( 'NONE',  ( 110.9610969999452700, -22.00157494542342500, 317.2706459388185700 ) ) ;
#6025 = CARTESIAN_POINT ( 'NONE',  ( 103.7195890783236900, -22.00157587805087200, 315.9613299284570800 ) ) ;
#6026 = CARTESIAN_POINT ( 'NONE',  ( 114.6114545938283700, 16.39438456819782900, 311.1165221225489900 ) ) ;
#6027 = CARTESIAN_POINT ( 'NONE',  ( 78.36368845172501100, 17.89438923651409000, 300.3904008642169900 ) ) ;
#6028 = ORIENTED_EDGE ( 'NONE', *, *, #3863, .F. ) ;
#6029 = CARTESIAN_POINT ( 'NONE',  ( 76.11368816194959700, -7.753342210153520300, 317.1662699091998500 ) ) ;
#6030 = CARTESIAN_POINT ( 'NONE',  ( 104.4664786432496600, -23.50157578185950800, 310.6632485909799500 ) ) ;
#6031 = CARTESIAN_POINT ( 'NONE',  ( 101.0719276979622100, 16.39438631194109100, 317.3767821814635700 ) ) ;
#6032 = CARTESIAN_POINT ( 'NONE',  ( 99.51138759701468900, -22.00157642002140400, 312.2877794604509600 ) ) ;
#6033 = CARTESIAN_POINT ( 'NONE',  ( 101.0616689171454500, -22.00157622036210000, 317.2706564314462400 ) ) ;
#6034 = ORIENTED_EDGE ( 'NONE', *, *, #4910, .T. ) ;
#6035 = APPROVAL_PERSON_ORGANIZATION ( #3336, #898, #4746 ) ;
#6036 = CARTESIAN_POINT ( 'NONE',  ( 108.4867784848092100, 17.89438535698916900, 305.8868850268011700 ) ) ;
#6037 = CARTESIAN_POINT ( 'NONE',  ( 110.6792763497286000, -22.00157498171891700, 323.6641004482725100 ) ) ;
#6038 = CARTESIAN_POINT ( 'NONE',  ( 101.2233591318792600, -22.00157619953816700, 317.8746694045754000 ) ) ;
#6039 = CARTESIAN_POINT ( 'NONE',  ( 104.2519393448166500, -22.00157580948995300, 316.9580130556086600 ) ) ;
#6040 = VERTEX_POINT ( 'NONE', #6055 ) ;
#6041 = CARTESIAN_POINT ( 'NONE',  ( 107.9652529169265000, -22.00157533125547700, 320.2608367083426500 ) ) ;
#6042 = EDGE_CURVE ( 'NONE', #919, #5894, #1555, .T. ) ;
#6043 = CIRCLE ( 'NONE', #5171, 3.499999999999947600 ) ;
#6044 = CARTESIAN_POINT ( 'NONE',  ( 113.6221383007717700, 16.39438469561105500, 311.7295848452849300 ) ) ;
#6045 = CARTESIAN_POINT ( 'NONE',  ( 102.7665319178590000, 16.39438609369458900, 318.7662110211376200 ) ) ;
#6046 = CARTESIAN_POINT ( 'NONE',  ( 112.0457794725199800, -22.00157480572808700, 315.6476331646611000 ) ) ;
#6047 = ORIENTED_EDGE ( 'NONE', *, *, #197, .F. ) ;
#6048 = CARTESIAN_POINT ( 'NONE',  ( 103.4636320151536800, -22.00157591101534000, 315.7770275570356900 ) ) ;
#6049 = CARTESIAN_POINT ( 'NONE',  ( 113.6178810761886800, 16.39438469615921800, 308.4728373399857400 ) ) ;
#6050 = CARTESIAN_POINT ( 'NONE',  ( 114.1514342814264000, 16.39438462744350000, 317.3745261261011000 ) ) ;
#6051 = VECTOR ( 'NONE', #1439, 1000.000000000000000 ) ;
#6052 = ADVANCED_FACE ( 'NONE', ( #1631 ), #1955, .T. ) ;
#6053 = CARTESIAN_POINT ( 'NONE',  ( 111.1114547870691500, -23.50157492605889000, 311.9854108401957500 ) ) ;
#6054 = CARTESIAN_POINT ( 'NONE',  ( 102.8725797474126200, 16.39438608003678900, 318.7560590697697800 ) ) ;
#6055 = CARTESIAN_POINT ( 'NONE',  ( 108.7114547870129700, 17.89438532805331100, 305.2165221225490100 ) ) ;
#6056 = VERTEX_POINT ( 'NONE', #1241 ) ;
#6057 = CARTESIAN_POINT ( 'NONE',  ( 108.5209394656299700, 17.89438535258964400, 308.8054458225956900 ) ) ;
#6058 = AXIS2_PLACEMENT_3D ( 'NONE', #3597, #2078, #1186 ) ;
#6059 = ORIENTED_EDGE ( 'NONE', *, *, #3750, .T. ) ;
#6060 = CARTESIAN_POINT ( 'NONE',  ( 105.4668481753800400, 17.89438574592332600, 315.0211825111924800 ) ) ;
#6061 = CARTESIAN_POINT ( 'NONE',  ( 115.1623094108665300, -22.00157440435278400, 313.1717622859187600 ) ) ;
#6062 = CARTESIAN_POINT ( 'NONE',  ( 117.2228216510081000, -22.00157413898123300, 305.3151562579996000 ) ) ;
#6063 = CARTESIAN_POINT ( 'NONE',  ( 111.4223325401863200, 17.89438497892181000, 300.9943363397331400 ) ) ;
#6064 = CARTESIAN_POINT ( 'NONE',  ( 108.0983918710933700, -22.00157531410862400, 320.2058384156054000 ) ) ;
#6065 = CARTESIAN_POINT ( 'NONE',  ( 114.3231694042406600, 16.39438460532590700, 311.1447441475405600 ) ) ;
#6066 = EDGE_LOOP ( 'NONE', ( #813, #2039, #5830, #4773 ) ) ;
#6067 = CARTESIAN_POINT ( 'NONE',  ( 101.6049647348514500, 16.39438624329175600, 318.3721201830231300 ) ) ;
#6068 = CARTESIAN_POINT ( 'NONE',  ( 108.4915379735072300, 17.89438535637618700, 304.5407603747996700 ) ) ;
#6069 = CARTESIAN_POINT ( 'NONE',  ( 116.5262982816396700, -23.50157422868604600, 320.0258784598036100 ) ) ;
#6070 = CARTESIAN_POINT ( 'NONE',  ( 108.1666430912505300, 17.89438539821928100, 320.1772880163985100 ) ) ;
#6071 = CARTESIAN_POINT ( 'NONE',  ( 106.6509062863249800, 17.89438559342945800, 305.7721641326404000 ) ) ;
#6072 = CARTESIAN_POINT ( 'NONE',  ( 110.6503813647234400, -23.50157498544005500, 310.4636384276477700 ) ) ;
#6073 = CARTESIAN_POINT ( 'NONE',  ( 111.5033203025163600, -23.50157487559084800, 308.4717143166495200 ) ) ;
#6074 = CARTESIAN_POINT ( 'NONE',  ( 111.4298312122363800, 16.39438497795611800, 306.1354038043450000 ) ) ;
#6075 = CARTESIAN_POINT ( 'NONE',  ( 114.1212191130698100, -23.50157453843404900, 316.7514949347744300 ) ) ;
#6076 = EDGE_CURVE ( 'NONE', #4426, #1805, #1713, .T. ) ;
#6077 = CARTESIAN_POINT ( 'NONE',  ( 107.5401974491022200, 17.89438547889847400, 306.3165891193647200 ) ) ;
#6078 = CARTESIAN_POINT ( 'NONE',  ( 116.9918134740599700, -22.00157416873256700, 305.0040527528942100 ) ) ;
#6079 = CARTESIAN_POINT ( 'NONE',  ( 103.6423669394747700, -22.00157588799626400, 318.4483514766995400 ) ) ;
#6080 = EDGE_CURVE ( 'NONE', #5568, #3212, #4104, .T. ) ;
#6081 = CARTESIAN_POINT ( 'NONE',  ( 113.5288134257265000, 17.89438470763033700, 322.4849473212418000 ) ) ;
#6082 = CARTESIAN_POINT ( 'NONE',  ( 101.2634771516248000, 17.89438628727161500, 316.3609016235142800 ) ) ;
#6083 = ORIENTED_EDGE ( 'NONE', *, *, #1162, .F. ) ;
#6084 = CARTESIAN_POINT ( 'NONE',  ( 108.7114547870129800, 17.89438532805331800, 305.2165221225490100 ) ) ;
#6085 = CARTESIAN_POINT ( 'NONE',  ( 115.4171878208487500, -23.50157437152721900, 303.2985998105857600 ) ) ;
#6086 = CARTESIAN_POINT ( 'NONE',  ( 101.1432364950540300, 16.39438630275718000, 307.7820811425859800 ) ) ;
#6087 = AXIS2_PLACEMENT_3D ( 'NONE', #269, #2599, #248 ) ;
#6088 = CARTESIAN_POINT ( 'NONE',  ( 74.25617788293919800, -22.00157967261791800, 324.0426435149085500 ) ) ;
#6089 = CARTESIAN_POINT ( 'NONE',  ( 111.5033201093326800, -22.00157487559085800, 308.4717143166495200 ) ) ;
#6090 = CARTESIAN_POINT ( 'NONE',  ( 101.5663458029072500, -22.00157615536512500, 311.6650884228450900 ) ) ;
#6091 = CARTESIAN_POINT ( 'NONE',  ( 113.8415957177418700, -23.50157457444652600, 318.1489162558705200 ) ) ;
#6092 = CARTESIAN_POINT ( 'NONE',  ( 115.7046540427095200, -22.00157433450471000, 312.0723378798599000 ) ) ;
#6093 = EDGE_LOOP ( 'NONE', ( #1329, #4117, #1198, #4842 ) ) ;
#6094 = CARTESIAN_POINT ( 'NONE',  ( 101.2866968443664700, -23.50157619138089200, 311.3359181774719700 ) ) ;
#6095 = VERTEX_POINT ( 'NONE', #3726 ) ;
#6096 = CARTESIAN_POINT ( 'NONE',  ( 101.0714750994167000, 17.89438631199928100, 307.0585181189961800 ) ) ;
#6097 = DIRECTION ( 'NONE',  ( -1.000000000000000000, 0.0000000000000000000, 0.0000000000000000000 ) ) ;
#6098 = CARTESIAN_POINT ( 'NONE',  ( 111.7599623466905300, 16.39438493543886500, 308.6565103752078600 ) ) ;
#6099 = CARTESIAN_POINT ( 'NONE',  ( 107.1245173165665800, 16.39438553243369200, 320.2058384156083500 ) ) ;
#6100 = ORIENTED_EDGE ( 'NONE', *, *, #4558, .F. ) ;
#6101 = CARTESIAN_POINT ( 'NONE',  ( 77.61368816194959700, -21.62053882741650300, 324.0426433693249900 ) ) ;
#6102 = CARTESIAN_POINT ( 'NONE',  ( 110.3939129523484400, 17.89438511137124600, 310.0799160207027400 ) ) ;
#6103 = CARTESIAN_POINT ( 'NONE',  ( 112.3510466547734600, -23.50157476641291500, 308.8566388824925200 ) ) ;
#6104 = CARTESIAN_POINT ( 'NONE',  ( 111.4298314054199900, -23.50157488505539800, 306.1354038043450000 ) ) ;
#6105 = DATE_AND_TIME ( #5066, #4455 ) ;
#6106 = EDGE_CURVE ( 'NONE', #5545, #3444, #5527, .T. ) ;
#6107 = CARTESIAN_POINT ( 'NONE',  ( 108.5191715890670300, -22.00157525991678000, 315.6050241412708600 ) ) ;
#6108 = EDGE_LOOP ( 'NONE', ( #3151, #2231, #4289, #1370 ) ) ;
#6109 = LINE ( 'NONE', #2613, #1485 ) ;
#6110 = CARTESIAN_POINT ( 'NONE',  ( 115.7113194492569500, -22.00157433364625700, 312.3606763975362800 ) ) ;
#6111 = CARTESIAN_POINT ( 'NONE',  ( 102.8707512696986600, -22.00157598737196500, 318.7563571685201400 ) ) ;
#6112 = CARTESIAN_POINT ( 'NONE',  ( 101.6810473115694700, -22.00157614059287800, 315.8841877050109000 ) ) ;
#6113 = CARTESIAN_POINT ( 'NONE',  ( 100.6114547870119900, -23.50157627834471400, 311.1165221225489900 ) ) ;
#6114 = ORIENTED_EDGE ( 'NONE', *, *, #852, .T. ) ;
#6115 = CARTESIAN_POINT ( 'NONE',  ( 112.8417175398647600, 17.89438479612078900, 322.8516040363638200 ) ) ;
#6116 = VECTOR ( 'NONE', #6015, 1000.000000000000000 ) ;
#6117 = AXIS2_PLACEMENT_3D ( 'NONE', #5241, #3301, #3739 ) ;
#6118 = CARTESIAN_POINT ( 'NONE',  ( 111.5805422481834600, 16.39438495854632500, 318.4483514767001100 ) ) ;
#6119 = CARTESIAN_POINT ( 'NONE',  ( 101.1434668436970700, 16.39438630272750100, 306.7510282382212400 ) ) ;
#6120 = CARTESIAN_POINT ( 'NONE',  ( 106.7313714073317100, -22.00157549016590200, 304.5407603747988200 ) ) ;
#6121 = CARTESIAN_POINT ( 'NONE',  ( 103.1781382510345300, 16.39438604068406500, 308.7851944239728300 ) ) ;
#6122 = CARTESIAN_POINT ( 'NONE',  ( 117.0169003601935000, -23.50157416550182500, 319.4276067320729500 ) ) ;
#6123 = ORIENTED_EDGE ( 'NONE', *, *, #291, .T. ) ;
#6124 = CARTESIAN_POINT ( 'NONE',  ( 101.3897757711875600, 16.39438627100559700, 306.2899912482158100 ) ) ;
#6125 = CARTESIAN_POINT ( 'NONE',  ( 101.1120720005523500, -23.50157621387063100, 307.6798427169298400 ) ) ;
#6126 = CARTESIAN_POINT ( 'NONE',  ( 110.9709698428445400, -22.00157494415178800, 307.4750311894960100 ) ) ;
#6127 = CARTESIAN_POINT ( 'NONE',  ( 109.3661651263758200, 17.89438524373387600, 309.1787088552081300 ) ) ;
#6128 = CARTESIAN_POINT ( 'NONE',  ( 78.36368845172501100, 17.89438923651436800, 324.0426435991170100 ) ) ;
#6129 = ORIENTED_EDGE ( 'NONE', *, *, #6149, .F. ) ;
#6130 = CARTESIAN_POINT ( 'NONE',  ( 109.1609623751996300, -22.00157517726108500, 315.3633863133837300 ) ) ;
#6131 = FACE_OUTER_BOUND ( 'NONE', #2005, .T. ) ;
#6132 = CARTESIAN_POINT ( 'NONE',  ( 112.7713578558419400, -23.50157471228137100, 305.6769104260319500 ) ) ;
#6133 = CARTESIAN_POINT ( 'NONE',  ( 99.73217644548471100, 17.89438648448637500, 312.8930181065895800 ) ) ;
#6134 = CARTESIAN_POINT ( 'NONE',  ( 102.7657537114202300, -22.00157600089439600, 308.8668328793989400 ) ) ;
#6135 = CARTESIAN_POINT ( 'NONE',  ( 111.4027877004676700, 16.39438498143923400, 323.4252130420399000 ) ) ;
#6136 = ORIENTED_EDGE ( 'NONE', *, *, #1159, .F. ) ;
#6137 = CARTESIAN_POINT ( 'NONE',  ( 112.9759081179213100, 16.39438477883844700, 318.7156353355561000 ) ) ;
#6138 = CARTESIAN_POINT ( 'NONE',  ( 101.2726626519627600, 16.39438628608849100, 306.4652219934341100 ) ) ;
#6139 = CARTESIAN_POINT ( 'NONE',  ( 107.2576562707315000, -22.00157542238614300, 304.1722075367528600 ) ) ;
#6140 = CARTESIAN_POINT ( 'NONE',  ( 111.1114545938854500, -22.00157492605890400, 311.9854108401957500 ) ) ;
#6141 = DIRECTION ( 'NONE',  ( -1.000000000000000000, 0.0000000000000000000, -0.0000000000000000000 ) ) ;
#6142 = CARTESIAN_POINT ( 'NONE',  ( 111.3557649822913200, 16.39438498749515800, 316.1090453880243000 ) ) ;
#6143 = CARTESIAN_POINT ( 'NONE',  ( 107.7580318948604400, 17.89438545084394900, 320.3163847043969700 ) ) ;
#6144 = VECTOR ( 'NONE', #4977, 1000.000000000000000 ) ;
#6145 = CARTESIAN_POINT ( 'NONE',  ( 107.1525821281413800, -22.00157543591861400, 308.7385854602836200 ) ) ;
#6146 = CARTESIAN_POINT ( 'NONE',  ( 101.4907282350150400, -22.00157616510387000, 312.8930180149400800 ) ) ;
#6147 = CARTESIAN_POINT ( 'NONE',  ( 111.5803459343634600, -23.50157486567089600, 318.4481549696983500 ) ) ;
#6148 = ORIENTED_EDGE ( 'NONE', *, *, #2476, .T. ) ;
#6149 = EDGE_CURVE ( 'NONE', #2822, #1875, #5992, .T. ) ;
#6150 = CARTESIAN_POINT ( 'NONE',  ( 107.4672703511382400, 16.39438548829067700, 306.3097215714321400 ) ) ;
#6151 = DIRECTION ( 'NONE',  ( 3.079986770677255000E-007, 0.0000000000000000000, 0.9999999999999525900 ) ) ;
#6152 = CARTESIAN_POINT ( 'NONE',  ( 103.3716415620688000, -22.00157592286272700, 315.7281156061074500 ) ) ;
#6153 = EDGE_CURVE ( 'NONE', #1178, #4980, #2242, .T. ) ;
#6154 = CARTESIAN_POINT ( 'NONE',  ( 102.1460730092390300, -22.00157608070253100, 308.7854748667050400 ) ) ;
#6155 = B_SPLINE_CURVE_WITH_KNOTS ( 'NONE', 3,
 ( #152, #3524, #654, #1569, #111, #4903, #2114, #5457, #3021, #682, #5831, #4439, #2985, #3998, #1153, #1632, #594, #3462 ),
 .UNSPECIFIED., .F., .F.,
 ( 4, 2, 2, 2, 2, 2, 2, 2, 4 ),
 ( 0.0000000000000000000, 0.1250000000000000000, 0.2500000000000000000, 0.3750000000000000000, 0.5000000000000000000, 0.6250000000000000000, 0.7500000000000000000, 0.8750000000000000000, 1.000000000000000000 ),
 .UNSPECIFIED. ) ;
#6156 = CARTESIAN_POINT ( 'NONE',  ( 109.1518201042872800, 16.39438527133927400, 323.9670971805625800 ) ) ;
#6157 = FACE_BOUND ( 'NONE', #4586, .T. ) ;
#6158 = CARTESIAN_POINT ( 'NONE',  ( 102.8707512697065600, 16.39438608027211700, 305.6766870765671300 ) ) ;
#6159 = CARTESIAN_POINT ( 'NONE',  ( 106.6503873755533600, -23.50157550059579800, 305.7715959266544700 ) ) ;
#6160 = CARTESIAN_POINT ( 'NONE',  ( 102.2482781348463600, 16.39438616043990400, 308.8164870611338400 ) ) ;
#6161 = CARTESIAN_POINT ( 'NONE',  ( 114.1613071243231900, 16.39438462617187000, 307.3711510022127400 ) ) ;
#6162 = CARTESIAN_POINT ( 'NONE',  ( 102.4499673191199300, 17.89438613446467500, 318.7663880350738200 ) ) ;
#6163 = AXIS2_PLACEMENT_3D ( 'NONE', #3096, #1679, #2780 ) ;
#6164 = CARTESIAN_POINT ( 'NONE',  ( 107.8412349863541000, -22.00157534722754300, 308.7166475873917800 ) ) ;
#6165 = CARTESIAN_POINT ( 'NONE',  ( 100.6114547870119900, -23.50157627834471400, 311.1165221225489900 ) ) ;
#6166 = ORIENTED_EDGE ( 'NONE', *, *, #4592, .F. ) ;
#6167 = CARTESIAN_POINT ( 'NONE',  ( 101.1623094108671400, -22.00157620740065000, 313.1717622859210300 ) ) ;
#6168 = CARTESIAN_POINT ( 'NONE',  ( 114.1612404636945400, -23.50157453327962300, 307.1623878136491600 ) ) ;
#6169 = CARTESIAN_POINT ( 'NONE',  ( 109.3661649331922000, 16.39438524373389000, 309.1787088552081300 ) ) ;
#6170 = ORIENTED_EDGE ( 'NONE', *, *, #4027, .F. ) ;
#6171 = CARTESIAN_POINT ( 'NONE',  ( 101.8586503849188200, -22.00157611771944800, 308.6553067057705600 ) ) ;
#6172 = LOCAL_TIME ( 11, 1, 40.00000000000000000, #1915 ) ;
#6173 = CARTESIAN_POINT ( 'NONE',  ( 103.4701070287929700, 17.89438600308169200, 308.6640849323465500 ) ) ;
#6174 = CARTESIAN_POINT ( 'NONE',  ( 101.0616689171464500, 16.39438631326217800, 307.1623878136526300 ) ) ;
#6175 = CARTESIAN_POINT ( 'NONE',  ( 106.5114545938283000, -22.00157551848881700, 305.2165221225490100 ) ) ;
#6176 = EDGE_LOOP ( 'NONE', ( #5727, #4973 ) ) ;
#6177 = CARTESIAN_POINT ( 'NONE',  ( 102.4526629813350700, 16.39438613411736900, 308.8568622319156700 ) ) ;
#6178 = DIRECTION ( 'NONE',  ( 0.0000000000000000000, 0.0000000000000000000, 1.000000000000000000 ) ) ;
#6179 = CARTESIAN_POINT ( 'NONE',  ( 111.0122619173415200, 16.39438503173461500, 317.5819184239824200 ) ) ;
#6180 = CARTESIAN_POINT ( 'NONE',  ( 101.3813138562685900, 17.89438627209555200, 318.1489162558557400 ) ) ;
#6181 = APPROVAL_PERSON_ORGANIZATION ( #5215, #1841, #3822 ) ;
#6182 = CARTESIAN_POINT ( 'NONE',  ( 103.7930781686049900, -23.50157586858615800, 306.1354038043439800 ) ) ;
#6183 = CARTESIAN_POINT ( 'NONE',  ( 113.5115897383993500, 16.39438470984846000, 312.3606763975408900 ) ) ;
#6184 = DIRECTION ( 'NONE',  ( -1.515637314714825100E-021, 1.176836406102649800E-014, -1.000000000000000000 ) ) ;
#6185 = B_SPLINE_CURVE_WITH_KNOTS ( 'NONE', 3,
 ( #2852, #454, #3783, #6188, #495, #3823, #940, #4259, #4299, #1930, #5334, #3488, #2973, #3469, #4853, #644, #1578, #4893 ),
 .UNSPECIFIED., .F., .F.,
 ( 4, 2, 2, 2, 2, 2, 2, 2, 4 ),
 ( 0.0000000000000000000, 0.1250000000000000000, 0.2500000000000000000, 0.3750000000000000000, 0.5000000000000000000, 0.6250000000000000000, 0.7500000000000000000, 0.8750000000000000000, 1.000000000000000000 ),
 .UNSPECIFIED. ) ;
#6186 = APPLICATION_PROTOCOL_DEFINITION ( 'international standard', 'config_control_design', 1994, #5753 ) ;
#6187 = VERTEX_POINT ( 'NONE', #2734 ) ;
#6188 = CARTESIAN_POINT ( 'NONE',  ( 108.5725221984910400, -23.50157525304589600, 318.6614483184794700 ) ) ;
#6189 = EDGE_CURVE ( 'NONE', #4106, #3049, #2198, .T. ) ;
#6190 = FACE_OUTER_BOUND ( 'NONE', #5143, .T. ) ;
#6191 = DIRECTION ( 'NONE',  ( 0.0000000000000000000, 0.0000000000000000000, 1.000000000000000000 ) ) ;
#6192 = EDGE_CURVE ( 'NONE', #1113, #4625, #5144, .T. ) ;
#6193 = ORIENTED_EDGE ( 'NONE', *, *, #1797, .T. ) ;
#6194 = CARTESIAN_POINT ( 'NONE',  ( 108.4867782916256000, 16.39438535698918300, 305.8868850268011700 ) ) ;
#6195 = CARTESIAN_POINT ( 'NONE',  ( 100.0566041727666400, 17.89438644270361700, 311.2556409124979400 ) ) ;
#6196 = CARTESIAN_POINT ( 'NONE',  ( 103.8662666697290400, -22.00157585916030100, 308.3251036230503800 ) ) ;
#6197 = B_SPLINE_CURVE_WITH_KNOTS ( 'NONE', 3,
 ( #5936, #1245, #282, #5058, #308, #3069, #1695, #219, #3548, #4023, #2160, #4573, #5499, #2643, #264, #3589, #1177, #4067, #2664, #6000, #1224, #4509, #5038, #5521 ),
 .UNSPECIFIED., .F., .F.,
 ( 4, 2, 2, 2, 2, 2, 2, 2, 2, 2, 2, 4 ),
 ( 0.0000000000000000000, 0.1250000000000000000, 0.1875000000000000000, 0.2500000000000000000, 0.3750000000000000000, 0.5000000000000000000, 0.5625000000000000000, 0.6250000000000000000, 0.6875000000000001100, 0.7500000000000000000, 0.8750000000000000000, 1.000000000000000000 ),
 .UNSPECIFIED. ) ;
#6198 = CARTESIAN_POINT ( 'NONE',  ( 116.2413769144130700, 16.39438435828175100, 320.3117034579009300 ) ) ;
#6199 = EDGE_LOOP ( 'NONE', ( #5029, #14 ) ) ;
ENDSEC;
END-ISO-10303-21;
