ISO-10303-21;
HEADER;
FILE_DESCRIPTION (( 'STEP AP203' ),
    '1' );
FILE_NAME ('123.STEP',
    '2022-04-26T01:53:32',
    ( '' ),
    ( '' ),
    'SwSTEP 2.0',
    'SolidWorks 2017',
    '' );
FILE_SCHEMA (( 'CONFIG_CONTROL_DESIGN' ));
ENDSEC;

DATA;
#1 = VECTOR ( 'NONE', #886, 1000.000000000000000 ) ;
#2 = CARTESIAN_POINT ( 'NONE',  ( 12.38705691606803900, 21.94902877055239900, 190.7133991811179200 ) ) ;
#3 = DIRECTION ( 'NONE',  ( -0.9999999999999976700, 2.618226821468866200E-008, -6.451712824180909500E-008 ) ) ;
#4 = LINE ( 'NONE', #1457, #2076 ) ;
#5 = AXIS2_PLACEMENT_3D ( 'NONE', #1312, #1725, #1539 ) ;
#6 = DIRECTION ( 'NONE',  ( 0.0000000000000000000, 0.0000000000000000000, 1.000000000000000000 ) ) ;
#7 = CARTESIAN_POINT ( 'NONE',  ( 33.33303108839110300, 11.36261891516710100, 176.6894134649564900 ) ) ;
#8 = VERTEX_POINT ( 'NONE', #104 ) ;
#9 = ORIENTED_EDGE ( 'NONE', *, *, #508, .F. ) ;
#10 = EDGE_CURVE ( 'NONE', #415, #1299, #2046, .T. ) ;
#11 = DIRECTION ( 'NONE',  ( 0.0000000000000000000, 0.0000000000000000000, 1.000000000000000000 ) ) ;
#12 = DIRECTION ( 'NONE',  ( 2.618226821468860500E-008, 0.9999999999999996700, 1.689204756068510800E-015 ) ) ;
#13 = EDGE_CURVE ( 'NONE', #1428, #595, #425, .T. ) ;
#14 = CARTESIAN_POINT ( 'NONE',  ( 45.87951528913016800, 13.61261885576370500, 194.7916290415464000 ) ) ;
#15 = DIRECTION ( 'NONE',  ( 0.0000000000000000000, 0.0000000000000000000, 1.000000000000000000 ) ) ;
#16 = FACE_OUTER_BOUND ( 'NONE', #140, .T. ) ;
#17 = ORIENTED_EDGE ( 'NONE', *, *, #187, .F. ) ;
#18 = DIRECTION ( 'NONE',  ( 0.0000000000000000000, 0.0000000000000000000, 1.000000000000000000 ) ) ;
#19 = CARTESIAN_POINT ( 'NONE',  ( 14.63703408052087500, 12.86258162941208900, 194.7905711729871400 ) ) ;
#20 = ORIENTED_EDGE ( 'NONE', *, *, #2527, .F. ) ;
#21 = EDGE_CURVE ( 'NONE', #586, #1509, #956, .T. ) ;
#22 = VERTEX_POINT ( 'NONE', #1042 ) ;
#23 = FACE_BOUND ( 'NONE', #2259, .T. ) ;
#24 = VECTOR ( 'NONE', #510, 1000.000000000000000 ) ;
#25 = MANIFOLD_SOLID_BREP ( 'brep_1', #1929 ) ;
#26 = ORIENTED_EDGE ( 'NONE', *, *, #1948, .F. ) ;
#27 = CARTESIAN_POINT ( 'NONE',  ( 33.33303108839110300, 12.86261891492620000, 184.9889084016040200 ) ) ;
#28 = APPROVAL_DATE_TIME ( #2447, #481 ) ;
#29 = CYLINDRICAL_SURFACE ( 'NONE', #759, 10.99999911273291900 ) ;
#30 = CARTESIAN_POINT ( 'NONE',  ( 41.12945810749609200, 14.86250454500205400, 194.7926865027431500 ) ) ;
#31 = CYLINDRICAL_SURFACE ( 'NONE', #2446, 1.149999999999986800 ) ;
#32 = VECTOR ( 'NONE', #1508, 1000.000000000000000 ) ;
#33 = CARTESIAN_POINT ( 'NONE',  ( 28.38328362008530100, 12.86261891503290000, 180.0391609332990000 ) ) ;
#34 = CYLINDRICAL_SURFACE ( 'NONE', #216, 10.99999911273291200 ) ;
#35 = ORIENTED_EDGE ( 'NONE', *, *, #1058, .T. ) ;
#36 = AXIS2_PLACEMENT_3D ( 'NONE', #519, #2097, #905 ) ;
#37 = ORIENTED_EDGE ( 'NONE', *, *, #2138, .T. ) ;
#38 = DIRECTION ( 'NONE',  ( 6.451712824180910900E-008, -0.0000000000000000000, -0.9999999999999980000 ) ) ;
#39 = DIRECTION ( 'NONE',  ( 0.9999999999999975600, -3.640720023402848700E-008, 6.195689588201567900E-008 ) ) ;
#40 = DIRECTION ( 'NONE',  ( 0.0000000000000000000, 1.000000000000000000, 0.0000000000000000000 ) ) ;
#41 = EDGE_CURVE ( 'NONE', #595, #1559, #1426, .T. ) ;
#42 = DIRECTION ( 'NONE',  ( 0.0000000000000000000, 1.000000000000000000, 0.0000000000000000000 ) ) ;
#43 = ADVANCED_FACE ( 'NONE', ( #1554 ), #1950, .F. ) ;
#44 = VERTEX_POINT ( 'NONE', #2419 ) ;
#45 = CARTESIAN_POINT ( 'NONE',  ( 28.38328362008530100, 12.86261891514241100, 175.5391609332990000 ) ) ;
#46 = DIRECTION ( 'NONE',  ( -6.451712956149352100E-008, 0.0000000000000000000, 0.9999999999999978900 ) ) ;
#47 = AXIS2_PLACEMENT_3D ( 'NONE', #1084, #1269, #2489 ) ;
#48 = CARTESIAN_POINT ( 'NONE',  ( 12.38705277867923200, 15.94230950480594400, 165.2881388382660100 ) ) ;
#49 = CARTESIAN_POINT ( 'NONE',  ( 44.37951580534790700, 22.94902818811540300, 190.7134006676626800 ) ) ;
#50 = CARTESIAN_POINT ( 'NONE',  ( 48.12941235282573200, 15.86282477537407800, 194.7926869543843800 ) ) ;
#52 = EDGE_LOOP ( 'NONE', ( #957, #2503 ) ) ;
#51 = ORIENTED_EDGE ( 'NONE', *, *, #955, .T. ) ;
#53 = EDGE_CURVE ( 'NONE', #578, #1290, #570, .T. ) ;
#54 = LINE ( 'NONE', #1049, #2066 ) ;
#55 = ORIENTED_EDGE ( 'NONE', *, *, #1555, .F. ) ;
#56 = VECTOR ( 'NONE', #739, 1000.000000000000000 ) ;
#57 = FACE_OUTER_BOUND ( 'NONE', #2015, .T. ) ;
#58 = ORIENTED_EDGE ( 'NONE', *, *, #1447, .F. ) ;
#59 = EDGE_CURVE ( 'NONE', #282, #2301, #1020, .T. ) ;
#60 = CARTESIAN_POINT ( 'NONE',  ( 12.38705612453709300, 20.91737894104560200, 194.3824197543179900 ) ) ;
#61 = DIRECTION ( 'NONE',  ( -0.9999999999999976700, 2.618226821468866200E-008, -6.451712824180909500E-008 ) ) ;
#62 = CYLINDRICAL_SURFACE ( 'NONE', #1301, 1.000000034068195400 ) ;
#63 = CARTESIAN_POINT ( 'NONE',  ( 43.62945810488006500, 14.86261891336577900, 194.7926866640359500 ) ) ;
#64 = VECTOR ( 'NONE', #2059, 1000.000000000000000 ) ;
#65 = EDGE_LOOP ( 'NONE', ( #1750, #352, #2422, #1863 ) ) ;
#66 = ORIENTED_EDGE ( 'NONE', *, *, #1866, .T. ) ;
#67 = CC_DESIGN_PERSON_AND_ORGANIZATION_ASSIGNMENT ( #108, #936, ( #1650 ) ) ;
#68 = DIRECTION ( 'NONE',  ( 0.9999999999998900900, -4.675190115944398400E-007, -3.505562906889646600E-008 ) ) ;
#69 = CARTESIAN_POINT ( 'NONE',  ( 44.37951571224148500, 16.94230921276314200, 189.7134001722040200 ) ) ;
#70 = CARTESIAN_POINT ( 'NONE',  ( 28.38328362008530100, 12.86261891520320200, 173.0391609332990300 ) ) ;
#71 = EDGE_LOOP ( 'NONE', ( #990, #2537, #1919, #2295 ) ) ;
#72 = EDGE_CURVE ( 'NONE', #965, #697, #2013, .T. ) ;
#73 = ORIENTED_EDGE ( 'NONE', *, *, #2465, .F. ) ;
#74 = DIRECTION ( 'NONE',  ( 0.0000000000000000000, 1.000000000000000000, 2.433560920905710600E-011 ) ) ;
#75 = CARTESIAN_POINT ( 'NONE',  ( 12.38705605445342400, 22.94902818833342200, 165.2881388382660100 ) ) ;
#76 = CARTESIAN_POINT ( 'NONE',  ( 10.88705575335603500, 20.08629773495533400, 194.8007587758129900 ) ) ;
#77 = AXIS2_PLACEMENT_3D ( 'NONE', #814, #606, #239 ) ;
#78 = ORIENTED_EDGE ( 'NONE', *, *, #41, .F. ) ;
#79 = DIRECTION ( 'NONE',  ( 0.9999999999999935600, -5.768290348269137300E-008, 9.816305140437476300E-008 ) ) ;
#80 = ORIENTED_EDGE ( 'NONE', *, *, #1234, .F. ) ;
#81 = FACE_BOUND ( 'NONE', #1140, .T. ) ;
#82 = FACE_OUTER_BOUND ( 'NONE', #138, .T. ) ;
#83 = ORIENTED_EDGE ( 'NONE', *, *, #286, .F. ) ;
#84 = EDGE_CURVE ( 'NONE', #1509, #335, #4, .T. ) ;
#85 = APPROVAL_PERSON_ORGANIZATION ( #925, #481, #1118 ) ;
#86 = DIRECTION ( 'NONE',  ( -1.000000000000000000, 0.0000000000000000000, 0.0000000000000000000 ) ) ;
#87 = VECTOR ( 'NONE', #2378, 1000.000000000000000 ) ;
#88 = CIRCLE ( 'NONE', #1205, 1.149999999999989900 ) ;
#89 = CARTESIAN_POINT ( 'NONE',  ( 12.38705598196567000, 19.74902911079104900, 192.2891593631474300 ) ) ;
#90 = CARTESIAN_POINT ( 'NONE',  ( 21.38328362008530100, 12.86261891501950000, 181.1391609332990200 ) ) ;
#91 = ORIENTED_EDGE ( 'NONE', *, *, #533, .T. ) ;
#92 = DIRECTION ( 'NONE',  ( 0.0000000000000000000, 1.000000000000000000, 2.433560920905710600E-011 ) ) ;
#93 = EDGE_LOOP ( 'NONE', ( #1148, #1053, #2467, #2211 ) ) ;
#94 = DIRECTION ( 'NONE',  ( 0.0000000000000000000, 0.0000000000000000000, 1.000000000000000000 ) ) ;
#95 = AXIS2_PLACEMENT_3D ( 'NONE', #960, #423, #1185 ) ;
#96 = CARTESIAN_POINT ( 'NONE',  ( 21.38328362008530100, 12.86261891504626900, 178.9391609332989800 ) ) ;
#97 =( GEOMETRIC_REPRESENTATION_CONTEXT ( 3 ) GLOBAL_UNCERTAINTY_ASSIGNED_CONTEXT ( ( #2025 ) ) GLOBAL_UNIT_ASSIGNED_CONTEXT ( ( #2303, #1126, #2534 ) ) REPRESENTATION_CONTEXT ( 'NONE', 'WORKASPACE' ) );
#98 = EDGE_LOOP ( 'NONE', ( #2468, #2340 ) ) ;
#99 = EDGE_CURVE ( 'NONE', #220, #1268, #1077, .T. ) ;
#100 = ORIENTED_EDGE ( 'NONE', *, *, #286, .T. ) ;
#101 = DIRECTION ( 'NONE',  ( 0.0000000000000000000, 0.0000000000000000000, 1.000000000000000000 ) ) ;
#102 = DIRECTION ( 'NONE',  ( 0.0000000000000000000, 1.000000000000000000, 0.0000000000000000000 ) ) ;
#103 = EDGE_CURVE ( 'NONE', #372, #1083, #451, .T. ) ;
#104 = CARTESIAN_POINT ( 'NONE',  ( 23.43353615177949900, 12.86261891513950000, 173.4894134649929900 ) ) ;
#105 = EDGE_LOOP ( 'NONE', ( #2327, #1214, #818, #26 ) ) ;
#106 = FACE_BOUND ( 'NONE', #1254, .T. ) ;
#107 = ORIENTED_EDGE ( 'NONE', *, *, #2275, .F. ) ;
#108 = PERSON_AND_ORGANIZATION ( #2454, #612 ) ;
#109 = AXIS2_PLACEMENT_3D ( 'NONE', #589, #39, #232 ) ;
#110 = LINE ( 'NONE', #235, #1576 ) ;
#111 = LINE ( 'NONE', #577, #87 ) ;
#112 = LINE ( 'NONE', #2093, #1739 ) ;
#113 = ORIENTED_EDGE ( 'NONE', *, *, #1381, .T. ) ;
#114 = CARTESIAN_POINT ( 'NONE',  ( 12.38705685208835800, 21.94902815741022200, 191.6898632404045500 ) ) ;
#115 = DIRECTION ( 'NONE',  ( 0.0000000000000000000, 1.000000000000000000, 0.0000000000000000000 ) ) ;
#116 = CARTESIAN_POINT ( 'NONE',  ( 42.12954960127714800, 12.86255029444041600, 194.7905711287955100 ) ) ;
#117 = LINE ( 'NONE', #2129, #1459 ) ;
#118 = EDGE_CURVE ( 'NONE', #228, #306, #463, .T. ) ;
#119 = CARTESIAN_POINT ( 'NONE',  ( 23.43353615177949900, 11.36261891513950000, 173.4894134649565000 ) ) ;
#120 = ORIENTED_EDGE ( 'NONE', *, *, #1743, .F. ) ;
#121 = CARTESIAN_POINT ( 'NONE',  ( 35.38328362008530100, 12.86261891507296800, 178.9391609332990400 ) ) ;
#122 = ORIENTED_EDGE ( 'NONE', *, *, #2380, .F. ) ;
#123 = ORIENTED_EDGE ( 'NONE', *, *, #21, .T. ) ;
#124 = CARTESIAN_POINT ( 'NONE',  ( 12.38705605445342400, 22.94902818816602200, 165.2881388382660100 ) ) ;
#125 = CARTESIAN_POINT ( 'NONE',  ( 35.38328362008530100, 12.86261891501943000, 181.1391609332989700 ) ) ;
#126 = DIRECTION ( 'NONE',  ( -6.195674181904430900E-008, 3.469446951883212500E-014, 0.9999999999999982200 ) ) ;
#127 = AXIS2_PLACEMENT_3D ( 'NONE', #2084, #1883, #126 ) ;
#128 = CARTESIAN_POINT ( 'NONE',  ( 13.13705168954050600, 12.86261891626710100, 165.2891609333310000 ) ) ;
#129 = VERTEX_POINT ( 'NONE', #1032 ) ;
#130 = CARTESIAN_POINT ( 'NONE',  ( 12.38705612453709600, 29.99902898686581000, 200.5891590693970000 ) ) ;
#131 = ORIENTED_EDGE ( 'NONE', *, *, #1866, .F. ) ;
#132 = EDGE_CURVE ( 'NONE', #306, #281, #1230, .T. ) ;
#133 = DIRECTION ( 'NONE',  ( 0.0000000000000000000, 0.0000000000000000000, -1.000000000000000000 ) ) ;
#134 = ADVANCED_FACE ( 'NONE', ( #16 ), #500, .F. ) ;
#135 = CARTESIAN_POINT ( 'NONE',  ( 23.43353615177949900, 12.86261891513950000, 175.0894134649929900 ) ) ;
#136 = CARTESIAN_POINT ( 'NONE',  ( 13.13700922398863800, 11.86261891521448000, 194.7905712255471000 ) ) ;
#137 = EDGE_CURVE ( 'NONE', #1380, #228, #1798, .T. ) ;
#138 = EDGE_LOOP ( 'NONE', ( #143, #37, #2370, #80 ) ) ;
#139 = CARTESIAN_POINT ( 'NONE',  ( 44.37951716755146900, 19.74902726537214500, 167.8391625036274500 ) ) ;
#140 = EDGE_LOOP ( 'NONE', ( #83, #512, #297, #833 ) ) ;
#141 = CARTESIAN_POINT ( 'NONE',  ( 33.33303108839110300, 11.36261891492620000, 183.3889084015675100 ) ) ;
#142 = DIRECTION ( 'NONE',  ( -0.9999999999999976700, 2.618226821468866200E-008, -6.451712824180909500E-008 ) ) ;
#143 = ORIENTED_EDGE ( 'NONE', *, *, #2436, .F. ) ;
#144 = AXIS2_PLACEMENT_3D ( 'NONE', #896, #2072, #874 ) ;
#145 = FACE_BOUND ( 'NONE', #1525, .T. ) ;
#146 = CARTESIAN_POINT ( 'NONE',  ( 45.87951716755146200, 19.74902722609874300, 167.8391626004031700 ) ) ;
#147 = FACE_OUTER_BOUND ( 'NONE', #600, .T. ) ;
#148 = VERTEX_POINT ( 'NONE', #1235 ) ;
#149 = LOCAL_TIME ( 9, 53, 32.00000000000000000, #588 ) ;
#150 = ADVANCED_FACE ( 'NONE', ( #208 ), #277, .T. ) ;
#151 = PERSON_AND_ORGANIZATION ( #2454, #612 ) ;
#152 = CARTESIAN_POINT ( 'NONE',  ( 44.37951548556419800, 20.69988140570480800, 194.6230936071275200 ) ) ;
#153 = VECTOR ( 'NONE', #2481, 999.9999999999998900 ) ;
#154 = DIRECTION ( 'NONE',  ( -4.675190115944401000E-007, -0.9999999999998906400, -0.0000000000000000000 ) ) ;
#155 = DIRECTION ( 'NONE',  ( -6.195692570151259000E-008, 0.0000000000000000000, 0.9999999999999981100 ) ) ;
#156 = VERTEX_POINT ( 'NONE', #1838 ) ;
#157 = CARTESIAN_POINT ( 'NONE',  ( 11.38705373442680000, 12.86261891626710100, 165.2891609333310000 ) ) ;
#158 = CARTESIAN_POINT ( 'NONE',  ( 11.63707136701529000, 14.36265619993554300, 194.7926867166096900 ) ) ;
#159 = DIRECTION ( 'NONE',  ( 1.000000000000000000, -0.0000000000000000000, -0.0000000000000000000 ) ) ;
#160 = PERSON_AND_ORGANIZATION_ROLE ( 'creator' ) ;
#161 = ORIENTED_EDGE ( 'NONE', *, *, #436, .F. ) ;
#162 = DIRECTION ( 'NONE',  ( 6.195705753993960200E-008, 0.0000000000000000000, -0.9999999999999982200 ) ) ;
#163 = ORIENTED_EDGE ( 'NONE', *, *, #374, .F. ) ;
#164 = CARTESIAN_POINT ( 'NONE',  ( 23.43353615177949900, 12.86261891485966300, 186.5889084016039900 ) ) ;
#165 = EDGE_LOOP ( 'NONE', ( #2331, #940, #2330, #1374, #617, #452, #1123, #2469, #131, #877, #173, #1528, #2222, #494, #1165, #745 ) ) ;
#166 = DIRECTION ( 'NONE',  ( 3.505562906889262800E-008, -1.638917305311179700E-014, 0.9999999999999993300 ) ) ;
#167 = CARTESIAN_POINT ( 'NONE',  ( 45.87951545968110200, 20.08629699401529600, 194.8007588200046900 ) ) ;
#168 = CARTESIAN_POINT ( 'NONE',  ( 33.33303108839110300, 12.86261891492620000, 184.9889084016040200 ) ) ;
#169 = CARTESIAN_POINT ( 'NONE',  ( 45.87951719254468200, 13.61261885648167300, 165.2891610301067300 ) ) ;
#170 = EDGE_CURVE ( 'NONE', #1176, #148, #356, .T. ) ;
#171 = CARTESIAN_POINT ( 'NONE',  ( 45.87951737247588800, 22.94902785778359800, 166.2891615257929300 ) ) ;
#172 = ADVANCED_FACE ( 'NONE', ( #2544 ), #653, .F. ) ;
#173 = ORIENTED_EDGE ( 'NONE', *, *, #2219, .F. ) ;
#174 = FACE_BOUND ( 'NONE', #238, .T. ) ;
#175 = EDGE_LOOP ( 'NONE', ( #546, #1406, #2311, #1848 ) ) ;
#176 = AXIS2_PLACEMENT_3D ( 'NONE', #1861, #846, #1444 ) ;
#177 = CARTESIAN_POINT ( 'NONE',  ( 10.88705237475406500, 12.86261961607878700, 194.7905712781538300 ) ) ;
#178 = PLANE ( 'NONE',  #1713 ) ;
#179 = FACE_BOUND ( 'NONE', #1160, .T. ) ;
#180 = DIRECTION ( 'NONE',  ( -0.9999999999999974500, 2.618226821468865800E-008, -6.451712824180908200E-008 ) ) ;
#181 = VECTOR ( 'NONE', #1003, 1000.000000000000000 ) ;
#182 = DIRECTION ( 'NONE',  ( -0.9999999999999991100, 2.958400742336600400E-008, -2.986119921495880900E-008 ) ) ;
#183 = VECTOR ( 'NONE', #159, 1000.000000000000000 ) ;
#184 = ORIENTED_EDGE ( 'NONE', *, *, #2337, .T. ) ;
#185 = VECTOR ( 'NONE', #1177, 1000.000000000000000 ) ;
#186 = ORIENTED_EDGE ( 'NONE', *, *, #929, .F. ) ;
#187 = EDGE_CURVE ( 'NONE', #2161, #1007, #1333, .T. ) ;
#188 = DIRECTION ( 'NONE',  ( 0.9999999999999975600, -3.640722839032678800E-008, 6.195692764271747300E-008 ) ) ;
#189 = ORIENTED_EDGE ( 'NONE', *, *, #2312, .F. ) ;
#191 = ORIENTED_EDGE ( 'NONE', *, *, #2083, .T. ) ;
#190 = APPROVAL_STATUS ( 'not_yet_approved' ) ;
#192 = PLANE ( 'NONE',  #2531 ) ;
#193 = DIRECTION ( 'NONE',  ( 0.0000000000000000000, 1.000000000000000000, 2.433560920905710600E-011 ) ) ;
#194 = ORIENTED_EDGE ( 'NONE', *, *, #2351, .T. ) ;
#195 = ORIENTED_EDGE ( 'NONE', *, *, #462, .T. ) ;
#196 = DIRECTION ( 'NONE',  ( -6.451712824180909500E-008, -1.972152263052530000E-031, 0.9999999999999980000 ) ) ;
#197 = CC_DESIGN_PERSON_AND_ORGANIZATION_ASSIGNMENT ( #151, #2325, ( #1260 ) ) ;
#198 = DIRECTION ( 'NONE',  ( 8.173169255134902700E-016, 1.000000000000000000, 2.433560981575715300E-011 ) ) ;
#199 = ORIENTED_EDGE ( 'NONE', *, *, #2527, .T. ) ;
#200 = ORIENTED_EDGE ( 'NONE', *, *, #508, .T. ) ;
#201 = DIRECTION ( 'NONE',  ( 1.000000000000000000, -0.0000000000000000000, -0.0000000000000000000 ) ) ;
#202 = DIRECTION ( 'NONE',  ( 6.451712824180910900E-008, -0.0000000000000000000, -0.9999999999999980000 ) ) ;
#203 = ORIENTED_EDGE ( 'NONE', *, *, #214, .F. ) ;
#204 = CYLINDRICAL_SURFACE ( 'NONE', #2114, 0.9999997812513170500 ) ;
#205 = CYLINDRICAL_SURFACE ( 'NONE', #2494, 1.000000000020292200 ) ;
#206 = VERTEX_POINT ( 'NONE', #2273 ) ;
#207 = CIRCLE ( 'NONE', #2090, 1.000000034068193600 ) ;
#208 = FACE_OUTER_BOUND ( 'NONE', #1153, .T. ) ;
#209 = CARTESIAN_POINT ( 'NONE',  ( 13.13701543823754600, 11.36261891490554300, 194.7905712255347300 ) ) ;
#210 = CARTESIAN_POINT ( 'NONE',  ( 10.88705685208852400, 21.94902885868874200, 191.6898632929879800 ) ) ;
#211 = AXIS2_PLACEMENT_3D ( 'NONE', #801, #261, #2410 ) ;
#212 = CARTESIAN_POINT ( 'NONE',  ( 33.33303108839110300, 12.86261891516710100, 173.4894134649929900 ) ) ;
#213 = ORIENTED_EDGE ( 'NONE', *, *, #2380, .T. ) ;
#214 = EDGE_CURVE ( 'NONE', #1215, #1802, #564, .T. ) ;
#215 = DIRECTION ( 'NONE',  ( 0.0000000000000000000, 1.000000000000000000, 2.433560920905710600E-011 ) ) ;
#216 = AXIS2_PLACEMENT_3D ( 'NONE', #1751, #1346, #2121 ) ;
#217 = CARTESIAN_POINT ( 'NONE',  ( 10.63708379582204500, 14.86268105677671500, 194.7926867516771100 ) ) ;
#218 = DIRECTION ( 'NONE',  ( 0.0000000000000000000, 1.000000000000000000, 0.0000000000000000000 ) ) ;
#219 = DIRECTION ( 'NONE',  ( 0.0000000000000000000, 0.0000000000000000000, 1.000000000000000000 ) ) ;
#220 = VERTEX_POINT ( 'NONE', #1060 ) ;
#221 = EDGE_LOOP ( 'NONE', ( #2237, #839, #864, #2444 ) ) ;
#222 = VERTEX_POINT ( 'NONE', #514 ) ;
#223 = CARTESIAN_POINT ( 'NONE',  ( 12.38705691603542100, 22.94902818815303600, 191.6898632243838000 ) ) ;
#224 = CARTESIAN_POINT ( 'NONE',  ( 23.43353615177949900, 12.86261891517843700, 173.4894134649929900 ) ) ;
#225 = ADVANCED_FACE ( 'NONE', ( #2255 ), #2386, .F. ) ;
#226 = EDGE_CURVE ( 'NONE', #1429, #694, #2234, .T. ) ;
#227 = DIRECTION ( 'NONE',  ( 0.9999999999998900900, -4.675190115944398400E-007, -3.505562906889646600E-008 ) ) ;
#228 = VERTEX_POINT ( 'NONE', #301 ) ;
#229 = PERSON_AND_ORGANIZATION ( #2454, #612 ) ;
#230 = CARTESIAN_POINT ( 'NONE',  ( 45.87951525466139900, 12.29459939846493200, 194.7910094439589800 ) ) ;
#231 = CIRCLE ( 'NONE', #1753, 2.250000000000000400 ) ;
#232 = DIRECTION ( 'NONE',  ( -6.195689794540388700E-008, 1.040834085585908200E-014, 0.9999999999999982200 ) ) ;
#233 = CIRCLE ( 'NONE', #2346, 1.149999999999989900 ) ;
#234 = FACE_OUTER_BOUND ( 'NONE', #1652, .T. ) ;
#235 = CARTESIAN_POINT ( 'NONE',  ( 12.38705172758900000, 11.86261844663780000, 189.7134001719580000 ) ) ;
#236 = FACE_OUTER_BOUND ( 'NONE', #1840, .T. ) ;
#237 = B_SPLINE_SURFACE_WITH_KNOTS ( 'NONE', 1, 3, ( 
 ( #60, #806, #2420, #1808, #618, #2437 ),
 ( #2230, #1998, #2399, #1408, #813, #2214 ) ),
 .UNSPECIFIED., .F., .F., .F.,
 ( 2, 2 ),
 ( 4, 2, 4 ),
 ( 0.0000000000000000000, 1.000000000000000000 ),
 ( 0.0000000000000000000, 0.0004845037800051540600, 0.0009690075600103081200 ),
 .UNSPECIFIED. ) ;
#238 = EDGE_LOOP ( 'NONE', ( #1423, #1827 ) ) ;
#239 = DIRECTION ( 'NONE',  ( 9.816305377247674700E-008, 0.0000000000000000000, -0.9999999999999952300 ) ) ;
#240 = AXIS2_PLACEMENT_3D ( 'NONE', #2155, #1532, #384 ) ;
#241 = ORIENTED_EDGE ( 'NONE', *, *, #1807, .F. ) ;
#242 = ORIENTED_EDGE ( 'NONE', *, *, #357, .T. ) ;
#243 = CARTESIAN_POINT ( 'NONE',  ( 10.88705087138207800, 11.86261914791671800, 165.2891604904376100 ) ) ;
#244 = EDGE_CURVE ( 'NONE', #22, #2162, #88, .T. ) ;
#245 = DIRECTION ( 'NONE',  ( -4.675190115944401000E-007, -0.9999999999998906400, -0.0000000000000000000 ) ) ;
#246 = ORIENTED_EDGE ( 'NONE', *, *, #271, .F. ) ;
#247 = ORIENTED_EDGE ( 'NONE', *, *, #1419, .F. ) ;
#248 = CARTESIAN_POINT ( 'NONE',  ( 10.88705691606820400, 21.94902947183091500, 190.7133992337013800 ) ) ;
#249 = AXIS2_PLACEMENT_3D ( 'NONE', #274, #1862, #713 ) ;
#250 = DIRECTION ( 'NONE',  ( 0.9999999999999978900, 0.0000000000000000000, 6.451713237728029000E-008 ) ) ;
#251 = DIRECTION ( 'NONE',  ( 4.675190113557237700E-007, 0.9999999999998907500, 0.0000000000000000000 ) ) ;
#252 = DIRECTION ( 'NONE',  ( 0.0000000000000000000, 1.000000000000000000, 0.0000000000000000000 ) ) ;
#253 = ORIENTED_EDGE ( 'NONE', *, *, #1818, .T. ) ;
#254 = ORIENTED_EDGE ( 'NONE', *, *, #1663, .F. ) ;
#255 = EDGE_CURVE ( 'NONE', #2433, #2085, #2107, .T. ) ;
#256 = CARTESIAN_POINT ( 'NONE',  ( 10.88705697998264600, 22.94902888943152800, 191.6898632769672300 ) ) ;
#257 = VECTOR ( 'NONE', #845, 1000.000000000000100 ) ;
#258 = CYLINDRICAL_SURFACE ( 'NONE', #587, 1.000000034068195600 ) ;
#259 = CARTESIAN_POINT ( 'NONE',  ( 10.88705612453726200, 20.91737964232412500, 194.3824198069014200 ) ) ;
#260 = VERTEX_POINT ( 'NONE', #2266 ) ;
#261 = DIRECTION ( 'NONE',  ( 1.000000000000000000, -0.0000000000000000000, -0.0000000000000000000 ) ) ;
#262 = FACE_OUTER_BOUND ( 'NONE', #662, .T. ) ;
#263 = CIRCLE ( 'NONE', #1402, 0.9999999999915650800 ) ;
#264 = AXIS2_PLACEMENT_3D ( 'NONE', #2298, #1517, #1928 ) ;
#265 = CARTESIAN_POINT ( 'NONE',  ( 12.38705385925732300, 15.94230950459859400, 188.7133996763938300 ) ) ;
#266 = ORIENTED_EDGE ( 'NONE', *, *, #1758, .F. ) ;
#267 = DIRECTION ( 'NONE',  ( 0.0000000000000000000, 1.000000000000000000, 2.433560920905710600E-011 ) ) ;
#268 = B_SPLINE_CURVE_WITH_KNOTS ( 'NONE', 3,
 ( #1113, #1101, #1892, #152, #2092, #521 ),
 .UNSPECIFIED., .F., .F.,
 ( 4, 2, 4 ),
 ( 0.0000000000000000000, 0.5000000000000000000, 1.000000000000000000 ),
 .UNSPECIFIED. ) ;
#269 = CARTESIAN_POINT ( 'NONE',  ( 13.13705272373100500, 11.36261891467384200, 194.7905712255335700 ) ) ;
#270 = ORIENTED_EDGE ( 'NONE', *, *, #1590, .F. ) ;
#271 = EDGE_CURVE ( 'NONE', #2184, #2460, #290, .T. ) ;
#272 = ORIENTED_EDGE ( 'NONE', *, *, #943, .T. ) ;
#273 = ORIENTED_EDGE ( 'NONE', *, *, #1320, .F. ) ;
#274 = CARTESIAN_POINT ( 'NONE',  ( 45.87951712154366400, 21.94902756648489000, 169.8391620212440800 ) ) ;
#275 = DIRECTION ( 'NONE',  ( 0.9999999999998900900, -4.675190110821425600E-007, -3.505561591342362100E-008 ) ) ;
#276 = DIRECTION ( 'NONE',  ( 0.0000000000000000000, 1.000000000000000000, 0.0000000000000000000 ) ) ;
#277 = PLANE ( 'NONE',  #2109 ) ;
#278 = DIRECTION ( 'NONE',  ( 9.816321065182428900E-008, 0.0000000000000000000, -0.9999999999999952300 ) ) ;
#279 = ADVANCED_FACE ( 'NONE', ( #675 ), #2320, .F. ) ;
#280 = AXIS2_PLACEMENT_3D ( 'NONE', #1524, #1714, #531 ) ;
#281 = VERTEX_POINT ( 'NONE', #1479 ) ;
#282 = VERTEX_POINT ( 'NONE', #128 ) ;
#283 = CARTESIAN_POINT ( 'NONE',  ( 44.37951734188347800, 22.94902789705699300, 166.2891614290172400 ) ) ;
#284 = LINE ( 'NONE', #1082, #912 ) ;
#285 = APPROVAL_PERSON_ORGANIZATION ( #229, #406, #518 ) ;
#286 = EDGE_CURVE ( 'NONE', #2154, #885, #1709, .T. ) ;
#287 = LINE ( 'NONE', #1966, #2318 ) ;
#288 = DIRECTION ( 'NONE',  ( 0.0000000000000000000, 1.000000000000000000, 2.433560920905710600E-011 ) ) ;
#289 = LINE ( 'NONE', #1824, #2449 ) ;
#290 = CIRCLE ( 'NONE', #1306, 1.150000000000073200 ) ;
#291 = CARTESIAN_POINT ( 'NONE',  ( 13.13705272373100300, 12.86261891467384200, 194.7905711992782800 ) ) ;
#292 = CIRCLE ( 'NONE', #1624, 1.599999999999990300 ) ;
#293 = ORIENTED_EDGE ( 'NONE', *, *, #667, .F. ) ;
#294 = CARTESIAN_POINT ( 'NONE',  ( 12.38705172758900000, 11.86261844663780000, 189.7134001719580000 ) ) ;
#295 = EDGE_CURVE ( 'NONE', #1089, #1083, #1259, .T. ) ;
#296 = CARTESIAN_POINT ( 'NONE',  ( 46.12945810226404600, 14.86273328172950600, 194.7926868253287900 ) ) ;
#297 = ORIENTED_EDGE ( 'NONE', *, *, #2171, .T. ) ;
#298 = CARTESIAN_POINT ( 'NONE',  ( 12.38705671060111000, 21.94902847938803700, 189.7134001720195900 ) ) ;
#299 = ORIENTED_EDGE ( 'NONE', *, *, #2453, .T. ) ;
#300 = AXIS2_PLACEMENT_3D ( 'NONE', #1281, #1061, #2461 ) ;
#301 = CARTESIAN_POINT ( 'NONE',  ( 10.88705612453726200, 20.91737964232412500, 194.3824198069014200 ) ) ;
#302 = AXIS2_PLACEMENT_3D ( 'NONE', #124, #1880, #2474 ) ;
#303 = EDGE_CURVE ( 'NONE', #1946, #2194, #2291, .T. ) ;
#304 = EDGE_LOOP ( 'NONE', ( #2522, #2398, #779, #1251 ) ) ;
#305 = CARTESIAN_POINT ( 'NONE',  ( 47.12943522754488900, 15.36277902855179200, 194.7926868898565800 ) ) ;
#306 = VERTEX_POINT ( 'NONE', #502 ) ;
#307 = CARTESIAN_POINT ( 'NONE',  ( 10.88705272376832400, 13.61261996659159100, 194.7916289978763000 ) ) ;
#308 = DIRECTION ( 'NONE',  ( 0.0000000000000000000, 1.000000000000000000, 2.433560920905710600E-011 ) ) ;
#309 = DIRECTION ( 'NONE',  ( -6.195674181904430900E-008, -3.469446951883212300E-015, 0.9999999999999982200 ) ) ;
#310 = DIRECTION ( 'NONE',  ( 9.816311561914217100E-008, 0.0000000000000000000, -0.9999999999999952300 ) ) ;
#311 = ORIENTED_EDGE ( 'NONE', *, *, #2416, .T. ) ;
#312 = ORIENTED_EDGE ( 'NONE', *, *, #271, .T. ) ;
#313 = EDGE_LOOP ( 'NONE', ( #2086, #1891 ) ) ;
#314 = DIRECTION ( 'NONE',  ( 0.0000000000000000000, 1.000000000000000000, 2.433560920905710600E-011 ) ) ;
#315 = ADVANCED_FACE ( 'NONE', ( #234 ), #2515, .F. ) ;
#316 = CC_DESIGN_DATE_AND_TIME_ASSIGNMENT ( #332, #2130, ( #1260 ) ) ;
#317 = LINE ( 'NONE', #1916, #382 ) ;
#318 = CIRCLE ( 'NONE', #1565, 1.149999999999989900 ) ;
#319 = ORIENTED_EDGE ( 'NONE', *, *, #1000, .T. ) ;
#320 = LOCAL_TIME ( 9, 53, 32.00000000000000000, #1017 ) ;
#321 = FACE_OUTER_BOUND ( 'NONE', #1594, .T. ) ;
#322 = CARTESIAN_POINT ( 'NONE',  ( 45.87951728043915300, 19.74902724573543700, 166.6891626004031700 ) ) ;
#323 = FACE_OUTER_BOUND ( 'NONE', #175, .T. ) ;
#324 = CARTESIAN_POINT ( 'NONE',  ( 44.37951690461017100, 16.94230881282446100, 171.8391593952646900 ) ) ;
#325 = ORIENTED_EDGE ( 'NONE', *, *, #2204, .F. ) ;
#326 = CARTESIAN_POINT ( 'NONE',  ( 12.38705237475390000, 12.86261891480026900, 194.7905712255704000 ) ) ;
#327 = CARTESIAN_POINT ( 'NONE',  ( 28.38328362008530100, 12.86261891486250000, 187.0391609332980100 ) ) ;
#328 = DIRECTION ( 'NONE',  ( -6.451712775004201600E-008, 0.0000000000000000000, 0.9999999999999980000 ) ) ;
#329 = DIRECTION ( 'NONE',  ( 0.0000000000000000000, -2.433501632527061900E-011, 1.000000000000000000 ) ) ;
#330 = AXIS2_PLACEMENT_3D ( 'NONE', #1987, #2188, #996 ) ;
#331 = DIRECTION ( 'NONE',  ( -0.9999999999999935600, 5.768297144764877500E-008, -9.816306376162606600E-008 ) ) ;
#332 = DATE_AND_TIME ( #2471, #1387 ) ;
#333 = CARTESIAN_POINT ( 'NONE',  ( 28.38328362008530100, 12.86261891517643200, 174.1391609332990200 ) ) ;
#334 = AXIS2_PLACEMENT_3D ( 'NONE', #2181, #989, #762 ) ;
#335 = VERTEX_POINT ( 'NONE', #353 ) ;
#336 = ORIENTED_EDGE ( 'NONE', *, *, #430, .F. ) ;
#337 = CARTESIAN_POINT ( 'NONE',  ( 13.13702165248645800, 12.36261891506001100, 194.7905712255588400 ) ) ;
#338 = EDGE_CURVE ( 'NONE', #129, #2349, #2170, .T. ) ;
#339 = CARTESIAN_POINT ( 'NONE',  ( 43.62951719254468200, 13.61261891539177600, 165.2891609333310000 ) ) ;
#340 = DIRECTION ( 'NONE',  ( 0.0000000000000000000, 1.000000000000000000, 2.433560920905710600E-011 ) ) ;
#341 = DIRECTION ( 'NONE',  ( -0.9999999999999935600, 5.768290348269127400E-008, -9.816311628000406600E-008 ) ) ;
#342 = DIRECTION ( 'NONE',  ( 0.0000000000000000000, 1.000000000000000000, 0.0000000000000000000 ) ) ;
#343 = DIRECTION ( 'NONE',  ( 0.0000000000000000000, 1.000000000000000000, 0.0000000000000000000 ) ) ;
#344 = DIRECTION ( 'NONE',  ( 0.0000000000000000000, 0.0000000000000000000, 1.000000000000000000 ) ) ;
#345 = DIRECTION ( 'NONE',  ( 0.0000000000000000000, 1.000000000000000000, 0.0000000000000000000 ) ) ;
#346 = VERTEX_POINT ( 'NONE', #2118 ) ;
#347 = PLANE ( 'NONE',  #873 ) ;
#348 = AXIS2_PLACEMENT_3D ( 'NONE', #2063, #2264, #1272 ) ;
#349 = ORIENTED_EDGE ( 'NONE', *, *, #933, .F. ) ;
#350 = CYLINDRICAL_SURFACE ( 'NONE', #2328, 1.150000000000040800 ) ;
#351 = FACE_OUTER_BOUND ( 'NONE', #1133, .T. ) ;
#352 = ORIENTED_EDGE ( 'NONE', *, *, #2219, .T. ) ;
#353 = CARTESIAN_POINT ( 'NONE',  ( 44.37951574418373500, 15.94230950397770200, 188.7134006674732500 ) ) ;
#354 = FACE_OUTER_BOUND ( 'NONE', #439, .T. ) ;
#355 = VECTOR ( 'NONE', #1158, 1000.000000000000000 ) ;
#356 = CIRCLE ( 'NONE', #397, 1.599999999999990300 ) ;
#357 = EDGE_CURVE ( 'NONE', #849, #1665, #742, .T. ) ;
#358 = CARTESIAN_POINT ( 'NONE',  ( 16.63700922290737000, 11.86253191572975400, 194.7905711028524500 ) ) ;
#359 = CIRCLE ( 'NONE', #1431, 1.599999999999990300 ) ;
#360 = CARTESIAN_POINT ( 'NONE',  ( 13.13700922398863800, 11.86261891521448000, 194.7905712255471000 ) ) ;
#361 = ADVANCED_FACE ( 'NONE', ( #1550 ), #1110, .F. ) ;
#362 = DIRECTION ( 'NONE',  ( 1.000000000000000000, -0.0000000000000000000, -0.0000000000000000000 ) ) ;
#363 = VERTEX_POINT ( 'NONE', #169 ) ;
#364 = CARTESIAN_POINT ( 'NONE',  ( 23.43353615177949900, 12.86261891489860100, 184.9889084016040200 ) ) ;
#365 = DIRECTION ( 'NONE',  ( 4.675190113516963400E-007, 0.9999999999998907500, 0.0000000000000000000 ) ) ;
#366 = VERTEX_POINT ( 'NONE', #2510 ) ;
#367 = CARTESIAN_POINT ( 'NONE',  ( 44.37951557806524500, 19.74902726537318600, 192.2891625036249400 ) ) ;
#368 = CARTESIAN_POINT ( 'NONE',  ( 28.38328362008530100, 11.36261891486250000, 187.0391609332615100 ) ) ;
#369 = CARTESIAN_POINT ( 'NONE',  ( 21.38328362008530100, 12.86261891501950000, 180.0391609332990000 ) ) ;
#370 = ORIENTED_EDGE ( 'NONE', *, *, #1602, .F. ) ;
#371 = AXIS2_PLACEMENT_3D ( 'NONE', #1132, #182, #1537 ) ;
#372 = VERTEX_POINT ( 'NONE', #1921 ) ;
#373 = EDGE_CURVE ( 'NONE', #950, #1905, #1197, .T. ) ;
#374 = EDGE_CURVE ( 'NONE', #44, #156, #591, .T. ) ;
#375 = CARTESIAN_POINT ( 'NONE',  ( 44.37951578249820300, 16.94230892159768600, 188.7134011630374700 ) ) ;
#376 = CARTESIAN_POINT ( 'NONE',  ( 0.0000000000000000000, 0.0000000000000000000, 0.0000000000000000000 ) ) ;
#377 = VERTEX_POINT ( 'NONE', #2334 ) ;
#379 = ORIENTED_EDGE ( 'NONE', *, *, #2207, .F. ) ;
#378 = ORIENTED_EDGE ( 'NONE', *, *, #2499, .T. ) ;
#380 = CIRCLE ( 'NONE', #1646, 1.599999999999990300 ) ;
#381 = ORIENTED_EDGE ( 'NONE', *, *, #303, .F. ) ;
#382 = VECTOR ( 'NONE', #1321, 1000.000000000000000 ) ;
#383 = FACE_OUTER_BOUND ( 'NONE', #2536, .T. ) ;
#384 = DIRECTION ( 'NONE',  ( 0.0000000000000000000, -2.433501632527061900E-011, 1.000000000000000000 ) ) ;
#385 = FACE_OUTER_BOUND ( 'NONE', #1413, .T. ) ;
#386 = ORIENTED_EDGE ( 'NONE', *, *, #2465, .T. ) ;
#387 = AXIS2_PLACEMENT_3D ( 'NONE', #157, #1716, #2305 ) ;
#388 = CARTESIAN_POINT ( 'NONE',  ( 16.63700922290737000, 11.86253191572975400, 194.7905711028524500 ) ) ;
#389 = CARTESIAN_POINT ( 'NONE',  ( 12.38705309126331500, 15.94230974142219600, 171.8391586749051200 ) ) ;
#390 = VECTOR ( 'NONE', #946, 1000.000000000000000 ) ;
#391 = EDGE_CURVE ( 'NONE', #1154, #1842, #112, .T. ) ;
#392 = ORIENTED_EDGE ( 'NONE', *, *, #103, .T. ) ;
#393 =( BOUNDED_CURVE ( )  B_SPLINE_CURVE ( 3, ( #307, #483, #1688, #1279 ),
 .UNSPECIFIED., .F., .F. ) 
 B_SPLINE_CURVE_WITH_KNOTS ( ( 4, 4 ),
 ( 4.712413369861317300, 6.283185307179586200 ),
 .UNSPECIFIED. ) 
 CURVE ( )  GEOMETRIC_REPRESENTATION_ITEM ( )  RATIONAL_B_SPLINE_CURVE ( ( 1.000000000000000000, 0.8047436027440841900, 0.8047436027440841900, 1.000000000000000000 ) ) 
 REPRESENTATION_ITEM ( '' )  );
#394 = DIRECTION ( 'NONE',  ( -3.505562906889263500E-008, 1.638917305311180000E-014, -0.9999999999999994400 ) ) ;
#395 = CARTESIAN_POINT ( 'NONE',  ( 44.37951583955138100, 21.94902791521295900, 189.7134006677424900 ) ) ;
#396 = ORIENTED_EDGE ( 'NONE', *, *, #373, .T. ) ;
#397 = AXIS2_PLACEMENT_3D ( 'NONE', #489, #1099, #2293 ) ;
#398 = ORIENTED_EDGE ( 'NONE', *, *, #1705, .T. ) ;
#399 = CARTESIAN_POINT ( 'NONE',  ( 28.38328362008530100, 11.36261891520320200, 174.1391609332625300 ) ) ;
#400 = EDGE_LOOP ( 'NONE', ( #1923, #254 ) ) ;
#401 = ORIENTED_EDGE ( 'NONE', *, *, #496, .F. ) ;
#402 = CARTESIAN_POINT ( 'NONE',  ( 21.38328362008530100, 11.36261891501950100, 180.0391609332625100 ) ) ;
#403 = CARTESIAN_POINT ( 'NONE',  ( 15.63708379427737100, 14.86255677179853400, 194.7926865763989800 ) ) ;
#404 = DIRECTION ( 'NONE',  ( 0.0000000000000000000, 0.0000000000000000000, -1.000000000000000000 ) ) ;
#405 = DIRECTION ( 'NONE',  ( 9.816321065182428900E-008, 0.0000000000000000000, -0.9999999999999952300 ) ) ;
#406 = APPROVAL ( #190, '未指定' ) ;
#407 = EDGE_CURVE ( 'NONE', #1935, #2361, #532, .T. ) ;
#408 = ORIENTED_EDGE ( 'NONE', *, *, #482, .F. ) ;
#409 = CARTESIAN_POINT ( 'NONE',  ( 44.37951730547623400, 21.94902760595519100, 166.2891619245308700 ) ) ;
#410 = DIRECTION ( 'NONE',  ( 0.0000000000000000000, 1.000000000000000000, 0.0000000000000000000 ) ) ;
#411 = CARTESIAN_POINT ( 'NONE',  ( 39.12961822543461900, 11.36241305397355600, 194.7905709352120600 ) ) ;
#412 = ORIENTED_EDGE ( 'NONE', *, *, #2463, .F. ) ;
#413 = FACE_OUTER_BOUND ( 'NONE', #526, .T. ) ;
#414 = CYLINDRICAL_SURFACE ( 'NONE', #964, 4.500000000000003600 ) ;
#415 = VERTEX_POINT ( 'NONE', #1141 ) ;
#416 = FACE_BOUND ( 'NONE', #400, .T. ) ;
#417 = CIRCLE ( 'NONE', #1696, 1.099999999999962100 ) ;
#418 = CIRCLE ( 'NONE', #1729, 1.599999999999990300 ) ;
#419 = ADVANCED_FACE ( 'NONE', ( #57 ), #472, .F. ) ;
#420 = DIRECTION ( 'NONE',  ( -6.451712555336916400E-008, 0.0000000000000000000, 0.9999999999999980000 ) ) ;
#421 = CYLINDRICAL_SURFACE ( 'NONE', #478, 2.250000000000000000 ) ;
#422 = AXIS2_PLACEMENT_3D ( 'NONE', #2215, #634, #250 ) ;
#423 = DIRECTION ( 'NONE',  ( 6.455398869670985800E-008, 0.001410290901728644300, -0.9999990055392896600 ) ) ;
#424 = CARTESIAN_POINT ( 'NONE',  ( 43.62941235753457600, 15.86261891231936800, 194.7926866640573000 ) ) ;
#425 = LINE ( 'NONE', #798, #2485 ) ;
#426 = EDGE_CURVE ( 'NONE', #2153, #129, #1642, .T. ) ;
#427 = VERTEX_POINT ( 'NONE', #903 ) ;
#428 = CARTESIAN_POINT ( 'NONE',  ( 45.87951714344008300, 22.94902785769517100, 169.8391614947533400 ) ) ;
#429 = ADVANCED_FACE ( 'NONE', ( #1857 ), #715, .F. ) ;
#430 = EDGE_CURVE ( 'NONE', #802, #260, #1046, .T. ) ;
#431 = VERTEX_POINT ( 'NONE', #1106 ) ;
#432 = AXIS2_PLACEMENT_3D ( 'NONE', #2329, #560, #1343 ) ;
#433 = DIRECTION ( 'NONE',  ( 0.0000000000000000000, 0.0000000000000000000, 1.000000000000000000 ) ) ;
#434 = EDGE_CURVE ( 'NONE', #1874, #306, #1582, .T. ) ;
#435 = CARTESIAN_POINT ( 'NONE',  ( 10.88705685208852500, 22.61986225121114900, 192.4314714338024700 ) ) ;
#436 = EDGE_CURVE ( 'NONE', #643, #1771, #2202, .T. ) ;
#437 = ORIENTED_EDGE ( 'NONE', *, *, #2120, .T. ) ;
#438 = ADVANCED_FACE ( 'NONE', ( #1139 ), #1097, .T. ) ;
#440 = ORIENTED_EDGE ( 'NONE', *, *, #2523, .T. ) ;
#439 = EDGE_LOOP ( 'NONE', ( #1719, #2176, #1697, #609 ) ) ;
#441 = CIRCLE ( 'NONE', #1942, 1.000000034068193600 ) ;
#442 = ORIENTED_EDGE ( 'NONE', *, *, #1534, .F. ) ;
#443 = VECTOR ( 'NONE', #1989, 1000.000000000000000 ) ;
#444 = CARTESIAN_POINT ( 'NONE',  ( 44.37951559200858000, 20.91737894104501200, 194.3824197543176000 ) ) ;
#445 = CIRCLE ( 'NONE', #1735, 1.000000000020292000 ) ;
#446 = VECTOR ( 'NONE', #38, 999.9999999999998900 ) ;
#447 = ORIENTED_EDGE ( 'NONE', *, *, #1843, .F. ) ;
#448 = CARTESIAN_POINT ( 'NONE',  ( 44.37951565225994000, 19.74902726537318600, 191.1391625036248700 ) ) ;
#449 = CIRCLE ( 'NONE', #1219, 1.000000000020292000 ) ;
#450 = DIRECTION ( 'NONE',  ( 0.9999999999998900900, -4.675190115944398400E-007, -3.505562906889646600E-008 ) ) ;
#451 = LINE ( 'NONE', #96, #1616 ) ;
#452 = ORIENTED_EDGE ( 'NONE', *, *, #1058, .F. ) ;
#453 = ORIENTED_EDGE ( 'NONE', *, *, #1124, .T. ) ;
#454 = CARTESIAN_POINT ( 'NONE',  ( 28.38326219963704500, 12.86261891467888000, 194.7905712255700600 ) ) ;
#455 = ORIENTED_EDGE ( 'NONE', *, *, #2095, .F. ) ;
#456 = CARTESIAN_POINT ( 'NONE',  ( 10.88705603064311400, 20.69844513471183900, 194.6238046983790500 ) ) ;
#457 = ORIENTED_EDGE ( 'NONE', *, *, #1850, .T. ) ;
#458 = AXIS2_PLACEMENT_3D ( 'NONE', #815, #2221, #1620 ) ;
#459 = DIRECTION ( 'NONE',  ( 0.0000000000000000000, 0.0000000000000000000, 1.000000000000000000 ) ) ;
#460 =( BOUNDED_CURVE ( )  B_SPLINE_CURVE ( 3, ( #596, #988, #230, #1397 ),
 .UNSPECIFIED., .F., .F. ) 
 B_SPLINE_CURVE_WITH_KNOTS ( ( 4, 4 ),
 ( 3.141546906244288500, 4.712343206856911800 ),
 .UNSPECIFIED. ) 
 CURVE ( )  GEOMETRIC_REPRESENTATION_ITEM ( )  RATIONAL_B_SPLINE_CURVE ( ( 1.000000000000000000, 0.8047378602955859200, 0.8047378602955859200, 1.000000000000000000 ) ) 
 REPRESENTATION_ITEM ( '' )  );
#461 = ORIENTED_EDGE ( 'NONE', *, *, #2333, .F. ) ;
#462 = EDGE_CURVE ( 'NONE', #2263, #1475, #1981, .T. ) ;
#463 = B_SPLINE_CURVE_WITH_KNOTS ( 'NONE', 3,
 ( #259, #1628, #456, #2024, #834, #2228 ),
 .UNSPECIFIED., .F., .F.,
 ( 4, 2, 4 ),
 ( 0.0000000000000000000, 0.5000000000000000000, 1.000000000000000000 ),
 .UNSPECIFIED. ) ;
#464 = CARTESIAN_POINT ( 'NONE',  ( 44.37951559200858000, 20.91737894104501200, 194.3824197543176000 ) ) ;
#465 = ORIENTED_EDGE ( 'NONE', *, *, #928, .F. ) ;
#466 = FACE_OUTER_BOUND ( 'NONE', #870, .T. ) ;
#467 = FACE_OUTER_BOUND ( 'NONE', #1244, .T. ) ;
#468 = CARTESIAN_POINT ( 'NONE',  ( 9.637096224628800600, 15.36270591361788400, 194.7926867867444700 ) ) ;
#469 = ORIENTED_EDGE ( 'NONE', *, *, #1369, .T. ) ;
#470 = LINE ( 'NONE', #1779, #2511 ) ;
#471 = FACE_OUTER_BOUND ( 'NONE', #838, .T. ) ;
#472 = CYLINDRICAL_SURFACE ( 'NONE', #646, 1.149999999999986800 ) ;
#473 = CARTESIAN_POINT ( 'NONE',  ( 12.38705272581852200, 13.61261926531307300, 194.7916289452928700 ) ) ;
#474 = DIRECTION ( 'NONE',  ( 0.0000000000000000000, 1.000000000000000000, 2.433560920905710600E-011 ) ) ;
#475 = VECTOR ( 'NONE', #215, 1000.000000000000000 ) ;
#476 = CARTESIAN_POINT ( 'NONE',  ( 44.37951718764350100, 21.94902818947139900, 165.2891609333310000 ) ) ;
#477 = ORIENTED_EDGE ( 'NONE', *, *, #1456, .T. ) ;
#478 = AXIS2_PLACEMENT_3D ( 'NONE', #1583, #1984, #1955 ) ;
#479 = DIRECTION ( 'NONE',  ( 0.9999999999998900900, -4.675190115944398400E-007, -3.505562906889646600E-008 ) ) ;
#480 = EDGE_LOOP ( 'NONE', ( #2124, #1687, #1355, #1207 ) ) ;
#481 = APPROVAL ( #2096, '未指定' ) ;
#482 = EDGE_CURVE ( 'NONE', #1428, #802, #2070, .T. ) ;
#483 = CARTESIAN_POINT ( 'NONE',  ( 10.88705210755935900, 12.29462596998086400, 194.7910094122582100 ) ) ;
#484 = DIRECTION ( 'NONE',  ( 9.816311561914217100E-008, 0.0000000000000000000, -0.9999999999999952300 ) ) ;
#485 = ORIENTED_EDGE ( 'NONE', *, *, #716, .T. ) ;
#486 = DIRECTION ( 'NONE',  ( 4.675190115290566800E-007, 0.9999999999998906400, 0.0000000000000000000 ) ) ;
#487 = CARTESIAN_POINT ( 'NONE',  ( 48.12961821601690800, 11.36282478008297000, 194.7905715158661900 ) ) ;
#488 = DIRECTION ( 'NONE',  ( -6.451712824180909500E-008, -1.972152263052530000E-031, 0.9999999999999980000 ) ) ;
#489 = CARTESIAN_POINT ( 'NONE',  ( 23.43353615177949900, 12.86261891489860100, 184.9889084016040200 ) ) ;
#490 = ORIENTED_EDGE ( 'NONE', *, *, #137, .F. ) ;
#492 = EDGE_LOOP ( 'NONE', ( #1091, #926, #396, #565 ) ) ;
#491 = ORIENTED_EDGE ( 'NONE', *, *, #1538, .F. ) ;
#493 = LINE ( 'NONE', #2336, #879 ) ;
#494 = ORIENTED_EDGE ( 'NONE', *, *, #1212, .F. ) ;
#495 = DIRECTION ( 'NONE',  ( 0.0000000000000000000, 1.000000000000000000, 2.433560920905710600E-011 ) ) ;
#496 = EDGE_CURVE ( 'NONE', #748, #1603, #268, .T. ) ;
#497 = EDGE_CURVE ( 'NONE', #1051, #664, #2142, .T. ) ;
#498 = CIRCLE ( 'NONE', #432, 1.000000034068193600 ) ;
#499 = CYLINDRICAL_SURFACE ( 'NONE', #1783, 4.500000000000003600 ) ;
#500 = CYLINDRICAL_SURFACE ( 'NONE', #176, 1.099999999999962100 ) ;
#501 = ORIENTED_EDGE ( 'NONE', *, *, #434, .F. ) ;
#502 = CARTESIAN_POINT ( 'NONE',  ( 10.88705575335603500, 20.08629773495533400, 194.8007587758129900 ) ) ;
#503 = CYLINDRICAL_SURFACE ( 'NONE', #821, 1.599999999999990300 ) ;
#504 = VECTOR ( 'NONE', #1247, 999.9999999999998900 ) ;
#505 = ADVANCED_FACE ( 'NONE', ( #1455 ), #1521, .F. ) ;
#506 = ORIENTED_EDGE ( 'NONE', *, *, #1601, .T. ) ;
#507 = ORIENTED_EDGE ( 'NONE', *, *, #1381, .F. ) ;
#508 = EDGE_CURVE ( 'NONE', #558, #427, #418, .T. ) ;
#509 = DIRECTION ( 'NONE',  ( 0.0000000000000000000, -2.433600196360978100E-011, 1.000000000000000000 ) ) ;
#510 = DIRECTION ( 'NONE',  ( 0.9999999999998900900, -4.675190115944398400E-007, -3.505562906889646600E-008 ) ) ;
#511 = DIRECTION ( 'NONE',  ( 0.0000000000000000000, 1.000000000000000000, 2.433560920905710600E-011 ) ) ;
#512 = ORIENTED_EDGE ( 'NONE', *, *, #1786, .F. ) ;
#513 = CARTESIAN_POINT ( 'NONE',  ( 44.37951557094394400, 11.86261894032520000, 189.7134001722039900 ) ) ;
#514 = CARTESIAN_POINT ( 'NONE',  ( 10.88705505757164000, 18.59902981207084600, 167.8391593894387200 ) ) ;
#515 = ADVANCED_FACE ( 'NONE', ( #616 ), #1514, .T. ) ;
#516 = CARTESIAN_POINT ( 'NONE',  ( 28.38328362008530100, 12.86261891486250000, 187.0391609332980100 ) ) ;
#517 = CARTESIAN_POINT ( 'NONE',  ( 45.37951716132369700, 11.36261891539177600, 165.2891609332945100 ) ) ;
#518 = APPROVAL_ROLE ( '' ) ;
#519 = CARTESIAN_POINT ( 'NONE',  ( 33.33303108839110300, 12.86261891492620000, 184.9889084016040200 ) ) ;
#520 = ORIENTED_EDGE ( 'NONE', *, *, #1050, .T. ) ;
#521 = CARTESIAN_POINT ( 'NONE',  ( 44.37951559200858000, 20.91737894104501200, 194.3824197543176000 ) ) ;
#522 = CC_DESIGN_APPROVAL ( #406, ( #1260 ) ) ;
#523 = ORIENTED_EDGE ( 'NONE', *, *, #1758, .T. ) ;
#524 = FACE_BOUND ( 'NONE', #313, .T. ) ;
#525 = LINE ( 'NONE', #1625, #2478 ) ;
#526 = EDGE_LOOP ( 'NONE', ( #1373, #35, #1121, #688 ) ) ;
#527 = CARTESIAN_POINT ( 'NONE',  ( 17.63699679410061100, 11.36250705888858000, 194.7905710677850700 ) ) ;
#528 = VECTOR ( 'NONE', #2374, 1000.000000000000000 ) ;
#529 = ADVANCED_FACE ( 'NONE', ( #858 ), #1915, .T. ) ;
#530 = LINE ( 'NONE', #167, #740 ) ;
#531 = DIRECTION ( 'NONE',  ( 9.816306433167022700E-008, 0.0000000000000000000, -0.9999999999999952300 ) ) ;
#532 = LINE ( 'NONE', #517, #183 ) ;
#533 = EDGE_CURVE ( 'NONE', #1007, #431, #920, .T. ) ;
#534 = CARTESIAN_POINT ( 'NONE',  ( 45.87951559200857300, 20.91737893056480900, 194.3824198089633300 ) ) ;
#535 = CARTESIAN_POINT ( 'NONE',  ( 23.43353615177949900, 11.36261891489860100, 184.9889084015675000 ) ) ;
#536 = ORIENTED_EDGE ( 'NONE', *, *, #1534, .T. ) ;
#537 = CARTESIAN_POINT ( 'NONE',  ( 10.88705415505569000, 16.94231078763737100, 188.7133992334621000 ) ) ;
#538 = CARTESIAN_POINT ( 'NONE',  ( 33.33303108839110300, 11.36261891516710100, 175.0894134649564900 ) ) ;
#539 = ORIENTED_EDGE ( 'NONE', *, *, #13, .F. ) ;
#540 = PERSON_AND_ORGANIZATION_ROLE ( 'design_supplier' ) ;
#541 = CARTESIAN_POINT ( 'NONE',  ( 28.38328362008530100, 11.36261891486250000, 185.9391609332615200 ) ) ;
#542 = DIRECTION ( 'NONE',  ( 0.0000000000000000000, 1.000000000000000000, 0.0000000000000000000 ) ) ;
#543 = AXIS2_PLACEMENT_3D ( 'NONE', #642, #2428, #1236 ) ;
#544 = ADVANCED_FACE ( 'NONE', ( #1611 ), #1925, .T. ) ;
#545 = ORIENTED_EDGE ( 'NONE', *, *, #338, .T. ) ;
#546 = ORIENTED_EDGE ( 'NONE', *, *, #1192, .F. ) ;
#547 = CARTESIAN_POINT ( 'NONE',  ( 12.38705452899679900, 13.61261926603103600, 165.2891609333310000 ) ) ;
#548 = EDGE_CURVE ( 'NONE', #1311, #697, #2479, .T. ) ;
#549 = CARTESIAN_POINT ( 'NONE',  ( 35.38328362008530100, 12.86261891504620000, 178.9391609332990400 ) ) ;
#550 = DIRECTION ( 'NONE',  ( 1.000000000000000000, 0.0000000000000000000, 0.0000000000000000000 ) ) ;
#551 = DIRECTION ( 'NONE',  ( -1.000000000000000000, 0.0000000000000000000, 0.0000000000000000000 ) ) ;
#552 = DIRECTION ( 'NONE',  ( 0.0000000000000000000, -2.433600196360978100E-011, 1.000000000000000000 ) ) ;
#553 = CARTESIAN_POINT ( 'NONE',  ( 16.63709622246625100, 15.36253191464843200, 194.7926865413550700 ) ) ;
#554 = DIRECTION ( 'NONE',  ( 0.0000000000000000000, 0.0000000000000000000, 1.000000000000000000 ) ) ;
#555 = APPLICATION_CONTEXT ( 'configuration controlled 3d designs of mechanical parts and assemblies' ) ;
#556 = AXIS2_PLACEMENT_3D ( 'NONE', #2240, #276, #94 ) ;
#558 = VERTEX_POINT ( 'NONE', #2344 ) ;
#557 = VERTEX_POINT ( 'NONE', #975 ) ;
#559 = CIRCLE ( 'NONE', #556, 1.099999999999989900 ) ;
#560 = DIRECTION ( 'NONE',  ( -1.000000000000000000, 0.0000000000000000000, 0.0000000000000000000 ) ) ;
#561 = ORIENTED_EDGE ( 'NONE', *, *, #1570, .T. ) ;
#562 = CIRCLE ( 'NONE', #1443, 1.599999999999990300 ) ;
#563 = FACE_OUTER_BOUND ( 'NONE', #2281, .T. ) ;
#564 = LINE ( 'NONE', #899, #1072 ) ;
#565 = ORIENTED_EDGE ( 'NONE', *, *, #1556, .F. ) ;
#566 = EDGE_CURVE ( 'NONE', #1056, #965, #1483, .T. ) ;
#567 = LINE ( 'NONE', #2087, #1 ) ;
#568 = DIRECTION ( 'NONE',  ( -0.9999999999999976700, 2.618226821468866200E-008, -6.451712824180909500E-008 ) ) ;
#569 = EDGE_CURVE ( 'NONE', #363, #2361, #1289, .T. ) ;
#570 = LINE ( 'NONE', #1660, #64 ) ;
#571 = CARTESIAN_POINT ( 'NONE',  ( 13.13709622354752300, 15.36261891413315300, 194.7926866640497100 ) ) ;
#572 = VERTEX_POINT ( 'NONE', #1573 ) ;
#573 = ORIENTED_EDGE ( 'NONE', *, *, #2245, .T. ) ;
#574 = CARTESIAN_POINT ( 'NONE',  ( 44.37951718764350100, 13.61261889575507500, 165.2891609333310000 ) ) ;
#575 = DIRECTION ( 'NONE',  ( -6.451712775189540300E-008, 0.0000000000000000000, 0.9999999999999980000 ) ) ;
#576 = DIRECTION ( 'NONE',  ( -0.9999999999999974500, 2.618226821468865800E-008, -6.451712824180908200E-008 ) ) ;
#577 = CARTESIAN_POINT ( 'NONE',  ( 12.38705452899679900, 21.94902818947139900, 165.2891609333310000 ) ) ;
#578 = VERTEX_POINT ( 'NONE', #7 ) ;
#579 = VERTEX_POINT ( 'NONE', #969 ) ;
#580 = DIRECTION ( 'NONE',  ( -1.000000000000000000, 0.0000000000000000000, 0.0000000000000000000 ) ) ;
#581 = ORIENTED_EDGE ( 'NONE', *, *, #226, .F. ) ;
#582 = EDGE_LOOP ( 'NONE', ( #1405, #2102, #1632, #868 ) ) ;
#583 = CYLINDRICAL_SURFACE ( 'NONE', #1516, 0.9999999999915651900 ) ;
#584 = LINE ( 'NONE', #1200, #1228 ) ;
#585 = CARTESIAN_POINT ( 'NONE',  ( 35.38328362008530100, 11.36261891504620000, 180.0391609332625100 ) ) ;
#586 = VERTEX_POINT ( 'NONE', #2156 ) ;
#587 = AXIS2_PLACEMENT_3D ( 'NONE', #2401, #61, #420 ) ;
#588 = COORDINATED_UNIVERSAL_TIME_OFFSET ( 8, 0, .AHEAD. ) ;
#589 = CARTESIAN_POINT ( 'NONE',  ( 45.87951730547622700, 21.94902756668178900, 166.2891620213065900 ) ) ;
#590 = LINE ( 'NONE', #1186, #826 ) ;
#591 = LINE ( 'NONE', #2529, #1015 ) ;
#592 = CARTESIAN_POINT ( 'NONE',  ( 23.43353615177949900, 12.86261891513950000, 175.0894134649929900 ) ) ;
#593 = EDGE_CURVE ( 'NONE', #1962, #1051, #1945, .T. ) ;
#594 = ORIENTED_EDGE ( 'NONE', *, *, #1261, .T. ) ;
#595 = VERTEX_POINT ( 'NONE', #389 ) ;
#596 = CARTESIAN_POINT ( 'NONE',  ( 43.62951528919841600, 11.36261891467384200, 194.7905712255335700 ) ) ;
#597 = CARTESIAN_POINT ( 'NONE',  ( 44.37951546517773200, 19.74902724573649600, 193.4391625036250000 ) ) ;
#598 = CARTESIAN_POINT ( 'NONE',  ( 43.62948097855281300, 14.36261891388898200, 194.7926866640252400 ) ) ;
#599 = EDGE_LOOP ( 'NONE', ( #349, #679, #2217, #1208 ) ) ;
#600 = EDGE_LOOP ( 'NONE', ( #641, #536, #1869, #17 ) ) ;
#601 = ORIENTED_EDGE ( 'NONE', *, *, #2416, .F. ) ;
#602 = EDGE_CURVE ( 'NONE', #363, #656, #1422, .T. ) ;
#603 = CARTESIAN_POINT ( 'NONE',  ( 12.38705409309842200, 16.94230977694035200, 189.7133996764184200 ) ) ;
#604 = EDGE_CURVE ( 'NONE', #2506, #372, #1361, .T. ) ;
#605 = CARTESIAN_POINT ( 'NONE',  ( 23.43353615177949900, 12.86261891493753900, 183.3889084016040300 ) ) ;
#606 = DIRECTION ( 'NONE',  ( 0.9999999999999935600, -5.768290348269137300E-008, 9.816305140437476300E-008 ) ) ;
#607 = DIRECTION ( 'NONE',  ( 0.0000000000000000000, 1.000000000000000000, 2.433560920905710600E-011 ) ) ;
#608 = CARTESIAN_POINT ( 'NONE',  ( 46.12957247076425200, 12.36273328434558200, 194.7905713868533200 ) ) ;
#609 = ORIENTED_EDGE ( 'NONE', *, *, #295, .T. ) ;
#610 = LINE ( 'NONE', #1835, #1605 ) ;
#611 = EDGE_LOOP ( 'NONE', ( #973, #9, #836, #1961 ) ) ;
#612 = ORGANIZATION ( '未指定', '未指定', '' ) ;
#613 = DIRECTION ( 'NONE',  ( -2.618226821468860900E-008, -0.9999999999999996700, -1.689204756068511000E-015 ) ) ;
#614 = CIRCLE ( 'NONE', #1799, 4.500000000000003600 ) ;
#615 = VECTOR ( 'NONE', #495, 1000.000000000000000 ) ;
#616 = FACE_OUTER_BOUND ( 'NONE', #900, .T. ) ;
#617 = ORIENTED_EDGE ( 'NONE', *, *, #1000, .F. ) ;
#618 = CARTESIAN_POINT ( 'NONE',  ( 12.38705582646623100, 20.24818693205065800, 194.8042957531126000 ) ) ;
#619 = CARTESIAN_POINT ( 'NONE',  ( 45.87951553290952900, 22.94902814884200400, 194.8019984966047100 ) ) ;
#620 = FACE_OUTER_BOUND ( 'NONE', #1433, .T. ) ;
#621 = AXIS2_PLACEMENT_3D ( 'NONE', #1379, #2373, #1762 ) ;
#622 = CARTESIAN_POINT ( 'NONE',  ( 12.38705458626002600, 18.59902911079245100, 167.8391593631469900 ) ) ;
#623 = ORIENTED_EDGE ( 'NONE', *, *, #1161, .T. ) ;
#624 = DIRECTION ( 'NONE',  ( 2.618226821468860500E-008, 0.9999999999999996700, 1.689204756068510800E-015 ) ) ;
#625 = EDGE_CURVE ( 'NONE', #2196, #1604, #824, .T. ) ;
#626 = ORIENTED_EDGE ( 'NONE', *, *, #1078, .T. ) ;
#627 = ORIENTED_EDGE ( 'NONE', *, *, #2262, .F. ) ;
#628 = CARTESIAN_POINT ( 'NONE',  ( 33.33303108839110300, 12.86261891496513800, 183.3889084016040300 ) ) ;
#629 = PLANE ( 'NONE',  #1026 ) ;
#630 = ORIENTED_EDGE ( 'NONE', *, *, #1019, .F. ) ;
#631 = ORIENTED_EDGE ( 'NONE', *, *, #1096, .F. ) ;
#632 = DIRECTION ( 'NONE',  ( 0.0000000000000000000, 0.0000000000000000000, 1.000000000000000000 ) ) ;
#633 = AXIS2_PLACEMENT_3D ( 'NONE', #1811, #1804, #780 ) ;
#634 = DIRECTION ( 'NONE',  ( -6.451712824244628900E-008, -2.433560920905705400E-011, 0.9999999999999980000 ) ) ;
#635 = CARTESIAN_POINT ( 'NONE',  ( 43.62943523120732400, 15.36261891284257300, 194.7926866640466400 ) ) ;
#636 = EDGE_CURVE ( 'NONE', #1450, #664, #1885, .T. ) ;
#637 = DIRECTION ( 'NONE',  ( 0.0000000000000000000, -2.433501632527061900E-011, 1.000000000000000000 ) ) ;
#638 = DIRECTION ( 'NONE',  ( 3.505562906889262800E-008, -1.638917305311179700E-014, 0.9999999999999993300 ) ) ;
#639 = ORIENTED_EDGE ( 'NONE', *, *, #2207, .T. ) ;
#640 = DIRECTION ( 'NONE',  ( 0.0000000000000000000, 1.000000000000000000, 0.0000000000000000000 ) ) ;
#641 = ORIENTED_EDGE ( 'NONE', *, *, #866, .F. ) ;
#642 = CARTESIAN_POINT ( 'NONE',  ( 12.38705312084733000, 16.94230975928974900, 171.8391584399313400 ) ) ;
#643 = VERTEX_POINT ( 'NONE', #597 ) ;
#644 = CIRCLE ( 'NONE', #348, 1.150000000000045400 ) ;
#645 = FACE_OUTER_BOUND ( 'NONE', #2065, .T. ) ;
#646 = AXIS2_PLACEMENT_3D ( 'NONE', #139, #1504, #1338 ) ;
#647 = ORIENTED_EDGE ( 'NONE', *, *, #374, .T. ) ;
#648 = DIRECTION ( 'NONE',  ( 0.0000000000000000000, -2.433547190921417500E-011, 1.000000000000000000 ) ) ;
#649 = ADVANCED_FACE ( 'NONE', ( #385 ), #1249, .T. ) ;
#650 = SHAPE_DEFINITION_REPRESENTATION ( #781, #2404 ) ;
#651 = CARTESIAN_POINT ( 'NONE',  ( 28.38328362008530100, 12.86261891486250000, 185.9391609332980100 ) ) ;
#652 = LINE ( 'NONE', #2278, #1109 ) ;
#653 = CYLINDRICAL_SURFACE ( 'NONE', #1471, 1.599999999999990300 ) ;
#654 = CARTESIAN_POINT ( 'NONE',  ( 45.87951557806523800, 19.74902722609978400, 192.2891626004006300 ) ) ;
#655 = CC_DESIGN_SECURITY_CLASSIFICATION ( #2119, ( #1093 ) ) ;
#656 = VERTEX_POINT ( 'NONE', #14 ) ;
#657 = DIRECTION ( 'NONE',  ( -6.195673834959735700E-008, 0.0000000000000000000, 0.9999999999999982200 ) ) ;
#658 = B_SPLINE_CURVE_WITH_KNOTS ( 'NONE', 3,
 ( #1710, #931, #1146, #720 ),
 .UNSPECIFIED., .F., .F.,
 ( 4, 4 ),
 ( 0.0000000000000000000, 1.000000000000000000 ),
 .UNSPECIFIED. ) ;
#659 = CARTESIAN_POINT ( 'NONE',  ( 12.38705315070847800, 16.94230975393464800, 170.8391600348806500 ) ) ;
#660 = EDGE_CURVE ( 'NONE', #2456, #222, #2355, .T. ) ;
#661 = DIRECTION ( 'NONE',  ( -0.9999999999999974500, 2.618226821468865800E-008, -6.451712824180908200E-008 ) ) ;
#662 = EDGE_LOOP ( 'NONE', ( #2242, #1347, #1081, #1275 ) ) ;
#663 = ORIENTED_EDGE ( 'NONE', *, *, #548, .T. ) ;
#664 = VERTEX_POINT ( 'NONE', #1448 ) ;
#665 = CARTESIAN_POINT ( 'NONE',  ( 44.06885510829801000, 12.86261891467384400, 194.7905712255700600 ) ) ;
#666 = DIRECTION ( 'NONE',  ( 0.0000000000000000000, -2.433600196360978100E-011, 1.000000000000000000 ) ) ;
#667 = EDGE_CURVE ( 'NONE', #282, #694, #949, .T. ) ;
#668 = EDGE_CURVE ( 'NONE', #1874, #377, #1831, .T. ) ;
#669 = CARTESIAN_POINT ( 'NONE',  ( 44.37951548547575700, 20.69836970206858200, 194.6238510735529400 ) ) ;
#670 = ORIENTED_EDGE ( 'NONE', *, *, #2123, .T. ) ;
#671 = FACE_BOUND ( 'NONE', #941, .T. ) ;
#672 = ORIENTED_EDGE ( 'NONE', *, *, #2280, .T. ) ;
#673 = LINE ( 'NONE', #847, #2543 ) ;
#674 = CIRCLE ( 'NONE', #1957, 1.100000000000017600 ) ;
#675 = FACE_OUTER_BOUND ( 'NONE', #1879, .T. ) ;
#676 = ORIENTED_EDGE ( 'NONE', *, *, #2337, .F. ) ;
#677 = CARTESIAN_POINT ( 'NONE',  ( 45.12948097698320300, 14.36268753490721700, 194.7926867608009600 ) ) ;
#678 = CIRCLE ( 'NONE', #1845, 0.9999999999915650800 ) ;
#679 = ORIENTED_EDGE ( 'NONE', *, *, #1441, .T. ) ;
#680 = AXIS2_PLACEMENT_3D ( 'NONE', #2068, #2445, #278 ) ;
#681 = CARTESIAN_POINT ( 'NONE',  ( 21.38328362008530100, 12.86261891501950000, 180.0391609332990000 ) ) ;
#682 = AXIS2_PLACEMENT_3D ( 'NONE', #1941, #1152, #2357 ) ;
#683 = ORIENTED_EDGE ( 'NONE', *, *, #2262, .T. ) ;
#684 = EDGE_LOOP ( 'NONE', ( #1806, #2392, #1635, #1886, #672, #2269, #1439, #191, #1028, #689, #113, #809, #626, #2005, #299, #1340 ) ) ;
#685 = EDGE_CURVE ( 'NONE', #148, #1176, #292, .T. ) ;
#686 = CARTESIAN_POINT ( 'NONE',  ( 44.37951546206223700, 20.24879591983444300, 194.8043090585010500 ) ) ;
#687 = ADVANCED_FACE ( 'NONE', ( #796 ), #62, .T. ) ;
#688 = ORIENTED_EDGE ( 'NONE', *, *, #625, .F. ) ;
#689 = ORIENTED_EDGE ( 'NONE', *, *, #2152, .T. ) ;
#690 = DIRECTION ( 'NONE',  ( -3.439625639900909200E-008, 0.001410290901747089600, -0.9999990055392912200 ) ) ;
#691 = CARTESIAN_POINT ( 'NONE',  ( 33.33303108839110300, 12.86261891516710100, 175.0894134649929900 ) ) ;
#692 = DIRECTION ( 'NONE',  ( 3.505562906889262800E-008, -1.638917305311179700E-014, 0.9999999999999993300 ) ) ;
#693 = ORIENTED_EDGE ( 'NONE', *, *, #1116, .F. ) ;
#694 = VERTEX_POINT ( 'NONE', #1462 ) ;
#695 = CARTESIAN_POINT ( 'NONE',  ( 12.38705168954058400, 13.61261926603103600, 165.2891609333490500 ) ) ;
#696 = ADVANCED_FACE ( 'NONE', ( #1801 ), #2452, .F. ) ;
#697 = VERTEX_POINT ( 'NONE', #283 ) ;
#698 = FACE_OUTER_BOUND ( 'NONE', #684, .T. ) ;
#699 = CARTESIAN_POINT ( 'NONE',  ( 44.37951546864126600, 20.41064843508041100, 194.7680190138795500 ) ) ;
#700 = FACE_OUTER_BOUND ( 'NONE', #2457, .T. ) ;
#701 = ORIENTED_EDGE ( 'NONE', *, *, #391, .T. ) ;
#702 = DIRECTION ( 'NONE',  ( 0.0000000000000000000, -2.433600196360978100E-011, 1.000000000000000000 ) ) ;
#703 = CYLINDRICAL_SURFACE ( 'NONE', #2179, 1.149999999999999000 ) ;
#704 = CARTESIAN_POINT ( 'NONE',  ( 10.63702165325880100, 12.36268105754910400, 194.7905713131979400 ) ) ;
#705 = VECTOR ( 'NONE', #892, 1000.000000000000000 ) ;
#706 = DIRECTION ( 'NONE',  ( 0.9999999999998900900, -4.675190115944398400E-007, -3.505562906889646600E-008 ) ) ;
#707 = CARTESIAN_POINT ( 'NONE',  ( 45.87951577759440600, 21.94902756652224000, 190.7134012600480700 ) ) ;
#708 = CARTESIAN_POINT ( 'NONE',  ( 28.38328362008530100, 11.36261891503290200, 175.5391609332625100 ) ) ;
#709 = ORIENTED_EDGE ( 'NONE', *, *, #1744, .T. ) ;
#710 = CARTESIAN_POINT ( 'NONE',  ( 44.37951550387054300, 19.74902726537318600, 193.4391625036250000 ) ) ;
#711 = CARTESIAN_POINT ( 'NONE',  ( 10.63708379582204500, 14.86268105677671500, 194.7926867516771100 ) ) ;
#712 = ADVANCED_FACE ( 'NONE', ( #1615 ), #1655, .F. ) ;
#713 = DIRECTION ( 'NONE',  ( -6.195673834959735700E-008, 0.0000000000000000000, 0.9999999999999982200 ) ) ;
#714 = AXIS2_PLACEMENT_3D ( 'NONE', #2364, #1202, #1607 ) ;
#715 = PLANE ( 'NONE',  #773 ) ;
#716 = EDGE_CURVE ( 'NONE', #431, #1043, #1489, .T. ) ;
#717 = DIRECTION ( 'NONE',  ( 3.505562906889262800E-008, -1.638917305311179700E-014, 0.9999999999999993300 ) ) ;
#718 = ORIENTED_EDGE ( 'NONE', *, *, #1920, .F. ) ;
#719 = ORIENTED_EDGE ( 'NONE', *, *, #863, .T. ) ;
#720 = CARTESIAN_POINT ( 'NONE',  ( 12.38705612453709500, 20.91737894104560200, 194.3824197543179900 ) ) ;
#721 = ORIENTED_EDGE ( 'NONE', *, *, #2532, .F. ) ;
#722 =( BOUNDED_SURFACE ( )  B_SPLINE_SURFACE ( 3, 3, ( 
 ( #424, #1960, #2365, #598 ),
 ( #1968, #1172, #30, #1587 ),
 ( #411, #1668, #1407, #116 ),
 ( #1203, #2019, #2412, #828 ),
 ( #487, #2394, #608, #1864 ),
 ( #50, #305, #296, #677 ),
 ( #2260, #635, #63, #1412 ) ),
 .UNSPECIFIED., .T., .F., .T. ) 
 B_SPLINE_SURFACE_WITH_KNOTS ( ( 4, 3, 4 ),
 ( 4, 4 ),
 ( 0.0000000000000000000, 0.5000000000000000000, 1.000000000000000000 ),
 ( 0.0000000000000000000, 0.9999999999999998900 ),
 .UNSPECIFIED. ) 
 GEOMETRIC_REPRESENTATION_ITEM ( )  RATIONAL_B_SPLINE_SURFACE ( (
 ( 1.000000000000000000, 1.000000000000000000, 1.000000000000000000, 1.000000000000000000),
 ( 0.3333333333333333700, 0.3333333333333333700, 0.3333333333333333700, 0.3333333333333333700),
 ( 0.3333333333333333700, 0.3333333333333333700, 0.3333333333333333700, 0.3333333333333333700),
 ( 1.000000000000000000, 1.000000000000000000, 1.000000000000000000, 1.000000000000000000),
 ( 0.3333333333333333700, 0.3333333333333333700, 0.3333333333333333700, 0.3333333333333333700),
 ( 0.3333333333333333700, 0.3333333333333333700, 0.3333333333333333700, 0.3333333333333333700),
 ( 1.000000000000000000, 1.000000000000000000, 1.000000000000000000, 1.000000000000000000) ) ) 
 REPRESENTATION_ITEM ( '' )  SURFACE ( )  );
#723 = DIRECTION ( 'NONE',  ( 0.0000000000000000000, 0.0000000000000000000, 1.000000000000000000 ) ) ;
#724 = EDGE_CURVE ( 'NONE', #2433, #694, #1947, .T. ) ;
#725 = CARTESIAN_POINT ( 'NONE',  ( 44.37951718764350100, 21.94902818947139900, 165.2891609333310000 ) ) ;
#726 = CARTESIAN_POINT ( 'NONE',  ( 12.38705087134610000, 11.86261844663820000, 165.2881388382660100 ) ) ;
#727 = ADVANCED_FACE ( 'NONE', ( #2418 ), #503, .F. ) ;
#728 = SECURITY_CLASSIFICATION_LEVEL ( 'unclassified' ) ;
#729 = CARTESIAN_POINT ( 'NONE',  ( 44.37951577759441300, 21.94902760579564200, 190.7134011632723800 ) ) ;
#730 = PLANE ( 'NONE',  #387 ) ;
#731 = ORIENTED_EDGE ( 'NONE', *, *, #1818, .F. ) ;
#732 = ORIENTED_EDGE ( 'NONE', *, *, #1686, .F. ) ;
#733 = EDGE_CURVE ( 'NONE', #1821, #1057, #678, .T. ) ;
#734 = FACE_OUTER_BOUND ( 'NONE', #1597, .T. ) ;
#735 = COORDINATED_UNIVERSAL_TIME_OFFSET ( 8, 0, .AHEAD. ) ;
#736 = CARTESIAN_POINT ( 'NONE',  ( 14.63703408052087500, 12.86258162941208900, 194.7905711729871400 ) ) ;
#737 = PLANE ( 'NONE',  #1844 ) ;
#738 = FACE_OUTER_BOUND ( 'NONE', #2018, .T. ) ;
#739 = DIRECTION ( 'NONE',  ( 0.9999999999998900900, -4.675190115944398400E-007, -3.505562906889646600E-008 ) ) ;
#740 = VECTOR ( 'NONE', #1350, 1000.000000000000200 ) ;
#741 = CARTESIAN_POINT ( 'NONE',  ( 45.37951716132369700, 12.86261891539179900, 165.2881609333319900 ) ) ;
#742 = CIRCLE ( 'NONE', #1763, 1.599999999999990300 ) ;
#743 = CARTESIAN_POINT ( 'NONE',  ( 45.87951549579098300, 20.82475596888000200, 194.5152574537135300 ) ) ;
#744 = LINE ( 'NONE', #993, #2044 ) ;
#745 = ORIENTED_EDGE ( 'NONE', *, *, #602, .F. ) ;
#746 = CARTESIAN_POINT ( 'NONE',  ( 13.13710865204534400, 15.86261891397868600, 194.7926866640614800 ) ) ;
#747 = ORIENTED_EDGE ( 'NONE', *, *, #1019, .T. ) ;
#748 = VERTEX_POINT ( 'NONE', #1107 ) ;
#749 = CARTESIAN_POINT ( 'NONE',  ( 12.69770274891636700, 12.86262983536255100, 194.7905712409716200 ) ) ;
#750 = DIRECTION ( 'NONE',  ( -0.9999999999999994400, 0.0000000000000000000, 3.505562506944673800E-008 ) ) ;
#751 = EDGE_LOOP ( 'NONE', ( #963, #2313, #1102, #455 ) ) ;
#752 = EDGE_CURVE ( 'NONE', #2243, #557, #449, .T. ) ;
#753 = DIRECTION ( 'NONE',  ( 4.675190115944401000E-007, 0.9999999999998906400, 0.0000000000000000000 ) ) ;
#754 = ORIENTED_EDGE ( 'NONE', *, *, #2095, .T. ) ;
#755 = DIRECTION ( 'NONE',  ( 0.0000000000000000000, 1.000000000000000000, 2.433560920905710600E-011 ) ) ;
#756 = CARTESIAN_POINT ( 'NONE',  ( 9.637096224628800600, 15.36270591361788400, 194.7926867867444700 ) ) ;
#757 = DIRECTION ( 'NONE',  ( 0.0000000000000000000, 1.000000000000000000, 0.0000000000000000000 ) ) ;
#758 = ORIENTED_EDGE ( 'NONE', *, *, #41, .T. ) ;
#759 = AXIS2_PLACEMENT_3D ( 'NONE', #130, #479, #486 ) ;
#760 = ORIENTED_EDGE ( 'NONE', *, *, #1556, .T. ) ;
#761 = PLANE ( 'NONE',  #95 ) ;
#762 = DIRECTION ( 'NONE',  ( 0.0000000000000000000, 0.0000000000000000000, 1.000000000000000000 ) ) ;
#763 = LINE ( 'NONE', #75, #257 ) ;
#764 = LINE ( 'NONE', #1800, #2508 ) ;
#765 = ORIENTED_EDGE ( 'NONE', *, *, #863, .F. ) ;
#766 = EDGE_CURVE ( 'NONE', #377, #1905, #2074, .T. ) ;
#767 = CYLINDRICAL_SURFACE ( 'NONE', #1553, 0.7499999999999993300 ) ;
#768 = LINE ( 'NONE', #574, #1918 ) ;
#769 = CARTESIAN_POINT ( 'NONE',  ( 13.13705168950549100, 13.61261891539180100, 165.2881620636301500 ) ) ;
#770 = CARTESIAN_POINT ( 'NONE',  ( 16.63709622246625100, 15.36253191464843200, 194.7926865413550700 ) ) ;
#771 = CARTESIAN_POINT ( 'NONE',  ( 23.43353615177949900, 11.36261891513950000, 175.0894134649564900 ) ) ;
#772 = ORIENTED_EDGE ( 'NONE', *, *, #2436, .T. ) ;
#773 = AXIS2_PLACEMENT_3D ( 'NONE', #725, #921, #345 ) ;
#774 = CARTESIAN_POINT ( 'NONE',  ( 45.87951690461016300, 16.94230877355105500, 171.8391594920403800 ) ) ;
#775 = CARTESIAN_POINT ( 'NONE',  ( 45.87951553290952200, 22.94902785769517100, 194.8019984966047100 ) ) ;
#776 = DIRECTION ( 'NONE',  ( -0.9999999999999974500, 2.618226821468865800E-008, -6.451712824180908200E-008 ) ) ;
#777 = ORIENTED_EDGE ( 'NONE', *, *, #1839, .F. ) ;
#778 = ORIENTED_EDGE ( 'NONE', *, *, #2275, .T. ) ;
#779 = ORIENTED_EDGE ( 'NONE', *, *, #1192, .T. ) ;
#780 = DIRECTION ( 'NONE',  ( 4.675190115944401000E-007, 0.9999999999998906400, 0.0000000000000000000 ) ) ;
#781 = PRODUCT_DEFINITION_SHAPE ( 'NONE', 'NONE',  #1260 ) ;
#782 = EDGE_CURVE ( 'NONE', #1290, #1895, #827, .T. ) ;
#783 = CARTESIAN_POINT ( 'NONE',  ( 10.88705591563049800, 18.59902981206952800, 192.2891593894391600 ) ) ;
#784 = DIRECTION ( 'NONE',  ( -0.9999999999999976700, 2.618226821468866200E-008, -6.451712824180909500E-008 ) ) ;
#785 = CARTESIAN_POINT ( 'NONE',  ( 43.62951528919841600, 12.86261891467888000, 194.7905712255700600 ) ) ;
#786 = ORIENTED_EDGE ( 'NONE', *, *, #811, .F. ) ;
#787 = EDGE_LOOP ( 'NONE', ( #601, #247 ) ) ;
#788 = FACE_BOUND ( 'NONE', #1021, .T. ) ;
#789 = CARTESIAN_POINT ( 'NONE',  ( 28.38328362008530100, 12.86261891486250000, 188.1391609332980000 ) ) ;
#790 = LINE ( 'NONE', #1410, #1288 ) ;
#791 = AXIS2_PLACEMENT_3D ( 'NONE', #2434, #252, #101 ) ;
#792 = CARTESIAN_POINT ( 'NONE',  ( 21.38328362008530100, 12.86261891499273200, 181.1391609332990200 ) ) ;
#793 = CIRCLE ( 'NONE', #680, 1.149999999999989900 ) ;
#794 = FACE_OUTER_BOUND ( 'NONE', #1543, .T. ) ;
#795 = CARTESIAN_POINT ( 'NONE',  ( 12.38705590075754200, 20.40977912729177000, 194.7684636308434600 ) ) ;
#796 = FACE_OUTER_BOUND ( 'NONE', #582, .T. ) ;
#797 = EDGE_CURVE ( 'NONE', #1626, #748, #2029, .T. ) ;
#798 = CARTESIAN_POINT ( 'NONE',  ( 12.38705309126331500, 15.94230974142219600, 171.8391586749051200 ) ) ;
#799 = CARTESIAN_POINT ( 'NONE',  ( 35.38328362008530100, 12.86261891504620000, 180.0391609332990000 ) ) ;
#800 = ORIENTED_EDGE ( 'NONE', *, *, #569, .F. ) ;
#801 = CARTESIAN_POINT ( 'NONE',  ( 44.37951567723080600, 29.99902898686581000, 200.5891590693970000 ) ) ;
#802 = VERTEX_POINT ( 'NONE', #1094 ) ;
#803 = CARTESIAN_POINT ( 'NONE',  ( 12.38705584892041100, 21.94902877051923100, 169.8391599423197500 ) ) ;
#804 = VERTEX_POINT ( 'NONE', #141 ) ;
#805 = DIRECTION ( 'NONE',  ( 0.0000000000000000000, 1.000000000000000000, 0.0000000000000000000 ) ) ;
#806 = CARTESIAN_POINT ( 'NONE',  ( 12.38705608573359700, 20.82437920475931000, 194.5157977593842400 ) ) ;
#807 = CARTESIAN_POINT ( 'NONE',  ( 23.43353615177949900, 12.86261891513950000, 176.6894134649929800 ) ) ;
#808 = EDGE_LOOP ( 'NONE', ( #2347, #2034 ) ) ;
#809 = ORIENTED_EDGE ( 'NONE', *, *, #625, .T. ) ;
#810 = CARTESIAN_POINT ( 'NONE',  ( 45.87951559200857300, 20.91737893056480900, 194.3824198089633300 ) ) ;
#811 = EDGE_CURVE ( 'NONE', #2486, #2407, #1294, .T. ) ;
#812 = PLANE ( 'NONE',  #2406 ) ;
#813 = CARTESIAN_POINT ( 'NONE',  ( 10.88705582646639600, 20.24818763332917400, 194.8042958056960300 ) ) ;
#814 = CARTESIAN_POINT ( 'NONE',  ( 44.37951557806524500, 19.74902726537318600, 192.2891625036249400 ) ) ;
#815 = CARTESIAN_POINT ( 'NONE',  ( 35.38328362008530100, 12.86261891504620000, 180.0391609332990000 ) ) ;
#816 = CARTESIAN_POINT ( 'NONE',  ( 13.13703408098427500, 12.86261891490554300, 194.7905712255705700 ) ) ;
#817 = ORIENTED_EDGE ( 'NONE', *, *, #2245, .F. ) ;
#818 = ORIENTED_EDGE ( 'NONE', *, *, #1150, .T. ) ;
#819 = FACE_OUTER_BOUND ( 'NONE', #1700, .T. ) ;
#820 = ORIENTED_EDGE ( 'NONE', *, *, #1485, .T. ) ;
#821 = AXIS2_PLACEMENT_3D ( 'NONE', #2500, #1284, #509 ) ;
#822 = CIRCLE ( 'NONE', #249, 1.000000000020292000 ) ;
#823 = CIRCLE ( 'NONE', #2363, 1.149999999999989900 ) ;
#824 = CIRCLE ( 'NONE', #714, 0.9999997812513155000 ) ;
#825 = EDGE_LOOP ( 'NONE', ( #1501, #379 ) ) ;
#826 = VECTOR ( 'NONE', #202, 999.9999999999998900 ) ;
#827 = CIRCLE ( 'NONE', #144, 1.599999999999990300 ) ;
#828 = CARTESIAN_POINT ( 'NONE',  ( 43.62954959970753100, 12.86261891545864900, 194.7905712255711700 ) ) ;
#829 =( BOUNDED_CURVE ( )  B_SPLINE_CURVE ( 3, ( #1849, #665, #1464, #2051 ),
 .UNSPECIFIED., .F., .F. ) 
 B_SPLINE_CURVE_WITH_KNOTS ( ( 4, 4 ),
 ( 3.141546906244287100, 4.712343206856908200 ),
 .UNSPECIFIED. ) 
 CURVE ( )  GEOMETRIC_REPRESENTATION_ITEM ( )  RATIONAL_B_SPLINE_CURVE ( ( 1.000000000000000000, 0.8047378602955863600, 0.8047378602955863600, 1.000000000000000000 ) ) 
 REPRESENTATION_ITEM ( '' )  );
#830 = DIRECTION ( 'NONE',  ( -0.9999999999999974500, 2.618226821468865800E-008, -6.451712824180908200E-008 ) ) ;
#831 = DIRECTION ( 'NONE',  ( -0.9999999999999974500, 2.618226821468865800E-008, -6.451712824180908200E-008 ) ) ;
#832 = EDGE_CURVE ( 'NONE', #2480, #1563, #2206, .T. ) ;
#833 = ORIENTED_EDGE ( 'NONE', *, *, #2014, .T. ) ;
#834 = CARTESIAN_POINT ( 'NONE',  ( 10.88705582646639600, 20.24818763332917400, 194.8042958056960300 ) ) ;
#835 = CARTESIAN_POINT ( 'NONE',  ( 28.38328362008530100, 12.86261891503290000, 180.0391609332990000 ) ) ;
#836 = ORIENTED_EDGE ( 'NONE', *, *, #1193, .T. ) ;
#837 = ORIENTED_EDGE ( 'NONE', *, *, #685, .F. ) ;
#838 = EDGE_LOOP ( 'NONE', ( #721, #932, #440, #1283 ) ) ;
#839 = ORIENTED_EDGE ( 'NONE', *, *, #1353, .F. ) ;
#840 = CARTESIAN_POINT ( 'NONE',  ( 10.88705612453726200, 29.99902968814432600, 200.5891591219804300 ) ) ;
#841 = AXIS2_PLACEMENT_3D ( 'NONE', #2526, #362, #1342 ) ;
#842 = PLANE ( 'NONE',  #1376 ) ;
#843 = EDGE_CURVE ( 'NONE', #363, #2433, #768, .T. ) ;
#844 = B_SPLINE_CURVE_WITH_KNOTS ( 'NONE', 3,
 ( #1899, #1135, #2540, #2115, #743, #534 ),
 .UNSPECIFIED., .F., .F.,
 ( 4, 2, 4 ),
 ( 0.0000000000000000000, 0.5000000000000000000, 1.000000000000000000 ),
 .UNSPECIFIED. ) ;
#845 = DIRECTION ( 'NONE',  ( 3.505562906889262800E-008, -1.638917305311179700E-014, 0.9999999999999993300 ) ) ;
#846 = DIRECTION ( 'NONE',  ( 0.0000000000000000000, 1.000000000000000000, 2.433560920905710600E-011 ) ) ;
#847 = CARTESIAN_POINT ( 'NONE',  ( 12.38705409309842200, 16.94230977694035200, 189.7133996764184200 ) ) ;
#848 = ORIENTED_EDGE ( 'NONE', *, *, #2236, .F. ) ;
#849 = VERTEX_POINT ( 'NONE', #1722 ) ;
#850 = DIRECTION ( 'NONE',  ( 0.0000000000000000000, -2.433501632527123300E-011, 1.000000000000000000 ) ) ;
#851 = FACE_BOUND ( 'NONE', #2208, .T. ) ;
#852 = CIRCLE ( 'NONE', #36, 1.599999999999990300 ) ;
#853 = ORIENTED_EDGE ( 'NONE', *, *, #797, .T. ) ;
#854 = CARTESIAN_POINT ( 'NONE',  ( 13.13705272373100300, 12.86261891467888000, 194.7905712255700600 ) ) ;
#855 = DATE_AND_TIME ( #2145, #2168 ) ;
#856 = CYLINDRICAL_SURFACE ( 'NONE', #1253, 1.150000000000070100 ) ;
#857 = VECTOR ( 'NONE', #953, 1000.000000000000200 ) ;
#858 = FACE_OUTER_BOUND ( 'NONE', #480, .T. ) ;
#859 = DIRECTION ( 'NONE',  ( 4.675190111254953500E-007, 0.9999999999998907500, 0.0000000000000000000 ) ) ;
#860 = CIRCLE ( 'NONE', #2375, 0.9999997812513155000 ) ;
#861 = AXIS2_PLACEMENT_3D ( 'NONE', #376, #1318, #550 ) ;
#862 = ORIENTED_EDGE ( 'NONE', *, *, #1720, .T. ) ;
#863 = EDGE_CURVE ( 'NONE', #1545, #1429, #1142, .T. ) ;
#864 = ORIENTED_EDGE ( 'NONE', *, *, #843, .T. ) ;
#865 = CARTESIAN_POINT ( 'NONE',  ( 45.87951546864125900, 20.41064839580700500, 194.7680191106552500 ) ) ;
#866 = EDGE_CURVE ( 'NONE', #1149, #2161, #567, .T. ) ;
#867 = DIRECTION ( 'NONE',  ( -0.9999999999999935600, 5.768290348269127400E-008, -9.816311628000406600E-008 ) ) ;
#868 = ORIENTED_EDGE ( 'NONE', *, *, #533, .F. ) ;
#869 = ADVANCED_FACE ( 'NONE', ( #2483 ), #34, .F. ) ;
#870 = EDGE_LOOP ( 'NONE', ( #1675, #2038, #2405, #894 ) ) ;
#871 = DIRECTION ( 'NONE',  ( 0.9999999999999935600, -5.768290348269137300E-008, 9.816305140437476300E-008 ) ) ;
#872 = CARTESIAN_POINT ( 'NONE',  ( 10.88705512390705400, 19.74902981207084100, 167.8391594157304500 ) ) ;
#873 = AXIS2_PLACEMENT_3D ( 'NONE', #2342, #196, #12 ) ;
#874 = DIRECTION ( 'NONE',  ( 0.0000000000000000000, 0.0000000000000000000, 1.000000000000000000 ) ) ;
#875 = DIRECTION ( 'NONE',  ( 0.9999999999998900900, -4.675190115944398400E-007, -3.505562906889646600E-008 ) ) ;
#876 = ORIENTED_EDGE ( 'NONE', *, *, #2123, .F. ) ;
#878 = ORIENTED_EDGE ( 'NONE', *, *, #1250, .F. ) ;
#877 = ORIENTED_EDGE ( 'NONE', *, *, #733, .F. ) ;
#879 = VECTOR ( 'NONE', #1127, 1000.000000000000100 ) ;
#880 = ORIENTED_EDGE ( 'NONE', *, *, #1296, .T. ) ;
#881 = CARTESIAN_POINT ( 'NONE',  ( 43.62951719254468900, 12.86261891539177600, 165.2891608849431600 ) ) ;
#882 = VECTOR ( 'NONE', #2516, 1000.000000000000000 ) ;
#883 = CIRCLE ( 'NONE', #1599, 1.150000000000073200 ) ;
#884 = VECTOR ( 'NONE', #1586, 1000.000000000000100 ) ;
#885 = VERTEX_POINT ( 'NONE', #549 ) ;
#886 = DIRECTION ( 'NONE',  ( 0.9999999999998900900, -4.675190115944398400E-007, -3.505562906889646600E-008 ) ) ;
#887 = CARTESIAN_POINT ( 'NONE',  ( 10.88705608954516900, 22.94902918080060100, 166.2891605215024500 ) ) ;
#888 = DIRECTION ( 'NONE',  ( 0.0000000000000000000, -2.433600196360978100E-011, 1.000000000000000000 ) ) ;
#889 = CYLINDRICAL_SURFACE ( 'NONE', #2058, 1.000000000000558000 ) ;
#890 = VECTOR ( 'NONE', #638, 1000.000000000000100 ) ;
#891 = ADVANCED_FACE ( 'NONE', ( #2011, #1424, #620 ), #178, .T. ) ;
#892 = DIRECTION ( 'NONE',  ( 0.0000000000000000000, 1.000000000000000000, 2.433560920905710600E-011 ) ) ;
#893 = AXIS2_PLACEMENT_3D ( 'NONE', #1358, #218, #961 ) ;
#894 = ORIENTED_EDGE ( 'NONE', *, *, #497, .F. ) ;
#895 = EDGE_CURVE ( 'NONE', #1639, #2161, #263, .T. ) ;
#896 = CARTESIAN_POINT ( 'NONE',  ( 33.33303108839110300, 12.86261891516710100, 175.0894134649929900 ) ) ;
#897 = PLANE ( 'NONE',  #2332 ) ;
#898 = CARTESIAN_POINT ( 'NONE',  ( 44.37951691541368100, 16.94230922804253900, 170.8391593274135400 ) ) ;
#899 = CARTESIAN_POINT ( 'NONE',  ( 44.37951705963739400, 21.94902795501451800, 170.8391613298438800 ) ) ;
#900 = EDGE_LOOP ( 'NONE', ( #539, #2282, #457, #78 ) ) ;
#901 = ORIENTED_EDGE ( 'NONE', *, *, #1807, .T. ) ;
#902 = AXIS2_PLACEMENT_3D ( 'NONE', #367, #2322, #1741 ) ;
#903 = CARTESIAN_POINT ( 'NONE',  ( 23.43353615177949900, 11.36261891489860100, 183.3889084015675100 ) ) ;
#904 = ADVANCED_FACE ( 'NONE', ( #236 ), #2524, .F. ) ;
#905 = DIRECTION ( 'NONE',  ( 0.0000000000000000000, 0.0000000000000000000, 1.000000000000000000 ) ) ;
#906 = AXIS2_PLACEMENT_3D ( 'NONE', #27, #1977, #6 ) ;
#907 = DIRECTION ( 'NONE',  ( -0.9999999999999974500, 2.618226821468865800E-008, -6.451712824180908200E-008 ) ) ;
#908 = ORIENTED_EDGE ( 'NONE', *, *, #1897, .T. ) ;
#909 = DIRECTION ( 'NONE',  ( 4.680854799644961600E-007, 0.9999990055391822000, 0.001410290901730835200 ) ) ;
#910 = EDGE_CURVE ( 'NONE', #1935, #282, #2045, .T. ) ;
#911 = ORIENTED_EDGE ( 'NONE', *, *, #214, .T. ) ;
#912 = VECTOR ( 'NONE', #2477, 1000.000000000000000 ) ;
#913 = DIRECTION ( 'NONE',  ( 0.0000000000000000000, 0.0000000000000000000, 1.000000000000000000 ) ) ;
#914 = VECTOR ( 'NONE', #180, 1000.000000000000100 ) ;
#915 = DIRECTION ( 'NONE',  ( 0.0000000000000000000, 1.000000000000000000, 0.0000000000000000000 ) ) ;
#916 = ORIENTED_EDGE ( 'NONE', *, *, #1485, .F. ) ;
#917 = FACE_BOUND ( 'NONE', #808, .T. ) ;
#918 = ADVANCED_FACE ( 'NONE', ( #1552 ), #737, .T. ) ;
#919 = LINE ( 'NONE', #2116, #857 ) ;
#920 = CIRCLE ( 'NONE', #1907, 1.000000034068193600 ) ;
#921 = DIRECTION ( 'NONE',  ( -6.451712824180912200E-008, 0.0000000000000000000, 0.9999999999999980000 ) ) ;
#922 = FACE_OUTER_BOUND ( 'NONE', #1179, .T. ) ;
#923 = DATE_TIME_ROLE ( 'classification_date' ) ;
#924 = DIRECTION ( 'NONE',  ( 0.0000000000000000000, 1.000000000000000000, 0.0000000000000000000 ) ) ;
#925 = PERSON_AND_ORGANIZATION ( #2454, #612 ) ;
#926 = ORIENTED_EDGE ( 'NONE', *, *, #1403, .T. ) ;
#927 = CARTESIAN_POINT ( 'NONE',  ( 17.63710865065512900, 15.86250705749832200, 194.7926865063111600 ) ) ;
#928 = EDGE_CURVE ( 'NONE', #2379, #804, #1018, .T. ) ;
#929 = EDGE_CURVE ( 'NONE', #1429, #2301, #117, .T. ) ;
#930 = ADVANCED_FACE ( 'NONE', ( #922 ), #889, .F. ) ;
#931 = CARTESIAN_POINT ( 'NONE',  ( 11.38705612453720700, 20.91737940856268800, 194.3824197893723100 ) ) ;
#932 = ORIENTED_EDGE ( 'NONE', *, *, #1602, .T. ) ;
#933 = EDGE_CURVE ( 'NONE', #1860, #578, #1742, .T. ) ;
#934 = CARTESIAN_POINT ( 'NONE',  ( 13.13707136655188800, 14.36261891444208900, 194.7926866640262600 ) ) ;
#935 = CARTESIAN_POINT ( 'NONE',  ( 13.13705168954050600, 13.61261891539177600, 165.2891609333310000 ) ) ;
#936 = PERSON_AND_ORGANIZATION_ROLE ( 'design_owner' ) ;
#937 = AXIS2_PLACEMENT_3D ( 'NONE', #538, #2352, #11 ) ;
#938 = DIRECTION ( 'NONE',  ( -6.451712956149352100E-008, 0.0000000000000000000, 0.9999999999999978900 ) ) ;
#939 = CARTESIAN_POINT ( 'NONE',  ( 44.37951691541368100, 16.94230922804253900, 170.8391593274135400 ) ) ;
#940 = ORIENTED_EDGE ( 'NONE', *, *, #1912, .T. ) ;
#942 = EDGE_LOOP ( 'NONE', ( #1606, #1073 ) ) ;
#941 = EDGE_LOOP ( 'NONE', ( #1619, #2545 ) ) ;
#943 = EDGE_CURVE ( 'NONE', #1718, #1475, #1266, .T. ) ;
#944 = FACE_OUTER_BOUND ( 'NONE', #2440, .T. ) ;
#945 = ORIENTED_EDGE ( 'NONE', *, *, #59, .T. ) ;
#946 = DIRECTION ( 'NONE',  ( 0.0000000000000000000, 1.000000000000000000, 2.433560920905710600E-011 ) ) ;
#947 = CYLINDRICAL_SURFACE ( 'NONE', #300, 1.099999999999989900 ) ;
#948 = CIRCLE ( 'NONE', #791, 4.500000000000003600 ) ;
#949 = LINE ( 'NONE', #2235, #2008 ) ;
#950 = VERTEX_POINT ( 'NONE', #1365 ) ;
#951 = CARTESIAN_POINT ( 'NONE',  ( 10.63702165325880100, 12.36268105754910400, 194.7905713131979400 ) ) ;
#952 = DIRECTION ( 'NONE',  ( 0.0000000000000000000, -4.163336200506993500E-014, 1.000000000000000000 ) ) ;
#953 = DIRECTION ( 'NONE',  ( -3.505562905752293800E-008, 2.433560920905709000E-011, -0.9999999999999993300 ) ) ;
#954 = VECTOR ( 'NONE', #1787, 1000.000000000000000 ) ;
#955 = EDGE_CURVE ( 'NONE', #1029, #346, #1246, .T. ) ;
#956 = CIRCLE ( 'NONE', #2190, 1.000000000000557800 ) ;
#957 = ORIENTED_EDGE ( 'NONE', *, *, #295, .F. ) ;
#958 = EDGE_LOOP ( 'NONE', ( #1571, #100, #747, #2149 ) ) ;
#959 = CARTESIAN_POINT ( 'NONE',  ( 23.43353615177949900, 12.86261891513950000, 175.0894134649929900 ) ) ;
#960 = CARTESIAN_POINT ( 'NONE',  ( 44.37951545968110900, 20.08629703328870200, 194.8007587232289900 ) ) ;
#961 = DIRECTION ( 'NONE',  ( 0.0000000000000000000, 0.0000000000000000000, 1.000000000000000000 ) ) ;
#962 = DIRECTION ( 'NONE',  ( -0.9999999999999974500, 2.618226821468865800E-008, -6.451712824180908200E-008 ) ) ;
#963 = ORIENTED_EDGE ( 'NONE', *, *, #2261, .F. ) ;
#964 = AXIS2_PLACEMENT_3D ( 'NONE', #1858, #1263, #1692 ) ;
#965 = VERTEX_POINT ( 'NONE', #171 ) ;
#966 = CARTESIAN_POINT ( 'NONE',  ( 13.13699679549082000, 11.36261891536894500, 194.7905712255353900 ) ) ;
#967 = ORIENTED_EDGE ( 'NONE', *, *, #1996, .F. ) ;
#968 = CARTESIAN_POINT ( 'NONE',  ( 13.13702165248645800, 12.36261891506001100, 194.7905712255588400 ) ) ;
#969 = CARTESIAN_POINT ( 'NONE',  ( 28.38328362008530100, 11.36261891486250000, 188.1391609332615100 ) ) ;
#970 = CARTESIAN_POINT ( 'NONE',  ( 44.37951716755146900, 19.74902726537214500, 167.8391625036274500 ) ) ;
#971 = DIRECTION ( 'NONE',  ( 0.9999999999999991100, -2.958400742336600400E-008, 2.986119921495880900E-008 ) ) ;
#972 = AXIS2_PLACEMENT_3D ( 'NONE', #327, #115, #1667 ) ;
#973 = ORIENTED_EDGE ( 'NONE', *, *, #998, .F. ) ;
#974 = CARTESIAN_POINT ( 'NONE',  ( 11.63703408144767700, 12.86265620039900000, 194.7905712781540000 ) ) ;
#975 = CARTESIAN_POINT ( 'NONE',  ( 12.38705535391146700, 21.94902842091889600, 170.8391605369843900 ) ) ;
#976 = AXIS2_PLACEMENT_3D ( 'NONE', #1643, #1470, #2432 ) ;
#977 = ORIENTED_EDGE ( 'NONE', *, *, #2060, .F. ) ;
#978 = LINE ( 'NONE', #659, #1040 ) ;
#979 = LINE ( 'NONE', #628, #1384 ) ;
#980 = CARTESIAN_POINT ( 'NONE',  ( 12.38705651961253200, 20.89902911079096300, 192.2891593631474300 ) ) ;
#981 = EDGE_LOOP ( 'NONE', ( #1440, #1063, #800, #1595 ) ) ;
#982 = EDGE_CURVE ( 'NONE', #1946, #1204, #2147, .T. ) ;
#983 = CALENDAR_DATE ( 2022, 26, 4 ) ;
#984 = VECTOR ( 'NONE', #999, 1000.000000000000100 ) ;
#985 = VECTOR ( 'NONE', #2062, 1000.000000000000000 ) ;
#986 = VECTOR ( 'NONE', #1689, 1000.000000000000100 ) ;
#987 = FACE_OUTER_BOUND ( 'NONE', #958, .T. ) ;
#988 = CARTESIAN_POINT ( 'NONE',  ( 44.94753474649720500, 11.36261891467384400, 194.7905712822234200 ) ) ;
#989 = DIRECTION ( 'NONE',  ( 0.0000000000000000000, 1.000000000000000000, 0.0000000000000000000 ) ) ;
#990 = ORIENTED_EDGE ( 'NONE', *, *, #955, .F. ) ;
#991 = CARTESIAN_POINT ( 'NONE',  ( 12.38705612453709500, 20.91737894104560200, 194.3824197543179900 ) ) ;
#992 = ORIENTED_EDGE ( 'NONE', *, *, #1912, .F. ) ;
#993 = CARTESIAN_POINT ( 'NONE',  ( 44.37951678865577100, 11.86261894032520000, 170.8391591363469800 ) ) ;
#994 = ADVANCED_FACE ( 'NONE', ( #987 ), #2519, .F. ) ;
#995 = AXIS2_PLACEMENT_3D ( 'NONE', #369, #193, #329 ) ;
#996 = DIRECTION ( 'NONE',  ( -6.195689621068041100E-008, -3.122502256757724500E-014, 0.9999999999999982200 ) ) ;
#997 = DIRECTION ( 'NONE',  ( 0.9999999999999935600, -5.768297144764877500E-008, 9.816321204889396300E-008 ) ) ;
#998 = EDGE_CURVE ( 'NONE', #427, #148, #2257, .T. ) ;
#999 = DIRECTION ( 'NONE',  ( -4.675190115944401000E-007, -0.9999999999998906400, -0.0000000000000000000 ) ) ;
#1000 = EDGE_CURVE ( 'NONE', #366, #1215, #1888, .T. ) ;
#1001 = DIRECTION ( 'NONE',  ( 2.618226821468860500E-008, 0.9999999999999996700, 1.689204756068510800E-015 ) ) ;
#1002 = DIRECTION ( 'NONE',  ( -0.9999999999999974500, 2.618226821468865800E-008, -6.451712824180908200E-008 ) ) ;
#1003 = DIRECTION ( 'NONE',  ( 0.9999999999998900900, -4.675190115944398400E-007, -3.505562906889646600E-008 ) ) ;
#1004 = ADVANCED_FACE ( 'NONE', ( #1859 ), #421, .T. ) ;
#1005 = DIRECTION ( 'NONE',  ( 4.675190115944401000E-007, 0.9999999999998906400, 0.0000000000000000000 ) ) ;
#1006 = ORIENTED_EDGE ( 'NONE', *, *, #660, .T. ) ;
#1008 = ORIENTED_EDGE ( 'NONE', *, *, #1278, .T. ) ;
#1007 = VERTEX_POINT ( 'NONE', #223 ) ;
#1009 = CIRCLE ( 'NONE', #2258, 1.100000000000017600 ) ;
#1010 = ORIENTED_EDGE ( 'NONE', *, *, #895, .T. ) ;
#1011 = DIRECTION ( 'NONE',  ( 6.451712824180910900E-008, -0.0000000000000000000, -0.9999999999999980000 ) ) ;
#1012 = AXIS2_PLACEMENT_3D ( 'NONE', #1540, #915, #1926 ) ;
#1013 = CYLINDRICAL_SURFACE ( 'NONE', #1924, 1.599999999999990300 ) ;
#1014 = CIRCLE ( 'NONE', #330, 1.000000000000169200 ) ;
#1015 = VECTOR ( 'NONE', #154, 1000.000000000000100 ) ;
#1016 = VERTEX_POINT ( 'NONE', #1775 ) ;
#1017 = COORDINATED_UNIVERSAL_TIME_OFFSET ( 8, 0, .AHEAD. ) ;
#1018 = CIRCLE ( 'NONE', #2241, 1.599999999999990300 ) ;
#1019 = EDGE_CURVE ( 'NONE', #885, #2079, #1076, .T. ) ;
#1020 = LINE ( 'NONE', #291, #504 ) ;
#1021 = EDGE_LOOP ( 'NONE', ( #2185, #73 ) ) ;
#1022 = CARTESIAN_POINT ( 'NONE',  ( 33.33303108839110300, 12.86261891516710100, 175.0894134649929900 ) ) ;
#1023 = EDGE_LOOP ( 'NONE', ( #1819, #2016, #1782, #401 ) ) ;
#1024 =( BOUNDED_CURVE ( )  B_SPLINE_CURVE ( 3, ( #1332, #2122, #749, #1724 ),
 .UNSPECIFIED., .F., .F. ) 
 B_SPLINE_CURVE_WITH_KNOTS ( ( 4, 4 ),
 ( 4.712413369861316400, 6.283185307179586200 ),
 .UNSPECIFIED. ) 
 CURVE ( )  GEOMETRIC_REPRESENTATION_ITEM ( )  RATIONAL_B_SPLINE_CURVE ( ( 1.000000000000000000, 0.8047436027440839600, 0.8047436027440839600, 1.000000000000000000 ) ) 
 REPRESENTATION_ITEM ( '' )  );
#1025 = DIRECTION ( 'NONE',  ( -0.9999999999999976700, 2.618226821468866200E-008, -6.451712824180909500E-008 ) ) ;
#1026 = AXIS2_PLACEMENT_3D ( 'NONE', #2218, #1025, #1427 ) ;
#1027 = CARTESIAN_POINT ( 'NONE',  ( 13.13705272373100300, 12.86261891467888000, 194.7905712255700600 ) ) ;
#1028 = ORIENTED_EDGE ( 'NONE', *, *, #811, .T. ) ;
#1029 = VERTEX_POINT ( 'NONE', #966 ) ;
#1030 = EDGE_CURVE ( 'NONE', #1029, #1561, #1048, .T. ) ;
#1031 = CARTESIAN_POINT ( 'NONE',  ( 43.62951528919841600, 11.36261891467384200, 194.7905712255335700 ) ) ;
#1032 = CARTESIAN_POINT ( 'NONE',  ( 12.38705532493347100, 21.94902818947108300, 165.2891604378541500 ) ) ;
#1033 = DIRECTION ( 'NONE',  ( 0.9999999999998900900, -4.675190115944398400E-007, -3.505562906889646600E-008 ) ) ;
#1034 = AXIS2_PLACEMENT_3D ( 'NONE', #516, #1520, #344 ) ;
#1035 = CARTESIAN_POINT ( 'NONE',  ( 10.88705519024247400, 20.89902981207084000, 167.8391593894386900 ) ) ;
#1036 = VERTEX_POINT ( 'NONE', #1375 ) ;
#1037 = CARTESIAN_POINT ( 'NONE',  ( 13.13705168954050600, 13.61261891539177600, 165.2891609333310000 ) ) ;
#1038 = AXIS2_PLACEMENT_3D ( 'NONE', #409, #1784, #1958 ) ;
#1039 = ORIENTED_EDGE ( 'NONE', *, *, #1774, .T. ) ;
#1040 = VECTOR ( 'NONE', #2224, 1000.000000000000000 ) ;
#1041 = CIRCLE ( 'NONE', #1994, 1.100000000000017600 ) ;
#1042 = CARTESIAN_POINT ( 'NONE',  ( 12.38705505757147000, 18.59902911079232600, 167.8391593894387500 ) ) ;
#1043 = VERTEX_POINT ( 'NONE', #2192 ) ;
#1044 = CYLINDRICAL_SURFACE ( 'NONE', #1394, 1.150000000000070100 ) ;
#1045 = VECTOR ( 'NONE', #2518, 999.9999999999998900 ) ;
#1046 = CIRCLE ( 'NONE', #1889, 1.000000000000557800 ) ;
#1047 = DIRECTION ( 'NONE',  ( 0.0000000000000000000, 1.000000000000000000, 0.0000000000000000000 ) ) ;
#1048 = B_SPLINE_CURVE_WITH_KNOTS ( 'NONE', 3,
 ( #1569, #209, #2159, #2177 ),
 .UNSPECIFIED., .F., .F.,
 ( 4, 4 ),
 ( 0.0000000000000000000, 2.485699564106867900E-005 ),
 .UNSPECIFIED. ) ;
#1049 = CARTESIAN_POINT ( 'NONE',  ( 23.43353615177949900, 12.86261891510056200, 176.6894134649929800 ) ) ;
#1050 = EDGE_CURVE ( 'NONE', #1789, #1639, #2360, .T. ) ;
#1051 = VERTEX_POINT ( 'NONE', #399 ) ;
#1052 = DIRECTION ( 'NONE',  ( 0.0000000000000000000, 0.0000000000000000000, 1.000000000000000000 ) ) ;
#1053 = ORIENTED_EDGE ( 'NONE', *, *, #1369, .F. ) ;
#1054 = DIRECTION ( 'NONE',  ( -1.000000000000000000, -0.0000000000000000000, -0.0000000000000000000 ) ) ;
#1055 = ORIENTED_EDGE ( 'NONE', *, *, #1245, .T. ) ;
#1056 = VERTEX_POINT ( 'NONE', #428 ) ;
#1057 = VERTEX_POINT ( 'NONE', #1971 ) ;
#1058 = EDGE_CURVE ( 'NONE', #1385, #366, #860, .T. ) ;
#1059 = CARTESIAN_POINT ( 'NONE',  ( 45.87951549579098300, 20.82475596888000200, 194.5152574537135300 ) ) ;
#1060 = CARTESIAN_POINT ( 'NONE',  ( 12.38705604830100500, 20.89902911079108300, 192.2891593894391600 ) ) ;
#1061 = DIRECTION ( 'NONE',  ( 0.0000000000000000000, 1.000000000000000000, 2.433560920905710600E-011 ) ) ;
#1063 = ORIENTED_EDGE ( 'NONE', *, *, #1843, .T. ) ;
#1062 = VERTEX_POINT ( 'NONE', #2368 ) ;
#1064 = DIRECTION ( 'NONE',  ( 0.0000000000000000000, 1.000000000000000000, 0.0000000000000000000 ) ) ;
#1065 = FACE_BOUND ( 'NONE', #2067, .T. ) ;
#1066 = ORIENTED_EDGE ( 'NONE', *, *, #1261, .F. ) ;
#1067 = EDGE_CURVE ( 'NONE', #1380, #431, #2388, .T. ) ;
#1068 = DIRECTION ( 'NONE',  ( 0.0000000000000000000, 0.0000000000000000000, 1.000000000000000000 ) ) ;
#1069 = CYLINDRICAL_SURFACE ( 'NONE', #995, 1.100000000000017600 ) ;
#1070 = CARTESIAN_POINT ( 'NONE',  ( 44.37951545803670700, 20.08629703328870200, 194.8007587232289900 ) ) ;
#1071 = LINE ( 'NONE', #224, #1641 ) ;
#1072 = VECTOR ( 'NONE', #907, 1000.000000000000100 ) ;
#1073 = ORIENTED_EDGE ( 'NONE', *, *, #593, .T. ) ;
#1074 = AXIS2_PLACEMENT_3D ( 'NONE', #1964, #1242, #2031 ) ;
#1075 = DIRECTION ( 'NONE',  ( 9.816305377247674700E-008, 0.0000000000000000000, -0.9999999999999952300 ) ) ;
#1076 = CIRCLE ( 'NONE', #2272, 1.099999999999962100 ) ;
#1077 = CIRCLE ( 'NONE', #2321, 1.150000000000045400 ) ;
#1078 = EDGE_CURVE ( 'NONE', #1604, #1802, #744, .T. ) ;
#1079 = DIRECTION ( 'NONE',  ( -1.000000000000000000, 0.0000000000000000000, 0.0000000000000000000 ) ) ;
#1080 = CARTESIAN_POINT ( 'NONE',  ( 10.88705558697039200, 21.94902889074948100, 165.2891604904376100 ) ) ;
#1081 = ORIENTED_EDGE ( 'NONE', *, *, #685, .T. ) ;
#1082 = CARTESIAN_POINT ( 'NONE',  ( 12.38705237475390000, 12.86261891480026900, 194.7905712255704000 ) ) ;
#1083 = VERTEX_POINT ( 'NONE', #1814 ) ;
#1084 = CARTESIAN_POINT ( 'NONE',  ( 12.38705312084733000, 16.94230975928974900, 171.8391584399313400 ) ) ;
#1085 = AXIS2_PLACEMENT_3D ( 'NONE', #1901, #2283, #1492 ) ;
#1086 = DIRECTION ( 'NONE',  ( -1.000000000000000000, 0.0000000000000000000, 0.0000000000000000000 ) ) ;
#1087 = ADVANCED_FACE ( 'NONE', ( #2414 ), #1826, .T. ) ;
#1088 = DIRECTION ( 'NONE',  ( 0.0000000000000000000, 0.0000000000000000000, 1.000000000000000000 ) ) ;
#1089 = VERTEX_POINT ( 'NONE', #90 ) ;
#1090 = DIRECTION ( 'NONE',  ( 0.0000000000000000000, 1.000000000000000000, 2.433560920905710600E-011 ) ) ;
#1091 = ORIENTED_EDGE ( 'NONE', *, *, #910, .F. ) ;
#1092 = CARTESIAN_POINT ( 'NONE',  ( 13.13699679549082000, 11.36261891536894500, 194.7905712255353900 ) ) ;
#1093 = PRODUCT_DEFINITION_FORMATION_WITH_SPECIFIED_SOURCE ( '任何', '', #1650, .NOT_KNOWN. ) ;
#1094 = CARTESIAN_POINT ( 'NONE',  ( 10.88705359986665200, 15.94231020587723300, 188.7133997289772700 ) ) ;
#1095 = CARTESIAN_POINT ( 'NONE',  ( 12.38705535391146700, 21.94902842091889600, 170.8391605369843900 ) ) ;
#1096 = EDGE_CURVE ( 'NONE', #578, #1860, #359, .T. ) ;
#1097 =( BOUNDED_SURFACE ( )  B_SPLINE_SURFACE ( 3, 3, ( 
 ( #1530, #1295, #337, #2498 ),
 ( #527, #358, #1727, #736 ),
 ( #927, #553, #1307, #2110 ),
 ( #746, #2137, #2302, #934 ),
 ( #1766, #468, #711, #158 ),
 ( #1699, #1293, #704, #2284 ),
 ( #1092, #136, #2505, #2299 ) ),
 .UNSPECIFIED., .T., .F., .T. ) 
 B_SPLINE_SURFACE_WITH_KNOTS ( ( 4, 3, 4 ),
 ( 4, 4 ),
 ( 0.0000000000000000000, 0.5000000000000000000, 1.000000000000000000 ),
 ( 0.0000000000000000000, 1.000000000000000000 ),
 .UNSPECIFIED. ) 
 GEOMETRIC_REPRESENTATION_ITEM ( )  RATIONAL_B_SPLINE_SURFACE ( (
 ( 1.000000000000000000, 1.000000000000000000, 1.000000000000000000, 1.000000000000000000),
 ( 0.3333333333333333700, 0.3333333333333333100, 0.3333333333333333100, 0.3333333333333333700),
 ( 0.3333333333333333700, 0.3333333333333333100, 0.3333333333333333100, 0.3333333333333333700),
 ( 1.000000000000000000, 1.000000000000000000, 1.000000000000000000, 1.000000000000000000),
 ( 0.3333333333333333700, 0.3333333333333333100, 0.3333333333333333100, 0.3333333333333333700),
 ( 0.3333333333333333700, 0.3333333333333333100, 0.3333333333333333100, 0.3333333333333333700),
 ( 1.000000000000000000, 1.000000000000000000, 1.000000000000000000, 1.000000000000000000) ) ) 
 REPRESENTATION_ITEM ( '' )  SURFACE ( )  );
#1098 = ORIENTED_EDGE ( 'NONE', *, *, #2049, .F. ) ;
#1099 = DIRECTION ( 'NONE',  ( 0.0000000000000000000, 1.000000000000000000, 0.0000000000000000000 ) ) ;
#1100 = ADVANCED_FACE ( 'NONE', ( #323 ), #237, .T. ) ;
#1101 = CARTESIAN_POINT ( 'NONE',  ( 44.37951546207643400, 20.24936830429887600, 194.8043215641667400 ) ) ;
#1102 = ORIENTED_EDGE ( 'NONE', *, *, #1401, .T. ) ;
#1103 = FACE_OUTER_BOUND ( 'NONE', #1023, .T. ) ;
#1104 = CIRCLE ( 'NONE', #543, 0.9999997812513155000 ) ;
#1105 = ORIENTED_EDGE ( 'NONE', *, *, #943, .F. ) ;
#1106 = CARTESIAN_POINT ( 'NONE',  ( 12.38705648831272800, 22.61986154993280000, 192.4314713812190100 ) ) ;
#1107 = CARTESIAN_POINT ( 'NONE',  ( 44.37951545885891800, 20.08629703328870200, 194.8007587232289900 ) ) ;
#1108 = PERSON_AND_ORGANIZATION ( #2454, #612 ) ;
#1109 = VECTOR ( 'NONE', #1090, 1000.000000000000000 ) ;
#1110 = CYLINDRICAL_SURFACE ( 'NONE', #264, 1.000000000000568000 ) ;
#1111 = AXIS2_PLACEMENT_3D ( 'NONE', #368, #1560, #1752 ) ;
#1112 = CARTESIAN_POINT ( 'NONE',  ( 12.38705605891326700, 21.94902877071113800, 166.2891599423773000 ) ) ;
#1113 = CARTESIAN_POINT ( 'NONE',  ( 44.37951545885891800, 20.08629703328870200, 194.8007587232289900 ) ) ;
#1114 = AXIS2_PLACEMENT_3D ( 'NONE', #294, #2054, #1262 ) ;
#1115 = ORIENTED_EDGE ( 'NONE', *, *, #2020, .F. ) ;
#1116 = EDGE_CURVE ( 'NONE', #260, #1789, #2450, .T. ) ;
#1117 = ORIENTED_EDGE ( 'NONE', *, *, #407, .T. ) ;
#1118 = APPROVAL_ROLE ( '' ) ;
#1119 = CARTESIAN_POINT ( 'NONE',  ( 13.13699679549082000, 11.36261891536894500, 194.7905712255353900 ) ) ;
#1120 = DIRECTION ( 'NONE',  ( 0.0000000000000000000, 1.000000000000000000, 2.433560920905710600E-011 ) ) ;
#1121 = ORIENTED_EDGE ( 'NONE', *, *, #1865, .T. ) ;
#1122 = ORIENTED_EDGE ( 'NONE', *, *, #1401, .F. ) ;
#1123 = ORIENTED_EDGE ( 'NONE', *, *, #1927, .F. ) ;
#1124 = EDGE_CURVE ( 'NONE', #222, #2456, #318, .T. ) ;
#1125 = DIRECTION ( 'NONE',  ( -0.9999999999999975600, 3.640736310580128700E-008, -6.195705879341587000E-008 ) ) ;
#1126 =( NAMED_UNIT ( * ) PLANE_ANGLE_UNIT ( ) SI_UNIT ( $, .RADIAN. ) );
#1127 = DIRECTION ( 'NONE',  ( -0.9999999999999974500, 2.618226821468865800E-008, -6.451712824180908200E-008 ) ) ;
#1128 = AXIS2_PLACEMENT_3D ( 'NONE', #799, #1392, #1404 ) ;
#1129 = ADVANCED_FACE ( 'NONE', ( #1328 ), #947, .F. ) ;
#1130 = EDGE_CURVE ( 'NONE', #2480, #2349, #1608, .T. ) ;
#1131 = CARTESIAN_POINT ( 'NONE',  ( 44.37951534945774800, 15.94230950397770200, 194.8019983998289900 ) ) ;
#1132 = CARTESIAN_POINT ( 'NONE',  ( 10.88705312084749500, 16.94231046056826500, 171.8391584925147700 ) ) ;
#1133 = EDGE_LOOP ( 'NONE', ( #1976, #2488, #862, #1731 ) ) ;
#1134 = FACE_BOUND ( 'NONE', #1551, .T. ) ;
#1135 = CARTESIAN_POINT ( 'NONE',  ( 45.87951546206223000, 20.24879588056103700, 194.8043091552767400 ) ) ;
#1136 = ORIENTED_EDGE ( 'NONE', *, *, #2532, .T. ) ;
#1137 = FACE_OUTER_BOUND ( 'NONE', #1226, .T. ) ;
#1138 = FACE_OUTER_BOUND ( 'NONE', #1673, .T. ) ;
#1139 = FACE_OUTER_BOUND ( 'NONE', #71, .T. ) ;
#1140 = EDGE_LOOP ( 'NONE', ( #1396, #594 ) ) ;
#1141 = CARTESIAN_POINT ( 'NONE',  ( 10.88705604830117600, 20.89902981206960700, 192.2891593894391300 ) ) ;
#1142 = LINE ( 'NONE', #1339, #2323 ) ;
#1143 = DIRECTION ( 'NONE',  ( -6.451712824180910900E-008, 0.0000000000000000000, 0.9999999999999978900 ) ) ;
#1144 = CARTESIAN_POINT ( 'NONE',  ( 44.37951569095275800, 19.74902724573648500, 191.1391625036248700 ) ) ;
#1145 = VERTEX_POINT ( 'NONE', #1873 ) ;
#1146 = CARTESIAN_POINT ( 'NONE',  ( 11.88705612453715000, 20.91737917480318700, 194.3824197718444700 ) ) ;
#1147 = AXIS2_PLACEMENT_3D ( 'NONE', #1022, #1265, #433 ) ;
#1148 = ORIENTED_EDGE ( 'NONE', *, *, #373, .F. ) ;
#1149 = VERTEX_POINT ( 'NONE', #1469 ) ;
#1150 = EDGE_CURVE ( 'NONE', #260, #1393, #673, .T. ) ;
#1151 = CARTESIAN_POINT ( 'NONE',  ( 13.13703408098427500, 12.86261891490554300, 194.7905712255705700 ) ) ;
#1152 = DIRECTION ( 'NONE',  ( 0.9999999999999975600, -3.640720023402848700E-008, 6.195689588201567900E-008 ) ) ;
#1153 = EDGE_LOOP ( 'NONE', ( #1170, #1337, #1136, #1313 ) ) ;
#1154 = VERTEX_POINT ( 'NONE', #1458 ) ;
#1155 = CARTESIAN_POINT ( 'NONE',  ( 13.13702165248645800, 12.36261891506001100, 194.7905712255588400 ) ) ;
#1156 = PLANE ( 'NONE',  #2216 ) ;
#1157 = CARTESIAN_POINT ( 'NONE',  ( 9.637009225069915500, 11.86270591469920900, 194.7905713482418800 ) ) ;
#1158 = DIRECTION ( 'NONE',  ( 0.9999999999998900900, -4.675190115944398400E-007, -3.505562906889646600E-008 ) ) ;
#1159 = ORIENTED_EDGE ( 'NONE', *, *, #1927, .T. ) ;
#1160 = EDGE_LOOP ( 'NONE', ( #1662, #1503 ) ) ;
#1161 = EDGE_CURVE ( 'NONE', #2133, #1154, #793, .T. ) ;
#1162 = ORIENTED_EDGE ( 'NONE', *, *, #1876, .F. ) ;
#1163 = VECTOR ( 'NONE', #102, 1000.000000000000000 ) ;
#1164 = LINE ( 'NONE', #2056, #914 ) ;
#1165 = ORIENTED_EDGE ( 'NONE', *, *, #1839, .T. ) ;
#1166 = CYLINDRICAL_SURFACE ( 'NONE', #2078, 1.599999999999990300 ) ;
#1167 = VECTOR ( 'NONE', #692, 1000.000000000000100 ) ;
#1168 = AXIS2_PLACEMENT_3D ( 'NONE', #1220, #867, #2256 ) ;
#1169 = DIRECTION ( 'NONE',  ( 2.986119644176090300E-008, 0.0000000000000000000, -0.9999999999999995600 ) ) ;
#1170 = ORIENTED_EDGE ( 'NONE', *, *, #1130, .F. ) ;
#1171 = CARTESIAN_POINT ( 'NONE',  ( 13.13707136655188800, 14.36261891444208900, 194.7926866640262600 ) ) ;
#1172 = CARTESIAN_POINT ( 'NONE',  ( 40.12943523486976700, 15.36245879713335500, 194.7926864382367000 ) ) ;
#1173 = APPROVAL ( #1949, '未指定' ) ;
#1174 = EDGE_CURVE ( 'NONE', #1215, #1056, #822, .T. ) ;
#1175 = PLANE ( 'NONE',  #1659 ) ;
#1176 = VERTEX_POINT ( 'NONE', #1661 ) ;
#1177 = DIRECTION ( 'NONE',  ( 2.618226821468860500E-008, 0.9999999999999996700, 1.689204756068510800E-015 ) ) ;
#1178 = ORIENTED_EDGE ( 'NONE', *, *, #391, .F. ) ;
#1179 = EDGE_LOOP ( 'NONE', ( #20, #123, #1354, #1237 ) ) ;
#1180 = CARTESIAN_POINT ( 'NONE',  ( 12.38705685208835800, 21.94902815741022200, 191.6898632404045500 ) ) ;
#1181 = CARTESIAN_POINT ( 'NONE',  ( 10.88705272376832400, 13.61261996659159100, 194.7916289978763000 ) ) ;
#1182 = ADVANCED_FACE ( 'NONE', ( #2140 ), #29, .F. ) ;
#1183 = DIRECTION ( 'NONE',  ( 6.451712824180910900E-008, -0.0000000000000000000, -0.9999999999999980000 ) ) ;
#1184 = AXIS2_PLACEMENT_3D ( 'NONE', #454, #2028, #1054 ) ;
#1185 = DIRECTION ( 'NONE',  ( -2.629044636347152800E-008, -0.9999990055392913300, -0.001410290901730343800 ) ) ;
#1186 = CARTESIAN_POINT ( 'NONE',  ( 45.87951534945774100, 15.94230946470430200, 194.8019984966046800 ) ) ;
#1187 = ORIENTED_EDGE ( 'NONE', *, *, #1965, .F. ) ;
#1188 = FACE_BOUND ( 'NONE', #942, .T. ) ;
#1189 = ORIENTED_EDGE ( 'NONE', *, *, #436, .T. ) ;
#1190 = CALENDAR_DATE ( 2022, 26, 4 ) ;
#1191 = CARTESIAN_POINT ( 'NONE',  ( 12.38705575335587200, 20.08629703328870200, 194.8007587232289900 ) ) ;
#1192 = EDGE_CURVE ( 'NONE', #228, #1043, #658, .T. ) ;
#1193 = EDGE_CURVE ( 'NONE', #558, #1176, #1359, .T. ) ;
#1194 = VECTOR ( 'NONE', #2186, 1000.000000000000000 ) ;
#1195 = LINE ( 'NONE', #395, #1331 ) ;
#1196 = DIRECTION ( 'NONE',  ( 0.9999999999998900900, -4.675190115944398400E-007, -3.505562906889646600E-008 ) ) ;
#1197 = LINE ( 'NONE', #547, #1672 ) ;
#1198 = ORIENTED_EDGE ( 'NONE', *, *, #1302, .T. ) ;
#1199 = ADVANCED_FACE ( 'NONE', ( #179, #2476, #1547 ), #1747, .F. ) ;
#1200 = CARTESIAN_POINT ( 'NONE',  ( 44.37951685299019300, 15.94230950418472800, 171.8391591376413300 ) ) ;
#1201 = VECTOR ( 'NONE', #1706, 1000.000000000000200 ) ;
#1202 = DIRECTION ( 'NONE',  ( 0.9999999999999991100, -2.958400742336600400E-008, 2.986119921495880900E-008 ) ) ;
#1203 = CARTESIAN_POINT ( 'NONE',  ( 43.62961822072576700, 11.36261891702826400, 194.7905712255391100 ) ) ;
#1204 = VERTEX_POINT ( 'NONE', #1932 ) ;
#1205 = AXIS2_PLACEMENT_3D ( 'NONE', #1681, #331, #1303 ) ;
#1206 = DIRECTION ( 'NONE',  ( 0.0000000000000000000, -0.0000000000000000000, -1.000000000000000000 ) ) ;
#1207 = ORIENTED_EDGE ( 'NONE', *, *, #338, .F. ) ;
#1208 = ORIENTED_EDGE ( 'NONE', *, *, #53, .F. ) ;
#1209 = DIRECTION ( 'NONE',  ( 0.0000000000000000000, 1.000000000000000000, 2.433560920905710600E-011 ) ) ;
#1210 = CARTESIAN_POINT ( 'NONE',  ( 44.37951528948504900, 13.61261889503711200, 194.7916289447706800 ) ) ;
#1211 = ADVANCED_FACE ( 'NONE', ( #354 ), #1069, .F. ) ;
#1212 = EDGE_CURVE ( 'NONE', #1626, #572, #844, .T. ) ;
#1213 = CARTESIAN_POINT ( 'NONE',  ( 44.37951553290953700, 22.94902818811540300, 194.8019983998290200 ) ) ;
#1214 = ORIENTED_EDGE ( 'NONE', *, *, #430, .T. ) ;
#1215 = VERTEX_POINT ( 'NONE', #2144 ) ;
#1216 = CARTESIAN_POINT ( 'NONE',  ( 44.37951716755146900, 19.74902726537214500, 167.8391625036274500 ) ) ;
#1217 = AXIS2_PLACEMENT_3D ( 'NONE', #2309, #1906, #723 ) ;
#1218 = CARTESIAN_POINT ( 'NONE',  ( 12.38705598196567000, 19.74902911079104900, 192.2891593631474300 ) ) ;
#1219 = AXIS2_PLACEMENT_3D ( 'NONE', #1902, #1486, #309 ) ;
#1220 = CARTESIAN_POINT ( 'NONE',  ( 10.88705598196583500, 19.74902981206956600, 192.2891594157308900 ) ) ;
#1221 = ORIENTED_EDGE ( 'NONE', *, *, #244, .F. ) ;
#1222 = CARTESIAN_POINT ( 'NONE',  ( 33.33303108839110300, 11.36261891516710100, 175.0894134649564900 ) ) ;
#1223 = ADVANCED_FACE ( 'NONE', ( #2006 ), #1013, .F. ) ;
#1224 = ORIENTED_EDGE ( 'NONE', *, *, #636, .F. ) ;
#1225 = CC_DESIGN_DATE_AND_TIME_ASSIGNMENT ( #2232, #923, ( #2119 ) ) ;
#1226 = EDGE_LOOP ( 'NONE', ( #676, #777, #853, #398 ) ) ;
#1227 = FACE_BOUND ( 'NONE', #2431, .T. ) ;
#1228 = VECTOR ( 'NONE', #1002, 1000.000000000000100 ) ;
#1229 = ORIENTED_EDGE ( 'NONE', *, *, #497, .T. ) ;
#1230 = B_SPLINE_CURVE_WITH_KNOTS ( 'NONE', 1,
 ( #76, #1638 ),
 .UNSPECIFIED., .F., .F.,
 ( 2, 2 ),
 ( 0.0000000000000000000, 1.000000000000000000 ),
 .UNSPECIFIED. ) ;
#1231 = DIRECTION ( 'NONE',  ( 4.675190111254953500E-007, 0.9999999999998907500, 0.0000000000000000000 ) ) ;
#1232 = CIRCLE ( 'NONE', #621, 1.000000000000557800 ) ;
#1233 = VECTOR ( 'NONE', #1867, 1000.000000000000100 ) ;
#1234 = EDGE_CURVE ( 'NONE', #2300, #1988, #498, .T. ) ;
#1235 = CARTESIAN_POINT ( 'NONE',  ( 23.43353615177949900, 12.86261891489860100, 183.3889084016040300 ) ) ;
#1236 = DIRECTION ( 'NONE',  ( 2.986119991120861600E-008, 0.0000000000000000000, -0.9999999999999995600 ) ) ;
#1237 = ORIENTED_EDGE ( 'NONE', *, *, #2152, .F. ) ;
#1238 = CARTESIAN_POINT ( 'NONE',  ( 44.37951712154367100, 21.94902760575829200, 169.8391619244683900 ) ) ;
#1239 = ADVANCED_FACE ( 'NONE', ( #2199 ), #856, .F. ) ;
#1240 = DIRECTION ( 'NONE',  ( 1.000000000000000000, 0.0000000000000000000, 0.0000000000000000000 ) ) ;
#1241 = DIRECTION ( 'NONE',  ( 0.9999999999998900900, -4.675190115944398400E-007, -3.505562906889646600E-008 ) ) ;
#1242 = DIRECTION ( 'NONE',  ( -6.451712824244628900E-008, -2.433560920905705400E-011, 0.9999999999999980000 ) ) ;
#1243 = ORIENTED_EDGE ( 'NONE', *, *, #1686, .T. ) ;
#1244 = EDGE_LOOP ( 'NONE', ( #1345, #381, #2210, #311 ) ) ;
#1245 = EDGE_CURVE ( 'NONE', #2361, #694, #317, .T. ) ;
#1246 = B_SPLINE_CURVE_WITH_KNOTS ( 'NONE', 3,
 ( #1352, #360, #1155, #2172 ),
 .UNSPECIFIED., .F., .F.,
 ( 4, 4 ),
 ( 0.0000000000000000000, 1.000000000000000000 ),
 .UNSPECIFIED. ) ;
#1247 = DIRECTION ( 'NONE',  ( 3.505562905752294400E-008, -2.433560920905709300E-011, 0.9999999999999994400 ) ) ;
#1248 = CARTESIAN_POINT ( 'NONE',  ( 12.38705609532042300, 22.94902847952207700, 166.2891604689189900 ) ) ;
#1249 = PLANE ( 'NONE',  #1114 ) ;
#1250 = EDGE_CURVE ( 'NONE', #2460, #643, #1797, .T. ) ;
#1251 = ORIENTED_EDGE ( 'NONE', *, *, #716, .F. ) ;
#1252 = CARTESIAN_POINT ( 'NONE',  ( 45.37951716132369700, 11.36261891467384200, 194.7905712255335700 ) ) ;
#1253 = AXIS2_PLACEMENT_3D ( 'NONE', #2131, #1903, #938 ) ;
#1254 = EDGE_LOOP ( 'NONE', ( #1189, #683 ) ) ;
#1255 = FACE_BOUND ( 'NONE', #825, .T. ) ;
#1256 = CARTESIAN_POINT ( 'NONE',  ( 12.38705598196567000, 19.74902911079104900, 192.2891593631474300 ) ) ;
#1257 = LINE ( 'NONE', #1969, #2105 ) ;
#1258 = LINE ( 'NONE', #2317, #355 ) ;
#1259 = CIRCLE ( 'NONE', #1085, 1.100000000000017600 ) ;
#1260 = PRODUCT_DEFINITION ( '未知', '', #1093, #2451 ) ;
#1261 = EDGE_CURVE ( 'NONE', #804, #2379, #562, .T. ) ;
#1262 = DIRECTION ( 'NONE',  ( 4.675190115944401000E-007, 0.9999999999998906400, 0.0000000000000000000 ) ) ;
#1263 = DIRECTION ( 'NONE',  ( 0.0000000000000000000, 1.000000000000000000, 2.433560920905710600E-011 ) ) ;
#1264 = ADVANCED_FACE ( 'NONE', ( #1669 ), #730, .T. ) ;
#1265 = DIRECTION ( 'NONE',  ( 0.0000000000000000000, 1.000000000000000000, 0.0000000000000000000 ) ) ;
#1266 = LINE ( 'NONE', #1759, #390 ) ;
#1267 = CARTESIAN_POINT ( 'NONE',  ( 45.87951550678636200, 20.91737890177219900, 194.3824198510937200 ) ) ;
#1268 = VERTEX_POINT ( 'NONE', #2125 ) ;
#1269 = DIRECTION ( 'NONE',  ( 0.9999999999998900900, -4.675190115944398400E-007, -3.505562906889646600E-008 ) ) ;
#1270 = ORIENTED_EDGE ( 'NONE', *, *, #2014, .F. ) ;
#1271 = ORIENTED_EDGE ( 'NONE', *, *, #1419, .T. ) ;
#1272 = DIRECTION ( 'NONE',  ( 9.816311561914217100E-008, 0.0000000000000000000, -0.9999999999999952300 ) ) ;
#1273 = ORIENTED_EDGE ( 'NONE', *, *, #2261, .T. ) ;
#1274 = AXIS2_PLACEMENT_3D ( 'NONE', #1497, #341, #310 ) ;
#1275 = ORIENTED_EDGE ( 'NONE', *, *, #1193, .F. ) ;
#1276 = CARTESIAN_POINT ( 'NONE',  ( 12.38705612453709600, 29.99902898686581000, 200.5891590693970000 ) ) ;
#1277 = CARTESIAN_POINT ( 'NONE',  ( 45.87951573369555500, 22.94902814884200400, 191.6898633211594600 ) ) ;
#1278 = EDGE_CURVE ( 'NONE', #1868, #1653, #1943, .T. ) ;
#1279 = CARTESIAN_POINT ( 'NONE',  ( 13.13699679549082000, 11.36261891536894500, 194.7905712255353900 ) ) ;
#1280 = ADVANCED_FACE ( 'NONE', ( #1452 ), #2108, .T. ) ;
#1281 = CARTESIAN_POINT ( 'NONE',  ( 28.38328362008530100, 12.86261891486250000, 187.0391609332980100 ) ) ;
#1282 = ORIENTED_EDGE ( 'NONE', *, *, #84, .F. ) ;
#1283 = ORIENTED_EDGE ( 'NONE', *, *, #752, .F. ) ;
#1284 = DIRECTION ( 'NONE',  ( 0.0000000000000000000, 1.000000000000000000, 2.433560920905710600E-011 ) ) ;
#1285 = CARTESIAN_POINT ( 'NONE',  ( 23.43353615177949900, 12.86261891489860100, 184.9889084016040200 ) ) ;
#1286 = VECTOR ( 'NONE', #831, 1000.000000000000100 ) ;
#1287 = DIRECTION ( 'NONE',  ( 0.0000000000000000000, 0.0000000000000000000, 1.000000000000000000 ) ) ;
#1288 = VECTOR ( 'NONE', #245, 1000.000000000000100 ) ;
#1289 = CIRCLE ( 'NONE', #1618, 2.250000000000001800 ) ;
#1290 = VERTEX_POINT ( 'NONE', #1585 ) ;
#1291 = PERSON_AND_ORGANIZATION ( #2454, #612 ) ;
#1292 = LINE ( 'NONE', #2464, #985 ) ;
#1293 = CARTESIAN_POINT ( 'NONE',  ( 9.637009225069915500, 11.86270591469920900, 194.7905713482418800 ) ) ;
#1294 = LINE ( 'NONE', #2276, #1391 ) ;
#1295 = CARTESIAN_POINT ( 'NONE',  ( 13.13700922398863800, 11.86261891521448000, 194.7905712255471000 ) ) ;
#1296 = EDGE_CURVE ( 'NONE', #1056, #1036, #287, .T. ) ;
#1297 = ADVANCED_FACE ( 'NONE', ( #2069 ), #1855, .T. ) ;
#1298 = CARTESIAN_POINT ( 'NONE',  ( 44.37951685299019300, 15.94230950418472800, 171.8391591376413300 ) ) ;
#1299 = VERTEX_POINT ( 'NONE', #783 ) ;
#1300 = DIRECTION ( 'NONE',  ( 9.816321065182428900E-008, 0.0000000000000000000, -0.9999999999999952300 ) ) ;
#1301 = AXIS2_PLACEMENT_3D ( 'NONE', #114, #1033, #2035 ) ;
#1302 = EDGE_CURVE ( 'NONE', #1545, #656, #460, .T. ) ;
#1303 = DIRECTION ( 'NONE',  ( 9.816306433167022700E-008, 0.0000000000000000000, -0.9999999999999952300 ) ) ;
#1304 = DIRECTION ( 'NONE',  ( 4.675190111255123400E-007, 0.9999999999998907500, 0.0000000000000000000 ) ) ;
#1305 = EDGE_LOOP ( 'NONE', ( #718, #66, #199, #786 ) ) ;
#1306 = AXIS2_PLACEMENT_3D ( 'NONE', #1468, #871, #1075 ) ;
#1307 = CARTESIAN_POINT ( 'NONE',  ( 15.63708379427737100, 14.86255677179853400, 194.7926865763989800 ) ) ;
#1308 = DIRECTION ( 'NONE',  ( 0.0000000000000000000, 0.0000000000000000000, 1.000000000000000000 ) ) ;
#1309 = ORIENTED_EDGE ( 'NONE', *, *, #434, .T. ) ;
#1310 = CARTESIAN_POINT ( 'NONE',  ( 12.38705566155375200, 20.89902911079219900, 167.8391593631469900 ) ) ;
#1311 = VERTEX_POINT ( 'NONE', #2389 ) ;
#1312 = CARTESIAN_POINT ( 'NONE',  ( 45.87951524264219200, 11.86261890105179800, 194.8019984966046800 ) ) ;
#1313 = ORIENTED_EDGE ( 'NONE', *, *, #1570, .F. ) ;
#1314 = DIRECTION ( 'NONE',  ( -6.195689621068041100E-008, -2.428612866367119100E-014, 0.9999999999999982200 ) ) ;
#1315 = ADVANCED_FACE ( 'NONE', ( #1137 ), #761, .F. ) ;
#1316 = EDGE_CURVE ( 'NONE', #2506, #1089, #2411, .T. ) ;
#1317 = DIRECTION ( 'NONE',  ( -6.195692570151259000E-008, 0.0000000000000000000, 0.9999999999999981100 ) ) ;
#1318 = DIRECTION ( 'NONE',  ( 0.0000000000000000000, 0.0000000000000000000, 1.000000000000000000 ) ) ;
#1319 = CARTESIAN_POINT ( 'NONE',  ( 44.37951578249820300, 16.94230892159768600, 188.7134011630374700 ) ) ;
#1320 = EDGE_CURVE ( 'NONE', #2379, #1868, #1979, .T. ) ;
#1321 = DIRECTION ( 'NONE',  ( 0.0000000000000000000, 1.000000000000000000, 2.433560920905710600E-011 ) ) ;
#1322 = ORIENTED_EDGE ( 'NONE', *, *, #733, .T. ) ;
#1323 = CARTESIAN_POINT ( 'NONE',  ( 23.43353615177949900, 11.36261891513950000, 175.0894134649564900 ) ) ;
#1324 = ORIENTED_EDGE ( 'NONE', *, *, #1456, .F. ) ;
#1325 = FACE_BOUND ( 'NONE', #1414, .T. ) ;
#1326 = VECTOR ( 'NONE', #1627, 1000.000000000000000 ) ;
#1327 = DIRECTION ( 'NONE',  ( -6.451712775131521200E-008, 0.0000000000000000000, 0.9999999999999980000 ) ) ;
#1328 = FACE_OUTER_BOUND ( 'NONE', #2003, .T. ) ;
#1329 = ADVANCED_FACE ( 'NONE', ( #1882 ), #1044, .F. ) ;
#1330 = MECHANICAL_CONTEXT ( 'NONE', #1536, 'mechanical' ) ;
#1331 = VECTOR ( 'NONE', #962, 1000.000000000000100 ) ;
#1332 = CARTESIAN_POINT ( 'NONE',  ( 12.38705272581852200, 13.61261926531307300, 194.7916289452928700 ) ) ;
#1333 = LINE ( 'NONE', #2077, #1233 ) ;
#1334 = DIRECTION ( 'NONE',  ( -0.9999999999999974500, 2.618226821468865800E-008, -6.451712824180908200E-008 ) ) ;
#1335 = VECTOR ( 'NONE', #450, 1000.000000000000000 ) ;
#1336 = AXIS2_PLACEMENT_3D ( 'NONE', #2297, #1693, #155 ) ;
#1337 = ORIENTED_EDGE ( 'NONE', *, *, #832, .T. ) ;
#1338 = DIRECTION ( 'NONE',  ( -6.451712956149819300E-008, 0.0000000000000000000, 0.9999999999999978900 ) ) ;
#1339 = CARTESIAN_POINT ( 'NONE',  ( 43.62951528919841600, 12.86261891467888000, 194.7905712255700600 ) ) ;
#1340 = ORIENTED_EDGE ( 'NONE', *, *, #548, .F. ) ;
#1341 = ORIENTED_EDGE ( 'NONE', *, *, #1050, .F. ) ;
#1342 = DIRECTION ( 'NONE',  ( 0.0000000000000000000, 8.831320226403721200E-015, 1.000000000000000000 ) ) ;
#1343 = DIRECTION ( 'NONE',  ( 0.0000000000000000000, 0.0000000000000000000, 1.000000000000000000 ) ) ;
#1344 = EDGE_CURVE ( 'NONE', #1789, #1149, #1580, .T. ) ;
#1345 = ORIENTED_EDGE ( 'NONE', *, *, #2351, .F. ) ;
#1346 = DIRECTION ( 'NONE',  ( -0.9999999999999976700, 2.618226821468866200E-008, -6.451712824180909500E-008 ) ) ;
#1347 = ORIENTED_EDGE ( 'NONE', *, *, #998, .T. ) ;
#1348 = APPLICATION_PROTOCOL_DEFINITION ( 'international standard', 'config_control_design', 1994, #1536 ) ;
#1349 = DIRECTION ( 'NONE',  ( -0.9999999999999974500, 2.618226821468865800E-008, -6.451712824180908200E-008 ) ) ;
#1350 = DIRECTION ( 'NONE',  ( -2.629044636347152800E-008, -0.9999990055392913300, -0.001410290901730343800 ) ) ;
#1351 = EDGE_CURVE ( 'NONE', #2265, #8, #2384, .T. ) ;
#1352 = CARTESIAN_POINT ( 'NONE',  ( 13.13699679549082000, 11.36261891536894500, 194.7905712255353900 ) ) ;
#1353 = EDGE_CURVE ( 'NONE', #363, #1145, #1257, .T. ) ;
#1354 = ORIENTED_EDGE ( 'NONE', *, *, #84, .T. ) ;
#1355 = ORIENTED_EDGE ( 'NONE', *, *, #1130, .T. ) ;
#1356 = CIRCLE ( 'NONE', #1111, 1.099999999999989900 ) ;
#1357 = EDGE_LOOP ( 'NONE', ( #1006, #1417, #1954, #876 ) ) ;
#1358 = CARTESIAN_POINT ( 'NONE',  ( 28.38328362008530100, 11.36261891520320200, 173.0391609332625100 ) ) ;
#1359 = LINE ( 'NONE', #164, #882 ) ;
#1360 = AXIS2_PLACEMENT_3D ( 'NONE', #1112, #2504, #1314 ) ;
#1361 = CIRCLE ( 'NONE', #334, 1.100000000000017600 ) ;
#1362 = ORIENTED_EDGE ( 'NONE', *, *, #1948, .T. ) ;
#1363 = PERSON_AND_ORGANIZATION ( #2454, #612 ) ;
#1364 = VECTOR ( 'NONE', #275, 1000.000000000000100 ) ;
#1365 = CARTESIAN_POINT ( 'NONE',  ( 10.88705168954075300, 13.61261996731353600, 165.2891609859145500 ) ) ;
#1366 = CARTESIAN_POINT ( 'NONE',  ( 44.37951545968110900, 20.08629703328870200, 194.8007587232289900 ) ) ;
#1367 = DIRECTION ( 'NONE',  ( -6.451712956149819300E-008, 0.0000000000000000000, 0.9999999999999978900 ) ) ;
#1368 = ORIENTED_EDGE ( 'NONE', *, *, #1847, .F. ) ;
#1369 = EDGE_CURVE ( 'NONE', #2153, #950, #1518, .T. ) ;
#1370 = DIRECTION ( 'NONE',  ( -3.505562905752294400E-008, 2.433560920905709000E-011, -0.9999999999999994400 ) ) ;
#1371 = CARTESIAN_POINT ( 'NONE',  ( 13.13705168954050400, 11.36261891539177600, 165.2891609332945100 ) ) ;
#1372 = ORIENTED_EDGE ( 'NONE', *, *, #569, .T. ) ;
#1373 = ORIENTED_EDGE ( 'NONE', *, *, #2350, .F. ) ;
#1374 = ORIENTED_EDGE ( 'NONE', *, *, #1174, .F. ) ;
#1375 = CARTESIAN_POINT ( 'NONE',  ( 44.37951715795107800, 22.94902789696857000, 169.8391613979776500 ) ) ;
#1376 = AXIS2_PLACEMENT_3D ( 'NONE', #1640, #2239, #1630 ) ;
#1377 = CARTESIAN_POINT ( 'NONE',  ( 14.63707136608848600, 14.36258162894863200, 194.7926866114428300 ) ) ;
#1378 = CARTESIAN_POINT ( 'NONE',  ( 43.62951719254468200, 13.61261891539177600, 165.2891609333310000 ) ) ;
#1379 = CARTESIAN_POINT ( 'NONE',  ( 12.38705415505552500, 16.94231008635885200, 188.7133991808786400 ) ) ;
#1380 = VERTEX_POINT ( 'NONE', #435 ) ;
#1381 = EDGE_CURVE ( 'NONE', #335, #2196, #470, .T. ) ;
#1382 = EDGE_LOOP ( 'NONE', ( #1270, #630 ) ) ;
#1383 = LINE ( 'NONE', #448, #1852 ) ;
#1384 = VECTOR ( 'NONE', #1209, 1000.000000000000000 ) ;
#1385 = VERTEX_POINT ( 'NONE', #1614 ) ;
#1386 = CARTESIAN_POINT ( 'NONE',  ( 13.13710865204534400, 15.86261891397868600, 194.7926866640614800 ) ) ;
#1387 = LOCAL_TIME ( 9, 53, 32.00000000000000000, #1454 ) ;
#1388 = CARTESIAN_POINT ( 'NONE',  ( 44.37951573369555500, 22.94902818811540300, 191.6898632243837700 ) ) ;
#1389 = CYLINDRICAL_SURFACE ( 'NONE', #1904, 1.000000000020288400 ) ;
#1390 = VECTOR ( 'NONE', #2310, 1000.000000000000000 ) ;
#1391 = VECTOR ( 'NONE', #1496, 1000.000000000000000 ) ;
#1392 = DIRECTION ( 'NONE',  ( 0.0000000000000000000, 1.000000000000000000, 2.433560920905710600E-011 ) ) ;
#1393 = VERTEX_POINT ( 'NONE', #603 ) ;
#1394 = AXIS2_PLACEMENT_3D ( 'NONE', #1790, #2189, #46 ) ;
#1395 = DIRECTION ( 'NONE',  ( 9.816321065182428900E-008, 0.0000000000000000000, -0.9999999999999952300 ) ) ;
#1396 = ORIENTED_EDGE ( 'NONE', *, *, #928, .T. ) ;
#1397 = CARTESIAN_POINT ( 'NONE',  ( 45.87951528913016800, 13.61261885576370500, 194.7916290415464000 ) ) ;
#1398 = DIRECTION ( 'NONE',  ( -2.618226821468860500E-008, -0.9999999999999996700, -1.689204756068510800E-015 ) ) ;
#1399 = CC_DESIGN_APPROVAL ( #481, ( #1093 ) ) ;
#1400 = ADVANCED_FACE ( 'NONE', ( #917, #416, #738 ), #1796, .F. ) ;
#1401 = EDGE_CURVE ( 'NONE', #415, #220, #2448, .T. ) ;
#1402 = AXIS2_PLACEMENT_3D ( 'NONE', #2, #188, #1535 ) ;
#1403 = EDGE_CURVE ( 'NONE', #1935, #950, #231, .T. ) ;
#1404 = DIRECTION ( 'NONE',  ( 0.0000000000000000000, -2.433501632527184700E-011, 1.000000000000000000 ) ) ;
#1405 = ORIENTED_EDGE ( 'NONE', *, *, #2397, .F. ) ;
#1406 = ORIENTED_EDGE ( 'NONE', *, *, #118, .T. ) ;
#1407 = CARTESIAN_POINT ( 'NONE',  ( 41.12957247599630500, 12.36250454761813200, 194.7905710642677100 ) ) ;
#1408 = CARTESIAN_POINT ( 'NONE',  ( 10.88705590115469800, 20.41066212214133900, 194.7680215392211900 ) ) ;
#1409 = ADVANCED_FACE ( 'NONE', ( #1913 ), #1175, .F. ) ;
#1410 = CARTESIAN_POINT ( 'NONE',  ( 12.38705106594067100, 11.86261844663811100, 170.8391609334140100 ) ) ;
#1411 = AXIS2_PLACEMENT_3D ( 'NONE', #771, #2163, #219 ) ;
#1412 = CARTESIAN_POINT ( 'NONE',  ( 43.62948097855281300, 14.36261891388898200, 194.7926866640252400 ) ) ;
#1413 = EDGE_LOOP ( 'NONE', ( #1721, #2223, #520, #58 ) ) ;
#1415 = ORIENTED_EDGE ( 'NONE', *, *, #2453, .F. ) ;
#1414 = EDGE_LOOP ( 'NONE', ( #1542, #1098 ) ) ;
#1416 = CIRCLE ( 'NONE', #2308, 1.099999999999962100 ) ;
#1417 = ORIENTED_EDGE ( 'NONE', *, *, #2055, .T. ) ;
#1418 = DIRECTION ( 'NONE',  ( 1.000000000000000000, 0.0000000000000000000, 0.0000000000000000000 ) ) ;
#1419 = EDGE_CURVE ( 'NONE', #1016, #1204, #614, .T. ) ;
#1420 = VECTOR ( 'NONE', #607, 1000.000000000000000 ) ;
#1421 = CYLINDRICAL_SURFACE ( 'NONE', #422, 0.7500000000000022200 ) ;
#1422 = LINE ( 'NONE', #1959, #884 ) ;
#1423 = ORIENTED_EDGE ( 'NONE', *, *, #1096, .T. ) ;
#1424 = FACE_BOUND ( 'NONE', #2286, .T. ) ;
#1425 = CARTESIAN_POINT ( 'NONE',  ( 44.37951553290953700, 22.94902818815910800, 194.8019983998290200 ) ) ;
#1426 = LINE ( 'NONE', #48, #890 ) ;
#1427 = DIRECTION ( 'NONE',  ( -6.451712824180910900E-008, 0.0000000000000000000, 0.9999999999999978900 ) ) ;
#1428 = VERTEX_POINT ( 'NONE', #1591 ) ;
#1429 = VERTEX_POINT ( 'NONE', #785 ) ;
#1430 = DIRECTION ( 'NONE',  ( -0.9999999999999974500, 2.618226821468865800E-008, -6.451712824180908200E-008 ) ) ;
#1431 = AXIS2_PLACEMENT_3D ( 'NONE', #1222, #640, #632 ) ;
#1432 = CARTESIAN_POINT ( 'NONE',  ( 13.13705272373100300, 12.86261891467888000, 194.7905712255700600 ) ) ;
#1433 = EDGE_LOOP ( 'NONE', ( #1651, #1461, #1187, #545, #561, #1473, #573, #1515, #758, #1362, #1612, #1010, #1484, #91, #485, #1768 ) ) ;
#1434 = CARTESIAN_POINT ( 'NONE',  ( 45.87951546517772500, 19.74902724573648500, 193.4391626004006900 ) ) ;
#1435 = EDGE_CURVE ( 'NONE', #1043, #281, #1436, .T. ) ;
#1436 = B_SPLINE_CURVE_WITH_KNOTS ( 'NONE', 3,
 ( #991, #2175, #2383, #795, #2205, #1191 ),
 .UNSPECIFIED., .F., .F.,
 ( 4, 2, 4 ),
 ( 0.0000000000000000000, 0.5000000000000000000, 1.000000000000000000 ),
 .UNSPECIFIED. ) ;
#1437 = CARTESIAN_POINT ( 'NONE',  ( 45.37951716132369700, 11.36261891539180100, 165.2881609332954700 ) ) ;
#1438 = ORIENTED_EDGE ( 'NONE', *, *, #1538, .T. ) ;
#1439 = ORIENTED_EDGE ( 'NONE', *, *, #1834, .T. ) ;
#1440 = ORIENTED_EDGE ( 'NONE', *, *, #1302, .F. ) ;
#1441 = EDGE_CURVE ( 'NONE', #1860, #1895, #1736, .T. ) ;
#1442 = DIRECTION ( 'NONE',  ( -0.9999999999999975600, 3.640735629759108700E-008, -6.195674100480536700E-008 ) ) ;
#1443 = AXIS2_PLACEMENT_3D ( 'NONE', #2315, #342, #913 ) ;
#1444 = DIRECTION ( 'NONE',  ( 0.0000000000000000000, -2.433501632527184700E-011, 1.000000000000000000 ) ) ;
#1445 = ORIENTED_EDGE ( 'NONE', *, *, #832, .F. ) ;
#1446 = EDGE_LOOP ( 'NONE', ( #820, #107, #1117, #447 ) ) ;
#1447 = EDGE_CURVE ( 'NONE', #1393, #1639, #110, .T. ) ;
#1448 = CARTESIAN_POINT ( 'NONE',  ( 28.38328362008530100, 12.86261891520320200, 174.1391609332990200 ) ) ;
#1449 = CIRCLE ( 'NONE', #1584, 4.500000000000003600 ) ;
#1450 = VERTEX_POINT ( 'NONE', #2213 ) ;
#1451 = CALENDAR_DATE ( 2022, 26, 4 ) ;
#1452 = FACE_OUTER_BOUND ( 'NONE', #2409, .T. ) ;
#1453 = DIRECTION ( 'NONE',  ( -1.000000000000000000, 0.0000000000000000000, 0.0000000000000000000 ) ) ;
#1454 = COORDINATED_UNIVERSAL_TIME_OFFSET ( 8, 0, .AHEAD. ) ;
#1455 = FACE_OUTER_BOUND ( 'NONE', #1357, .T. ) ;
#1456 = EDGE_CURVE ( 'NONE', #1718, #579, #559, .T. ) ;
#1457 = CARTESIAN_POINT ( 'NONE',  ( 44.37951574418373500, 15.94230950397770200, 188.7134006674732500 ) ) ;
#1458 = CARTESIAN_POINT ( 'NONE',  ( 45.87951705466376500, 19.74902724573544400, 168.9891626004031500 ) ) ;
#1459 = VECTOR ( 'NONE', #2139, 1000.000000000000000 ) ;
#1460 = B_SPLINE_SURFACE_WITH_KNOTS ( 'NONE', 1, 3, ( 
 ( #1070, #686, #699, #669, #2492, #1472 ),
 ( #2075, #2057, #865, #2253, #1059, #1267 ) ),
 .UNSPECIFIED., .F., .F., .F.,
 ( 2, 2 ),
 ( 4, 2, 4 ),
 ( 0.0000000000000000000, 1.000000000000000000 ),
 ( 0.0000000000000000000, 0.0004846994735890586000, 0.0009693989471781171900 ),
 .UNSPECIFIED. ) ;
#1461 = ORIENTED_EDGE ( 'NONE', *, *, #766, .T. ) ;
#1462 = CARTESIAN_POINT ( 'NONE',  ( 43.62951719254468900, 12.86261891626710100, 165.2891609333310000 ) ) ;
#1463 = EDGE_LOOP ( 'NONE', ( #977, #709, #772, #1494 ) ) ;
#1464 = CARTESIAN_POINT ( 'NONE',  ( 44.37951527766723100, 13.17327907593753300, 194.7910093472046900 ) ) ;
#1465 = DIRECTION ( 'NONE',  ( -0.9999999999999935600, 5.768290348269127400E-008, -9.816311628000406600E-008 ) ) ;
#1466 = AXIS2_PLACEMENT_3D ( 'NONE', #1285, #1488, #888 ) ;
#1467 = ORIENTED_EDGE ( 'NONE', *, *, #724, .F. ) ;
#1468 = CARTESIAN_POINT ( 'NONE',  ( 45.87951557806523800, 19.74902722609978400, 192.2891626004006300 ) ) ;
#1469 = CARTESIAN_POINT ( 'NONE',  ( 10.88705694575224000, 22.94902918063302600, 190.7133997601478400 ) ) ;
#1470 = DIRECTION ( 'NONE',  ( -0.9999999999999935600, 5.768297144764877500E-008, -9.816306376162606600E-008 ) ) ;
#1471 = AXIS2_PLACEMENT_3D ( 'NONE', #691, #2104, #702 ) ;
#1472 = CARTESIAN_POINT ( 'NONE',  ( 44.37951550678636200, 20.91737894104560200, 194.3824197543180200 ) ) ;
#1473 = ORIENTED_EDGE ( 'NONE', *, *, #752, .T. ) ;
#1474 = AXIS2_PLACEMENT_3D ( 'NONE', #248, #1623, #2403 ) ;
#1476 = ORIENTED_EDGE ( 'NONE', *, *, #2236, .T. ) ;
#1475 = VERTEX_POINT ( 'NONE', #651 ) ;
#1477 = LINE ( 'NONE', #2535, #1938 ) ;
#1478 = ORIENTED_EDGE ( 'NONE', *, *, #407, .F. ) ;
#1479 = CARTESIAN_POINT ( 'NONE',  ( 12.38705575335587200, 20.08629703328870200, 194.8007587232289900 ) ) ;
#1480 = AXIS2_PLACEMENT_3D ( 'NONE', #1748, #2316, #365 ) ;
#1481 = VECTOR ( 'NONE', #1334, 1000.000000000000100 ) ;
#1482 = VECTOR ( 'NONE', #2209, 999.9999999999998900 ) ;
#1483 = LINE ( 'NONE', #775, #446 ) ;
#1484 = ORIENTED_EDGE ( 'NONE', *, *, #187, .T. ) ;
#1485 = EDGE_CURVE ( 'NONE', #1545, #1561, #1512, .T. ) ;
#1486 = DIRECTION ( 'NONE',  ( 0.9999999999999975600, -3.640735629759108700E-008, 6.195674100480536700E-008 ) ) ;
#1487 = ADVANCED_FACE ( 'NONE', ( #145, #671, #1188, #1227, #1065, #2441, #1134, #174, #81, #2195 ), #812, .F. ) ;
#1488 = DIRECTION ( 'NONE',  ( 0.0000000000000000000, 1.000000000000000000, 2.433560920905710600E-011 ) ) ;
#1489 = CIRCLE ( 'NONE', #1917, 10.99999911273291700 ) ;
#1490 = EDGE_CURVE ( 'NONE', #1429, #2085, #829, .T. ) ;
#1491 = VECTOR ( 'NONE', #1430, 1000.000000000000100 ) ;
#1492 = DIRECTION ( 'NONE',  ( 0.0000000000000000000, 0.0000000000000000000, 1.000000000000000000 ) ) ;
#1493 = EDGE_LOOP ( 'NONE', ( #1115, #623, #701, #1368 ) ) ;
#1494 = ORIENTED_EDGE ( 'NONE', *, *, #2280, .F. ) ;
#1495 = AXIS2_PLACEMENT_3D ( 'NONE', #168, #1120, #2520 ) ;
#1496 = DIRECTION ( 'NONE',  ( -2.618226821468860500E-008, -0.9999999999999996700, -1.689204756068510800E-015 ) ) ;
#1497 = CARTESIAN_POINT ( 'NONE',  ( 12.38705598196567000, 19.74902911079104900, 192.2891593631474300 ) ) ;
#1498 = DIRECTION ( 'NONE',  ( 0.0000000000000000000, 1.000000000000000000, 0.0000000000000000000 ) ) ;
#1499 = DIRECTION ( 'NONE',  ( 4.675190115944401600E-007, 0.9999999999998907500, 0.0000000000000000000 ) ) ;
#1500 = ADVANCED_FACE ( 'NONE', ( #2036 ), #350, .F. ) ;
#1501 = ORIENTED_EDGE ( 'NONE', *, *, #1278, .F. ) ;
#1502 = CC_DESIGN_PERSON_AND_ORGANIZATION_ASSIGNMENT ( #1363, #540, ( #1093 ) ) ;
#1503 = ORIENTED_EDGE ( 'NONE', *, *, #1161, .F. ) ;
#1504 = DIRECTION ( 'NONE',  ( -0.9999999999999976700, 2.618226821468866200E-008, -6.451712824180909500E-008 ) ) ;
#1505 = CARTESIAN_POINT ( 'NONE',  ( 44.37951553290953700, 22.94902818815910800, 194.8019983998290200 ) ) ;
#1506 = EDGE_CURVE ( 'NONE', #849, #2265, #54, .T. ) ;
#1507 = CARTESIAN_POINT ( 'NONE',  ( 23.43353615177949900, 11.36261891489860100, 184.9889084015675000 ) ) ;
#1508 = DIRECTION ( 'NONE',  ( 4.680854799644961600E-007, 0.9999990055391822000, 0.001410290901730835200 ) ) ;
#1509 = VERTEX_POINT ( 'NONE', #1817 ) ;
#1510 = ADVANCED_FACE ( 'NONE', ( #466 ), #2507, .F. ) ;
#1511 = ORIENTED_EDGE ( 'NONE', *, *, #1403, .F. ) ;
#1512 = LINE ( 'NONE', #1252, #1732 ) ;
#1513 = LINE ( 'NONE', #1095, #24 ) ;
#1514 = PLANE ( 'NONE',  #1648 ) ;
#1515 = ORIENTED_EDGE ( 'NONE', *, *, #2366, .T. ) ;
#1516 = AXIS2_PLACEMENT_3D ( 'NONE', #729, #3, #575 ) ;
#1517 = DIRECTION ( 'NONE',  ( 0.9999999999998900900, -4.675190115944398400E-007, -3.505562906889646600E-008 ) ) ;
#1518 = LINE ( 'NONE', #243, #984 ) ;
#1519 = CIRCLE ( 'NONE', #109, 1.000000000000169200 ) ;
#1520 = DIRECTION ( 'NONE',  ( 0.0000000000000000000, 1.000000000000000000, 0.0000000000000000000 ) ) ;
#1521 = CYLINDRICAL_SURFACE ( 'NONE', #1992, 1.149999999999999000 ) ;
#1522 = VECTOR ( 'NONE', #198, 1000.000000000000000 ) ;
#1523 = EDGE_CURVE ( 'NONE', #2433, #1311, #1794, .T. ) ;
#1524 = CARTESIAN_POINT ( 'NONE',  ( 12.38705512390688800, 19.74902911079232500, 167.8391593631469900 ) ) ;
#1525 = EDGE_LOOP ( 'NONE', ( #1757, #477 ) ) ;
#1526 = DIRECTION ( 'NONE',  ( 0.0000000000000000000, 1.000000000000000000, 2.433560920905710600E-011 ) ) ;
#1527 = CARTESIAN_POINT ( 'NONE',  ( 44.37951705466377200, 19.74902724573545500, 168.9891625036274500 ) ) ;
#1528 = ORIENTED_EDGE ( 'NONE', *, *, #2138, .F. ) ;
#1529 = ADVANCED_FACE ( 'NONE', ( #524, #106, #698 ), #629, .T. ) ;
#1530 = CARTESIAN_POINT ( 'NONE',  ( 13.13699679549082000, 11.36261891536894500, 194.7905712255353900 ) ) ;
#1531 = PERSON_AND_ORGANIZATION_ROLE ( 'classification_officer' ) ;
#1532 = DIRECTION ( 'NONE',  ( 0.0000000000000000000, 1.000000000000000000, 2.433560920905710600E-011 ) ) ;
#1533 = AXIS2_PLACEMENT_3D ( 'NONE', #592, #805, #2191 ) ;
#1534 = EDGE_CURVE ( 'NONE', #1149, #1541, #610, .T. ) ;
#1535 = DIRECTION ( 'NONE',  ( -6.195692743623606600E-008, -2.775557561586302800E-014, 0.9999999999999981100 ) ) ;
#1536 = APPLICATION_CONTEXT ( 'configuration controlled 3d designs of mechanical parts and assemblies' ) ;
#1537 = DIRECTION ( 'NONE',  ( 2.986119991120861600E-008, 0.0000000000000000000, -0.9999999999999995600 ) ) ;
#1538 = EDGE_CURVE ( 'NONE', #2184, #1771, #1383, .T. ) ;
#1539 = DIRECTION ( 'NONE',  ( -6.451712824180910900E-008, 0.0000000000000000000, 0.9999999999999978900 ) ) ;
#1540 = CARTESIAN_POINT ( 'NONE',  ( 28.38328362008530100, 12.86261891520320200, 173.0391609332990300 ) ) ;
#1541 = VERTEX_POINT ( 'NONE', #256 ) ;
#1543 = EDGE_LOOP ( 'NONE', ( #765, #1198, #184, #1746 ) ) ;
#1542 = ORIENTED_EDGE ( 'NONE', *, *, #782, .F. ) ;
#1544 = CIRCLE ( 'NONE', #371, 0.9999997812513155000 ) ;
#1545 = VERTEX_POINT ( 'NONE', #1031 ) ;
#1546 = CARTESIAN_POINT ( 'NONE',  ( 33.33303108839110300, 11.36261891492620000, 184.9889084015675000 ) ) ;
#1547 = FACE_OUTER_BOUND ( 'NONE', #165, .T. ) ;
#1548 = CYLINDRICAL_SURFACE ( 'NONE', #2484, 1.599999999999990300 ) ;
#1549 = CARTESIAN_POINT ( 'NONE',  ( 44.37951728043916000, 19.74902724573544400, 166.6891625036274700 ) ) ;
#1550 = FACE_OUTER_BOUND ( 'NONE', #105, .T. ) ;
#1551 = EDGE_LOOP ( 'NONE', ( #242, #2032 ) ) ;
#1552 = FACE_OUTER_BOUND ( 'NONE', #492, .T. ) ;
#1553 = AXIS2_PLACEMENT_3D ( 'NONE', #769, #1370, #750 ) ;
#1554 = FACE_OUTER_BOUND ( 'NONE', #751, .T. ) ;
#1555 = EDGE_CURVE ( 'NONE', #156, #206, #978, .T. ) ;
#1556 = EDGE_CURVE ( 'NONE', #282, #1905, #1974, .T. ) ;
#1557 = DIRECTION ( 'NONE',  ( -7.301292759390600500E-015, 1.000000000000000000, 2.435089167360870800E-011 ) ) ;
#1558 = ORIENTED_EDGE ( 'NONE', *, *, #1920, .T. ) ;
#1559 = VERTEX_POINT ( 'NONE', #265 ) ;
#1560 = DIRECTION ( 'NONE',  ( 0.0000000000000000000, 1.000000000000000000, 0.0000000000000000000 ) ) ;
#1561 = VERTEX_POINT ( 'NONE', #269 ) ;
#1562 = CARTESIAN_POINT ( 'NONE',  ( 28.38328362008530100, 12.86261891492339200, 184.5391609332990000 ) ) ;
#1563 = VERTEX_POINT ( 'NONE', #1644 ) ;
#1564 = DIRECTION ( 'NONE',  ( 0.0000000000000000000, 1.000000000000000000, 0.0000000000000000000 ) ) ;
#1565 = AXIS2_PLACEMENT_3D ( 'NONE', #872, #2482, #2053 ) ;
#1566 = CARTESIAN_POINT ( 'NONE',  ( 13.13699679549082000, 11.36261891536894500, 194.7905712255353900 ) ) ;
#1567 = CARTESIAN_POINT ( 'NONE',  ( 28.38328362008530100, 11.36261891520320200, 171.9391609332625100 ) ) ;
#1568 = EDGE_CURVE ( 'NONE', #2174, #1988, #1823, .T. ) ;
#1569 = CARTESIAN_POINT ( 'NONE',  ( 13.13699679549082000, 11.36261891536894500, 194.7905712255353900 ) ) ;
#1570 = EDGE_CURVE ( 'NONE', #2349, #2243, #763, .T. ) ;
#1571 = ORIENTED_EDGE ( 'NONE', *, *, #1897, .F. ) ;
#1572 = CARTESIAN_POINT ( 'NONE',  ( 17.63699679410061100, 11.36250705888858000, 194.7905710677850700 ) ) ;
#1573 = CARTESIAN_POINT ( 'NONE',  ( 45.87951559200857300, 20.91737893056480900, 194.3824198089633300 ) ) ;
#1574 = CARTESIAN_POINT ( 'NONE',  ( 28.38328362008530100, 11.36261891503290200, 184.5391609332625100 ) ) ;
#1575 = EDGE_LOOP ( 'NONE', ( #200, #1703 ) ) ;
#1576 = VECTOR ( 'NONE', #1005, 1000.000000000000100 ) ;
#1577 = CYLINDRICAL_SURFACE ( 'NONE', #2132, 1.599999999999990300 ) ;
#1578 = EDGE_LOOP ( 'NONE', ( #1695, #1322, #1558, #2376 ) ) ;
#1579 = APPROVAL_DATE_TIME ( #855, #1173 ) ;
#1580 = CIRCLE ( 'NONE', #1474, 0.9999999999915650800 ) ;
#1581 = CIRCLE ( 'NONE', #1411, 1.599999999999990300 ) ;
#1582 = LINE ( 'NONE', #177, #32 ) ;
#1583 = CARTESIAN_POINT ( 'NONE',  ( 13.13705168950549100, 13.61261891539180100, 165.2881620636301500 ) ) ;
#1584 = AXIS2_PLACEMENT_3D ( 'NONE', #2089, #2279, #1287 ) ;
#1585 = CARTESIAN_POINT ( 'NONE',  ( 33.33303108839110300, 12.86261891516710100, 176.6894134649929800 ) ) ;
#1586 = DIRECTION ( 'NONE',  ( -6.451712824244627600E-008, -2.433560920905705100E-011, 0.9999999999999978900 ) ) ;
#1587 = CARTESIAN_POINT ( 'NONE',  ( 42.12948098012243000, 14.36255029287075000, 194.7926865672495800 ) ) ;
#1588 = CC_DESIGN_PERSON_AND_ORGANIZATION_ASSIGNMENT ( #1291, #160, ( #1093 ) ) ;
#1589 = ORIENTED_EDGE ( 'NONE', *, *, #1649, .T. ) ;
#1590 = EDGE_CURVE ( 'NONE', #1874, #1029, #393, .T. ) ;
#1591 = CARTESIAN_POINT ( 'NONE',  ( 10.88705300832962800, 15.94231044270075200, 171.8391587274885500 ) ) ;
#1592 = EDGE_LOOP ( 'NONE', ( #491, #312, #1900, #627 ) ) ;
#1593 = CARTESIAN_POINT ( 'NONE',  ( 33.33303108839110300, 12.86261891492620000, 186.5889084016039900 ) ) ;
#1594 = EDGE_LOOP ( 'NONE', ( #1162, #1953, #2064, #2203 ) ) ;
#1595 = ORIENTED_EDGE ( 'NONE', *, *, #602, .T. ) ;
#1596 = DIRECTION ( 'NONE',  ( 0.0000000000000000000, 0.0000000000000000000, 1.000000000000000000 ) ) ;
#1597 = EDGE_LOOP ( 'NONE', ( #186, #2229, #293, #945 ) ) ;
#1598 = CARTESIAN_POINT ( 'NONE',  ( 12.38705604966006000, 22.94902818828979100, 169.8391604378813900 ) ) ;
#1599 = AXIS2_PLACEMENT_3D ( 'NONE', #654, #79, #2033 ) ;
#1600 = DIRECTION ( 'NONE',  ( -6.451712824180910900E-008, 0.0000000000000000000, 0.9999999999999978900 ) ) ;
#1601 = EDGE_CURVE ( 'NONE', #2194, #1946, #1449, .T. ) ;
#1602 = EDGE_CURVE ( 'NONE', #1563, #44, #1769, .T. ) ;
#1604 = VERTEX_POINT ( 'NONE', #898 ) ;
#1603 = VERTEX_POINT ( 'NONE', #464 ) ;
#1605 = VECTOR ( 'NONE', #2030, 1000.000000000000100 ) ;
#1606 = ORIENTED_EDGE ( 'NONE', *, *, #1996, .T. ) ;
#1607 = DIRECTION ( 'NONE',  ( 2.986119644176090300E-008, 0.0000000000000000000, -0.9999999999999995600 ) ) ;
#1608 = LINE ( 'NONE', #1248, #2041 ) ;
#1609 = CARTESIAN_POINT ( 'NONE',  ( 28.38328362008530100, 11.36261891520320200, 173.0391609332625100 ) ) ;
#1610 = LINE ( 'NONE', #622, #181 ) ;
#1611 = FACE_OUTER_BOUND ( 'NONE', #93, .T. ) ;
#1612 = ORIENTED_EDGE ( 'NONE', *, *, #1447, .T. ) ;
#1613 = ADVANCED_FACE ( 'NONE', ( #413 ), #204, .F. ) ;
#1614 = CARTESIAN_POINT ( 'NONE',  ( 45.87951683095418800, 15.94230946491132700, 171.8391592344170000 ) ) ;
#1615 = FACE_OUTER_BOUND ( 'NONE', #2183, .T. ) ;
#1616 = VECTOR ( 'NONE', #1832, 1000.000000000000000 ) ;
#1617 = AXIS2_PLACEMENT_3D ( 'NONE', #1037, #2435, #1240 ) ;
#1618 = AXIS2_PLACEMENT_3D ( 'NONE', #1378, #404, #580 ) ;
#1619 = ORIENTED_EDGE ( 'NONE', *, *, #604, .T. ) ;
#1620 = DIRECTION ( 'NONE',  ( 0.0000000000000000000, 0.0000000000000000000, 1.000000000000000000 ) ) ;
#1621 = ORIENTED_EDGE ( 'NONE', *, *, #929, .T. ) ;
#1622 = EDGE_CURVE ( 'NONE', #427, #558, #1701, .T. ) ;
#1623 = DIRECTION ( 'NONE',  ( 0.9999999999999975600, -3.640722839032678800E-008, 6.195692764271747300E-008 ) ) ;
#1624 = AXIS2_PLACEMENT_3D ( 'NONE', #1664, #1064, #459 ) ;
#1625 = CARTESIAN_POINT ( 'NONE',  ( 44.37951528948504900, 13.61261889503711200, 194.7916289447706800 ) ) ;
#1626 = VERTEX_POINT ( 'NONE', #2292 ) ;
#1627 = DIRECTION ( 'NONE',  ( 0.9999999999998900900, -4.675190115944398400E-007, -3.505562906889646600E-008 ) ) ;
#1628 = CARTESIAN_POINT ( 'NONE',  ( 10.88705608573376300, 20.82437990603779500, 194.5157978119677300 ) ) ;
#1629 = CARTESIAN_POINT ( 'NONE',  ( 12.38705648831272800, 22.61986154993280000, 192.4314713812190100 ) ) ;
#1630 = DIRECTION ( 'NONE',  ( 1.000000000000000000, 0.0000000000000000000, 0.0000000000000000000 ) ) ;
#1631 = CARTESIAN_POINT ( 'NONE',  ( 44.37951718764350100, 13.61261889575507500, 165.2891609333310000 ) ) ;
#1632 = ORIENTED_EDGE ( 'NONE', *, *, #1067, .T. ) ;
#1633 = ORIENTED_EDGE ( 'NONE', *, *, #724, .T. ) ;
#1634 = B_SPLINE_CURVE_WITH_KNOTS ( 'NONE', 1,
 ( #810, #444 ),
 .UNSPECIFIED., .F., .F.,
 ( 2, 2 ),
 ( 0.0000000000000000000, 1.000000000000000000 ),
 .UNSPECIFIED. ) ;
#1635 = ORIENTED_EDGE ( 'NONE', *, *, #1705, .F. ) ;
#1636 = VECTOR ( 'NONE', #2326, 1000.000000000000200 ) ;
#1637 = VECTOR ( 'NONE', #267, 1000.000000000000000 ) ;
#1638 = CARTESIAN_POINT ( 'NONE',  ( 12.38705575335587200, 20.08629703328870200, 194.8007587232289900 ) ) ;
#1639 = VERTEX_POINT ( 'NONE', #298 ) ;
#1640 = CARTESIAN_POINT ( 'NONE',  ( 43.62951719254468200, 13.61261891539177600, 165.2891609333310000 ) ) ;
#1641 = VECTOR ( 'NONE', #2157, 1000.000000000000000 ) ;
#1642 = LINE ( 'NONE', #1893, #1390 ) ;
#1643 = CARTESIAN_POINT ( 'NONE',  ( 10.88705512390705400, 19.74902981207084100, 167.8391594157304500 ) ) ;
#1644 = CARTESIAN_POINT ( 'NONE',  ( 10.88705621399251600, 22.94902888956823600, 169.8391604904648200 ) ) ;
#1645 = ORIENTED_EDGE ( 'NONE', *, *, #1078, .F. ) ;
#1646 = AXIS2_PLACEMENT_3D ( 'NONE', #959, #924, #2354 ) ;
#1647 = ORIENTED_EDGE ( 'NONE', *, *, #1997, .T. ) ;
#1648 = AXIS2_PLACEMENT_3D ( 'NONE', #2306, #2542, #166 ) ;
#1649 = EDGE_CURVE ( 'NONE', #1154, #2133, #2226, .T. ) ;
#1650 = PRODUCT ( '123', '123', '', ( #1330 ) ) ;
#1651 = ORIENTED_EDGE ( 'NONE', *, *, #1656, .F. ) ;
#1652 = EDGE_LOOP ( 'NONE', ( #848, #465, #2126, #1008 ) ) ;
#1653 = VERTEX_POINT ( 'NONE', #1871 ) ;
#1654 = DIRECTION ( 'NONE',  ( 0.9999999999998900900, -4.675190115944398400E-007, -3.505562906889646600E-008 ) ) ;
#1655 = PLANE ( 'NONE',  #2371 ) ;
#1656 = EDGE_CURVE ( 'NONE', #377, #281, #284, .T. ) ;
#1657 = ADVANCED_FACE ( 'NONE', ( #1103 ), #1460, .T. ) ;
#1658 = DIRECTION ( 'NONE',  ( 0.9999999999999935600, -5.768297144764877500E-008, 9.816321204889396300E-008 ) ) ;
#1659 = AXIS2_PLACEMENT_3D ( 'NONE', #1213, #613, #1600 ) ;
#1660 = CARTESIAN_POINT ( 'NONE',  ( 33.33303108839110300, 12.86261891512816300, 176.6894134649929800 ) ) ;
#1661 = CARTESIAN_POINT ( 'NONE',  ( 23.43353615177949900, 12.86261891489860100, 186.5889084016039900 ) ) ;
#1662 = ORIENTED_EDGE ( 'NONE', *, *, #1649, .F. ) ;
#1663 = EDGE_CURVE ( 'NONE', #1299, #415, #644, .T. ) ;
#1664 = CARTESIAN_POINT ( 'NONE',  ( 23.43353615177949900, 12.86261891489860100, 184.9889084016040200 ) ) ;
#1665 = VERTEX_POINT ( 'NONE', #119 ) ;
#1666 = APPROVAL_DATE_TIME ( #2198, #406 ) ;
#1667 = DIRECTION ( 'NONE',  ( 0.0000000000000000000, 0.0000000000000000000, 1.000000000000000000 ) ) ;
#1668 = CARTESIAN_POINT ( 'NONE',  ( 40.12959535071546900, 11.86245880079584400, 194.7905709997399100 ) ) ;
#1669 = FACE_OUTER_BOUND ( 'NONE', #2164, .T. ) ;
#1670 = DIRECTION ( 'NONE',  ( -0.9999999999999976700, 2.618226821468866200E-008, -6.451712824180909500E-008 ) ) ;
#1671 = LINE ( 'NONE', #939, #2385 ) ;
#1672 = VECTOR ( 'NONE', #706, 1000.000000000000000 ) ;
#1673 = EDGE_LOOP ( 'NONE', ( #1341, #1764, #2148, #2009 ) ) ;
#1674 = VECTOR ( 'NONE', #717, 1000.000000000000100 ) ;
#1675 = ORIENTED_EDGE ( 'NONE', *, *, #593, .F. ) ;
#1676 = CARTESIAN_POINT ( 'NONE',  ( 28.38328362008530100, 12.86261891520320200, 173.0391609332990300 ) ) ;
#1677 = DIRECTION ( 'NONE',  ( -2.618226821468860900E-008, -0.9999999999999996700, -1.689204756068511000E-015 ) ) ;
#1678 = DIRECTION ( 'NONE',  ( 0.9999999999998900900, -4.675190115944398400E-007, -3.505562906889646600E-008 ) ) ;
#1679 = ORIENTED_EDGE ( 'NONE', *, *, #1030, .F. ) ;
#1680 = EDGE_LOOP ( 'NONE', ( #203, #2429, #880, #412 ) ) ;
#1681 = CARTESIAN_POINT ( 'NONE',  ( 12.38705512390688800, 19.74902911079232500, 167.8391593631469900 ) ) ;
#1682 = ADVANCED_FACE ( 'NONE', ( #2165 ), #2271, .F. ) ;
#1683 = DIRECTION ( 'NONE',  ( 0.9999999999998900900, -4.675190115944398400E-007, -3.505562906889646600E-008 ) ) ;
#1684 = AXIS2_PLACEMENT_3D ( 'NONE', #513, #488, #2338 ) ;
#1685 = CARTESIAN_POINT ( 'NONE',  ( 44.87951545858485500, 20.08629702019756600, 194.8007587554875500 ) ) ;
#1686 = EDGE_CURVE ( 'NONE', #377, #346, #1024, .T. ) ;
#1687 = ORIENTED_EDGE ( 'NONE', *, *, #2333, .T. ) ;
#1688 = CARTESIAN_POINT ( 'NONE',  ( 11.81900279928710700, 11.36265167673996700, 194.7905712717384900 ) ) ;
#1689 = DIRECTION ( 'NONE',  ( -6.451712824244627600E-008, -2.433560920905705100E-011, 0.9999999999999978900 ) ) ;
#1690 = CARTESIAN_POINT ( 'NONE',  ( 10.88705277867950500, 15.94231044270086000, 165.2881388908494400 ) ) ;
#1691 = ADVANCED_FACE ( 'NONE', ( #1909 ), #583, .T. ) ;
#1692 = DIRECTION ( 'NONE',  ( 0.0000000000000000000, -2.433547190921417500E-011, 1.000000000000000000 ) ) ;
#1693 = DIRECTION ( 'NONE',  ( -0.9999999999999975600, 3.640722839032678800E-008, -6.195692764271747300E-008 ) ) ;
#1694 = DIRECTION ( 'NONE',  ( 0.0000000000000000000, 0.0000000000000000000, 1.000000000000000000 ) ) ;
#1695 = ORIENTED_EDGE ( 'NONE', *, *, #1760, .F. ) ;
#1696 = AXIS2_PLACEMENT_3D ( 'NONE', #2182, #1791, #15 ) ;
#1697 = ORIENTED_EDGE ( 'NONE', *, *, #1316, .T. ) ;
#1698 = DIRECTION ( 'NONE',  ( 0.0000000000000000000, -2.433501632527061900E-011, 1.000000000000000000 ) ) ;
#1699 = CARTESIAN_POINT ( 'NONE',  ( 8.636996796881032200, 11.36273077184931100, 194.7905713832857700 ) ) ;
#1700 = EDGE_LOOP ( 'NONE', ( #1841, #647, #1755, #817 ) ) ;
#1701 = CIRCLE ( 'NONE', #1872, 1.599999999999990300 ) ;
#1702 = LINE ( 'NONE', #1993, #1482 ) ;
#1703 = ORIENTED_EDGE ( 'NONE', *, *, #1622, .T. ) ;
#1704 = DIRECTION ( 'NONE',  ( -0.9999999999999974500, 2.618226821468865800E-008, -6.451712824180908200E-008 ) ) ;
#1705 = EDGE_CURVE ( 'NONE', #748, #2085, #2314, .T. ) ;
#1706 = DIRECTION ( 'NONE',  ( -3.505562905752293800E-008, 2.433560920905709000E-011, -0.9999999999999993300 ) ) ;
#1707 = CYLINDRICAL_SURFACE ( 'NONE', #1466, 1.599999999999990300 ) ;
#1708 = DIRECTION ( 'NONE',  ( 0.9999999999999975600, -3.640736310580128700E-008, 6.195705879341587000E-008 ) ) ;
#1709 = LINE ( 'NONE', #121, #1773 ) ;
#1710 = CARTESIAN_POINT ( 'NONE',  ( 10.88705612453726200, 20.91737964232412500, 194.3824198069014200 ) ) ;
#1711 = ADVANCED_FACE ( 'NONE', ( #788, #2135, #23, #2250, #2099, #851, #2381, #1325, #1255, #734 ), #1156, .T. ) ;
#1712 = ORIENTED_EDGE ( 'NONE', *, *, #910, .T. ) ;
#1713 = AXIS2_PLACEMENT_3D ( 'NONE', #726, #2324, #753 ) ;
#1714 = DIRECTION ( 'NONE',  ( -0.9999999999999935600, 5.768297144764877500E-008, -9.816306376162606600E-008 ) ) ;
#1715 = AXIS2_PLACEMENT_3D ( 'NONE', #146, #1658, #1300 ) ;
#1716 = DIRECTION ( 'NONE',  ( 0.0000000000000000000, 2.433560920905710600E-011, -1.000000000000000000 ) ) ;
#1717 = DIRECTION ( 'NONE',  ( 0.0000000000000000000, 0.0000000000000000000, 1.000000000000000000 ) ) ;
#1718 = VERTEX_POINT ( 'NONE', #541 ) ;
#1719 = ORIENTED_EDGE ( 'NONE', *, *, #103, .F. ) ;
#1720 = EDGE_CURVE ( 'NONE', #8, #2265, #380, .T. ) ;
#1721 = ORIENTED_EDGE ( 'NONE', *, *, #1150, .F. ) ;
#1722 = CARTESIAN_POINT ( 'NONE',  ( 23.43353615177949900, 11.36261891513950000, 176.6894134649564900 ) ) ;
#1723 = ADVANCED_FACE ( 'NONE', ( #1878 ), #347, .T. ) ;
#1724 = CARTESIAN_POINT ( 'NONE',  ( 13.13703408098427500, 12.86261891490554300, 194.7905712255705700 ) ) ;
#1725 = DIRECTION ( 'NONE',  ( -0.9999999999999976700, 2.618226821468866200E-008, -6.451712824180909500E-008 ) ) ;
#1726 = CARTESIAN_POINT ( 'NONE',  ( 44.37951553290953700, 22.94902818811540300, 194.8019983998290200 ) ) ;
#1727 = CARTESIAN_POINT ( 'NONE',  ( 15.63702165171412200, 12.36255677257092200, 194.7905711379198400 ) ) ;
#1728 = DIRECTION ( 'NONE',  ( -0.9999999999999974500, 2.618226941860606000E-008, -6.451712824129233900E-008 ) ) ;
#1729 = AXIS2_PLACEMENT_3D ( 'NONE', #535, #542, #2517 ) ;
#1730 = CARTESIAN_POINT ( 'NONE',  ( 33.33303108839110300, 12.86261891492620000, 184.9889084016040200 ) ) ;
#1731 = ORIENTED_EDGE ( 'NONE', *, *, #1506, .F. ) ;
#1732 = VECTOR ( 'NONE', #86, 1000.000000000000000 ) ;
#1733 = ORIENTED_EDGE ( 'NONE', *, *, #2350, .T. ) ;
#1734 = LOCAL_TIME ( 9, 53, 32.00000000000000000, #735 ) ;
#1735 = AXIS2_PLACEMENT_3D ( 'NONE', #1238, #1442, #657 ) ;
#1736 = LINE ( 'NONE', #1785, #1194 ) ;
#1737 = ADVANCED_FACE ( 'NONE', ( #944 ), #2408, .F. ) ;
#1738 = VECTOR ( 'NONE', #1398, 1000.000000000000000 ) ;
#1739 = VECTOR ( 'NONE', #1704, 1000.000000000000100 ) ;
#1740 = ORIENTED_EDGE ( 'NONE', *, *, #2366, .F. ) ;
#1741 = DIRECTION ( 'NONE',  ( 9.816305377247674700E-008, 0.0000000000000000000, -0.9999999999999952300 ) ) ;
#1742 = CIRCLE ( 'NONE', #937, 1.599999999999990300 ) ;
#1743 = EDGE_CURVE ( 'NONE', #579, #1718, #1356, .T. ) ;
#1744 = EDGE_CURVE ( 'NONE', #572, #2117, #2004, .T. ) ;
#1745 = DIRECTION ( 'NONE',  ( -2.618226821468860900E-008, -0.9999999999999996700, -1.689204756068511000E-015 ) ) ;
#1746 = ORIENTED_EDGE ( 'NONE', *, *, #1490, .F. ) ;
#1747 = PLANE ( 'NONE',  #5 ) ;
#1748 = CARTESIAN_POINT ( 'NONE',  ( 12.38705605891326700, 21.94902877071113800, 166.2891599423773000 ) ) ;
#1749 = ORIENTED_EDGE ( 'NONE', *, *, #1786, .T. ) ;
#1750 = ORIENTED_EDGE ( 'NONE', *, *, #1568, .F. ) ;
#1751 = CARTESIAN_POINT ( 'NONE',  ( 44.37951567723080600, 29.99902898686581000, 200.5891590693970000 ) ) ;
#1752 = DIRECTION ( 'NONE',  ( 0.0000000000000000000, 0.0000000000000000000, 1.000000000000000000 ) ) ;
#1753 = AXIS2_PLACEMENT_3D ( 'NONE', #1991, #1206, #1418 ) ;
#1754 = CARTESIAN_POINT ( 'NONE',  ( 13.13703408098427500, 12.86261891490554300, 194.7905712255705700 ) ) ;
#1755 = ORIENTED_EDGE ( 'NONE', *, *, #1555, .T. ) ;
#1756 = AXIS2_PLACEMENT_3D ( 'NONE', #1676, #1047, #2027 ) ;
#1757 = ORIENTED_EDGE ( 'NONE', *, *, #1743, .T. ) ;
#1758 = EDGE_CURVE ( 'NONE', #156, #1428, #1544, .T. ) ;
#1759 = CARTESIAN_POINT ( 'NONE',  ( 28.38328362008530100, 12.86261891488926800, 185.9391609332980100 ) ) ;
#1760 = EDGE_CURVE ( 'NONE', #1821, #2369, #493, .T. ) ;
#1761 = CARTESIAN_POINT ( 'NONE',  ( 17.63710865065512900, 15.86250705749832200, 194.7926865063111600 ) ) ;
#1762 = DIRECTION ( 'NONE',  ( 6.195705927466307800E-008, -1.040834085585503700E-014, -0.9999999999999982200 ) ) ;
#1763 = AXIS2_PLACEMENT_3D ( 'NONE', #1323, #343, #1717 ) ;
#1764 = ORIENTED_EDGE ( 'NONE', *, *, #1344, .T. ) ;
#1765 = EDGE_LOOP ( 'NONE', ( #437, #1851 ) ) ;
#1766 = CARTESIAN_POINT ( 'NONE',  ( 8.637108653435552300, 15.86273077045904900, 194.7926868218118300 ) ) ;
#1767 = DIRECTION ( 'NONE',  ( 0.0000000000000000000, 0.0000000000000000000, 1.000000000000000000 ) ) ;
#1768 = ORIENTED_EDGE ( 'NONE', *, *, #1435, .T. ) ;
#1769 = CIRCLE ( 'NONE', #127, 1.000000000020292000 ) ;
#1770 = LINE ( 'NONE', #2021, #1975 ) ;
#1771 = VERTEX_POINT ( 'NONE', #1144 ) ;
#1772 = CIRCLE ( 'NONE', #280, 1.149999999999989900 ) ;
#1773 = VECTOR ( 'NONE', #308, 1000.000000000000000 ) ;
#1774 = EDGE_CURVE ( 'NONE', #1145, #1311, #1477, .T. ) ;
#1775 = CARTESIAN_POINT ( 'NONE',  ( 28.38328362008530100, 12.86261891503290000, 175.5391609332990000 ) ) ;
#1776 = VERTEX_POINT ( 'NONE', #1549 ) ;
#1777 = DIRECTION ( 'NONE',  ( 0.0000000000000000000, 1.000000000000000000, 0.0000000000000000000 ) ) ;
#1778 = CARTESIAN_POINT ( 'NONE',  ( 13.13700922398863800, 11.86261891521448000, 194.7905712255471000 ) ) ;
#1779 = CARTESIAN_POINT ( 'NONE',  ( 44.37951534945774800, 15.94230950397770200, 194.8019983998289900 ) ) ;
#1780 = EDGE_LOOP ( 'NONE', ( #1937, #992, #1039, #663 ) ) ;
#1781 = EDGE_LOOP ( 'NONE', ( #1898, #319, #911, #1645 ) ) ;
#1782 = ORIENTED_EDGE ( 'NONE', *, *, #2060, .T. ) ;
#1783 = AXIS2_PLACEMENT_3D ( 'NONE', #835, #474, #648 ) ;
#1784 = DIRECTION ( 'NONE',  ( -0.9999999999999976700, 2.618226821468866200E-008, -6.451712824180909500E-008 ) ) ;
#1785 = CARTESIAN_POINT ( 'NONE',  ( 33.33303108839110300, 12.86261891520603800, 173.4894134649929900 ) ) ;
#1786 = EDGE_CURVE ( 'NONE', #1062, #2154, #1416, .T. ) ;
#1787 = DIRECTION ( 'NONE',  ( 0.0000000000000000000, 1.000000000000000000, 2.433560920905710600E-011 ) ) ;
#1788 = CARTESIAN_POINT ( 'NONE',  ( 43.62951719254470400, 11.36261891539177600, 165.2891609332945100 ) ) ;
#1789 = VERTEX_POINT ( 'NONE', #1934 ) ;
#1790 = CARTESIAN_POINT ( 'NONE',  ( 44.37951557806524500, 19.74902726537318600, 192.2891625036249400 ) ) ;
#1791 = DIRECTION ( 'NONE',  ( 0.0000000000000000000, 1.000000000000000000, 0.0000000000000000000 ) ) ;
#1792 = ADVANCED_FACE ( 'NONE', ( #819 ), #192, .F. ) ;
#1793 = ORIENTED_EDGE ( 'NONE', *, *, #668, .F. ) ;
#1794 = LINE ( 'NONE', #476, #1163 ) ;
#1795 = EDGE_CURVE ( 'NONE', #1541, #1380, #441, .T. ) ;
#1796 = PLANE ( 'NONE',  #633 ) ;
#1797 = LINE ( 'NONE', #710, #1481 ) ;
#1798 = CIRCLE ( 'NONE', #2158, 10.99999911273291700 ) ;
#1799 = AXIS2_PLACEMENT_3D ( 'NONE', #33, #40, #1596 ) ;
#1800 = CARTESIAN_POINT ( 'NONE',  ( 12.38705544431880600, 18.59902911079113300, 192.2891593631474300 ) ) ;
#1801 = FACE_OUTER_BOUND ( 'NONE', #2541, .T. ) ;
#1802 = VERTEX_POINT ( 'NONE', #1931 ) ;
#1803 = EDGE_CURVE ( 'NONE', #372, #2506, #1009, .T. ) ;
#1804 = DIRECTION ( 'NONE',  ( 0.9999999999998900900, -4.675190115944398400E-007, -3.505562906889646600E-008 ) ) ;
#1805 = EDGE_LOOP ( 'NONE', ( #2251, #631, #2491, #2270 ) ) ;
#1806 = ORIENTED_EDGE ( 'NONE', *, *, #1523, .F. ) ;
#1807 = EDGE_CURVE ( 'NONE', #664, #1450, #2252, .T. ) ;
#1808 = CARTESIAN_POINT ( 'NONE',  ( 12.38705590115453200, 20.41066142086281900, 194.7680214866377400 ) ) ;
#1809 = ADVANCED_FACE ( 'NONE', ( #2539 ), #767, .F. ) ;
#1810 = DIRECTION ( 'NONE',  ( -0.9999999999999974500, 2.618226821468865800E-008, -6.451712824180908200E-008 ) ) ;
#1811 = CARTESIAN_POINT ( 'NONE',  ( 10.88705087134626500, 11.86261914791671800, 165.2881388908494400 ) ) ;
#1812 = ORIENTED_EDGE ( 'NONE', *, *, #2396, .T. ) ;
#1813 = ORIENTED_EDGE ( 'NONE', *, *, #1296, .F. ) ;
#1814 = CARTESIAN_POINT ( 'NONE',  ( 21.38328362008530100, 12.86261891501950000, 178.9391609332989800 ) ) ;
#1815 = CARTESIAN_POINT ( 'NONE',  ( 44.37951570311048500, 22.61986159007738100, 192.4314713425764300 ) ) ;
#1816 = AXIS2_PLACEMENT_3D ( 'NONE', #2012, #68, #251 ) ;
#1817 = CARTESIAN_POINT ( 'NONE',  ( 45.87951574227658100, 15.94230946470430200, 188.7134007642489500 ) ) ;
#1818 = EDGE_CURVE ( 'NONE', #1874, #950, #919, .T. ) ;
#1819 = ORIENTED_EDGE ( 'NONE', *, *, #797, .F. ) ;
#1820 = DIRECTION ( 'NONE',  ( 4.675190115944401000E-007, 0.9999999999998906400, 0.0000000000000000000 ) ) ;
#1821 = VERTEX_POINT ( 'NONE', #2146 ) ;
#1822 = DIRECTION ( 'NONE',  ( 0.9999999999999935600, -5.768297144764877500E-008, 9.816321204889396300E-008 ) ) ;
#1823 = LINE ( 'NONE', #2042, #1286 ) ;
#1824 = CARTESIAN_POINT ( 'NONE',  ( 44.37951724174616400, 19.74902726537214500, 166.6891625036274700 ) ) ;
#1825 = LINE ( 'NONE', #619, #2007 ) ;
#1826 = CYLINDRICAL_SURFACE ( 'NONE', #1074, 2.250000000000000000 ) ;
#1827 = ORIENTED_EDGE ( 'NONE', *, *, #933, .T. ) ;
#1828 = COORDINATED_UNIVERSAL_TIME_OFFSET ( 8, 0, .AHEAD. ) ;
#1829 = DIRECTION ( 'NONE',  ( -0.9999999999999974500, 2.618226821468865800E-008, -6.451712824180908200E-008 ) ) ;
#1830 = CYLINDRICAL_SURFACE ( 'NONE', #1816, 0.9999999999915648600 ) ;
#1831 = LINE ( 'NONE', #473, #1364 ) ;
#1832 = DIRECTION ( 'NONE',  ( 0.0000000000000000000, 1.000000000000000000, 2.433560920905710600E-011 ) ) ;
#1833 = ORIENTED_EDGE ( 'NONE', *, *, #1795, .F. ) ;
#1834 = EDGE_CURVE ( 'NONE', #1988, #2369, #2169, .T. ) ;
#1835 = CARTESIAN_POINT ( 'NONE',  ( 10.88705605445372600, 22.94902918063344200, 165.2881388908494400 ) ) ;
#1836 = ORIENTED_EDGE ( 'NONE', *, *, #667, .T. ) ;
#1837 = AXIS2_PLACEMENT_3D ( 'NONE', #339, #133, #1079 ) ;
#1838 = CARTESIAN_POINT ( 'NONE',  ( 10.88705344079306400, 16.94231045521302900, 170.8391600874640800 ) ) ;
#1839 = EDGE_CURVE ( 'NONE', #1626, #656, #530, .T. ) ;
#1840 = EDGE_LOOP ( 'NONE', ( #1282, #1159, #1733, #507 ) ) ;
#1841 = ORIENTED_EDGE ( 'NONE', *, *, #2523, .F. ) ;
#1842 = VERTEX_POINT ( 'NONE', #1527 ) ;
#1843 = EDGE_CURVE ( 'NONE', #1545, #2361, #1856, .T. ) ;
#1844 = AXIS2_PLACEMENT_3D ( 'NONE', #935, #1922, #2533 ) ;
#1845 = AXIS2_PLACEMENT_3D ( 'NONE', #707, #2111, #1317 ) ;
#1846 = CC_DESIGN_PERSON_AND_ORGANIZATION_ASSIGNMENT ( #1108, #1531, ( #2119 ) ) ;
#1847 = EDGE_CURVE ( 'NONE', #1776, #1842, #233, .T. ) ;
#1848 = ORIENTED_EDGE ( 'NONE', *, *, #1435, .F. ) ;
#1849 = CARTESIAN_POINT ( 'NONE',  ( 43.62951528919841600, 12.86261891467888000, 194.7905712255700600 ) ) ;
#1850 = EDGE_CURVE ( 'NONE', #802, #1559, #1258, .T. ) ;
#1851 = ORIENTED_EDGE ( 'NONE', *, *, #244, .T. ) ;
#1852 = VECTOR ( 'NONE', #1829, 1000.000000000000100 ) ;
#1853 = LINE ( 'NONE', #1432, #2285 ) ;
#1854 = DIRECTION ( 'NONE',  ( 6.195705753993960200E-008, 0.0000000000000000000, -0.9999999999999982200 ) ) ;
#1855 = CYLINDRICAL_SURFACE ( 'NONE', #1038, 1.000000000000169400 ) ;
#1856 = LINE ( 'NONE', #2345, #2106 ) ;
#1857 = FACE_OUTER_BOUND ( 'NONE', #221, .T. ) ;
#1858 = CARTESIAN_POINT ( 'NONE',  ( 28.38328362008530100, 12.86261891503290000, 180.0391609332990000 ) ) ;
#1859 = FACE_OUTER_BOUND ( 'NONE', #2493, .T. ) ;
#1860 = VERTEX_POINT ( 'NONE', #1952 ) ;
#1861 = CARTESIAN_POINT ( 'NONE',  ( 35.38328362008530100, 12.86261891504620000, 180.0391609332990000 ) ) ;
#1862 = DIRECTION ( 'NONE',  ( -0.9999999999999975600, 3.640735629759108700E-008, -6.195674100480536700E-008 ) ) ;
#1863 = ORIENTED_EDGE ( 'NONE', *, *, #1834, .F. ) ;
#1864 = CARTESIAN_POINT ( 'NONE',  ( 45.12954959813791300, 12.86268753647688400, 194.7905713223468600 ) ) ;
#1865 = EDGE_CURVE ( 'NONE', #366, #1604, #1671, .T. ) ;
#1866 = EDGE_CURVE ( 'NONE', #1057, #586, #2254, .T. ) ;
#1867 = DIRECTION ( 'NONE',  ( 3.505562906889262800E-008, -1.638917305311179700E-014, 0.9999999999999993300 ) ) ;
#1868 = VERTEX_POINT ( 'NONE', #1593 ) ;
#1869 = ORIENTED_EDGE ( 'NONE', *, *, #2397, .T. ) ;
#1870 = CARTESIAN_POINT ( 'NONE',  ( 21.38328362008530100, 11.36261891501950100, 181.1391609332625000 ) ) ;
#1871 = CARTESIAN_POINT ( 'NONE',  ( 33.33303108839110300, 12.86261891492620000, 183.3889084016040300 ) ) ;
#1872 = AXIS2_PLACEMENT_3D ( 'NONE', #1507, #1498, #1694 ) ;
#1873 = CARTESIAN_POINT ( 'NONE',  ( 45.87951741081074900, 21.94902785843959900, 165.2891615257066700 ) ) ;
#1874 = VERTEX_POINT ( 'NONE', #1181 ) ;
#1875 = ORIENTED_EDGE ( 'NONE', *, *, #843, .F. ) ;
#1876 = EDGE_CURVE ( 'NONE', #1665, #8, #1071, .T. ) ;
#1877 = CARTESIAN_POINT ( 'NONE',  ( 44.37951545885891800, 20.08629703328870200, 194.8007587232289900 ) ) ;
#1878 = FACE_OUTER_BOUND ( 'NONE', #1781, .T. ) ;
#1879 = EDGE_LOOP ( 'NONE', ( #2395, #392, #378, #1936 ) ) ;
#1880 = DIRECTION ( 'NONE',  ( 4.675190115944401600E-007, 0.9999999999998907500, 0.0000000000000000000 ) ) ;
#1881 = CARTESIAN_POINT ( 'NONE',  ( 44.37951712154367100, 21.94902760575829200, 169.8391619244683900 ) ) ;
#1882 = FACE_OUTER_BOUND ( 'NONE', #2080, .T. ) ;
#1883 = DIRECTION ( 'NONE',  ( 0.9999999999999975600, -3.640735629759108700E-008, 6.195674100480536700E-008 ) ) ;
#1884 = FACE_OUTER_BOUND ( 'NONE', #2094, .T. ) ;
#1885 = CIRCLE ( 'NONE', #1756, 1.100000000000017600 ) ;
#1886 = ORIENTED_EDGE ( 'NONE', *, *, #496, .T. ) ;
#1887 = DIRECTION ( 'NONE',  ( 3.505562906889262800E-008, -1.638917305311179700E-014, 0.9999999999999993300 ) ) ;
#1888 = LINE ( 'NONE', #1933, #185 ) ;
#1889 = AXIS2_PLACEMENT_3D ( 'NONE', #537, #1125, #2128 ) ;
#1890 = DIRECTION ( 'NONE',  ( 0.0000000000000000000, -2.433600196360978100E-011, 1.000000000000000000 ) ) ;
#1891 = ORIENTED_EDGE ( 'NONE', *, *, #1847, .T. ) ;
#1892 = CARTESIAN_POINT ( 'NONE',  ( 44.37951546855281000, 20.40913673144419200, 194.7687764803049200 ) ) ;
#1893 = CARTESIAN_POINT ( 'NONE',  ( 12.38705532493347100, 21.94902818947108300, 165.2891604378541500 ) ) ;
#1894 = ADVANCED_FACE ( 'NONE', ( #2319 ), #31, .F. ) ;
#1895 = VERTEX_POINT ( 'NONE', #212 ) ;
#1896 = CARTESIAN_POINT ( 'NONE',  ( 35.38328362008530100, 11.36261891504620000, 178.9391609332625400 ) ) ;
#1897 = EDGE_CURVE ( 'NONE', #2154, #1062, #417, .T. ) ;
#1898 = ORIENTED_EDGE ( 'NONE', *, *, #1865, .F. ) ;
#1899 = CARTESIAN_POINT ( 'NONE',  ( 45.87951545803671400, 20.08629699401529900, 194.8007588200046900 ) ) ;
#1900 = ORIENTED_EDGE ( 'NONE', *, *, #1250, .T. ) ;
#1901 = CARTESIAN_POINT ( 'NONE',  ( 21.38328362008530100, 12.86261891501950000, 180.0391609332990000 ) ) ;
#1902 = CARTESIAN_POINT ( 'NONE',  ( 12.38705584892041100, 21.94902877051923100, 169.8391599423197500 ) ) ;
#1903 = DIRECTION ( 'NONE',  ( -0.9999999999999976700, 2.618226821468866200E-008, -6.451712824180909500E-008 ) ) ;
#1904 = AXIS2_PLACEMENT_3D ( 'NONE', #803, #2000, #2200 ) ;
#1905 = VERTEX_POINT ( 'NONE', #2390 ) ;
#1906 = DIRECTION ( 'NONE',  ( 0.0000000000000000000, 1.000000000000000000, 0.0000000000000000000 ) ) ;
#1907 = AXIS2_PLACEMENT_3D ( 'NONE', #1180, #201, #952 ) ;
#1908 = ORIENTED_EDGE ( 'NONE', *, *, #303, .T. ) ;
#1909 = FACE_OUTER_BOUND ( 'NONE', #1578, .T. ) ;
#1910 = FACE_OUTER_BOUND ( 'NONE', #1680, .T. ) ;
#1911 = ORIENTED_EDGE ( 'NONE', *, *, #1601, .F. ) ;
#1912 = EDGE_CURVE ( 'NONE', #1145, #965, #1519, .T. ) ;
#1913 = FACE_OUTER_BOUND ( 'NONE', #65, .T. ) ;
#1914 = LINE ( 'NONE', #125, #615 ) ;
#1915 = CYLINDRICAL_SURFACE ( 'NONE', #1480, 1.000000000000179400 ) ;
#1916 = CARTESIAN_POINT ( 'NONE',  ( 43.62951719254468900, 12.86261891626710100, 165.2891609333310000 ) ) ;
#1917 = AXIS2_PLACEMENT_3D ( 'NONE', #1276, #1086, #1308 ) ;
#1918 = VECTOR ( 'NONE', #1728, 1000.000000000000100 ) ;
#1919 = ORIENTED_EDGE ( 'NONE', *, *, #2312, .T. ) ;
#1920 = EDGE_CURVE ( 'NONE', #1057, #2486, #1195, .T. ) ;
#1921 = CARTESIAN_POINT ( 'NONE',  ( 21.38328362008530100, 11.36261891501950100, 178.9391609332624900 ) ) ;
#1922 = DIRECTION ( 'NONE',  ( 0.0000000000000000000, 0.0000000000000000000, -1.000000000000000000 ) ) ;
#1923 = ORIENTED_EDGE ( 'NONE', *, *, #10, .F. ) ;
#1924 = AXIS2_PLACEMENT_3D ( 'NONE', #364, #1526, #552 ) ;
#1925 = PLANE ( 'NONE',  #2497 ) ;
#1926 = DIRECTION ( 'NONE',  ( 0.0000000000000000000, 0.0000000000000000000, 1.000000000000000000 ) ) ;
#1927 = EDGE_CURVE ( 'NONE', #1509, #1385, #590, .T. ) ;
#1928 = DIRECTION ( 'NONE',  ( 4.675190113515146600E-007, 0.9999999999998907500, 0.0000000000000000000 ) ) ;
#1929 = CLOSED_SHELL ( 'NONE', ( #1329, #419, #1500, #505, #2530, #172, #2473, #2193, #2521, #994, #1510, #279, #1129, #1280, #1264, #918, #544, #529, #150, #2022, #1792, #225, #515, #361, #649, #2081, #2490, #687, #1182, #1100, #712, #438, #2427, #1985, #1315, #1657, #869, #2287, #1409, #1691, #1682, #930, #904, #1613, #1723, #2212, #2501, #1297, #429, #696, #1211, #1737, #134, #2400, #1223, #2127, #727, #315, #2091, #43, #1894, #1239, #2391, #1529, #891, #1711, #1809, #2274, #1199, #1400, #1487, #1004, #1087 ) ) ;
#1930 = APPLICATION_PROTOCOL_DEFINITION ( 'international standard', 'config_control_design', 1994, #555 ) ;
#1931 = CARTESIAN_POINT ( 'NONE',  ( 44.37951705963739400, 21.94902795501451800, 170.8391613298438800 ) ) ;
#1932 = CARTESIAN_POINT ( 'NONE',  ( 28.38328362008530100, 12.86261891503290000, 184.5391609332990000 ) ) ;
#1933 = CARTESIAN_POINT ( 'NONE',  ( 45.87951678865577100, 11.86261890105179800, 170.8391592331226400 ) ) ;
#1934 = CARTESIAN_POINT ( 'NONE',  ( 10.88705644317761500, 21.94902918066668500, 189.7134002246030500 ) ) ;
#1935 = VERTEX_POINT ( 'NONE', #1371 ) ;
#1937 = ORIENTED_EDGE ( 'NONE', *, *, #72, .F. ) ;
#1936 = ORIENTED_EDGE ( 'NONE', *, *, #1316, .F. ) ;
#1938 = VECTOR ( 'NONE', #1349, 1000.000000000000100 ) ;
#1939 = CARTESIAN_POINT ( 'NONE',  ( 13.13708379504970700, 14.86261891428762100, 194.7926866640380000 ) ) ;
#1940 = EDGE_LOOP ( 'NONE', ( #2150, #2339, #1633, #581 ) ) ;
#1941 = CARTESIAN_POINT ( 'NONE',  ( 44.37951730547623400, 21.94902760595519100, 166.2891619245308700 ) ) ;
#1942 = AXIS2_PLACEMENT_3D ( 'NONE', #210, #1956, #2173 ) ;
#1943 = CIRCLE ( 'NONE', #906, 1.599999999999990300 ) ;
#1944 = CIRCLE ( 'NONE', #211, 10.99999911273291700 ) ;
#1945 = CIRCLE ( 'NONE', #893, 1.100000000000017600 ) ;
#1946 = VERTEX_POINT ( 'NONE', #1574 ) ;
#1947 = CIRCLE ( 'NONE', #1837, 0.7500000000000006700 ) ;
#1948 = EDGE_CURVE ( 'NONE', #1559, #1393, #1232, .T. ) ;
#1949 = APPROVAL_STATUS ( 'not_yet_approved' ) ;
#1950 = CYLINDRICAL_SURFACE ( 'NONE', #2458, 1.150000000000040800 ) ;
#1951 = CARTESIAN_POINT ( 'NONE',  ( 33.33303108839110300, 12.86261891488726200, 186.5889084016039900 ) ) ;
#1952 = CARTESIAN_POINT ( 'NONE',  ( 33.33303108839110300, 11.36261891516710100, 173.4894134649565000 ) ) ;
#1953 = ORIENTED_EDGE ( 'NONE', *, *, #357, .F. ) ;
#1954 = ORIENTED_EDGE ( 'NONE', *, *, #2120, .F. ) ;
#1955 = DIRECTION ( 'NONE',  ( -0.9999999999999994400, 0.0000000000000000000, 3.505562506944670500E-008 ) ) ;
#1956 = DIRECTION ( 'NONE',  ( 1.000000000000000000, -0.0000000000000000000, -0.0000000000000000000 ) ) ;
#1957 = AXIS2_PLACEMENT_3D ( 'NONE', #1609, #1995, #1068 ) ;
#1958 = DIRECTION ( 'NONE',  ( -6.451712775134027900E-008, 0.0000000000000000000, 0.9999999999999980000 ) ) ;
#1959 = CARTESIAN_POINT ( 'NONE',  ( 45.87951528919840900, 13.61261885576373800, 194.7905713223641700 ) ) ;
#1960 = CARTESIAN_POINT ( 'NONE',  ( 43.62943523120732400, 15.36261891284257300, 194.7926866640466400 ) ) ;
#1961 = ORIENTED_EDGE ( 'NONE', *, *, #170, .T. ) ;
#1962 = VERTEX_POINT ( 'NONE', #1567 ) ;
#1963 = ORIENTED_EDGE ( 'NONE', *, *, #118, .F. ) ;
#1964 = CARTESIAN_POINT ( 'NONE',  ( 43.62951719260920700, 13.61261891539180100, 165.2881608204452800 ) ) ;
#1965 = EDGE_CURVE ( 'NONE', #129, #1905, #111, .T. ) ;
#1966 = CARTESIAN_POINT ( 'NONE',  ( 44.37951715795107800, 22.94902789696857000, 169.8391613979776500 ) ) ;
#1967 = CARTESIAN_POINT ( 'NONE',  ( 12.38705452899679900, 21.94902818947139900, 165.2891609333310000 ) ) ;
#1968 = CARTESIAN_POINT ( 'NONE',  ( 39.12941236224343600, 15.86241304926466400, 194.7926863737302200 ) ) ;
#1969 = CARTESIAN_POINT ( 'NONE',  ( 45.87951714672571800, 11.86261890105179800, 165.2891610301067300 ) ) ;
#1970 = EDGE_LOOP ( 'NONE', ( #2071, #1273, #2249, #1122 ) ) ;
#1971 = CARTESIAN_POINT ( 'NONE',  ( 45.87951583502897500, 21.94902787593956000, 189.7134007645182100 ) ) ;
#1972 = AXIS2_PLACEMENT_3D ( 'NONE', #1131, #1745, #1143 ) ;
#1973 = ORIENTED_EDGE ( 'NONE', *, *, #1656, .T. ) ;
#1974 = CIRCLE ( 'NONE', #1617, 0.7500000000000006700 ) ;
#1975 = VECTOR ( 'NONE', #830, 1000.000000000000100 ) ;
#1976 = ORIENTED_EDGE ( 'NONE', *, *, #1982, .F. ) ;
#1977 = DIRECTION ( 'NONE',  ( 0.0000000000000000000, 1.000000000000000000, 0.0000000000000000000 ) ) ;
#1978 = DIRECTION ( 'NONE',  ( -3.505562906890030400E-008, 0.0000000000000000000, -0.9999999999999994400 ) ) ;
#1979 = LINE ( 'NONE', #1951, #443 ) ;
#1980 = FACE_OUTER_BOUND ( 'NONE', #2023, .T. ) ;
#1981 = CIRCLE ( 'NONE', #1034, 1.099999999999989900 ) ;
#1982 = EDGE_CURVE ( 'NONE', #1665, #849, #1581, .T. ) ;
#1983 = VECTOR ( 'NONE', #227, 1000.000000000000000 ) ;
#1984 = DIRECTION ( 'NONE',  ( -3.505562905752294400E-008, 2.433560920905709000E-011, -0.9999999999999994400 ) ) ;
#1985 = ADVANCED_FACE ( 'NONE', ( #794 ), #722, .T. ) ;
#1986 = VECTOR ( 'NONE', #1820, 1000.000000000000100 ) ;
#1987 = CARTESIAN_POINT ( 'NONE',  ( 10.88705605891343200, 21.94902947198965400, 166.2891599949607600 ) ) ;
#1988 = VERTEX_POINT ( 'NONE', #1388 ) ;
#1989 = DIRECTION ( 'NONE',  ( 0.0000000000000000000, 1.000000000000000000, 2.433560920905710600E-011 ) ) ;
#1990 = CARTESIAN_POINT ( 'NONE',  ( 45.87951557094390900, 11.86261890105179800, 189.7134007645181800 ) ) ;
#1991 = CARTESIAN_POINT ( 'NONE',  ( 13.13705168954050600, 13.61261891539177600, 165.2891609333310000 ) ) ;
#1992 = AXIS2_PLACEMENT_3D ( 'NONE', #2294, #2496, #1304 ) ;
#1993 = CARTESIAN_POINT ( 'NONE',  ( 13.13705272373100300, 11.36261891467384200, 194.7905711992417800 ) ) ;
#1994 = AXIS2_PLACEMENT_3D ( 'NONE', #2061, #2288, #1088 ) ;
#1995 = DIRECTION ( 'NONE',  ( 0.0000000000000000000, 1.000000000000000000, 0.0000000000000000000 ) ) ;
#1996 = EDGE_CURVE ( 'NONE', #1051, #1962, #674, .T. ) ;
#1997 = EDGE_CURVE ( 'NONE', #579, #2263, #1292, .T. ) ;
#1998 = CARTESIAN_POINT ( 'NONE',  ( 10.88705608573376300, 20.82437990603779500, 194.5157978119677300 ) ) ;
#1999 = DIRECTION ( 'NONE',  ( 0.9999999999998900900, -4.675190115944398400E-007, -3.505562906889646600E-008 ) ) ;
#2000 = DIRECTION ( 'NONE',  ( 0.9999999999998900900, -4.675190115944398400E-007, -3.505562906889646600E-008 ) ) ;
#2001 = EDGE_LOOP ( 'NONE', ( #122, #246 ) ) ;
#2003 = EDGE_LOOP ( 'NONE', ( #1324, #272, #386, #2143 ) ) ;
#2002 = ORIENTED_EDGE ( 'NONE', *, *, #72, .T. ) ;
#2004 = CIRCLE ( 'NONE', #841, 10.99999911273291700 ) ;
#2005 = ORIENTED_EDGE ( 'NONE', *, *, #2463, .T. ) ;
#2006 = FACE_OUTER_BOUND ( 'NONE', #611, .T. ) ;
#2007 = VECTOR ( 'NONE', #1011, 999.9999999999998900 ) ;
#2008 = VECTOR ( 'NONE', #2438, 1000.000000000000000 ) ;
#2009 = ORIENTED_EDGE ( 'NONE', *, *, #895, .F. ) ;
#2010 = AXIS2_PLACEMENT_3D ( 'NONE', #70, #2455, #637 ) ;
#2011 = FACE_BOUND ( 'NONE', #1765, .T. ) ;
#2012 = CARTESIAN_POINT ( 'NONE',  ( 12.38705691606803900, 21.94902877055239900, 190.7133991811179200 ) ) ;
#2013 = LINE ( 'NONE', #2443, #1491 ) ;
#2014 = EDGE_CURVE ( 'NONE', #2079, #885, #2141, .T. ) ;
#2015 = EDGE_LOOP ( 'NONE', ( #1589, #2225, #2393, #1178 ) ) ;
#2016 = ORIENTED_EDGE ( 'NONE', *, *, #1212, .T. ) ;
#2017 = DIRECTION ( 'NONE',  ( -0.9999999999999974500, 2.618226821468865800E-008, -6.451712824180908200E-008 ) ) ;
#2018 = EDGE_LOOP ( 'NONE', ( #1309, #1963, #490, #1833, #442, #2509, #693, #336, #408, #266, #163, #370, #1445, #461, #469, #731 ) ) ;
#2019 = CARTESIAN_POINT ( 'NONE',  ( 43.62959534705301900, 11.86261891650506000, 194.7905712255498300 ) ) ;
#2020 = EDGE_CURVE ( 'NONE', #2133, #1776, #289, .T. ) ;
#2021 = CARTESIAN_POINT ( 'NONE',  ( 44.37951570311048500, 22.61986159007738100, 192.4314713425764300 ) ) ;
#2022 = ADVANCED_FACE ( 'NONE', ( #471 ), #1389, .T. ) ;
#2023 = EDGE_LOOP ( 'NONE', ( #2415, #453, #670, #1221 ) ) ;
#2024 = CARTESIAN_POINT ( 'NONE',  ( 10.88705590115469800, 20.41066212214133900, 194.7680215392211900 ) ) ;
#2025 = UNCERTAINTY_MEASURE_WITH_UNIT (LENGTH_MEASURE( 1.000000000000000100E-005 ), #2303, 'distance_accuracy_value', 'NONE');
#2026 = CARTESIAN_POINT ( 'NONE',  ( 33.33303108839110300, 11.36261891492620000, 186.5889084015674900 ) ) ;
#2027 = DIRECTION ( 'NONE',  ( 0.0000000000000000000, 0.0000000000000000000, 1.000000000000000000 ) ) ;
#2028 = DIRECTION ( 'NONE',  ( 0.0000000000000000000, 2.433560920905710600E-011, -1.000000000000000000 ) ) ;
#2029 = B_SPLINE_CURVE_WITH_KNOTS ( 'NONE', 3,
 ( #2267, #2470, #1685, #1877 ),
 .UNSPECIFIED., .F., .F.,
 ( 4, 4 ),
 ( 0.0000000000000000000, 1.000000000000000000 ),
 .UNSPECIFIED. ) ;
#2030 = DIRECTION ( 'NONE',  ( 3.505562906889262800E-008, -1.638917305311179700E-014, 0.9999999999999993300 ) ) ;
#2031 = DIRECTION ( 'NONE',  ( 0.9999999999999977800, 0.0000000000000000000, 6.451713237728047600E-008 ) ) ;
#2032 = ORIENTED_EDGE ( 'NONE', *, *, #1982, .T. ) ;
#2033 = DIRECTION ( 'NONE',  ( 9.816305377247674700E-008, 0.0000000000000000000, -0.9999999999999952300 ) ) ;
#2034 = ORIENTED_EDGE ( 'NONE', *, *, #1124, .F. ) ;
#2035 = DIRECTION ( 'NONE',  ( 4.675190110367624500E-007, 0.9999999999998907500, 0.0000000000000000000 ) ) ;
#2036 = FACE_OUTER_BOUND ( 'NONE', #1970, .T. ) ;
#2037 = LINE ( 'NONE', #1425, #2227 ) ;
#2038 = ORIENTED_EDGE ( 'NONE', *, *, #2204, .T. ) ;
#2039 = CARTESIAN_POINT ( 'NONE',  ( 12.38705691603542100, 22.94902818815303600, 191.6898632243838000 ) ) ;
#2040 = APPROVAL_PERSON_ORGANIZATION ( #2103, #1173, #2178 ) ;
#2041 = VECTOR ( 'NONE', #1683, 1000.000000000000000 ) ;
#2042 = CARTESIAN_POINT ( 'NONE',  ( 44.37951573369555500, 22.94902818811540300, 191.6898632243837700 ) ) ;
#2043 = CIRCLE ( 'NONE', #2231, 1.000000000000557800 ) ;
#2044 = VECTOR ( 'NONE', #1001, 1000.000000000000000 ) ;
#2045 = LINE ( 'NONE', #2341, #1522 ) ;
#2046 = CIRCLE ( 'NONE', #1168, 1.150000000000045400 ) ;
#2047 = CARTESIAN_POINT ( 'NONE',  ( 28.38328362008530100, 12.86261891486250000, 187.0391609332980100 ) ) ;
#2048 = CARTESIAN_POINT ( 'NONE',  ( 23.43353615177949900, 12.86261891513950000, 175.0894134649929900 ) ) ;
#2049 = EDGE_CURVE ( 'NONE', #1895, #1290, #2289, .T. ) ;
#2050 = ORIENTED_EDGE ( 'NONE', *, *, #170, .F. ) ;
#2051 = CARTESIAN_POINT ( 'NONE',  ( 44.37951528948504900, 13.61261889503711200, 194.7916289447706800 ) ) ;
#2052 = DIRECTION ( 'NONE',  ( 0.9999999999999975600, -3.640736310580128700E-008, 6.195705879341587000E-008 ) ) ;
#2053 = DIRECTION ( 'NONE',  ( 9.816306433167022700E-008, 0.0000000000000000000, -0.9999999999999952300 ) ) ;
#2054 = DIRECTION ( 'NONE',  ( -3.505562906889263500E-008, 1.638917305311180000E-014, -0.9999999999999994400 ) ) ;
#2055 = EDGE_CURVE ( 'NONE', #222, #22, #1610, .T. ) ;
#2056 = CARTESIAN_POINT ( 'NONE',  ( 44.37951571224148500, 16.94230921276314200, 189.7134001722040200 ) ) ;
#2057 = CARTESIAN_POINT ( 'NONE',  ( 45.87951546206223000, 20.24879588056103700, 194.8043091552767400 ) ) ;
#2058 = AXIS2_PLACEMENT_3D ( 'NONE', #375, #568, #1327 ) ;
#2059 = DIRECTION ( 'NONE',  ( 0.0000000000000000000, 1.000000000000000000, 2.433560920905710600E-011 ) ) ;
#2060 = EDGE_CURVE ( 'NONE', #572, #1603, #1634, .T. ) ;
#2061 = CARTESIAN_POINT ( 'NONE',  ( 21.38328362008530100, 12.86261891501950000, 180.0391609332990000 ) ) ;
#2062 = DIRECTION ( 'NONE',  ( 0.0000000000000000000, 1.000000000000000000, 2.433560920905710600E-011 ) ) ;
#2063 = CARTESIAN_POINT ( 'NONE',  ( 10.88705598196583500, 19.74902981206956600, 192.2891594157308900 ) ) ;
#2065 = EDGE_LOOP ( 'NONE', ( #1066, #1476, #639, #273 ) ) ;
#2064 = ORIENTED_EDGE ( 'NONE', *, *, #1506, .T. ) ;
#2066 = VECTOR ( 'NONE', #288, 1000.000000000000000 ) ;
#2067 = EDGE_LOOP ( 'NONE', ( #1908, #506 ) ) ;
#2068 = CARTESIAN_POINT ( 'NONE',  ( 45.87951716755146200, 19.74902722609874300, 167.8391626004031700 ) ) ;
#2069 = FACE_OUTER_BOUND ( 'NONE', #1780, .T. ) ;
#2070 = LINE ( 'NONE', #1690, #1167 ) ;
#2071 = ORIENTED_EDGE ( 'NONE', *, *, #10, .T. ) ;
#2072 = DIRECTION ( 'NONE',  ( 0.0000000000000000000, 1.000000000000000000, 0.0000000000000000000 ) ) ;
#2073 = CARTESIAN_POINT ( 'NONE',  ( 45.87951567723079900, 22.61986155080398200, 192.4314714393521200 ) ) ;
#2074 = LINE ( 'NONE', #695, #1201 ) ;
#2075 = CARTESIAN_POINT ( 'NONE',  ( 45.87951545803670000, 20.08629699401529600, 194.8007588200046900 ) ) ;
#2076 = VECTOR ( 'NONE', #661, 1000.000000000000100 ) ;
#2077 = CARTESIAN_POINT ( 'NONE',  ( 12.38705605445342400, 22.94902818816602200, 165.2881388382660100 ) ) ;
#2078 = AXIS2_PLACEMENT_3D ( 'NONE', #135, #511, #1890 ) ;
#2079 = VERTEX_POINT ( 'NONE', #2402 ) ;
#2080 = EDGE_LOOP ( 'NONE', ( #213, #1438, #161, #878 ) ) ;
#2081 = ADVANCED_FACE ( 'NONE', ( #1138 ), #1830, .T. ) ;
#2082 = CARTESIAN_POINT ( 'NONE',  ( 12.38705695247522000, 22.94902847935449900, 190.7133997075644100 ) ) ;
#2083 = EDGE_CURVE ( 'NONE', #2369, #2486, #2513, .T. ) ;
#2084 = CARTESIAN_POINT ( 'NONE',  ( 10.88705584892057700, 21.94902947179774700, 169.8391599949031800 ) ) ;
#2085 = VERTEX_POINT ( 'NONE', #1210 ) ;
#2086 = ORIENTED_EDGE ( 'NONE', *, *, #2220, .T. ) ;
#2087 = CARTESIAN_POINT ( 'NONE',  ( 12.38705695247522000, 22.94902847935449900, 190.7133997075644100 ) ) ;
#2088 = CARTESIAN_POINT ( 'NONE',  ( 12.38705512390688800, 19.74902911079232500, 167.8391593631469900 ) ) ;
#2089 = CARTESIAN_POINT ( 'NONE',  ( 28.38328362008530100, 11.36261891503290200, 180.0391609332625100 ) ) ;
#2090 = AXIS2_PLACEMENT_3D ( 'NONE', #2502, #2514, #2112 ) ;
#2091 = ADVANCED_FACE ( 'NONE', ( #1980 ), #703, .F. ) ;
#2092 = CARTESIAN_POINT ( 'NONE',  ( 44.37951549577056200, 20.82458395815978800, 194.5155041069377800 ) ) ;
#2093 = CARTESIAN_POINT ( 'NONE',  ( 44.37951709335676800, 19.74902726537214500, 168.9891625036274500 ) ) ;
#2094 = EDGE_LOOP ( 'NONE', ( #1813, #2098, #2002, #1415 ) ) ;
#2095 = EDGE_CURVE ( 'NONE', #1268, #220, #2201, .T. ) ;
#2096 = APPROVAL_STATUS ( 'not_yet_approved' ) ;
#2097 = DIRECTION ( 'NONE',  ( 0.0000000000000000000, 1.000000000000000000, 0.0000000000000000000 ) ) ;
#2098 = ORIENTED_EDGE ( 'NONE', *, *, #566, .T. ) ;
#2099 = FACE_BOUND ( 'NONE', #787, .T. ) ;
#2100 = CARTESIAN_POINT ( 'NONE',  ( 13.13700922398863800, 11.86261891521448000, 194.7905712255471000 ) ) ;
#2101 = LINE ( 'NONE', #2039, #1326 ) ;
#2102 = ORIENTED_EDGE ( 'NONE', *, *, #1795, .T. ) ;
#2103 = PERSON_AND_ORGANIZATION ( #2454, #612 ) ;
#2104 = DIRECTION ( 'NONE',  ( 0.0000000000000000000, 1.000000000000000000, 2.433560920905710600E-011 ) ) ;
#2105 = VECTOR ( 'NONE', #624, 1000.000000000000000 ) ;
#2106 = VECTOR ( 'NONE', #2528, 999.9999999999998900 ) ;
#2107 = LINE ( 'NONE', #2495, #986 ) ;
#2108 =( BOUNDED_SURFACE ( )  B_SPLINE_SURFACE ( 3, 3, ( 
 ( #1119, #2100, #968, #1754 ),
 ( #1572, #388, #2372, #19 ),
 ( #1761, #770, #403, #1377 ),
 ( #1386, #571, #1939, #1171 ),
 ( #2377, #756, #217, #2151 ),
 ( #2180, #1157, #951, #974 ),
 ( #1566, #1778, #2343, #1151 ) ),
 .UNSPECIFIED., .T., .F., .F. ) 
 B_SPLINE_SURFACE_WITH_KNOTS ( ( 4, 3, 4 ),
 ( 4, 4 ),
 ( 0.0000000000000000000, 0.5000000000000000000, 1.000000000000000000 ),
 ( 0.0000000000000000000, 1.000000000000000000 ),
 .UNSPECIFIED. ) 
 GEOMETRIC_REPRESENTATION_ITEM ( )  RATIONAL_B_SPLINE_SURFACE ( (
 ( 1.000000000000000000, 1.000000000000000000, 1.000000000000000000, 1.000000000000000000),
 ( 0.3333333333333333700, 0.3333333333333333100, 0.3333333333333333100, 0.3333333333333333700),
 ( 0.3333333333333333700, 0.3333333333333333100, 0.3333333333333333100, 0.3333333333333333700),
 ( 1.000000000000000000, 1.000000000000000000, 1.000000000000000000, 1.000000000000000000),
 ( 0.3333333333333333700, 0.3333333333333333100, 0.3333333333333333100, 0.3333333333333333700),
 ( 0.3333333333333333700, 0.3333333333333333100, 0.3333333333333333100, 0.3333333333333333700),
 ( 1.000000000000000000, 1.000000000000000000, 1.000000000000000000, 1.000000000000000000) ) ) 
 REPRESENTATION_ITEM ( '' )  SURFACE ( )  );
#2109 = AXIS2_PLACEMENT_3D ( 'NONE', #2466, #1499, #1887 ) ;
#2110 = CARTESIAN_POINT ( 'NONE',  ( 14.63707136608848600, 14.36258162894863200, 194.7926866114428300 ) ) ;
#2111 = DIRECTION ( 'NONE',  ( -0.9999999999999975600, 3.640722839032678800E-008, -6.195692764271747300E-008 ) ) ;
#2112 = DIRECTION ( 'NONE',  ( 0.0000000000000000000, 0.0000000000000000000, 1.000000000000000000 ) ) ;
#2113 = EDGE_LOOP ( 'NONE', ( #55, #523, #2134, #1740 ) ) ;
#2114 = AXIS2_PLACEMENT_3D ( 'NONE', #324, #1670, #2487 ) ;
#2115 = CARTESIAN_POINT ( 'NONE',  ( 45.87951548547575000, 20.69836966279517700, 194.6238511703286300 ) ) ;
#2116 = CARTESIAN_POINT ( 'NONE',  ( 10.88705168954074900, 13.61261996730955400, 165.2891609859324800 ) ) ;
#2117 = VERTEX_POINT ( 'NONE', #2073 ) ;
#2118 = CARTESIAN_POINT ( 'NONE',  ( 13.13703408098427500, 12.86261891490554300, 194.7905712255705700 ) ) ;
#2119 = SECURITY_CLASSIFICATION ( '', '', #728 ) ;
#2120 = EDGE_CURVE ( 'NONE', #2162, #22, #1772, .T. ) ;
#2121 = DIRECTION ( 'NONE',  ( -6.451712853968461600E-008, 0.0000000000000000000, 0.9999999999999978900 ) ) ;
#2122 = CARTESIAN_POINT ( 'NONE',  ( 12.38705251835069100, 13.17328793310950800, 194.7910093596960600 ) ) ;
#2123 = EDGE_CURVE ( 'NONE', #2456, #2162, #2233, .T. ) ;
#2124 = ORIENTED_EDGE ( 'NONE', *, *, #426, .F. ) ;
#2125 = CARTESIAN_POINT ( 'NONE',  ( 12.38705591563032700, 18.59902911079101200, 192.2891593894391900 ) ) ;
#2126 = ORIENTED_EDGE ( 'NONE', *, *, #1320, .T. ) ;
#2127 = ADVANCED_FACE ( 'NONE', ( #321 ), #1166, .F. ) ;
#2128 = DIRECTION ( 'NONE',  ( 6.195705927466307800E-008, 1.387778780780671600E-014, -0.9999999999999982200 ) ) ;
#2129 = CARTESIAN_POINT ( 'NONE',  ( 28.38326219963704500, 12.86261891467888000, 194.7905712255700600 ) ) ;
#2130 = DATE_TIME_ROLE ( 'creation_date' ) ;
#2131 = CARTESIAN_POINT ( 'NONE',  ( 44.37951557806524500, 19.74902726537318600, 192.2891625036249400 ) ) ;
#2132 = AXIS2_PLACEMENT_3D ( 'NONE', #2048, #74, #666 ) ;
#2134 = ORIENTED_EDGE ( 'NONE', *, *, #13, .T. ) ;
#2133 = VERTEX_POINT ( 'NONE', #322 ) ;
#2135 = FACE_BOUND ( 'NONE', #52, .T. ) ;
#2136 = ORIENTED_EDGE ( 'NONE', *, *, #766, .F. ) ;
#2137 = CARTESIAN_POINT ( 'NONE',  ( 13.13709622354752300, 15.36261891413315300, 194.7926866640497100 ) ) ;
#2138 = EDGE_CURVE ( 'NONE', #2117, #2174, #207, .T. ) ;
#2139 = DIRECTION ( 'NONE',  ( -1.000000000000000000, -0.0000000000000000000, -0.0000000000000000000 ) ) ;
#2140 = FACE_OUTER_BOUND ( 'NONE', #304, .T. ) ;
#2141 = CIRCLE ( 'NONE', #458, 1.099999999999962100 ) ;
#2142 = LINE ( 'NONE', #333, #705 ) ;
#2143 = ORIENTED_EDGE ( 'NONE', *, *, #1997, .F. ) ;
#2144 = CARTESIAN_POINT ( 'NONE',  ( 45.87951705616389100, 21.94902790807240200, 170.8391606271935100 ) ) ;
#2145 = CALENDAR_DATE ( 2022, 26, 4 ) ;
#2146 = CARTESIAN_POINT ( 'NONE',  ( 45.87951579669411500, 22.94902814884200400, 190.7134007644383800 ) ) ;
#2147 = LINE ( 'NONE', #1562, #954 ) ;
#2148 = ORIENTED_EDGE ( 'NONE', *, *, #866, .T. ) ;
#2149 = ORIENTED_EDGE ( 'NONE', *, *, #2171, .F. ) ;
#2150 = ORIENTED_EDGE ( 'NONE', *, *, #1490, .T. ) ;
#2151 = CARTESIAN_POINT ( 'NONE',  ( 11.63707136701529000, 14.36265619993554300, 194.7926867166096900 ) ) ;
#2152 = EDGE_CURVE ( 'NONE', #2407, #335, #2043, .T. ) ;
#2153 = VERTEX_POINT ( 'NONE', #1080 ) ;
#2154 = VERTEX_POINT ( 'NONE', #1896 ) ;
#2155 = CARTESIAN_POINT ( 'NONE',  ( 28.38328362008530100, 12.86261891520320200, 173.0391609332990300 ) ) ;
#2156 = CARTESIAN_POINT ( 'NONE',  ( 45.87951570394175600, 16.94230917348974300, 189.7134002689797100 ) ) ;
#2157 = DIRECTION ( 'NONE',  ( 0.0000000000000000000, 1.000000000000000000, 2.433560920905710600E-011 ) ) ;
#2158 = AXIS2_PLACEMENT_3D ( 'NONE', #840, #2244, #1052 ) ;
#2159 = CARTESIAN_POINT ( 'NONE',  ( 13.13703408098427500, 11.36261891467384200, 194.7905712255341900 ) ) ;
#2160 = CARTESIAN_POINT ( 'NONE',  ( 12.38705106594067100, 11.86261844663811100, 170.8391609334140100 ) ) ;
#2161 = VERTEX_POINT ( 'NONE', #2082 ) ;
#2162 = VERTEX_POINT ( 'NONE', #2290 ) ;
#2163 = DIRECTION ( 'NONE',  ( 0.0000000000000000000, 1.000000000000000000, 0.0000000000000000000 ) ) ;
#2164 = EDGE_LOOP ( 'NONE', ( #2367, #1478, #1712, #1836 ) ) ;
#2165 = FACE_OUTER_BOUND ( 'NONE', #1305, .T. ) ;
#2166 = LINE ( 'NONE', #45, #1637 ) ;
#2167 = ORIENTED_EDGE ( 'NONE', *, *, #59, .F. ) ;
#2168 = LOCAL_TIME ( 9, 53, 32.00000000000000000, #1828 ) ;
#2169 = LINE ( 'NONE', #1726, #1045 ) ;
#2170 = CIRCLE ( 'NONE', #1360, 1.000000000000169200 ) ;
#2171 = EDGE_CURVE ( 'NONE', #1062, #2079, #1914, .T. ) ;
#2172 = CARTESIAN_POINT ( 'NONE',  ( 13.13703408098427500, 12.86261891490554300, 194.7905712255705700 ) ) ;
#2173 = DIRECTION ( 'NONE',  ( 0.0000000000000000000, -3.469446833755827500E-014, 1.000000000000000000 ) ) ;
#2174 = VERTEX_POINT ( 'NONE', #1277 ) ;
#2175 = CARTESIAN_POINT ( 'NONE',  ( 12.38705608572389700, 20.82435595406008100, 194.5158311049828800 ) ) ;
#2176 = ORIENTED_EDGE ( 'NONE', *, *, #604, .F. ) ;
#2177 = CARTESIAN_POINT ( 'NONE',  ( 13.13705272373100500, 11.36261891467384200, 194.7905712255335700 ) ) ;
#2178 = APPROVAL_ROLE ( '' ) ;
#2179 = AXIS2_PLACEMENT_3D ( 'NONE', #2088, #875, #2304 ) ;
#2180 = CARTESIAN_POINT ( 'NONE',  ( 8.636996796881032200, 11.36273077184931100, 194.7905713832857700 ) ) ;
#2181 = CARTESIAN_POINT ( 'NONE',  ( 21.38328362008530100, 11.36261891501950100, 180.0391609332625100 ) ) ;
#2182 = CARTESIAN_POINT ( 'NONE',  ( 35.38328362008530100, 11.36261891504620000, 180.0391609332625100 ) ) ;
#2183 = EDGE_LOOP ( 'NONE', ( #2439, #501, #2538, #1973 ) ) ;
#2184 = VERTEX_POINT ( 'NONE', #2475 ) ;
#2185 = ORIENTED_EDGE ( 'NONE', *, *, #462, .F. ) ;
#2186 = DIRECTION ( 'NONE',  ( 0.0000000000000000000, 1.000000000000000000, 2.433560920905710600E-011 ) ) ;
#2187 = CARTESIAN_POINT ( 'NONE',  ( 35.38328362008530100, 12.86261891504620000, 180.0391609332990000 ) ) ;
#2188 = DIRECTION ( 'NONE',  ( 0.9999999999999975600, -3.640720023402848700E-008, 6.195689588201567900E-008 ) ) ;
#2189 = DIRECTION ( 'NONE',  ( -0.9999999999999976700, 2.618226821468866200E-008, -6.451712824180909500E-008 ) ) ;
#2190 = AXIS2_PLACEMENT_3D ( 'NONE', #2248, #2052, #1854 ) ;
#2191 = DIRECTION ( 'NONE',  ( 0.0000000000000000000, 0.0000000000000000000, 1.000000000000000000 ) ) ;
#2192 = CARTESIAN_POINT ( 'NONE',  ( 12.38705612453709500, 20.91737894104560200, 194.3824197543179900 ) ) ;
#2193 = ADVANCED_FACE ( 'NONE', ( #262 ), #1707, .F. ) ;
#2194 = VERTEX_POINT ( 'NONE', #708 ) ;
#2195 = FACE_OUTER_BOUND ( 'NONE', #1446, .T. ) ;
#2196 = VERTEX_POINT ( 'NONE', #1298 ) ;
#2197 = CARTESIAN_POINT ( 'NONE',  ( 12.38705609532042300, 22.94902847952207700, 166.2891604689189900 ) ) ;
#2198 = DATE_AND_TIME ( #1190, #1734 ) ;
#2199 = FACE_OUTER_BOUND ( 'NONE', #1592, .T. ) ;
#2200 = DIRECTION ( 'NONE',  ( 4.675190113422949700E-007, 0.9999999999998907500, 0.0000000000000000000 ) ) ;
#2201 = CIRCLE ( 'NONE', #1274, 1.150000000000045400 ) ;
#2202 = CIRCLE ( 'NONE', #902, 1.150000000000073200 ) ;
#2203 = ORIENTED_EDGE ( 'NONE', *, *, #1351, .T. ) ;
#2204 = EDGE_CURVE ( 'NONE', #1962, #1450, #652, .T. ) ;
#2205 = CARTESIAN_POINT ( 'NONE',  ( 12.38705582684376700, 20.24899312534210000, 194.8043133671193100 ) ) ;
#2206 = LINE ( 'NONE', #2296, #1674 ) ;
#2207 = EDGE_CURVE ( 'NONE', #1653, #1868, #852, .T. ) ;
#2208 = EDGE_LOOP ( 'NONE', ( #2050, #837 ) ) ;
#2209 = DIRECTION ( 'NONE',  ( 3.505562905752294400E-008, -2.433560920905709300E-011, 0.9999999999999994400 ) ) ;
#2210 = ORIENTED_EDGE ( 'NONE', *, *, #982, .T. ) ;
#2211 = ORIENTED_EDGE ( 'NONE', *, *, #1965, .T. ) ;
#2212 = ADVANCED_FACE ( 'NONE', ( #1910 ), #205, .T. ) ;
#2213 = CARTESIAN_POINT ( 'NONE',  ( 28.38328362008530100, 12.86261891520320200, 171.9391609332990100 ) ) ;
#2214 = CARTESIAN_POINT ( 'NONE',  ( 10.88705575065579700, 20.08629773456721800, 194.8007587758124300 ) ) ;
#2215 = CARTESIAN_POINT ( 'NONE',  ( 43.62951719260920700, 13.61261891539180100, 165.2881608204452800 ) ) ;
#2216 = AXIS2_PLACEMENT_3D ( 'NONE', #741, #755, #551 ) ;
#2217 = ORIENTED_EDGE ( 'NONE', *, *, #2049, .T. ) ;
#2218 = CARTESIAN_POINT ( 'NONE',  ( 44.37951524264219900, 11.86261894032520000, 194.8019983998289900 ) ) ;
#2219 = EDGE_CURVE ( 'NONE', #2174, #1821, #1825, .T. ) ;
#2220 = EDGE_CURVE ( 'NONE', #1842, #1776, #823, .T. ) ;
#2221 = DIRECTION ( 'NONE',  ( 0.0000000000000000000, 1.000000000000000000, 0.0000000000000000000 ) ) ;
#2222 = ORIENTED_EDGE ( 'NONE', *, *, #1744, .F. ) ;
#2223 = ORIENTED_EDGE ( 'NONE', *, *, #1116, .T. ) ;
#2224 = DIRECTION ( 'NONE',  ( 0.9999999999998900900, -4.675190115944398400E-007, -3.505562906889646600E-008 ) ) ;
#2225 = ORIENTED_EDGE ( 'NONE', *, *, #2020, .T. ) ;
#2226 = CIRCLE ( 'NONE', #1715, 1.149999999999989900 ) ;
#2227 = VECTOR ( 'NONE', #2424, 999.9999999999998900 ) ;
#2228 = CARTESIAN_POINT ( 'NONE',  ( 10.88705575335603500, 20.08629773495533400, 194.8007587758129900 ) ) ;
#2229 = ORIENTED_EDGE ( 'NONE', *, *, #226, .T. ) ;
#2230 = CARTESIAN_POINT ( 'NONE',  ( 10.88705612453725800, 20.91737964232412100, 194.3824198069014200 ) ) ;
#2231 = AXIS2_PLACEMENT_3D ( 'NONE', #1319, #1708, #162 ) ;
#2232 = DATE_AND_TIME ( #983, #149 ) ;
#2233 = LINE ( 'NONE', #1310, #2359 ) ;
#2234 = LINE ( 'NONE', #881, #153 ) ;
#2235 = CARTESIAN_POINT ( 'NONE',  ( 11.38705373442680000, 12.86261891626710100, 165.2891609333310000 ) ) ;
#2236 = EDGE_CURVE ( 'NONE', #804, #1653, #979, .T. ) ;
#2237 = ORIENTED_EDGE ( 'NONE', *, *, #1774, .F. ) ;
#2238 = AXIS2_PLACEMENT_3D ( 'NONE', #2047, #92, #850 ) ;
#2239 = DIRECTION ( 'NONE',  ( 0.0000000000000000000, -0.0000000000000000000, 1.000000000000000000 ) ) ;
#2240 = CARTESIAN_POINT ( 'NONE',  ( 28.38328362008530100, 11.36261891486250000, 187.0391609332615100 ) ) ;
#2241 = AXIS2_PLACEMENT_3D ( 'NONE', #1546, #757, #554 ) ;
#2242 = ORIENTED_EDGE ( 'NONE', *, *, #1622, .F. ) ;
#2243 = VERTEX_POINT ( 'NONE', #1598 ) ;
#2244 = DIRECTION ( 'NONE',  ( -1.000000000000000000, 0.0000000000000000000, 0.0000000000000000000 ) ) ;
#2245 = EDGE_CURVE ( 'NONE', #557, #206, #790, .T. ) ;
#2246 = PLANE ( 'NONE',  #1184 ) ;
#2247 = B_SPLINE_CURVE_WITH_KNOTS ( 'NONE', 1,
 ( #816, #854 ),
 .UNSPECIFIED., .F., .F.,
 ( 2, 2 ),
 ( 0.0000000000000000000, 2.485699564017798300E-005 ),
 .UNSPECIFIED. ) ;
#2248 = CARTESIAN_POINT ( 'NONE',  ( 45.87951578249819600, 16.94230888232428400, 188.7134012598131700 ) ) ;
#2249 = ORIENTED_EDGE ( 'NONE', *, *, #99, .F. ) ;
#2250 = FACE_BOUND ( 'NONE', #1382, .T. ) ;
#2251 = ORIENTED_EDGE ( 'NONE', *, *, #1441, .F. ) ;
#2252 = CIRCLE ( 'NONE', #1012, 1.100000000000017600 ) ;
#2253 = CARTESIAN_POINT ( 'NONE',  ( 45.87951548547575000, 20.69836966279517700, 194.6238511703286300 ) ) ;
#2254 = LINE ( 'NONE', #1990, #1738 ) ;
#2255 = FACE_OUTER_BOUND ( 'NONE', #2113, .T. ) ;
#2256 = DIRECTION ( 'NONE',  ( 9.816311561914217100E-008, 0.0000000000000000000, -0.9999999999999952300 ) ) ;
#2257 = LINE ( 'NONE', #605, #475 ) ;
#2258 = AXIS2_PLACEMENT_3D ( 'NONE', #402, #1777, #2307 ) ;
#2259 = EDGE_LOOP ( 'NONE', ( #241, #1224 ) ) ;
#2260 = CARTESIAN_POINT ( 'NONE',  ( 43.62941235753457600, 15.86261891231936800, 194.7926866640573000 ) ) ;
#2261 = EDGE_CURVE ( 'NONE', #1299, #1268, #764, .T. ) ;
#2262 = EDGE_CURVE ( 'NONE', #1771, #643, #2353, .T. ) ;
#2263 = VERTEX_POINT ( 'NONE', #789 ) ;
#2264 = DIRECTION ( 'NONE',  ( -0.9999999999999935600, 5.768290348269127400E-008, -9.816311628000406600E-008 ) ) ;
#2265 = VERTEX_POINT ( 'NONE', #807 ) ;
#2266 = CARTESIAN_POINT ( 'NONE',  ( 10.88705410244141800, 16.94231047821886400, 189.7133997290018500 ) ) ;
#2267 = CARTESIAN_POINT ( 'NONE',  ( 45.87951545803671400, 20.08629699401529900, 194.8007588200046900 ) ) ;
#2268 = PLANE ( 'NONE',  #302 ) ;
#2269 = ORIENTED_EDGE ( 'NONE', *, *, #1234, .T. ) ;
#2270 = ORIENTED_EDGE ( 'NONE', *, *, #782, .T. ) ;
#2271 = PLANE ( 'NONE',  #1684 ) ;
#2272 = AXIS2_PLACEMENT_3D ( 'NONE', #2187, #42, #1767 ) ;
#2273 = CARTESIAN_POINT ( 'NONE',  ( 12.38705315070847800, 16.94230975393464800, 170.8391600348806500 ) ) ;
#2274 = ADVANCED_FACE ( 'NONE', ( #2382 ), #1421, .F. ) ;
#2275 = EDGE_CURVE ( 'NONE', #1935, #1561, #1702, .T. ) ;
#2276 = CARTESIAN_POINT ( 'NONE',  ( 44.37951557094394400, 11.86261894032520000, 189.7134001722039900 ) ) ;
#2277 = CARTESIAN_POINT ( 'NONE',  ( 44.37951583955138100, 21.94902791521295900, 189.7134006677424900 ) ) ;
#2278 = CARTESIAN_POINT ( 'NONE',  ( 28.38328362008530100, 12.86261891522996900, 171.9391609332990100 ) ) ;
#2279 = DIRECTION ( 'NONE',  ( 0.0000000000000000000, 1.000000000000000000, 0.0000000000000000000 ) ) ;
#2280 = EDGE_CURVE ( 'NONE', #1603, #2300, #1944, .T. ) ;
#2281 = EDGE_LOOP ( 'NONE', ( #189, #916, #719, #1621 ) ) ;
#2282 = ORIENTED_EDGE ( 'NONE', *, *, #482, .T. ) ;
#2283 = DIRECTION ( 'NONE',  ( 0.0000000000000000000, 1.000000000000000000, 0.0000000000000000000 ) ) ;
#2284 = CARTESIAN_POINT ( 'NONE',  ( 11.63703408144767700, 12.86265620039900000, 194.7905712781540000 ) ) ;
#2285 = VECTOR ( 'NONE', #2421, 1000.000000000000000 ) ;
#2286 = EDGE_LOOP ( 'NONE', ( #2525, #754 ) ) ;
#2287 = ADVANCED_FACE ( 'NONE', ( #82 ), #258, .T. ) ;
#2288 = DIRECTION ( 'NONE',  ( 0.0000000000000000000, 1.000000000000000000, 0.0000000000000000000 ) ) ;
#2289 = CIRCLE ( 'NONE', #1147, 1.599999999999990300 ) ;
#2290 = CARTESIAN_POINT ( 'NONE',  ( 12.38705519024230400, 20.89902911079232300, 167.8391593894387200 ) ) ;
#2291 = CIRCLE ( 'NONE', #1217, 4.500000000000003600 ) ;
#2292 = CARTESIAN_POINT ( 'NONE',  ( 45.87951545803671400, 20.08629699401529900, 194.8007588200046900 ) ) ;
#2293 = DIRECTION ( 'NONE',  ( 0.0000000000000000000, 0.0000000000000000000, 1.000000000000000000 ) ) ;
#2294 = CARTESIAN_POINT ( 'NONE',  ( 12.38705512390688800, 19.74902911079232500, 167.8391593631469900 ) ) ;
#2295 = ORIENTED_EDGE ( 'NONE', *, *, #2396, .F. ) ;
#2296 = CARTESIAN_POINT ( 'NONE',  ( 10.88705605445372600, 22.94902918080061800, 165.2881388908494400 ) ) ;
#2297 = CARTESIAN_POINT ( 'NONE',  ( 44.37951577759441300, 21.94902760579564200, 190.7134011632723800 ) ) ;
#2298 = CARTESIAN_POINT ( 'NONE',  ( 12.38705415505552500, 16.94231008635885200, 188.7133991808786400 ) ) ;
#2299 = CARTESIAN_POINT ( 'NONE',  ( 13.13703408098427500, 12.86261891490554300, 194.7905712255705700 ) ) ;
#2300 = VERTEX_POINT ( 'NONE', #1815 ) ;
#2301 = VERTEX_POINT ( 'NONE', #1027 ) ;
#2302 = CARTESIAN_POINT ( 'NONE',  ( 13.13708379504970700, 14.86261891428762100, 194.7926866640380000 ) ) ;
#2303 =( LENGTH_UNIT ( ) NAMED_UNIT ( * ) SI_UNIT ( .MILLI., .METRE. ) );
#2304 = DIRECTION ( 'NONE',  ( 4.675190111255123400E-007, 0.9999999999998907500, 0.0000000000000000000 ) ) ;
#2305 = DIRECTION ( 'NONE',  ( -1.000000000000000000, 0.0000000000000000000, -0.0000000000000000000 ) ) ;
#2306 = CARTESIAN_POINT ( 'NONE',  ( 12.38705277867923200, 15.94230950480594400, 165.2881388382660100 ) ) ;
#2307 = DIRECTION ( 'NONE',  ( 0.0000000000000000000, 0.0000000000000000000, 1.000000000000000000 ) ) ;
#2308 = AXIS2_PLACEMENT_3D ( 'NONE', #585, #1564, #18 ) ;
#2309 = CARTESIAN_POINT ( 'NONE',  ( 28.38328362008530100, 11.36261891503290200, 180.0391609332625100 ) ) ;
#2310 = DIRECTION ( 'NONE',  ( 0.9999999999998900900, -4.675190115944398400E-007, -3.505562906889646600E-008 ) ) ;
#2311 = ORIENTED_EDGE ( 'NONE', *, *, #132, .T. ) ;
#2312 = EDGE_CURVE ( 'NONE', #1561, #2301, #1853, .T. ) ;
#2313 = ORIENTED_EDGE ( 'NONE', *, *, #1663, .T. ) ;
#2314 = LINE ( 'NONE', #1366, #1636 ) ;
#2315 = CARTESIAN_POINT ( 'NONE',  ( 33.33303108839110300, 11.36261891492620000, 184.9889084015675000 ) ) ;
#2316 = DIRECTION ( 'NONE',  ( 0.9999999999998900900, -4.675190115944398400E-007, -3.505562906889646600E-008 ) ) ;
#2317 = CARTESIAN_POINT ( 'NONE',  ( 12.38705385925732300, 15.94230950459859400, 188.7133996763938300 ) ) ;
#2318 = VECTOR ( 'NONE', #576, 1000.000000000000100 ) ;
#2319 = FACE_OUTER_BOUND ( 'NONE', #1493, .T. ) ;
#2320 = CYLINDRICAL_SURFACE ( 'NONE', #2423, 1.100000000000017600 ) ;
#2321 = AXIS2_PLACEMENT_3D ( 'NONE', #1256, #1465, #484 ) ;
#2322 = DIRECTION ( 'NONE',  ( 0.9999999999999935600, -5.768290348269137300E-008, 9.816305140437476300E-008 ) ) ;
#2323 = VECTOR ( 'NONE', #1557, 1000.000000000000000 ) ;
#2324 = DIRECTION ( 'NONE',  ( 0.9999999999998900900, -4.675190115944398400E-007, -3.505562906889646600E-008 ) ) ;
#2325 = PERSON_AND_ORGANIZATION_ROLE ( 'creator' ) ;
#2326 = DIRECTION ( 'NONE',  ( -2.629044636347152800E-008, -0.9999990055392913300, -0.001410290901730343800 ) ) ;
#2327 = ORIENTED_EDGE ( 'NONE', *, *, #1850, .F. ) ;
#2328 = AXIS2_PLACEMENT_3D ( 'NONE', #1218, #2425, #1231 ) ;
#2329 = CARTESIAN_POINT ( 'NONE',  ( 44.37951573369556300, 21.94902815741022200, 191.6898632404045500 ) ) ;
#2330 = ORIENTED_EDGE ( 'NONE', *, *, #566, .F. ) ;
#2331 = ORIENTED_EDGE ( 'NONE', *, *, #1353, .T. ) ;
#2332 = AXIS2_PLACEMENT_3D ( 'NONE', #1505, #1677, #2459 ) ;
#2333 = EDGE_CURVE ( 'NONE', #2153, #2480, #1014, .T. ) ;
#2334 = CARTESIAN_POINT ( 'NONE',  ( 12.38705272581852200, 13.61261926531307300, 194.7916289452928700 ) ) ;
#2335 = CARTESIAN_POINT ( 'NONE',  ( 12.38705604966006000, 22.94902818828979100, 169.8391604378813900 ) ) ;
#2336 = CARTESIAN_POINT ( 'NONE',  ( 44.37951580534790700, 22.94902818811540300, 190.7134006676626800 ) ) ;
#2337 = EDGE_CURVE ( 'NONE', #656, #2085, #525, .T. ) ;
#2338 = DIRECTION ( 'NONE',  ( 2.618226821468860500E-008, 0.9999999999999996700, 1.689204756068510800E-015 ) ) ;
#2339 = ORIENTED_EDGE ( 'NONE', *, *, #255, .F. ) ;
#2340 = ORIENTED_EDGE ( 'NONE', *, *, #1720, .F. ) ;
#2341 = CARTESIAN_POINT ( 'NONE',  ( 13.13705168954050600, 12.86261891626710100, 165.2891609333310000 ) ) ;
#2342 = CARTESIAN_POINT ( 'NONE',  ( 44.37951678865577100, 11.86261894032520000, 170.8391591363469800 ) ) ;
#2343 = CARTESIAN_POINT ( 'NONE',  ( 13.13702165248645800, 12.36261891506001100, 194.7905712255588400 ) ) ;
#2344 = CARTESIAN_POINT ( 'NONE',  ( 23.43353615177949900, 11.36261891489860100, 186.5889084015674900 ) ) ;
#2345 = CARTESIAN_POINT ( 'NONE',  ( 43.62951719254468900, 11.36261891539177600, 165.2891608849066600 ) ) ;
#2346 = AXIS2_PLACEMENT_3D ( 'NONE', #970, #997, #405 ) ;
#2347 = ORIENTED_EDGE ( 'NONE', *, *, #660, .F. ) ;
#2348 = EDGE_LOOP ( 'NONE', ( #760, #2136, #1243, #1812, #2167 ) ) ;
#2349 = VERTEX_POINT ( 'NONE', #2197 ) ;
#2350 = EDGE_CURVE ( 'NONE', #1385, #2196, #584, .T. ) ;
#2351 = EDGE_CURVE ( 'NONE', #2194, #1016, #2166, .T. ) ;
#2352 = DIRECTION ( 'NONE',  ( 0.0000000000000000000, 1.000000000000000000, 0.0000000000000000000 ) ) ;
#2353 = CIRCLE ( 'NONE', #77, 1.150000000000073200 ) ;
#2354 = DIRECTION ( 'NONE',  ( 0.0000000000000000000, 0.0000000000000000000, 1.000000000000000000 ) ) ;
#2355 = CIRCLE ( 'NONE', #976, 1.149999999999989900 ) ;
#2356 = ORIENTED_EDGE ( 'NONE', *, *, #982, .F. ) ;
#2357 = DIRECTION ( 'NONE',  ( -6.195689794540388700E-008, 6.938893903906054600E-015, 0.9999999999999982200 ) ) ;
#2358 = CARTESIAN_POINT ( 'NONE',  ( 44.37951716755146900, 19.74902726537214500, 167.8391625036274500 ) ) ;
#2359 = VECTOR ( 'NONE', #1678, 1000.000000000000000 ) ;
#2360 = LINE ( 'NONE', #2387, #1983 ) ;
#2361 = VERTEX_POINT ( 'NONE', #1788 ) ;
#2362 = DIRECTION ( 'NONE',  ( 4.675190115944401000E-007, 0.9999999999998906400, 0.0000000000000000000 ) ) ;
#2363 = AXIS2_PLACEMENT_3D ( 'NONE', #1216, #1822, #1395 ) ;
#2364 = CARTESIAN_POINT ( 'NONE',  ( 44.37951690461017100, 16.94230881282446100, 171.8391593952646900 ) ) ;
#2365 = CARTESIAN_POINT ( 'NONE',  ( 43.62945810488006500, 14.86261891336577900, 194.7926866640359500 ) ) ;
#2366 = EDGE_CURVE ( 'NONE', #206, #595, #1104, .T. ) ;
#2367 = ORIENTED_EDGE ( 'NONE', *, *, #1245, .F. ) ;
#2368 = CARTESIAN_POINT ( 'NONE',  ( 35.38328362008530100, 11.36261891504620000, 181.1391609332624700 ) ) ;
#2369 = VERTEX_POINT ( 'NONE', #49 ) ;
#2370 = ORIENTED_EDGE ( 'NONE', *, *, #1568, .T. ) ;
#2371 = AXIS2_PLACEMENT_3D ( 'NONE', #326, #690, #909 ) ;
#2372 = CARTESIAN_POINT ( 'NONE',  ( 15.63702165171412200, 12.36255677257092200, 194.7905711379198400 ) ) ;
#2373 = DIRECTION ( 'NONE',  ( -0.9999999999999975600, 3.640736310580128700E-008, -6.195705879341587000E-008 ) ) ;
#2374 = DIRECTION ( 'NONE',  ( 0.9999999999998900900, -4.675190115944398400E-007, -3.505562906889646600E-008 ) ) ;
#2375 = AXIS2_PLACEMENT_3D ( 'NONE', #774, #971, #1169 ) ;
#2376 = ORIENTED_EDGE ( 'NONE', *, *, #2083, .F. ) ;
#2377 = CARTESIAN_POINT ( 'NONE',  ( 8.637108653435552300, 15.86273077045904900, 194.7926868218118300 ) ) ;
#2378 = DIRECTION ( 'NONE',  ( -0.0000000000000000000, -1.000000000000000000, -0.0000000000000000000 ) ) ;
#2379 = VERTEX_POINT ( 'NONE', #2026 ) ;
#2380 = EDGE_CURVE ( 'NONE', #2460, #2184, #883, .T. ) ;
#2381 = FACE_BOUND ( 'NONE', #98, .T. ) ;
#2382 = FACE_OUTER_BOUND ( 'NONE', #1940, .T. ) ;
#2383 = CARTESIAN_POINT ( 'NONE',  ( 12.38705603103994000, 20.69932672700437900, 194.6233625015899000 ) ) ;
#2384 = CIRCLE ( 'NONE', #1533, 1.599999999999990300 ) ;
#2385 = VECTOR ( 'NONE', #776, 1000.000000000000100 ) ;
#2386 = CYLINDRICAL_SURFACE ( 'NONE', #47, 0.9999997812513064000 ) ;
#2387 = CARTESIAN_POINT ( 'NONE',  ( 12.38705671060111000, 21.94902847938803700, 189.7134001720195900 ) ) ;
#2388 = LINE ( 'NONE', #1629, #1335 ) ;
#2389 = CARTESIAN_POINT ( 'NONE',  ( 44.37951736743317400, 21.94902789771300200, 165.2891614289309500 ) ) ;
#2390 = CARTESIAN_POINT ( 'NONE',  ( 12.38705452899679900, 13.61261926603103600, 165.2891609333310000 ) ) ;
#2391 = ADVANCED_FACE ( 'NONE', ( #700 ), #842, .F. ) ;
#2392 = ORIENTED_EDGE ( 'NONE', *, *, #255, .T. ) ;
#2393 = ORIENTED_EDGE ( 'NONE', *, *, #2220, .F. ) ;
#2394 = CARTESIAN_POINT ( 'NONE',  ( 47.12959534339058400, 11.86277903221427900, 194.7905714513597400 ) ) ;
#2395 = ORIENTED_EDGE ( 'NONE', *, *, #1803, .F. ) ;
#2396 = EDGE_CURVE ( 'NONE', #346, #2301, #2247, .T. ) ;
#2397 = EDGE_CURVE ( 'NONE', #1541, #1007, #2101, .T. ) ;
#2398 = ORIENTED_EDGE ( 'NONE', *, *, #137, .T. ) ;
#2399 = CARTESIAN_POINT ( 'NONE',  ( 10.88705603064311400, 20.69844513471183900, 194.6238046983790500 ) ) ;
#2400 = ADVANCED_FACE ( 'NONE', ( #467 ), #499, .F. ) ;
#2401 = CARTESIAN_POINT ( 'NONE',  ( 44.37951573369556300, 21.94902815741022200, 191.6898632404045500 ) ) ;
#2402 = CARTESIAN_POINT ( 'NONE',  ( 35.38328362008530100, 12.86261891504620000, 181.1391609332989700 ) ) ;
#2403 = DIRECTION ( 'NONE',  ( -6.195692743623606600E-008, -2.775557561586302800E-014, 0.9999999999999981100 ) ) ;
#2404 = ADVANCED_BREP_SHAPE_REPRESENTATION ( '123', ( #25, #861 ), #97 ) ;
#2405 = ORIENTED_EDGE ( 'NONE', *, *, #636, .T. ) ;
#2406 = AXIS2_PLACEMENT_3D ( 'NONE', #1437, #2417, #1453 ) ;
#2407 = VERTEX_POINT ( 'NONE', #69 ) ;
#2408 = CYLINDRICAL_SURFACE ( 'NONE', #240, 1.100000000000017600 ) ;
#2409 = EDGE_LOOP ( 'NONE', ( #2472, #51, #732, #1793 ) ) ;
#2410 = DIRECTION ( 'NONE',  ( 0.0000000000000000000, 0.0000000000000000000, 1.000000000000000000 ) ) ;
#2411 = LINE ( 'NONE', #792, #1420 ) ;
#2412 = CARTESIAN_POINT ( 'NONE',  ( 43.62957247338027900, 12.36261891598185500, 194.7905712255605100 ) ) ;
#2413 = CIRCLE ( 'NONE', #972, 1.099999999999989900 ) ;
#2414 = FACE_OUTER_BOUND ( 'NONE', #981, .T. ) ;
#2415 = ORIENTED_EDGE ( 'NONE', *, *, #2055, .F. ) ;
#2416 = EDGE_CURVE ( 'NONE', #1204, #1016, #948, .T. ) ;
#2417 = DIRECTION ( 'NONE',  ( 0.0000000000000000000, 1.000000000000000000, 2.433560920905710600E-011 ) ) ;
#2418 = FACE_OUTER_BOUND ( 'NONE', #1805, .T. ) ;
#2419 = CARTESIAN_POINT ( 'NONE',  ( 10.88705578424652900, 21.94902879886378600, 170.8391604904602200 ) ) ;
#2420 = CARTESIAN_POINT ( 'NONE',  ( 12.38705603064294900, 20.69844443343332000, 194.6238046457955900 ) ) ;
#2421 = DIRECTION ( 'NONE',  ( 0.0000000000000000000, 1.000000000000000000, 2.433560920905710600E-011 ) ) ;
#2422 = ORIENTED_EDGE ( 'NONE', *, *, #1760, .T. ) ;
#2423 = AXIS2_PLACEMENT_3D ( 'NONE', #681, #314, #1698 ) ;
#2424 = DIRECTION ( 'NONE',  ( 6.451712824180910900E-008, -0.0000000000000000000, -0.9999999999999980000 ) ) ;
#2425 = DIRECTION ( 'NONE',  ( 0.9999999999998900900, -4.675190115944398400E-007, -3.505562906889646600E-008 ) ) ;
#2426 = CARTESIAN_POINT ( 'NONE',  ( 10.88705172758914900, 11.86261914791631800, 189.7133997290018500 ) ) ;
#2427 = ADVANCED_FACE ( 'NONE', ( #563 ), #2246, .F. ) ;
#2428 = DIRECTION ( 'NONE',  ( -0.9999999999999991100, 2.958400742336600400E-008, -2.986119921495880900E-008 ) ) ;
#2429 = ORIENTED_EDGE ( 'NONE', *, *, #1174, .T. ) ;
#2430 = CC_DESIGN_APPROVAL ( #1173, ( #2119 ) ) ;
#2431 = EDGE_LOOP ( 'NONE', ( #1749, #908 ) ) ;
#2432 = DIRECTION ( 'NONE',  ( 9.816306433167022700E-008, 0.0000000000000000000, -0.9999999999999952300 ) ) ;
#2433 = VERTEX_POINT ( 'NONE', #1631 ) ;
#2434 = CARTESIAN_POINT ( 'NONE',  ( 28.38328362008530100, 12.86261891503290000, 180.0391609332990000 ) ) ;
#2435 = DIRECTION ( 'NONE',  ( 0.0000000000000000000, -0.0000000000000000000, -1.000000000000000000 ) ) ;
#2436 = EDGE_CURVE ( 'NONE', #2117, #2300, #1770, .T. ) ;
#2437 = CARTESIAN_POINT ( 'NONE',  ( 12.38705575065563200, 20.08629703328870200, 194.8007587232289900 ) ) ;
#2438 = DIRECTION ( 'NONE',  ( 1.000000000000000000, -0.0000000000000000000, 0.0000000000000000000 ) ) ;
#2439 = ORIENTED_EDGE ( 'NONE', *, *, #132, .F. ) ;
#2440 = EDGE_LOOP ( 'NONE', ( #325, #967, #1229, #901 ) ) ;
#2441 = FACE_BOUND ( 'NONE', #1575, .T. ) ;
#2442 = LINE ( 'NONE', #2335, #56 ) ;
#2443 = CARTESIAN_POINT ( 'NONE',  ( 44.37951734188347800, 22.94902789705699300, 166.2891614290172400 ) ) ;
#2444 = ORIENTED_EDGE ( 'NONE', *, *, #1523, .T. ) ;
#2445 = DIRECTION ( 'NONE',  ( 0.9999999999999935600, -5.768297144764877500E-008, 9.816321204889396300E-008 ) ) ;
#2446 = AXIS2_PLACEMENT_3D ( 'NONE', #2358, #784, #1367 ) ;
#2447 = DATE_AND_TIME ( #1451, #320 ) ;
#2448 = LINE ( 'NONE', #980, #528 ) ;
#2449 = VECTOR ( 'NONE', #1810, 1000.000000000000100 ) ;
#2450 = LINE ( 'NONE', #2426, #1986 ) ;
#2451 = DESIGN_CONTEXT ( 'detailed design', #555, 'design' ) ;
#2452 = CYLINDRICAL_SURFACE ( 'NONE', #2238, 1.099999999999989900 ) ;
#2453 = EDGE_CURVE ( 'NONE', #1036, #697, #2037, .T. ) ;
#2454 = PERSON ( '未指定', '未指定', '未指定', ('未指定'), ('未指定'), ('未指定') ) ;
#2455 = DIRECTION ( 'NONE',  ( 0.0000000000000000000, 1.000000000000000000, 2.433560920905710600E-011 ) ) ;
#2456 = VERTEX_POINT ( 'NONE', #1035 ) ;
#2457 = EDGE_LOOP ( 'NONE', ( #1372, #1055, #1467, #1875 ) ) ;
#2458 = AXIS2_PLACEMENT_3D ( 'NONE', #89, #1241, #859 ) ;
#2459 = DIRECTION ( 'NONE',  ( -6.451712824180910900E-008, 0.0000000000000000000, 0.9999999999999978900 ) ) ;
#2460 = VERTEX_POINT ( 'NONE', #1434 ) ;
#2461 = DIRECTION ( 'NONE',  ( 0.0000000000000000000, -2.433501632527123300E-011, 1.000000000000000000 ) ) ;
#2462 = PRODUCT_RELATED_PRODUCT_CATEGORY ( 'detail', '', ( #1650 ) ) ;
#2463 = EDGE_CURVE ( 'NONE', #1802, #1036, #445, .T. ) ;
#2464 = CARTESIAN_POINT ( 'NONE',  ( 28.38328362008530100, 12.86261891483573000, 188.1391609332980000 ) ) ;
#2465 = EDGE_CURVE ( 'NONE', #1475, #2263, #2413, .T. ) ;
#2466 = CARTESIAN_POINT ( 'NONE',  ( 12.38705605445342400, 22.94902818833342200, 165.2881388382660100 ) ) ;
#2467 = ORIENTED_EDGE ( 'NONE', *, *, #426, .T. ) ;
#2469 = ORIENTED_EDGE ( 'NONE', *, *, #21, .F. ) ;
#2468 = ORIENTED_EDGE ( 'NONE', *, *, #1351, .F. ) ;
#2470 = CARTESIAN_POINT ( 'NONE',  ( 45.37951545831077700, 20.08629700710643500, 194.8007587877461300 ) ) ;
#2471 = CALENDAR_DATE ( 2022, 26, 4 ) ;
#2472 = ORIENTED_EDGE ( 'NONE', *, *, #1590, .T. ) ;
#2473 = ADVANCED_FACE ( 'NONE', ( #351 ), #1577, .F. ) ;
#2474 = DIRECTION ( 'NONE',  ( 3.505562906889262800E-008, -1.638917305311179700E-014, 0.9999999999999993300 ) ) ;
#2475 = CARTESIAN_POINT ( 'NONE',  ( 45.87951569095275100, 19.74902724573647800, 191.1391626004005700 ) ) ;
#2476 = FACE_BOUND ( 'NONE', #2001, .T. ) ;
#2477 = DIRECTION ( 'NONE',  ( 4.680854799644961600E-007, 0.9999990055391822000, 0.001410290901730835200 ) ) ;
#2478 = VECTOR ( 'NONE', #2017, 1000.000000000000100 ) ;
#2479 = CIRCLE ( 'NONE', #682, 1.000000000000169200 ) ;
#2480 = VERTEX_POINT ( 'NONE', #887 ) ;
#2481 = DIRECTION ( 'NONE',  ( 6.451712824244628900E-008, 2.433560920905705800E-011, -0.9999999999999980000 ) ) ;
#2482 = DIRECTION ( 'NONE',  ( -0.9999999999999935600, 5.768297144764877500E-008, -9.816306376162606600E-008 ) ) ;
#2483 = FACE_OUTER_BOUND ( 'NONE', #1463, .T. ) ;
#2484 = AXIS2_PLACEMENT_3D ( 'NONE', #1730, #340, #2512 ) ;
#2485 = VECTOR ( 'NONE', #1196, 1000.000000000000000 ) ;
#2486 = VERTEX_POINT ( 'NONE', #2277 ) ;
#2487 = DIRECTION ( 'NONE',  ( -6.451712798660017300E-008, 0.0000000000000000000, 0.9999999999999980000 ) ) ;
#2488 = ORIENTED_EDGE ( 'NONE', *, *, #1876, .T. ) ;
#2489 = DIRECTION ( 'NONE',  ( 4.675190112722680500E-007, 0.9999999999998907500, 0.0000000000000000000 ) ) ;
#2490 = ADVANCED_FACE ( 'NONE', ( #147 ), #2268, .T. ) ;
#2491 = ORIENTED_EDGE ( 'NONE', *, *, #53, .T. ) ;
#2492 = CARTESIAN_POINT ( 'NONE',  ( 44.37951549579098300, 20.82475600815340400, 194.5152573569378400 ) ) ;
#2493 = EDGE_LOOP ( 'NONE', ( #1511, #778, #1679, #270, #253 ) ) ;
#2494 = AXIS2_PLACEMENT_3D ( 'NONE', #1881, #142, #328 ) ;
#2495 = CARTESIAN_POINT ( 'NONE',  ( 44.37951528919841600, 13.61261889503713900, 194.7905712255884500 ) ) ;
#2496 = DIRECTION ( 'NONE',  ( 0.9999999999998900900, -4.675190115944398400E-007, -3.505562906889646600E-008 ) ) ;
#2497 = AXIS2_PLACEMENT_3D ( 'NONE', #1967, #1978, #410 ) ;
#2498 = CARTESIAN_POINT ( 'NONE',  ( 13.13703408098427500, 12.86261891490554300, 194.7905712255705700 ) ) ;
#2499 = EDGE_CURVE ( 'NONE', #1083, #1089, #1041, .T. ) ;
#2500 = CARTESIAN_POINT ( 'NONE',  ( 33.33303108839110300, 12.86261891516710100, 175.0894134649929900 ) ) ;
#2501 = ADVANCED_FACE ( 'NONE', ( #1884 ), #897, .F. ) ;
#2502 = CARTESIAN_POINT ( 'NONE',  ( 45.87951573369555500, 21.94902811813682000, 191.6898633371802400 ) ) ;
#2503 = ORIENTED_EDGE ( 'NONE', *, *, #2499, .F. ) ;
#2504 = DIRECTION ( 'NONE',  ( 0.9999999999999975600, -3.640720023402848700E-008, 6.195689588201567900E-008 ) ) ;
#2505 = CARTESIAN_POINT ( 'NONE',  ( 13.13702165248645800, 12.36261891506001100, 194.7905712255588400 ) ) ;
#2506 = VERTEX_POINT ( 'NONE', #1870 ) ;
#2507 = CYLINDRICAL_SURFACE ( 'NONE', #2010, 1.100000000000017600 ) ;
#2508 = VECTOR ( 'NONE', #1999, 1000.000000000000000 ) ;
#2509 = ORIENTED_EDGE ( 'NONE', *, *, #1344, .F. ) ;
#2510 = CARTESIAN_POINT ( 'NONE',  ( 45.87951692806248600, 16.94230918621776300, 170.8391594719559000 ) ) ;
#2511 = VECTOR ( 'NONE', #1183, 999.9999999999998900 ) ;
#2512 = DIRECTION ( 'NONE',  ( 0.0000000000000000000, -2.433600196360978100E-011, 1.000000000000000000 ) ) ;
#2513 = CIRCLE ( 'NONE', #1336, 0.9999999999915650800 ) ;
#2514 = DIRECTION ( 'NONE',  ( -1.000000000000000000, 0.0000000000000000000, 0.0000000000000000000 ) ) ;
#2515 = CYLINDRICAL_SURFACE ( 'NONE', #1495, 1.599999999999990300 ) ;
#2516 = DIRECTION ( 'NONE',  ( 0.0000000000000000000, 1.000000000000000000, 2.433560920905710600E-011 ) ) ;
#2517 = DIRECTION ( 'NONE',  ( 0.0000000000000000000, 0.0000000000000000000, 1.000000000000000000 ) ) ;
#2518 = DIRECTION ( 'NONE',  ( 6.451712824180910900E-008, -0.0000000000000000000, -0.9999999999999980000 ) ) ;
#2519 = CYLINDRICAL_SURFACE ( 'NONE', #1128, 1.099999999999962100 ) ;
#2520 = DIRECTION ( 'NONE',  ( 0.0000000000000000000, -2.433600196360978100E-011, 1.000000000000000000 ) ) ;
#2521 = ADVANCED_FACE ( 'NONE', ( #383 ), #414, .F. ) ;
#2522 = ORIENTED_EDGE ( 'NONE', *, *, #1067, .F. ) ;
#2523 = EDGE_CURVE ( 'NONE', #44, #557, #1513, .T. ) ;
#2524 = PLANE ( 'NONE',  #1972 ) ;
#2525 = ORIENTED_EDGE ( 'NONE', *, *, #99, .T. ) ;
#2526 = CARTESIAN_POINT ( 'NONE',  ( 45.87951567723079900, 29.99902894759240400, 200.5891591661726900 ) ) ;
#2527 = EDGE_CURVE ( 'NONE', #586, #2407, #1164, .T. ) ;
#2528 = DIRECTION ( 'NONE',  ( 6.451712824244628900E-008, 2.433560920905705800E-011, -0.9999999999999980000 ) ) ;
#2529 = CARTESIAN_POINT ( 'NONE',  ( 10.88705106594083600, 11.86261914791662900, 170.8391609859974400 ) ) ;
#2530 = ADVANCED_FACE ( 'NONE', ( #645 ), #1548, .F. ) ;
#2531 = AXIS2_PLACEMENT_3D ( 'NONE', #2160, #394, #2362 ) ;
#2532 = EDGE_CURVE ( 'NONE', #1563, #2243, #2442, .T. ) ;
#2533 = DIRECTION ( 'NONE',  ( -1.000000000000000000, 0.0000000000000000000, -0.0000000000000000000 ) ) ;
#2534 =( NAMED_UNIT ( * ) SI_UNIT ( $, .STERADIAN. ) SOLID_ANGLE_UNIT ( ) );
#2535 = CARTESIAN_POINT ( 'NONE',  ( 44.37951736743317400, 21.94902789771300200, 165.2891614289309500 ) ) ;
#2536 = EDGE_LOOP ( 'NONE', ( #1911, #194, #1271, #2356 ) ) ;
#2538 = ORIENTED_EDGE ( 'NONE', *, *, #668, .T. ) ;
#2537 = ORIENTED_EDGE ( 'NONE', *, *, #1030, .T. ) ;
#2539 = FACE_OUTER_BOUND ( 'NONE', #2348, .T. ) ;
#2540 = CARTESIAN_POINT ( 'NONE',  ( 45.87951546864125900, 20.41064839580700500, 194.7680191106552500 ) ) ;
#2541 = EDGE_LOOP ( 'NONE', ( #1105, #120, #1647, #195 ) ) ;
#2542 = DIRECTION ( 'NONE',  ( 4.675190115944401600E-007, 0.9999999999998907500, 0.0000000000000000000 ) ) ;
#2543 = VECTOR ( 'NONE', #1654, 1000.000000000000000 ) ;
#2544 = FACE_OUTER_BOUND ( 'NONE', #599, .T. ) ;
#2545 = ORIENTED_EDGE ( 'NONE', *, *, #1803, .T. ) ;
ENDSEC;
END-ISO-10303-21;
