ISO-10303-21;
HEADER;
FILE_DESCRIPTION (( 'STEP AP203' ),
    '1' );
FILE_NAME ('HX-35H底面支架.STEP',
    '2022-04-25T10:20:55',
    ( '' ),
    ( '' ),
    'SwSTEP 2.0',
    'SolidWorks 2017',
    '' );
FILE_SCHEMA (( 'CONFIG_CONTROL_DESIGN' ));
ENDSEC;

DATA;
#1 = CARTESIAN_POINT ( 'NONE',  ( 90.47631554557787600, 1.911348295905841400, 288.9015521280229000 ) ) ;
#2 = CARTESIAN_POINT ( 'NONE',  ( 56.97589373732970600, -13.84561602532895300, 291.0660971791599000 ) ) ;
#3 = EDGE_CURVE ( 'NONE', #464, #2982, #3234, .T. ) ;
#4 = CARTESIAN_POINT ( 'NONE',  ( 90.47707987594409900, 9.260939193645629800, 285.4291557964576200 ) ) ;
#5 = CARTESIAN_POINT ( 'NONE',  ( 90.47603631106305500, -0.2583803032293169900, 290.3916364215251600 ) ) ;
#6 = CARTESIAN_POINT ( 'NONE',  ( 91.97589269724571200, 11.15471084262002300, 291.0747232024548900 ) ) ;
#7 = CARTESIAN_POINT ( 'NONE',  ( 58.47656030114195100, 2.915044662301280000, 287.8944600723904200 ) ) ;
#8 = CARTESIAN_POINT ( 'NONE',  ( 58.47750324622487000, 10.88937994248483000, 283.4125317276970000 ) ) ;
#9 = CARTESIAN_POINT ( 'NONE',  ( 58.47668557528077600, -11.58323406011992200, 287.3008153373689300 ) ) ;
#10 = CARTESIAN_POINT ( 'NONE',  ( 58.47753031168217300, 6.099371468665763600, 283.2838269295447200 ) ) ;
#11 = VECTOR ( 'NONE', #4562, 1000.000000000000100 ) ;
#12 = CARTESIAN_POINT ( 'NONE',  ( 91.97683278847935600, -10.62499418333614400, 286.6042924534463100 ) ) ;
#13 = CARTESIAN_POINT ( 'NONE',  ( 58.47702356395112100, -10.77395535316179000, 285.6935724505782400 ) ) ;
#14 = EDGE_LOOP ( 'NONE', ( #4282, #3957, #990, #1273 ) ) ;
#15 = CARTESIAN_POINT ( 'NONE',  ( 91.97677926328792400, 8.046689980707185400, 286.8588216449002200 ) ) ;
#16 = ORIENTED_EDGE ( 'NONE', *, *, #2895, .F. ) ;
#17 = CARTESIAN_POINT ( 'NONE',  ( 58.47689523228815000, -10.58022843615723300, 286.3038300444276800 ) ) ;
#18 = PLANE ( 'NONE',  #3448 ) ;
#19 = CARTESIAN_POINT ( 'NONE',  ( 90.47756704788929500, 6.679476414358924300, 283.1124993152258800 ) ) ;
#20 = VERTEX_POINT ( 'NONE', #1333 ) ;
#21 = CARTESIAN_POINT ( 'NONE',  ( 90.47688281407600600, 7.919687749126153700, 286.3662472122061900 ) ) ;
#22 = CARTESIAN_POINT ( 'NONE',  ( 74.78891841058775500, 3.135460047555467700, 293.0985556780319100 ) ) ;
#23 = B_SPLINE_CURVE_WITH_KNOTS ( 'NONE', 1,
 ( #2688, #5128 ),
 .UNSPECIFIED., .F., .F.,
 ( 2, 2 ),
 ( 0.0000000000000000000, 1.000000000000000000 ),
 .UNSPECIFIED. ) ;
#24 = CARTESIAN_POINT ( 'NONE',  ( 91.97695391095268700, 7.979581627691956700, 286.0283168355525200 ) ) ;
#25 = CARTESIAN_POINT ( 'NONE',  ( 90.47669852460605000, -11.93512538858315800, 287.2426018607495700 ) ) ;
#26 = CARTESIAN_POINT ( 'NONE',  ( 56.97735813160534900, 5.676470790399151600, 284.1024398607469300 ) ) ;
#27 = FACE_BOUND ( 'NONE', #5040, .T. ) ;
#28 = CARTESIAN_POINT ( 'NONE',  ( 57.41571626908928700, -13.85179615057002200, 293.6661203124506300 ) ) ;
#29 = CARTESIAN_POINT ( 'NONE',  ( 90.47688281407600600, 7.919687749126153700, 286.3662472122061900 ) ) ;
#30 = CARTESIAN_POINT ( 'NONE',  ( 90.47757772990416900, -9.320451097237402400, 283.0643368446413300 ) ) ;
#31 = CARTESIAN_POINT ( 'NONE',  ( 56.97697417203153200, 8.018519760444307900, 285.9282889098179200 ) ) ;
#32 = ORIENTED_EDGE ( 'NONE', *, *, #5246, .T. ) ;
#33 = B_SPLINE_CURVE_WITH_KNOTS ( 'NONE', 3,
 ( #2734, #5144, #1482, #5156, #2336, #3963, #2751, #2719, #5206, #3580, #1096, #3936, #4783, #2705, #4751, #4353, #1891, #2766 ),
 .UNSPECIFIED., .F., .F.,
 ( 4, 1, 1, 2, 2, 2, 1, 1, 2, 2, 4 ),
 ( 0.0000000000000000000, 0.1249999999999985600, 0.1874999999999981700, 0.2187499999999979700, 0.2499999999999977800, 0.5000000000000888200, 0.6250000000000985900, 0.6875000000001048100, 0.7187500000001064700, 0.7500000000001081400, 1.000000000000000000 ),
 .UNSPECIFIED. ) ;
#34 = FACE_OUTER_BOUND ( 'NONE', #3651, .T. ) ;
#35 = CARTESIAN_POINT ( 'NONE',  ( 57.97757789463670300, -9.320451097237004500, 283.0575023880156200 ) ) ;
#36 = CARTESIAN_POINT ( 'NONE',  ( 86.97547790044122000, -13.85930049623166700, 293.0499613139013500 ) ) ;
#37 = CARTESIAN_POINT ( 'NONE',  ( 56.97683477282966200, -12.53722089620995200, 286.5911761457206200 ) ) ;
#38 = CARTESIAN_POINT ( 'NONE',  ( 90.47693414353443600, 9.897027549797911700, 286.1221594347802000 ) ) ;
#39 = VERTEX_POINT ( 'NONE', #2556 ) ;
#40 = CARTESIAN_POINT ( 'NONE',  ( 91.97668989411909000, -11.80109870538921700, 287.2838002704882000 ) ) ;
#41 = CARTESIAN_POINT ( 'NONE',  ( 79.53656385423801100, 5.192258368083182400, 293.1057453738769100 ) ) ;
#42 = CARTESIAN_POINT ( 'NONE',  ( 58.47708611685907700, 8.659044944903474300, 285.3961136147136100 ) ) ;
#43 = EDGE_CURVE ( 'NONE', #553, #572, #3013, .T. ) ;
#44 = DIRECTION ( 'NONE',  ( 0.0002102900160026601300, 0.003010154484988449300, -0.9999954473636795100 ) ) ;
#45 = ORIENTED_EDGE ( 'NONE', *, *, #2244, .F. ) ;
#46 = CARTESIAN_POINT ( 'NONE',  ( 58.47743529704685300, -13.77387606187394900, 283.7356515324451600 ) ) ;
#47 = CARTESIAN_POINT ( 'NONE',  ( 56.97747005554260400, 11.01450177105146200, 283.5702061870733200 ) ) ;
#48 = CARTESIAN_POINT ( 'NONE',  ( 56.97656085432560500, 2.782332562871191200, 287.8937451503500100 ) ) ;
#49 = CARTESIAN_POINT ( 'NONE',  ( 56.97696762211037200, 8.004220628965617500, 285.9594358537505100 ) ) ;
#50 = ORIENTED_EDGE ( 'NONE', *, *, #1540, .F. ) ;
#51 = ORIENTED_EDGE ( 'NONE', *, *, #532, .F. ) ;
#52 = CARTESIAN_POINT ( 'NONE',  ( 58.47748895138601500, -8.501522711519466900, 283.4805082024388400 ) ) ;
#53 = CARTESIAN_POINT ( 'NONE',  ( 58.47743209800698600, 5.741413579466139600, 283.7508639765068800 ) ) ;
#54 = CARTESIAN_POINT ( 'NONE',  ( 56.97667259158539100, 8.980164673457441200, 287.3623991869587300 ) ) ;
#55 = CARTESIAN_POINT ( 'NONE',  ( 91.97676822426899400, -12.38078390289602400, 286.9113156666555800 ) ) ;
#56 = CARTESIAN_POINT ( 'NONE',  ( 56.97694750890900700, -10.61019836510692800, 286.0550804800012100 ) ) ;
#57 = ORIENTED_EDGE ( 'NONE', *, *, #656, .F. ) ;
#58 = CARTESIAN_POINT ( 'NONE',  ( 79.31355472358360700, 2.000038618810778200, 293.0960893587304100 ) ) ;
#59 = CARTESIAN_POINT ( 'NONE',  ( 90.47747915408105300, 5.858016888085233900, 283.5304621408577600 ) ) ;
#60 = ORIENTED_EDGE ( 'NONE', *, *, #1575, .F. ) ;
#61 = CARTESIAN_POINT ( 'NONE',  ( 90.47653356647616400, 2.408476708250034500, 288.0270298711979000 ) ) ;
#62 = FACE_OUTER_BOUND ( 'NONE', #3366, .T. ) ;
#63 = CARTESIAN_POINT ( 'NONE',  ( 91.97746031860891900, -13.72460885303422600, 283.6201884785368200 ) ) ;
#64 = B_SPLINE_CURVE_WITH_KNOTS ( 'NONE', 3,
 ( #601, #4742, #1457, #3899, #2228, #1865, #4298, #2694, #2710, #2278 ),
 .UNSPECIFIED., .F., .F.,
 ( 4, 2, 2, 2, 4 ),
 ( 0.0000000000000000000, 0.2500000000000000000, 0.5000000000000000000, 0.7500000000000000000, 1.000000000000000000 ),
 .UNSPECIFIED. ) ;
#65 = DIRECTION ( 'NONE',  ( 0.0002102900136559410600, 0.003010154484246530600, -0.9999954473636822900 ) ) ;
#66 = CARTESIAN_POINT ( 'NONE',  ( 58.47625076685976400, -4.589656637567652600, 289.3684667118000100 ) ) ;
#67 = CARTESIAN_POINT ( 'NONE',  ( 58.47748963670491000, 10.94628907755140900, 283.4772492937283300 ) ) ;
#68 = EDGE_CURVE ( 'NONE', #1805, #3482, #2505, .T. ) ;
#69 = ORIENTED_EDGE ( 'NONE', *, *, #1159, .F. ) ;
#70 = CARTESIAN_POINT ( 'NONE',  ( 56.97708416961654600, 8.629011520014717700, 285.4052156497020300 ) ) ;
#71 = B_SPLINE_CURVE_WITH_KNOTS ( 'NONE', 1,
 ( #571, #556 ),
 .UNSPECIFIED., .F., .F.,
 ( 2, 2 ),
 ( 0.0000000000000000000, 1.000000000000000000 ),
 .UNSPECIFIED. ) ;
#72 = VERTEX_POINT ( 'NONE', #5143 ) ;
#73 = CARTESIAN_POINT ( 'NONE',  ( 58.47746236167181900, 5.798803102855115900, 283.6069506913025900 ) ) ;
#74 = CARTESIAN_POINT ( 'NONE',  ( 56.97667893418168500, 9.165107197571009200, 287.3322381382561200 ) ) ;
#75 = CARTESIAN_POINT ( 'NONE',  ( 90.47675717247247500, -12.33802681699143700, 286.9637127317129200 ) ) ;
#76 = CARTESIAN_POINT ( 'NONE',  ( 56.97758013227515800, -12.82043524039985100, 283.0467565566469300 ) ) ;
#77 = ADVANCED_FACE ( 'NONE', ( #3597 ), #3560, .F. ) ;
#78 = CARTESIAN_POINT ( 'NONE',  ( 90.47709805231970400, -11.31377226794130700, 285.3427213894031500 ) ) ;
#79 = CARTESIAN_POINT ( 'NONE',  ( 90.47706674570532900, 9.418497989914444100, 285.4915942289585500 ) ) ;
#80 = PLANE ( 'NONE',  #4595 ) ;
#81 = CC_DESIGN_PERSON_AND_ORGANIZATION_ASSIGNMENT ( #2549, #388, ( #691 ) ) ;
#82 = CARTESIAN_POINT ( 'NONE',  ( 58.47635000388923700, 1.910564528154006700, 288.8965632918000200 ) ) ;
#83 = CARTESIAN_POINT ( 'NONE',  ( 74.55165577427307300, -7.260788667772830600, 294.5672181556652200 ) ) ;
#84 = ORIENTED_EDGE ( 'NONE', *, *, #4170, .F. ) ;
#85 = EDGE_CURVE ( 'NONE', #4248, #1237, #2019, .T. ) ;
#86 = CARTESIAN_POINT ( 'NONE',  ( 56.97754984607223600, -13.34197622704102300, 283.1907770175658900 ) ) ;
#87 = LINE ( 'NONE', #2970, #1224 ) ;
#88 = CARTESIAN_POINT ( 'NONE',  ( 74.39865243196867100, -9.450924513671219900, 293.0605864742065000 ) ) ;
#89 = ADVANCED_FACE ( 'NONE', ( #281 ), #2337, .T. ) ;
#90 = CARTESIAN_POINT ( 'NONE',  ( 58.47706808142135100, 8.426161266238137800, 285.4818778176799600 ) ) ;
#91 = ORIENTED_EDGE ( 'NONE', *, *, #5155, .F. ) ;
#92 = CARTESIAN_POINT ( 'NONE',  ( 56.97741983469099800, 5.721236537551961400, 283.8090221992399100 ) ) ;
#93 = CARTESIAN_POINT ( 'NONE',  ( 91.97668614466250900, -11.70912828192967400, 287.3016301207928800 ) ) ;
#94 = CARTESIAN_POINT ( 'NONE',  ( 91.97709112781390700, 9.048587594896544000, 285.3758073197126900 ) ) ;
#95 = VECTOR ( 'NONE', #1233, 1000.000000000000100 ) ;
#96 = CARTESIAN_POINT ( 'NONE',  ( 56.97667771165934900, 8.666705871079301500, 287.3380516181179600 ) ) ;
#97 = COORDINATED_UNIVERSAL_TIME_OFFSET ( 8, 0, .AHEAD. ) ;
#98 = CARTESIAN_POINT ( 'NONE',  ( 76.34434410496561400, 5.415267498737581100, 293.1057453738769100 ) ) ;
#99 = CARTESIAN_POINT ( 'NONE',  ( 90.47701651556272400, -10.75828536539056100, 285.7304544226153100 ) ) ;
#100 = ORIENTED_EDGE ( 'NONE', *, *, #4743, .F. ) ;
#101 = CARTESIAN_POINT ( 'NONE',  ( 58.47706584849804300, 9.414178870232444000, 285.4924960732460600 ) ) ;
#102 = EDGE_CURVE ( 'NONE', #3890, #958, #907, .T. ) ;
#103 = CARTESIAN_POINT ( 'NONE',  ( 74.39833699694818800, -9.455439745397590900, 294.5605796452520600 ) ) ;
#104 = DIRECTION ( 'NONE',  ( -0.0002102907305505589000, -0.001505076918063017900, 0.9999988452599728500 ) ) ;
#105 = CARTESIAN_POINT ( 'NONE',  ( 58.47737044210074200, -13.82344086436000000, 284.0440572860000000 ) ) ;
#106 = CARTESIAN_POINT ( 'NONE',  ( 56.97641844303141300, 1.965211534036466200, 288.5709558356705300 ) ) ;
#107 = EDGE_CURVE ( 'NONE', #663, #2463, #4115, .T. ) ;
#108 = CARTESIAN_POINT ( 'NONE',  ( 56.97709325199922900, 8.859201763744193800, 285.3620260513349100 ) ) ;
#109 = CARTESIAN_POINT ( 'NONE',  ( 56.97709325199922900, 8.859201763744193800, 285.3620260513349100 ) ) ;
#110 = CARTESIAN_POINT ( 'NONE',  ( 58.47756746054901800, -9.012045336856846900, 283.1071723349027100 ) ) ;
#111 = CARTESIAN_POINT ( 'NONE',  ( 56.97754599089472500, 6.232603240592911000, 283.2091096033969400 ) ) ;
#112 = CARTESIAN_POINT ( 'NONE',  ( 90.47741849645365200, -8.353435711194261900, 283.8189083183400500 ) ) ;
#113 = CARTESIAN_POINT ( 'NONE',  ( 90.47669852460606400, -11.93512538858316000, 287.2426018607495700 ) ) ;
#114 = CARTESIAN_POINT ( 'NONE',  ( 69.63706891762630800, -4.707236568528478500, 293.0738644547340600 ) ) ;
#115 = VECTOR ( 'NONE', #3636, 1000.000000000000100 ) ;
#116 = ADVANCED_FACE ( 'NONE', ( #4525 ), #2269, .T. ) ;
#117 = CARTESIAN_POINT ( 'NONE',  ( 56.97677913858287000, 8.039032961216825900, 286.8557345605839300 ) ) ;
#118 = VERTEX_POINT ( 'NONE', #1010 ) ;
#119 = CARTESIAN_POINT ( 'NONE',  ( 91.97682931032923600, 9.888213658786456900, 286.6208321558646600 ) ) ;
#120 = CARTESIAN_POINT ( 'NONE',  ( 90.47705096021029200, 9.531773630701858100, 285.5666592438423100 ) ) ;
#121 = EDGE_LOOP ( 'NONE', ( #3771, #2159, #3317, #4243 ) ) ;
#122 = CARTESIAN_POINT ( 'NONE',  ( 76.74662228689221900, 6.590407786628655500, 293.1093673392579100 ) ) ;
#123 = CARTESIAN_POINT ( 'NONE',  ( 91.47633826815844300, 1.911056155046419100, 288.9017615442862700 ) ) ;
#124 = CARTESIAN_POINT ( 'NONE',  ( 56.97756437940256500, -13.20351416763720400, 283.1216664414492400 ) ) ;
#125 = CARTESIAN_POINT ( 'NONE',  ( 90.47744389435064200, 11.08215290827814100, 283.6981332961370300 ) ) ;
#126 = ORIENTED_EDGE ( 'NONE', *, *, #1180, .F. ) ;
#127 =( BOUNDED_CURVE ( )  B_SPLINE_CURVE ( 3, ( #1845, #176, #2629, #574 ),
 .UNSPECIFIED., .F., .T. ) 
 B_SPLINE_CURVE_WITH_KNOTS ( ( 4, 4 ),
 ( 3.141592653589798900, 6.283185307179586200 ),
 .UNSPECIFIED. ) 
 CURVE ( )  GEOMETRIC_REPRESENTATION_ITEM ( )  RATIONAL_B_SPLINE_CURVE ( ( 1.000000000000000000, 0.3333333333333353100, 0.3333333333333353100, 1.000000000000000000 ) ) 
 REPRESENTATION_ITEM ( '' )  );
#128 = CARTESIAN_POINT ( 'NONE',  ( 58.47668263100596400, 9.225371629631185400, 287.3148162893237400 ) ) ;
#129 = CARTESIAN_POINT ( 'NONE',  ( 90.47754623009272700, -8.799786605749055500, 283.2114945191090700 ) ) ;
#130 = CARTESIAN_POINT ( 'NONE',  ( 58.47656603393535600, -5.452555873491168500, 287.8692721886749800 ) ) ;
#131 = CARTESIAN_POINT ( 'NONE',  ( 58.47667267921718800, 8.789333102358893900, 287.3621401883101500 ) ) ;
#132 = ORIENTED_EDGE ( 'NONE', *, *, #3442, .F. ) ;
#133 = VECTOR ( 'NONE', #1414, 1000.000000000000200 ) ;
#134 = CARTESIAN_POINT ( 'NONE',  ( 58.47669263706253400, -11.31958563193645300, 287.2672343308876200 ) ) ;
#135 = CARTESIAN_POINT ( 'NONE',  ( 91.97603490344369000, 1.909028883856012800, 290.3984878144531200 ) ) ;
#136 = CARTESIAN_POINT ( 'NONE',  ( 58.47689560732931800, 9.919869808492304500, 286.3020466020689700 ) ) ;
#137 = ORIENTED_EDGE ( 'NONE', *, *, #2376, .F. ) ;
#138 = ORIENTED_EDGE ( 'NONE', *, *, #1094, .F. ) ;
#139 = CARTESIAN_POINT ( 'NONE',  ( 74.55197120929355500, -7.256273436046460500, 293.0672249846196600 ) ) ;
#140 = FACE_OUTER_BOUND ( 'NONE', #1387, .T. ) ;
#141 = CARTESIAN_POINT ( 'NONE',  ( 91.97692127000890100, -10.57984512145546000, 286.1835348330237100 ) ) ;
#142 = ADVANCED_FACE ( 'NONE', ( #2945 ), #4817, .F. ) ;
#143 = EDGE_CURVE ( 'NONE', #2765, #585, #619, .T. ) ;
#144 = CARTESIAN_POINT ( 'NONE',  ( 56.97705247278727800, 8.312435765734933900, 285.5559440844867800 ) ) ;
#145 = CARTESIAN_POINT ( 'NONE',  ( 90.47749458466249500, -8.517192699261304500, 283.4570848524428500 ) ) ;
#146 = CARTESIAN_POINT ( 'NONE',  ( 58.47748581219495600, 10.96897535810776100, 283.4954360465836800 ) ) ;
#147 = CARTESIAN_POINT ( 'NONE',  ( 66.44484916835389800, -4.484227437874077200, 293.0738644547340600 ) ) ;
#148 = FACE_OUTER_BOUND ( 'NONE', #2799, .T. ) ;
#149 = CARTESIAN_POINT ( 'NONE',  ( 56.97671533828139400, 8.311423515134020300, 287.1591251457394400 ) ) ;
#150 = EDGE_CURVE ( 'NONE', #414, #4730, #2933, .T. ) ;
#151 = VERTEX_POINT ( 'NONE', #4010 ) ;
#152 = CARTESIAN_POINT ( 'NONE',  ( 91.97669856530942000, 9.408932071251094000, 287.2425660216696900 ) ) ;
#153 = CARTESIAN_POINT ( 'NONE',  ( 58.47695346019584400, 9.861822230021541500, 286.0269379486129000 ) ) ;
#154 = ORIENTED_EDGE ( 'NONE', *, *, #2570, .T. ) ;
#155 = CARTESIAN_POINT ( 'NONE',  ( 90.47686148896089300, -10.58947782225148300, 286.4676548801020300 ) ) ;
#156 = CARTESIAN_POINT ( 'NONE',  ( 56.97686848701050600, -10.58061175085063400, 286.4308545668761200 ) ) ;
#157 = CARTESIAN_POINT ( 'NONE',  ( 91.97706573049680400, 8.430434365950901600, 285.4965795844364600 ) ) ;
#158 = CARTESIAN_POINT ( 'NONE',  ( 91.97702202487761300, -10.77966390834266300, 285.7044136083133600 ) ) ;
#159 = ORIENTED_EDGE ( 'NONE', *, *, #4611, .F. ) ;
#160 = FACE_OUTER_BOUND ( 'NONE', #5241, .T. ) ;
#161 = CARTESIAN_POINT ( 'NONE',  ( 81.55197120926743500, -0.2562734359970210200, 293.0897681987362400 ) ) ;
#162 = CARTESIAN_POINT ( 'NONE',  ( 90.47752541151760400, -8.662747410552972500, 283.3104934195220600 ) ) ;
#163 = CARTESIAN_POINT ( 'NONE',  ( 56.97736699372173800, -8.323465782247012600, 284.0602976988469100 ) ) ;
#164 = CALENDAR_DATE ( 2022, 25, 4 ) ;
#165 = ORIENTED_EDGE ( 'NONE', *, *, #4431, .T. ) ;
#166 = CARTESIAN_POINT ( 'NONE',  ( 56.97670357770693500, 8.396008572619580300, 287.2150503919341400 ) ) ;
#167 = ORIENTED_EDGE ( 'NONE', *, *, #4835, .T. ) ;
#168 = CARTESIAN_POINT ( 'NONE',  ( 91.97668761075969700, 9.299751991362272800, 287.2946583656150200 ) ) ;
#169 = CARTESIAN_POINT ( 'NONE',  ( 56.97753458811539000, 10.71160378944055400, 283.2633334205147000 ) ) ;
#170 = CARTESIAN_POINT ( 'NONE',  ( 58.47561972842729000, 11.15230452577106700, 292.3692537743368100 ) ) ;
#171 = ORIENTED_EDGE ( 'NONE', *, *, #2183, .T. ) ;
#172 = CARTESIAN_POINT ( 'NONE',  ( 58.76746469666802100, -13.85927542843618100, 293.0440294988720800 ) ) ;
#173 = CARTESIAN_POINT ( 'NONE',  ( 90.47644399043788600, 2.015744723720975400, 288.4529922263918100 ) ) ;
#174 = CARTESIAN_POINT ( 'NONE',  ( 83.59330350956733500, -2.604243290946664000, 293.0831296883230300 ) ) ;
#175 = DIRECTION ( 'NONE',  ( 0.0002102900136559410600, 0.003010154484246530600, -0.9999954473636822900 ) ) ;
#176 = CARTESIAN_POINT ( 'NONE',  ( 72.35700469662222600, 6.892530109552054400, 294.6093605103035300 ) ) ;
#177 = CARTESIAN_POINT ( 'NONE',  ( 91.97741206442935900, -8.346213554589430900, 283.8496523435735000 ) ) ;
#178 = CARTESIAN_POINT ( 'NONE',  ( 89.99000113520720800, 11.14483878173930300, 294.6258687345393200 ) ) ;
#179 = CARTESIAN_POINT ( 'NONE',  ( 91.97756701472378900, 6.679476414358933100, 283.1128147516789100 ) ) ;
#180 = ORIENTED_EDGE ( 'NONE', *, *, #3119, .F. ) ;
#181 = VERTEX_POINT ( 'NONE', #5172 ) ;
#182 = CARTESIAN_POINT ( 'NONE',  ( 56.97603979141058500, -4.590189132714986200, 290.3715638921336800 ) ) ;
#183 = ADVANCED_FACE ( 'NONE', ( #3648 ), #961, .T. ) ;
#184 = VERTEX_POINT ( 'NONE', #995 ) ;
#185 = CARTESIAN_POINT ( 'NONE',  ( 58.47668557528077600, -11.58323406011992200, 287.3008153373689300 ) ) ;
#186 = CARTESIAN_POINT ( 'NONE',  ( 56.97709321180832400, 8.922693373086000100, 285.3622171717468600 ) ) ;
#187 = CARTESIAN_POINT ( 'NONE',  ( 56.97757129993457400, -9.072201893345576800, 283.0887571256519700 ) ) ;
#188 = CARTESIAN_POINT ( 'NONE',  ( 56.97669465063849300, -11.28955220704782800, 287.2575014229929600 ) ) ;
#189 = CARTESIAN_POINT ( 'NONE',  ( 91.97635553013368800, -4.588898982892986900, 288.8738066318530900 ) ) ;
#190 = ORIENTED_EDGE ( 'NONE', *, *, #3849, .T. ) ;
#191 = CARTESIAN_POINT ( 'NONE',  ( 91.97710537439842000, -11.51372214180816300, 285.3080603105630100 ) ) ;
#192 = ORIENTED_EDGE ( 'NONE', *, *, #2338, .T. ) ;
#193 = CARTESIAN_POINT ( 'NONE',  ( 89.72514588536282100, 11.14483883762423000, 294.6258130380398400 ) ) ;
#194 = LINE ( 'NONE', #3520, #1134 ) ;
#195 = CARTESIAN_POINT ( 'NONE',  ( 90.47637766406812400, 1.911456977579508900, 288.7683950641567200 ) ) ;
#196 = CARTESIAN_POINT ( 'NONE',  ( 91.97741206442935900, -8.346213554589430900, 283.8496523435735000 ) ) ;
#197 = CARTESIAN_POINT ( 'NONE',  ( 74.55165577427307300, -7.260788667772832400, 294.5672181556652200 ) ) ;
#198 =( BOUNDED_SURFACE ( )  B_SPLINE_SURFACE ( 3, 1, ( 
 ( #4761, #4805 ),
 ( #3631, #5214 ),
 ( #2744, #263 ),
 ( #712, #1489 ) ),
 .UNSPECIFIED., .F., .F., .T. ) 
 B_SPLINE_SURFACE_WITH_KNOTS ( ( 4, 4 ),
 ( 2, 2 ),
 ( 0.0000000000000000000, 1.000000000000000000 ),
 ( 0.0000000000000000000, 1.000000000000000000 ),
 .UNSPECIFIED. ) 
 GEOMETRIC_REPRESENTATION_ITEM ( )  RATIONAL_B_SPLINE_SURFACE ( (
 ( 1.000000000000000000, 1.000000000000000000),
 ( 0.3333333333333335400, 0.3333333333333335400),
 ( 0.3333333333333335400, 0.3333333333333335400),
 ( 1.000000000000000000, 1.000000000000000000) ) ) 
 REPRESENTATION_ITEM ( '' )  SURFACE ( )  );
#199 = VERTEX_POINT ( 'NONE', #4764 ) ;
#200 = CARTESIAN_POINT ( 'NONE',  ( 58.47695699092907500, -10.62322691505829500, 286.0101481978414300 ) ) ;
#201 = VECTOR ( 'NONE', #3843, 1000.000000000000100 ) ;
#202 = CARTESIAN_POINT ( 'NONE',  ( 90.47756618041610500, -13.17271116574919700, 283.1166244299442400 ) ) ;
#203 = CARTESIAN_POINT ( 'NONE',  ( 65.18358718579359800, -5.215444817307672000, 293.0713981354326200 ) ) ;
#204 = CARTESIAN_POINT ( 'NONE',  ( 58.47668580974586000, 9.268948989472832500, 287.2997003771238800 ) ) ;
#205 = CARTESIAN_POINT ( 'NONE',  ( 69.41374435195142200, -7.903971549527252400, 294.5642016106331200 ) ) ;
#206 = CARTESIAN_POINT ( 'NONE',  ( 91.97614452695808000, -4.590260702427652700, 289.8771933782839500 ) ) ;
#207 = CARTESIAN_POINT ( 'NONE',  ( 67.55197120926743500, -0.2562734360464706800, 293.0868241251415600 ) ) ;
#208 = CARTESIAN_POINT ( 'NONE',  ( 90.47656011294110100, 2.783378296535498300, 287.9007930457018500 ) ) ;
#209 = ORIENTED_EDGE ( 'NONE', *, *, #3807, .F. ) ;
#210 = CARTESIAN_POINT ( 'NONE',  ( 56.97561976159401100, 11.15230452577106700, 292.3689383378836600 ) ) ;
#211 = EDGE_CURVE ( 'NONE', #663, #216, #3761, .T. ) ;
#212 = CARTESIAN_POINT ( 'NONE',  ( 58.47696931273331000, -10.64305156341533700, 285.9515541268542100 ) ) ;
#213 = CARTESIAN_POINT ( 'NONE',  ( 89.72546132038330300, 11.14935406935060400, 293.1258198669943300 ) ) ;
#214 = CARTESIAN_POINT ( 'NONE',  ( 90.47745380185445200, -13.73890798451520800, 283.6510199860181300 ) ) ;
#215 = CARTESIAN_POINT ( 'NONE',  ( 72.35732013164269500, 6.897045341278423600, 293.1093673392579700 ) ) ;
#216 = VERTEX_POINT ( 'NONE', #258 ) ;
#217 = EDGE_CURVE ( 'NONE', #5220, #118, #5233, .T. ) ;
#218 = CARTESIAN_POINT ( 'NONE',  ( 56.97667259158539100, 8.980164673457441200, 287.3623991869587300 ) ) ;
#219 = FACE_OUTER_BOUND ( 'NONE', #3284, .T. ) ;
#220 = CARTESIAN_POINT ( 'NONE',  ( 90.47668963105383000, -11.33312596841372700, 287.2848935106217700 ) ) ;
#221 = CARTESIAN_POINT ( 'NONE',  ( 57.24430009235616300, 11.14901335498412200, 293.4765616625416000 ) ) ;
#222 = DATE_AND_TIME ( #1883, #3132 ) ;
#223 = ORIENTED_EDGE ( 'NONE', *, *, #2141, .F. ) ;
#224 = CARTESIAN_POINT ( 'NONE',  ( 67.39865243194255100, -2.450924513671229200, 293.0801856147284100 ) ) ;
#225 = LINE ( 'NONE', #2550, #4448 ) ;
#226 = CARTESIAN_POINT ( 'NONE',  ( 67.39833699692206900, -2.455439745397598900, 294.5801787857739700 ) ) ;
#227 = DATE_AND_TIME ( #2396, #345 ) ;
#228 = ORIENTED_EDGE ( 'NONE', *, *, #3282, .F. ) ;
#229 = CARTESIAN_POINT ( 'NONE',  ( 76.74630685189782800, -7.414107445097715600, 294.5672181556652200 ) ) ;
#230 = CARTESIAN_POINT ( 'NONE',  ( 56.97683771020358300, 7.942435521468651100, 286.5772080039157600 ) ) ;
#231 = FACE_OUTER_BOUND ( 'NONE', #2601, .T. ) ;
#232 = CARTESIAN_POINT ( 'NONE',  ( 90.47668764392642500, 9.299751991362274600, 287.2943429291620400 ) ) ;
#233 = CARTESIAN_POINT ( 'NONE',  ( 59.22563715913499700, -16.41006971961960700, 292.2864441140807800 ) ) ;
#234 = EDGE_CURVE ( 'NONE', #347, #216, #667, .T. ) ;
#235 = ORIENTED_EDGE ( 'NONE', *, *, #4852, .F. ) ;
#236 = ORIENTED_EDGE ( 'NONE', *, *, #1316, .T. ) ;
#237 = CARTESIAN_POINT ( 'NONE',  ( 58.56517983866328300, 11.15123599624002500, 292.7384616350950600 ) ) ;
#238 = VERTEX_POINT ( 'NONE', #301 ) ;
#239 = CARTESIAN_POINT ( 'NONE',  ( 90.47655475707216500, 2.653960670846160100, 287.9262618941583600 ) ) ;
#240 = CARTESIAN_POINT ( 'NONE',  ( 91.97705049844046200, 8.316232176057059900, 285.5690128234779200 ) ) ;
#241 = ORIENTED_EDGE ( 'NONE', *, *, #4815, .F. ) ;
#242 = CARTESIAN_POINT ( 'NONE',  ( 56.97635003705596500, 1.910564528153687400, 288.8962478553246500 ) ) ;
#243 = CARTESIAN_POINT ( 'NONE',  ( 56.97669341525570300, 8.485759499663824800, 287.2633760573890500 ) ) ;
#244 = VERTEX_POINT ( 'NONE', #1109 ) ;
#245 = CARTESIAN_POINT ( 'NONE',  ( 90.47743869431347700, 11.09336376458559800, 283.7228611152803000 ) ) ;
#246 = CARTESIAN_POINT ( 'NONE',  ( 91.97682931032923600, 9.888213658786456900, 286.6208321558646600 ) ) ;
#247 = CARTESIAN_POINT ( 'NONE',  ( 58.47667255841867000, 8.980164673457460700, 287.3627146234118200 ) ) ;
#248 = CARTESIAN_POINT ( 'NONE',  ( 90.47589273036804500, 11.15487469848259000, 291.0744079744346800 ) ) ;
#249 = CARTESIAN_POINT ( 'NONE',  ( 91.97756932598929300, -13.12913380590302900, 283.1018239542001400 ) ) ;
#250 = CARTESIAN_POINT ( 'NONE',  ( 56.97736699372173800, -8.323465782247000200, 284.0602976988429900 ) ) ;
#251 = ADVANCED_FACE ( 'NONE', ( #4839, #4910, #483 ), #2874, .T. ) ;
#252 = FACE_OUTER_BOUND ( 'NONE', #289, .T. ) ;
#253 = VERTEX_POINT ( 'NONE', #5237 ) ;
#254 = CARTESIAN_POINT ( 'NONE',  ( 90.47736973454236400, -13.82344086435723800, 284.0507865970077400 ) ) ;
#255 = ORIENTED_EDGE ( 'NONE', *, *, #651, .F. ) ;
#256 = CARTESIAN_POINT ( 'NONE',  ( 58.47699033876553900, -12.47387591324544700, 285.8515687025067700 ) ) ;
#257 = CARTESIAN_POINT ( 'NONE',  ( 90.47689616579016600, 7.919878869543374800, 286.3027556042545700 ) ) ;
#258 = CARTESIAN_POINT ( 'NONE',  ( 58.47603564353068600, 1.909781422477209600, 290.3914453323022300 ) ) ;
#259 = CARTESIAN_POINT ( 'NONE',  ( 90.47755144288858300, 10.52787904549648500, 283.1867060283760200 ) ) ;
#260 = CARTESIAN_POINT ( 'NONE',  ( 58.47675497710329800, 9.716595762807738600, 286.9707877456084500 ) ) ;
#261 = CARTESIAN_POINT ( 'NONE',  ( 58.47652373693283300, -4.971754349357861500, 288.0704077953457200 ) ) ;
#262 = VECTOR ( 'NONE', #2390, 1000.000000000000200 ) ;
#263 = CARTESIAN_POINT ( 'NONE',  ( 72.82928866711131400, 4.969249237641302700, 293.1036635994746000 ) ) ;
#264 = VERTEX_POINT ( 'NONE', #3656 ) ;
#265 = ORIENTED_EDGE ( 'NONE', *, *, #1857, .T. ) ;
#266 = CARTESIAN_POINT ( 'NONE',  ( 90.47679864127229600, 8.001812389404365800, 286.7665154903308500 ) ) ;
#267 = CARTESIAN_POINT ( 'NONE',  ( 90.47755383675422500, 6.327200488998802700, 283.1753224410775800 ) ) ;
#268 = CARTESIAN_POINT ( 'NONE',  ( 91.97571022415888800, 11.15320080042644300, 291.9424403654281800 ) ) ;
#269 = EDGE_CURVE ( 'NONE', #1071, #4270, #1445, .T. ) ;
#270 = CARTESIAN_POINT ( 'NONE',  ( 91.97708361687097100, -12.02408692490350000, 285.4115242257629500 ) ) ;
#271 = ORIENTED_EDGE ( 'NONE', *, *, #107, .F. ) ;
#272 = CARTESIAN_POINT ( 'NONE',  ( 56.97677913858287000, 8.039032961216825900, 286.8557345605839300 ) ) ;
#273 = CARTESIAN_POINT ( 'NONE',  ( 58.47668565588761400, -11.71057402189256700, 287.3004320227095700 ) ) ;
#274 = LINE ( 'NONE', #5119, #2680 ) ;
#275 =( BOUNDED_SURFACE ( )  B_SPLINE_SURFACE ( 3, 1, ( 
 ( #3073, #5081 ),
 ( #4693, #595 ),
 ( #2223, #3459 ),
 ( #4257, #2673 ) ),
 .UNSPECIFIED., .F., .F., .T. ) 
 B_SPLINE_SURFACE_WITH_KNOTS ( ( 4, 4 ),
 ( 2, 2 ),
 ( 0.0000000000000000000, 1.000000000000000000 ),
 ( 0.0000000000000000000, 1.000000000000000000 ),
 .UNSPECIFIED. ) 
 GEOMETRIC_REPRESENTATION_ITEM ( )  RATIONAL_B_SPLINE_SURFACE ( (
 ( 1.000000000000000000, 1.000000000000000000),
 ( 0.3333333333333332000, 0.3333333333333332000),
 ( 0.3333333333333332000, 0.3333333333333332000),
 ( 1.000000000000000000, 1.000000000000000000) ) ) 
 REPRESENTATION_ITEM ( '' )  SURFACE ( )  );
#276 = CARTESIAN_POINT ( 'NONE',  ( 56.97709297734245100, -11.92948967649914000, 285.3633321320909300 ) ) ;
#277 = B_SPLINE_CURVE_WITH_KNOTS ( 'NONE', 1,
 ( #437, #840 ),
 .UNSPECIFIED., .F., .F.,
 ( 2, 2 ),
 ( 0.0000000000000000000, 0.9999996307461236400 ),
 .UNSPECIFIED. ) ;
#278 = CARTESIAN_POINT ( 'NONE',  ( 58.47656603440798800, -5.453302524873564900, 287.8692699411284900 ) ) ;
#279 = ORIENTED_EDGE ( 'NONE', *, *, #742, .T. ) ;
#280 = CARTESIAN_POINT ( 'NONE',  ( 91.97747919241830100, -13.67628318651316700, 283.5304375534791500 ) ) ;
#281 = FACE_OUTER_BOUND ( 'NONE', #4845, .T. ) ;
#282 = CARTESIAN_POINT ( 'NONE',  ( 90.47755701549411400, 6.370777848850646100, 283.1602065288756800 ) ) ;
#283 = CARTESIAN_POINT ( 'NONE',  ( 91.97670507211880400, -11.15173330818495900, 287.2116240877394400 ) ) ;
#284 = FACE_OUTER_BOUND ( 'NONE', #3138, .T. ) ;
#285 = DIRECTION ( 'NONE',  ( -6.330083110152420300E-007, 0.9999954694747397200, 0.003010154413707754400 ) ) ;
#286 = EDGE_CURVE ( 'NONE', #4694, #20, #2425, .T. ) ;
#287 = CARTESIAN_POINT ( 'NONE',  ( 67.39865243194255100, -2.450924513671228800, 293.0801856147284100 ) ) ;
#288 = CARTESIAN_POINT ( 'NONE',  ( 91.97756095063630300, 10.39653443709583800, 283.1416514030540300 ) ) ;
#289 = EDGE_LOOP ( 'NONE', ( #4738, #1773, #5077, #1408 ) ) ;
#290 = CARTESIAN_POINT ( 'NONE',  ( 90.47696064569443300, -12.53065457262396400, 285.9961332930421300 ) ) ;
#291 = B_SPLINE_CURVE_WITH_KNOTS ( 'NONE', 3,
 ( #4205, #2155, #2257, #1848, #1044, #3529, #631, #1861, #5132, #1032, #3582, #3096, #4725, #4341, #232, #4311, #5157, #3564 ),
 .UNSPECIFIED., .F., .F.,
 ( 4, 1, 1, 2, 2, 2, 1, 1, 2, 2, 4 ),
 ( 0.0000000000000000000, 0.1250000000001826600, 0.1875000000002743400, 0.2187500000002666500, 0.2500000000002589600, 0.5000000000001098000, 0.6250000000000351900, 0.6874999999999965600, 0.7187499999999772400, 0.7499999999999579200, 1.000000000000000000 ),
 .UNSPECIFIED. ) ;
#292 = ORIENTED_EDGE ( 'NONE', *, *, #2277, .F. ) ;
#293 = CARTESIAN_POINT ( 'NONE',  ( 89.72547714559074400, -13.85053246672043600, 293.0505660071565300 ) ) ;
#294 = ORIENTED_EDGE ( 'NONE', *, *, #68, .T. ) ;
#295 = CARTESIAN_POINT ( 'NONE',  ( 91.97750801052339400, -13.57728428391248700, 283.3933983613158600 ) ) ;
#296 = CARTESIAN_POINT ( 'NONE',  ( 72.82928866689870500, -4.930245699182879800, 293.0738644547340600 ) ) ;
#297 = CARTESIAN_POINT ( 'NONE',  ( 58.49184695551955600, 11.15187867320158300, 292.5536866975170900 ) ) ;
#298 = CARTESIAN_POINT ( 'NONE',  ( 58.47689523228815000, -10.58022843615723300, 286.3038300444276800 ) ) ;
#299 = ORIENTED_EDGE ( 'NONE', *, *, #1159, .T. ) ;
#300 = CARTESIAN_POINT ( 'NONE',  ( 58.47758009910843700, -12.82043524039999800, 283.0470719931000200 ) ) ;
#301 = CARTESIAN_POINT ( 'NONE',  ( 91.97756701472378900, 6.679476414358933100, 283.1128147516789100 ) ) ;
#302 = ORIENTED_EDGE ( 'NONE', *, *, #3855, .T. ) ;
#303 = CARTESIAN_POINT ( 'NONE',  ( 56.97669039209779400, -11.36522851611723400, 287.2777521291033100 ) ) ;
#304 = FACE_OUTER_BOUND ( 'NONE', #2361, .T. ) ;
#305 = EDGE_CURVE ( 'NONE', #3608, #5320, #729, .T. ) ;
#306 = CARTESIAN_POINT ( 'NONE',  ( 58.47673733978577800, -12.24093774680140200, 287.0546587623732100 ) ) ;
#307 = CARTESIAN_POINT ( 'NONE',  ( 90.47710068442621900, -11.82732184288380700, 285.3302048914584900 ) ) ;
#308 = VERTEX_POINT ( 'NONE', #749 ) ;
#309 = AXIS2_PLACEMENT_3D ( 'NONE', #2915, #438, #44 ) ;
#310 = FACE_OUTER_BOUND ( 'NONE', #2326, .T. ) ;
#311 = B_SPLINE_CURVE_WITH_KNOTS ( 'NONE', 1,
 ( #4421, #1962 ),
 .UNSPECIFIED., .F., .F.,
 ( 2, 2 ),
 ( 0.0000000000000000000, 1.000000000000000000 ),
 .UNSPECIFIED. ) ;
#312 = CARTESIAN_POINT ( 'NONE',  ( 58.47638399453348500, -4.588993549404375600, 288.7349270426046800 ) ) ;
#313 = CARTESIAN_POINT ( 'NONE',  ( 91.97757031619391900, -13.11411709345828100, 283.0971152184807200 ) ) ;
#314 = EDGE_LOOP ( 'NONE', ( #3195, #2808, #4589, #5327 ) ) ;
#315 = CARTESIAN_POINT ( 'NONE',  ( 56.97653913693050500, -5.080113767150069600, 287.9970182240012900 ) ) ;
#316 = CARTESIAN_POINT ( 'NONE',  ( 91.97677926328792400, 8.046689980707185400, 286.8588216449002200 ) ) ;
#317 = CARTESIAN_POINT ( 'NONE',  ( 58.56517983866327600, 11.15123599624002400, 292.7384616350949500 ) ) ;
#318 = CARTESIAN_POINT ( 'NONE',  ( 58.47758009910843700, -12.82043524039999800, 283.0470719931000200 ) ) ;
#319 = CARTESIAN_POINT ( 'NONE',  ( 56.97692330991495200, -12.57983606041812400, 286.1701543402283500 ) ) ;
#320 = CARTESIAN_POINT ( 'NONE',  ( 90.47708521019453100, -12.00871450309872300, 285.4037897507909100 ) ) ;
#321 = CARTESIAN_POINT ( 'NONE',  ( 58.47755618281456000, 10.47282258675902100, 283.1608015234242500 ) ) ;
#322 = PLANE ( 'NONE',  #1994 ) ;
#323 = EDGE_CURVE ( 'NONE', #1025, #3066, #3272, .T. ) ;
#324 = CARTESIAN_POINT ( 'NONE',  ( 58.47670793834962000, -12.02947510308811400, 287.1944718778598800 ) ) ;
#325 = ORIENTED_EDGE ( 'NONE', *, *, #4468, .F. ) ;
#326 = B_SPLINE_CURVE_WITH_KNOTS ( 'NONE', 3,
 ( #4670, #3064, #3049, #2621, #3867, #188, #3085, #1376, #1786, #2640, #4702, #4249, #3485, #1394, #2213, #4266, #2198, #985, #5090, #567, #156, #3884 ),
 .UNSPECIFIED., .F., .F.,
 ( 4, 2, 2, 2, 2, 2, 2, 2, 2, 2, 4 ),
 ( 0.0000000000000000000, 0.1250000000000000000, 0.1875000000000000000, 0.2187500000000000000, 0.2500000000000000000, 0.5000000000000000000, 0.6250000000000000000, 0.6875000000000000000, 0.7187500000000000000, 0.7500000000000000000, 1.000000000000000000 ),
 .UNSPECIFIED. ) ;
#327 = CARTESIAN_POINT ( 'NONE',  ( 91.97710549519692300, -11.70455371289807400, 285.3074858754604900 ) ) ;
#328 = VERTEX_POINT ( 'NONE', #3237 ) ;
#329 = LINE ( 'NONE', #3379, #2392 ) ;
#330 = CARTESIAN_POINT ( 'NONE',  ( 65.81048493073863900, 3.758157995794599900, 294.5985488490774200 ) ) ;
#331 = CARTESIAN_POINT ( 'NONE',  ( 91.97603902396231500, -4.591693627211337300, 290.3788934469539000 ) ) ;
#332 = CARTESIAN_POINT ( 'NONE',  ( 91.70648871699860600, -13.85075102069508400, 293.4085551468397200 ) ) ;
#333 = CARTESIAN_POINT ( 'NONE',  ( 74.55197120926745000, 6.743726563953539500, 293.1093673392579700 ) ) ;
#334 = DIRECTION ( 'NONE',  ( 0.0000000000000000000, 0.9999954694745272200, 0.003010154550803893100 ) ) ;
#335 = PERSON_AND_ORGANIZATION ( #3617, #2740 ) ;
#336 = CARTESIAN_POINT ( 'NONE',  ( 91.97571022415888800, 11.15320080042644300, 291.9424403654281800 ) ) ;
#337 = CARTESIAN_POINT ( 'NONE',  ( 74.39865243194256500, 4.549075486328781900, 293.1027288288448200 ) ) ;
#338 = ORIENTED_EDGE ( 'NONE', *, *, #470, .T. ) ;
#339 = CARTESIAN_POINT ( 'NONE',  ( 58.47653427587884100, 2.408862206649139200, 288.0202917779555500 ) ) ;
#340 =( BOUNDED_CURVE ( )  B_SPLINE_CURVE ( 3, ( #2311, #5184, #355, #5202 ),
 .UNSPECIFIED., .F., .F. ) 
 B_SPLINE_CURVE_WITH_KNOTS ( ( 4, 4 ),
 ( -8.881784197001252300E-016, 3.141592653589792700 ),
 .UNSPECIFIED. ) 
 CURVE ( )  GEOMETRIC_REPRESENTATION_ITEM ( )  RATIONAL_B_SPLINE_CURVE ( ( 1.000000000000000000, 0.3333333333333332000, 0.3333333333333332000, 1.000000000000000000 ) ) 
 REPRESENTATION_ITEM ( '' )  );
#341 = CARTESIAN_POINT ( 'NONE',  ( 90.47561902078220400, 11.15244577932965300, 292.3759835104615400 ) ) ;
#342 = FACE_BOUND ( 'NONE', #1527, .T. ) ;
#343 = CARTESIAN_POINT ( 'NONE',  ( 58.47670335178119000, -11.98300067994437700, 287.2162824594065000 ) ) ;
#344 = CARTESIAN_POINT ( 'NONE',  ( 58.47755215819884700, -8.824646480383746500, 283.1799398432756900 ) ) ;
#345 = LOCAL_TIME ( 18, 20, 55.00000000000000000, #1447 ) ;
#346 = EDGE_CURVE ( 'NONE', #689, #1038, #1935, .T. ) ;
#347 = VERTEX_POINT ( 'NONE', #4929 ) ;
#348 = AXIS2_PLACEMENT_3D ( 'NONE', #4109, #2968, #2519 ) ;
#349 = ORIENTED_EDGE ( 'NONE', *, *, #2169, .F. ) ;
#350 = CARTESIAN_POINT ( 'NONE',  ( 91.97702384165901900, -12.38282204614261600, 285.6957742389238900 ) ) ;
#351 = CARTESIAN_POINT ( 'NONE',  ( 90.47740066089959000, 11.15210601405076900, 283.9037220119823200 ) ) ;
#352 = CARTESIAN_POINT ( 'NONE',  ( 90.47668478711639800, -11.45589409839617500, 287.3079279630810000 ) ) ;
#353 = CARTESIAN_POINT ( 'NONE',  ( 56.97707885833516900, -11.08572825399585100, 285.4304724712590100 ) ) ;
#354 = PLANE ( 'NONE',  #5113 ) ;
#355 = CARTESIAN_POINT ( 'NONE',  ( 82.72878360360860500, -4.930245699084718300, 293.0759462291373400 ) ) ;
#356 = B_SPLINE_CURVE_WITH_KNOTS ( 'NONE', 3,
 ( #4523, #836, #3370, #2501, #3779, #856, #3703, #1236, #1661, #796 ),
 .UNSPECIFIED., .F., .F.,
 ( 4, 2, 2, 2, 4 ),
 ( 0.0000000000000000000, 0.2500000000000000000, 0.5000000000000000000, 0.7500000000000000000, 1.000000000000000000 ),
 .UNSPECIFIED. ) ;
#357 = CARTESIAN_POINT ( 'NONE',  ( 56.97689653147104100, -12.58021937511001400, 286.2974942991469300 ) ) ;
#358 = CARTESIAN_POINT ( 'NONE',  ( 90.27844641201711800, 11.14506583574509000, 294.5771317285455100 ) ) ;
#359 = CARTESIAN_POINT ( 'NONE',  ( 58.47668672597800600, -11.45730461360915200, 287.2953434049029500 ) ) ;
#360 = ORIENTED_EDGE ( 'NONE', *, *, #4424, .F. ) ;
#361 = CARTESIAN_POINT ( 'NONE',  ( 58.47739113420939100, 5.685720176476464400, 283.9456597725998700 ) ) ;
#362 = CARTESIAN_POINT ( 'NONE',  ( 56.97757285718428500, -9.102586451953454700, 283.0813519114105900 ) ) ;
#363 = B_SPLINE_CURVE_WITH_KNOTS ( 'NONE', 1,
 ( #5115, #2610 ),
 .UNSPECIFIED., .F., .F.,
 ( 2, 2 ),
 ( 0.0000000000000000000, 1.000000000000000000 ),
 .UNSPECIFIED. ) ;
#364 = EDGE_CURVE ( 'NONE', #2189, #2373, #1969, .T. ) ;
#365 = ORIENTED_EDGE ( 'NONE', *, *, #4574, .F. ) ;
#366 = CARTESIAN_POINT ( 'NONE',  ( 91.97694157254893800, -12.55615956022373500, 286.0869898425870000 ) ) ;
#367 = CARTESIAN_POINT ( 'NONE',  ( 91.97635552994702800, -4.588604123341780500, 288.8738075194191300 ) ) ;
#368 = APPROVAL_ROLE ( '' ) ;
#369 = CARTESIAN_POINT ( 'NONE',  ( 90.47682052516337600, -10.64517122525271700, 286.6624506761670500 ) ) ;
#370 = CARTESIAN_POINT ( 'NONE',  ( 76.12133497440940700, -7.676447187048322200, 293.0662902139908400 ) ) ;
#371 = CARTESIAN_POINT ( 'NONE',  ( 90.47735390748368900, 11.15218643293125700, 284.1260492712020800 ) ) ;
#372 = EDGE_CURVE ( 'NONE', #1525, #816, #2386, .T. ) ;
#373 = CARTESIAN_POINT ( 'NONE',  ( 56.97603979141058500, -4.590189132715009300, 290.3715638921469200 ) ) ;
#374 = ORIENTED_EDGE ( 'NONE', *, *, #4500, .T. ) ;
#375 = CARTESIAN_POINT ( 'NONE',  ( 90.47561628046949500, -13.84759651676754500, 292.3890145629880000 ) ) ;
#376 = CARTESIAN_POINT ( 'NONE',  ( 91.97757939857658000, -12.88392684973504900, 283.0539256201350900 ) ) ;
#377 = CARTESIAN_POINT ( 'NONE',  ( 91.97693411036770800, 9.897027549797911700, 286.1224748712332900 ) ) ;
#378 = CARTESIAN_POINT ( 'NONE',  ( 58.47744444166909300, -13.75849807529022300, 283.6921659653228900 ) ) ;
#379 = CARTESIAN_POINT ( 'NONE',  ( 74.78891841058775500, 3.135460047555467700, 293.0985556780319100 ) ) ;
#380 = CARTESIAN_POINT ( 'NONE',  ( 90.47561625874853100, -13.84759667222739700, 292.3891178531725400 ) ) ;
#381 = LINE ( 'NONE', #4508, #5138 ) ;
#382 = ORIENTED_EDGE ( 'NONE', *, *, #625, .T. ) ;
#383 = CARTESIAN_POINT ( 'NONE',  ( 79.35700469662221200, -0.1074698903985061700, 294.5897613697817400 ) ) ;
#384 = CARTESIAN_POINT ( 'NONE',  ( 58.47742295338472500, 5.726035592883130600, 283.7943495436291500 ) ) ;
#385 = EDGE_LOOP ( 'NONE', ( #746, #2838, #3970, #4511 ) ) ;
#386 = CARTESIAN_POINT ( 'NONE',  ( 91.97710065125949100, -11.82732184288380100, 285.3305203279115900 ) ) ;
#387 = CARTESIAN_POINT ( 'NONE',  ( 56.97673737295249200, -12.24093774680141800, 287.0543433259200600 ) ) ;
#388 = PERSON_AND_ORGANIZATION_ROLE ( 'creator' ) ;
#389 = CARTESIAN_POINT ( 'NONE',  ( 90.47707881420380700, 9.274584701550834300, 285.4342047068494700 ) ) ;
#390 = LINE ( 'NONE', #1385, #1152 ) ;
#391 = CARTESIAN_POINT ( 'NONE',  ( 91.97756071231840700, 6.431042280915347600, 283.1427846799434200 ) ) ;
#392 = CARTESIAN_POINT ( 'NONE',  ( 74.55197120929355500, -7.256273436046462200, 293.0672249846196600 ) ) ;
#393 = B_SPLINE_CURVE_WITH_KNOTS ( 'NONE', 3,
 ( #4987, #4642, #2532, #2173, #128, #3813, #2963, #2944, #502, #3402, #1694, #2135, #3378, #3437, #4625, #5043, #1310, #945 ),
 .UNSPECIFIED., .F., .F.,
 ( 4, 1, 1, 2, 2, 2, 1, 1, 2, 2, 4 ),
 ( 0.0000000000000000000, 0.1249999999999242000, 0.1874999999998880100, 0.2187499999998699400, 0.2499999999998518400, 0.4999999999997835100, 0.6249999999997493100, 0.6874999999996894700, 0.7187499999996594900, 0.7499999999996295200, 1.000000000000000000 ),
 .UNSPECIFIED. ) ;
#394 = DIRECTION ( 'NONE',  ( 0.9999999778890549300, -6.330054419449609200E-007, 0.0002102890609358143700 ) ) ;
#395 = ORIENTED_EDGE ( 'NONE', *, *, #4759, .T. ) ;
#396 = CARTESIAN_POINT ( 'NONE',  ( 91.97688151489479900, 9.919678688075430600, 286.3725829574655100 ) ) ;
#397 = CARTESIAN_POINT ( 'NONE',  ( 56.97756056644872300, 10.39529418751544800, 283.1397982401393800 ) ) ;
#398 = EDGE_LOOP ( 'NONE', ( #2072, #3494 ) ) ;
#399 = CARTESIAN_POINT ( 'NONE',  ( 56.97669465063849300, -11.28955220704782800, 287.2575014229929600 ) ) ;
#400 = CARTESIAN_POINT ( 'NONE',  ( 90.47755165377330400, -8.843555097221836200, 283.1857032047948900 ) ) ;
#401 = CARTESIAN_POINT ( 'NONE',  ( 58.47756846974701300, -9.027033429251769500, 283.1023732796770700 ) ) ;
#402 = B_SPLINE_CURVE_WITH_KNOTS ( 'NONE', 3,
 ( #1926, #3546, #1080, #643, #5188, #1497, #4368, #4797, #3528, #687, #2839, #4025, #1126, #733, #2821, #1112, #4463, #4865 ),
 .UNSPECIFIED., .F., .F.,
 ( 4, 1, 1, 2, 2, 2, 1, 1, 2, 2, 4 ),
 ( 0.0000000000000000000, 0.1250000000001159600, 0.1875000000001739400, 0.2187500000002034200, 0.2500000000002328700, 0.5000000000003737000, 0.6250000000004083400, 0.6875000000004244400, 0.7187500000004087800, 0.7500000000003931300, 1.000000000000000000 ),
 .UNSPECIFIED. ) ;
#403 = EDGE_CURVE ( 'NONE', #4087, #4664, #4527, .T. ) ;
#404 = ORIENTED_EDGE ( 'NONE', *, *, #2988, .T. ) ;
#405 = VECTOR ( 'NONE', #2913, 1000.000000000000200 ) ;
#406 = CARTESIAN_POINT ( 'NONE',  ( 91.97682336152372800, -10.64012231475174500, 286.6491206050276300 ) ) ;
#407 = CARTESIAN_POINT ( 'NONE',  ( 56.97688317975900700, -12.58041049552699100, 286.3609859070850800 ) ) ;
#408 = FACE_OUTER_BOUND ( 'NONE', #4216, .T. ) ;
#409 = CARTESIAN_POINT ( 'NONE',  ( 58.47589370425218600, -13.84561602431006300, 291.0664121914383000 ) ) ;
#410 = FACE_OUTER_BOUND ( 'NONE', #4750, .T. ) ;
#411 = CARTESIAN_POINT ( 'NONE',  ( 91.97681158477578800, -12.49809473483235900, 286.7051227611795500 ) ) ;
#412 = FACE_OUTER_BOUND ( 'NONE', #4580, .T. ) ;
#413 = CARTESIAN_POINT ( 'NONE',  ( 58.47708105809175500, -12.07374585797161300, 285.4201696521246800 ) ) ;
#414 = VERTEX_POINT ( 'NONE', #1732 ) ;
#415 = CARTESIAN_POINT ( 'NONE',  ( 90.47705096021029200, 9.531773630701859900, 285.5666592438422500 ) ) ;
#416 = ORIENTED_EDGE ( 'NONE', *, *, #3431, .F. ) ;
#417 = EDGE_CURVE ( 'NONE', #2281, #1362, #761, .T. ) ;
#418 = CARTESIAN_POINT ( 'NONE',  ( 69.41405978718449900, 2.000038619023297900, 293.0940075843281500 ) ) ;
#419 = CARTESIAN_POINT ( 'NONE',  ( 74.16138979560177800, -5.847173228999538200, 294.5713913064781200 ) ) ;
#420 = CARTESIAN_POINT ( 'NONE',  ( 56.97638052925597000, 11.15373694661080800, 288.7512478126778300 ) ) ;
#421 = CARTESIAN_POINT ( 'NONE',  ( 56.97655902954450400, 5.665032203356082300, 287.9024225607468600 ) ) ;
#422 = CARTESIAN_POINT ( 'NONE',  ( 58.47635000310968700, 1.910564528153695600, 288.8965632917776200 ) ) ;
#423 = CARTESIAN_POINT ( 'NONE',  ( 56.97655557887289000, 2.654553651854858500, 287.9188315943017600 ) ) ;
#424 = CARTESIAN_POINT ( 'NONE',  ( 90.47739929988098600, -8.331769241379767300, 283.9101940846813400 ) ) ;
#425 = LINE ( 'NONE', #5248, #115 ) ;
#426 = CARTESIAN_POINT ( 'NONE',  ( 91.97679022833182200, -10.70256074865789700, 286.8066793978170500 ) ) ;
#427 = CARTESIAN_POINT ( 'NONE',  ( 58.47706797780725900, -10.99819127105229200, 285.4823705363311900 ) ) ;
#428 = CARTESIAN_POINT ( 'NONE',  ( 61.97546113259338800, 11.14934343976320700, 293.1199843187387700 ) ) ;
#429 = EDGE_LOOP ( 'NONE', ( #2606, #1593, #2499, #1721 ) ) ;
#430 = CARTESIAN_POINT ( 'NONE',  ( 59.22526752996650900, -13.85354291734439700, 294.0441475791540100 ) ) ;
#431 = ORIENTED_EDGE ( 'NONE', *, *, #814, .F. ) ;
#432 = CARTESIAN_POINT ( 'NONE',  ( 81.39833699692206900, -2.455439745348148700, 294.5831228593685900 ) ) ;
#433 = VERTEX_POINT ( 'NONE', #4966 ) ;
#434 = CARTESIAN_POINT ( 'NONE',  ( 90.47696210610023100, 9.844768801591007100, 285.9891886022332400 ) ) ;
#435 = CARTESIAN_POINT ( 'NONE',  ( 90.47647922263389800, 2.112903778146527400, 288.2854520061208100 ) ) ;
#436 = ORIENTED_EDGE ( 'NONE', *, *, #3940, .T. ) ;
#437 = CARTESIAN_POINT ( 'NONE',  ( 91.97757714285664600, -9.320451097237162600, 283.0646522809530600 ) ) ;
#438 = DIRECTION ( 'NONE',  ( -6.330083026768827300E-007, 0.9999954694747254000, 0.003010154418430484000 ) ) ;
#439 = CARTESIAN_POINT ( 'NONE',  ( 58.47756282903827700, -13.22070352737547500, 283.1291966315335500 ) ) ;
#440 = CARTESIAN_POINT ( 'NONE',  ( 56.97557989040357300, -13.84831359138237900, 292.5585384431523700 ) ) ;
#441 = CARTESIAN_POINT ( 'NONE',  ( 56.97653430904554700, 2.408862206649123200, 288.0199763415024600 ) ) ;
#442 = CARTESIAN_POINT ( 'NONE',  ( 90.47737960471108900, -8.323274661829611200, 284.0038508383618700 ) ) ;
#443 = CARTESIAN_POINT ( 'NONE',  ( 56.97708690940293500, 8.674259239630387700, 285.3921871000374000 ) ) ;
#444 = EDGE_LOOP ( 'NONE', ( #2352, #2017 ) ) ;
#445 = B_SPLINE_CURVE_WITH_KNOTS ( 'NONE', 1,
 ( #1004, #3883 ),
 .UNSPECIFIED., .F., .F.,
 ( 2, 2 ),
 ( 0.0000000000000000000, 1.000000000000000000 ),
 .UNSPECIFIED. ) ;
#446 = VERTEX_POINT ( 'NONE', #2030 ) ;
#447 = CARTESIAN_POINT ( 'NONE',  ( 56.97689653147104100, -12.58021937510678400, 286.2974942991406800 ) ) ;
#448 =( BOUNDED_SURFACE ( )  B_SPLINE_SURFACE ( 3, 1, ( 
 ( #103, #2932 ),
 ( #1663, #1277 ),
 ( #472, #1745 ),
 ( #2566, #1729 ) ),
 .UNSPECIFIED., .F., .F., .F. ) 
 B_SPLINE_SURFACE_WITH_KNOTS ( ( 4, 4 ),
 ( 2, 2 ),
 ( 0.0000000000000000000, 1.000000000000000000 ),
 ( 0.0000000000000000000, 1.000000000000000000 ),
 .UNSPECIFIED. ) 
 GEOMETRIC_REPRESENTATION_ITEM ( )  RATIONAL_B_SPLINE_SURFACE ( (
 ( 1.000000000000000000, 1.000000000000000000),
 ( 0.3333333333333335400, 0.3333333333333335400),
 ( 0.3333333333333335400, 0.3333333333333335400),
 ( 1.000000000000000000, 1.000000000000000000) ) ) 
 REPRESENTATION_ITEM ( '' )  SURFACE ( )  );
#449 = CARTESIAN_POINT ( 'NONE',  ( 56.97756778861306500, 6.679476414358990000, 283.1054545677469000 ) ) ;
#450 = ORIENTED_EDGE ( 'NONE', *, *, #4170, .T. ) ;
#451 = CARTESIAN_POINT ( 'NONE',  ( 79.31323928856312500, 1.995523387084408200, 294.5960825297759700 ) ) ;
#452 = CARTESIAN_POINT ( 'NONE',  ( 58.47702183077931400, 8.165844329561867500, 285.7018142290383500 ) ) ;
#453 = CARTESIAN_POINT ( 'NONE',  ( 90.47755488119990700, 6.340876145480321700, 283.1703557719824900 ) ) ;
#454 = CARTESIAN_POINT ( 'NONE',  ( 91.97563481283741300, -13.84746364092661800, 292.3010450181915300 ) ) ;
#455 = CARTESIAN_POINT ( 'NONE',  ( 91.97710035502753100, -11.35934910585381100, 285.3319290044973400 ) ) ;
#456 = CARTESIAN_POINT ( 'NONE',  ( 58.47744157214202000, -13.76354698579189600, 283.7058114729210800 ) ) ;
#457 = CARTESIAN_POINT ( 'NONE',  ( 56.97740142855077700, 11.15207722094609900, 283.8965492094238800 ) ) ;
#458 = ADVANCED_FACE ( 'NONE', ( #5222 ), #4495, .T. ) ;
#459 = CARTESIAN_POINT ( 'NONE',  ( 91.97743113635273500, -8.371172996970008400, 283.7589593240672900 ) ) ;
#460 = LINE ( 'NONE', #4069, #2779 ) ;
#461 = CARTESIAN_POINT ( 'NONE',  ( 58.47757593851699900, -9.163355569169196400, 283.0668569193809400 ) ) ;
#462 = CARTESIAN_POINT ( 'NONE',  ( 58.47748618251605300, 5.873868119365903700, 283.4936750530435500 ) ) ;
#463 = CARTESIAN_POINT ( 'NONE',  ( 79.53656385423801100, 5.192258368083181500, 293.1057453738769100 ) ) ;
#464 = VERTEX_POINT ( 'NONE', #26 ) ;
#465 = CARTESIAN_POINT ( 'NONE',  ( 91.97672634543283700, -12.19231431771558900, 287.1104627602352400 ) ) ;
#466 = CARTESIAN_POINT ( 'NONE',  ( 90.47699122342082500, 9.775658223924462900, 285.8507265458734400 ) ) ;
#467 = CARTESIAN_POINT ( 'NONE',  ( 69.63706891762630800, -4.707236568528478500, 293.0738644547340600 ) ) ;
#468 = CARTESIAN_POINT ( 'NONE',  ( 91.97644395727117200, 2.015744723720975400, 288.4533076628449100 ) ) ;
#469 = CARTESIAN_POINT ( 'NONE',  ( 90.47708585427435000, 9.170942576965147800, 285.4007269478052500 ) ) ;
#470 = EDGE_CURVE ( 'NONE', #2317, #3845, #1625, .T. ) ;
#471 = EDGE_LOOP ( 'NONE', ( #2475, #5158, #1413, #3789 ) ) ;
#472 = CARTESIAN_POINT ( 'NONE',  ( 76.74630685189782800, -7.414107445097714700, 294.5672181556652200 ) ) ;
#473 = CARTESIAN_POINT ( 'NONE',  ( 91.97756932598929300, -13.12913380590302900, 283.1018239542001400 ) ) ;
#474 = B_SPLINE_CURVE_WITH_KNOTS ( 'NONE', 3,
 ( #1912, #4803, #1553, #2362, #4787, #3157, #3192, #677, #662, #2342, #3602, #2756, #1899, #1524, #1541, #3587, #1960, #2324 ),
 .UNSPECIFIED., .F., .F.,
 ( 4, 1, 1, 2, 2, 2, 1, 1, 2, 2, 4 ),
 ( 0.0000000000000000000, 0.1249999999999739400, 0.1874999999999605900, 0.2187499999999008800, 0.2499999999998411800, 0.4999999999999240600, 0.6249999999999299400, 0.6874999999999061900, 0.7187499999998943100, 0.7499999999998824300, 1.000000000000000000 ),
 .UNSPECIFIED. ) ;
#475 = CARTESIAN_POINT ( 'NONE',  ( 90.47655828882206200, 5.665032097855027300, 287.9094673078512900 ) ) ;
#476 = CARTESIAN_POINT ( 'NONE',  ( 58.47756553991620600, 10.17946055751997600, 283.1163055447104300 ) ) ;
#477 = VECTOR ( 'NONE', #1016, 999.9999999999998900 ) ;
#478 = CARTESIAN_POINT ( 'NONE',  ( 56.97755621598128100, 10.47282258675900500, 283.1604860869711600 ) ) ;
#479 = CARTESIAN_POINT ( 'NONE',  ( 58.47668557528077600, -11.58323406011992200, 287.3008153373689300 ) ) ;
#480 = ORIENTED_EDGE ( 'NONE', *, *, #4413, .T. ) ;
#481 = B_SPLINE_CURVE_WITH_KNOTS ( 'NONE', 3,
 ( #3709, #4481, #2028, #4506, #821, #3746, #25, #2048, #3727, #2889, #4117, #4132, #1647, #4529, #2466, #1218, #2067, #4945 ),
 .UNSPECIFIED., .F., .F.,
 ( 4, 1, 1, 2, 2, 2, 1, 1, 2, 2, 4 ),
 ( 0.0000000000000000000, 0.1249999999999930600, 0.1874999999999895900, 0.2187499999999878400, 0.2499999999999861200, 0.5000000000000783800, 0.6250000000001244600, 0.6875000000001466600, 0.7187500000001124700, 0.7500000000000781600, 1.000000000000000000 ),
 .UNSPECIFIED. ) ;
#482 = CARTESIAN_POINT ( 'NONE',  ( 58.47755215819885400, -8.824646480383748300, 283.1799398432756900 ) ) ;
#483 = FACE_OUTER_BOUND ( 'NONE', #4639, .T. ) ;
#484 = CARTESIAN_POINT ( 'NONE',  ( 56.97736699372173800, -8.323465782247000200, 284.0602976988429900 ) ) ;
#485 = CARTESIAN_POINT ( 'NONE',  ( 90.47686901230441900, -12.58060268980056400, 286.4318790055261800 ) ) ;
#486 = CARTESIAN_POINT ( 'NONE',  ( 91.97697225560594300, 9.823442688823034200, 285.9410822150339300 ) ) ;
#487 = EDGE_CURVE ( 'NONE', #1362, #1613, #225, .T. ) ;
#488 = ADVANCED_FACE ( 'NONE', ( #3328 ), #4606, .T. ) ;
#489 = CARTESIAN_POINT ( 'NONE',  ( 56.97755051854289800, 6.279208127372136500, 283.1875792062188600 ) ) ;
#490 = VECTOR ( 'NONE', #4154, 1000.000000000000100 ) ;
#491 = CARTESIAN_POINT ( 'NONE',  ( 91.97637975526880900, 11.15386937445255300, 288.7586084626067300 ) ) ;
#492 = CARTESIAN_POINT ( 'NONE',  ( 90.47709502472568500, -11.26880799075694600, 285.3571185550772500 ) ) ;
#493 = CARTESIAN_POINT ( 'NONE',  ( 56.97692813338103700, 9.896930915732356800, 286.1472172343781000 ) ) ;
#494 = CARTESIAN_POINT ( 'NONE',  ( 91.97749697989198100, -13.62035793908275100, 283.4458524978643900 ) ) ;
#495 = CARTESIAN_POINT ( 'NONE',  ( 72.20368591932341900, -9.302120968072708600, 294.5605796452520600 ) ) ;
#496 = PLANE ( 'NONE',  #309 ) ;
#497 = DIRECTION ( 'NONE',  ( 6.330083128766397100E-007, -0.9999954694747276200, -0.003010154417688564000 ) ) ;
#498 = CARTESIAN_POINT ( 'NONE',  ( 90.47561902078220400, 11.15244577932965300, 292.3759835104615400 ) ) ;
#499 = PLANE ( 'NONE',  #3644 ) ;
#500 = EDGE_LOOP ( 'NONE', ( #1459, #3863 ) ) ;
#501 = VERTEX_POINT ( 'NONE', #476 ) ;
#502 = CARTESIAN_POINT ( 'NONE',  ( 58.47671333763062800, 9.526930671471358600, 287.1687965902551700 ) ) ;
#503 = ORIENTED_EDGE ( 'NONE', *, *, #2400, .F. ) ;
#504 = CARTESIAN_POINT ( 'NONE',  ( 56.97589373732970600, -13.84561602532895300, 291.0660971791599000 ) ) ;
#505 = CARTESIAN_POINT ( 'NONE',  ( 90.47679227312485800, -12.45321714353362100, 286.7967980428353500 ) ) ;
#506 = CARTESIAN_POINT ( 'NONE',  ( 91.97709243791911100, 8.922693373086016100, 285.3695773556531200 ) ) ;
#507 = CARTESIAN_POINT ( 'NONE',  ( 56.97688355480062200, 7.919687749125997400, 286.3592024647468900 ) ) ;
#508 = EDGE_LOOP ( 'NONE', ( #2157, #3501, #4277, #4313 ) ) ;
#509 = CARTESIAN_POINT ( 'NONE',  ( 58.47709143249916500, 8.765545007991965700, 285.3708360671524800 ) ) ;
#510 = CARTESIAN_POINT ( 'NONE',  ( 91.97746071267741300, 5.806434258318636100, 283.6183145583262900 ) ) ;
#511 = CARTESIAN_POINT ( 'NONE',  ( 90.47685603563422800, 7.919304434434781800, 286.4935871711334700 ) ) ;
#512 = B_SPLINE_CURVE_WITH_KNOTS ( 'NONE', 3,
 ( #910, #54, #1675, #3773, #74, #830, #1655, #4953, #2922, #2136, #2094, #5011, #1291, #1335, #4124, #3815, #851, #2966, #1722, #3735, #4161, #4204 ),
 .UNSPECIFIED., .F., .F.,
 ( 4, 2, 2, 2, 2, 2, 2, 2, 2, 2, 4 ),
 ( 0.0000000000000000000, 0.1250000000000000000, 0.1875000000000000000, 0.2187500000000000000, 0.2500000000000000000, 0.5000000000000000000, 0.6250000000000000000, 0.6875000000000000000, 0.7187500000000000000, 0.7500000000000000000, 1.000000000000000000 ),
 .UNSPECIFIED. ) ;
#513 = CARTESIAN_POINT ( 'NONE',  ( 90.47706393688049800, -10.96813349352117800, 285.5049510782944800 ) ) ;
#514 = CARTESIAN_POINT ( 'NONE',  ( 58.47635627116771700, -4.589390389993985400, 288.8667604034000100 ) ) ;
#515 = CARTESIAN_POINT ( 'NONE',  ( 56.97645729721026700, 2.040586744323273900, 288.3861919429341500 ) ) ;
#516 = ADVANCED_FACE ( 'NONE', ( #3954, #3534, #5160, #3079, #4142, #2275, #857, #342, #1768, #2802 ), #2200, .F. ) ;
#517 = EDGE_CURVE ( 'NONE', #2676, #4404, #1307, .T. ) ;
#518 = EDGE_LOOP ( 'NONE', ( #1269, #3345, #4975, #4360 ) ) ;
#519 = LINE ( 'NONE', #3121, #133 ) ;
#520 = CARTESIAN_POINT ( 'NONE',  ( 58.47709321883250800, 8.859201763744202700, 285.3623414877880600 ) ) ;
#521 =( BOUNDED_SURFACE ( )  B_SPLINE_SURFACE ( 3, 1, ( 
 ( #2500, #41 ),
 ( #4994, #98 ),
 ( #3343, #4939 ),
 ( #451, #58 ) ),
 .UNSPECIFIED., .F., .F., .F. ) 
 B_SPLINE_SURFACE_WITH_KNOTS ( ( 4, 4 ),
 ( 2, 2 ),
 ( 0.0000000000000000000, 1.000000000000000000 ),
 ( 0.0000000000000000000, 1.000000000000000000 ),
 .UNSPECIFIED. ) 
 GEOMETRIC_REPRESENTATION_ITEM ( )  RATIONAL_B_SPLINE_SURFACE ( (
 ( 1.000000000000000000, 1.000000000000000000),
 ( 0.3333333333333333700, 0.3333333333333333700),
 ( 0.3333333333333333700, 0.3333333333333333700),
 ( 1.000000000000000000, 1.000000000000000000) ) ) 
 REPRESENTATION_ITEM ( '' )  SURFACE ( )  );
#522 = FACE_OUTER_BOUND ( 'NONE', #4993, .T. ) ;
#523 = CARTESIAN_POINT ( 'NONE',  ( 58.47741955602793200, -8.346116920524151400, 283.8105050490803500 ) ) ;
#524 = CARTESIAN_POINT ( 'NONE',  ( 56.97748621568277400, 5.873868119365887700, 283.4933596165904500 ) ) ;
#525 = CARTESIAN_POINT ( 'NONE',  ( 90.47744033344464800, -8.386288909502557200, 283.7150665287379600 ) ) ;
#526 = CARTESIAN_POINT ( 'NONE',  ( 90.47676825743570800, -12.38078390289602400, 286.9110002302024900 ) ) ;
#527 = CARTESIAN_POINT ( 'NONE',  ( 58.47668883617878800, 8.534052057677026700, 287.2853087326842000 ) ) ;
#528 = CARTESIAN_POINT ( 'NONE',  ( 58.47702377681830700, -12.37713644984315000, 285.6925602000219400 ) ) ;
#529 = CARTESIAN_POINT ( 'NONE',  ( 58.47707239516220300, 9.353606937517167100, 285.4613646173434100 ) ) ;
#530 = CARTESIAN_POINT ( 'NONE',  ( 58.47656785849417100, -8.334904369289997600, 287.8605958352999900 ) ) ;
#531 = CARTESIAN_POINT ( 'NONE',  ( 58.76714919769821700, 11.14484031441900100, 294.6193028553005300 ) ) ;
#532 = EDGE_CURVE ( 'NONE', #264, #1347, #2004, .T. ) ;
#533 = CARTESIAN_POINT ( 'NONE',  ( 91.97703310984087500, -10.82242099424684600, 285.6517011068035000 ) ) ;
#534 = FACE_OUTER_BOUND ( 'NONE', #518, .T. ) ;
#535 = CARTESIAN_POINT ( 'NONE',  ( 90.47745412254899100, 11.05765392196346900, 283.6494949821983500 ) ) ;
#536 = ORIENTED_EDGE ( 'NONE', *, *, #3642, .T. ) ;
#537 = CARTESIAN_POINT ( 'NONE',  ( 56.97708104511772100, 8.584093104203312000, 285.4200736285296200 ) ) ;
#538 = CARTESIAN_POINT ( 'NONE',  ( 91.97736621983233400, -8.323465782246573900, 284.0676578827530500 ) ) ;
#539 = CARTESIAN_POINT ( 'NONE',  ( 58.47710615531003200, -11.57721375114987300, 285.3008244426525800 ) ) ;
#540 = CARTESIAN_POINT ( 'NONE',  ( 58.47649424285415900, -4.832151746525566300, 288.2106614552771500 ) ) ;
#541 = CARTESIAN_POINT ( 'NONE',  ( 91.47756702577895300, 6.679476414359001500, 283.1127096061686600 ) ) ;
#542 = ADVANCED_FACE ( 'NONE', ( #34 ), #2793, .T. ) ;
#543 = CARTESIAN_POINT ( 'NONE',  ( 58.47683767703686900, 7.942435521468666200, 286.5775234403689100 ) ) ;
#544 = ORIENTED_EDGE ( 'NONE', *, *, #3550, .F. ) ;
#545 = CARTESIAN_POINT ( 'NONE',  ( 56.97756778861306500, 6.679476414359191600, 283.1054545677469000 ) ) ;
#546 = CARTESIAN_POINT ( 'NONE',  ( 91.97603627789646900, -0.2583804701034030400, 290.3919518574750200 ) ) ;
#547 = VECTOR ( 'NONE', #394, 999.9999999999998900 ) ;
#548 = CARTESIAN_POINT ( 'NONE',  ( 58.47701058728070900, 9.725951771098021200, 285.7552806161737100 ) ) ;
#549 = FACE_OUTER_BOUND ( 'NONE', #1079, .T. ) ;
#550 = CARTESIAN_POINT ( 'NONE',  ( 74.39865243196867100, -9.450924513671221700, 293.0605864742065000 ) ) ;
#551 = PERSON_AND_ORGANIZATION ( #3617, #2740 ) ;
#552 = CARTESIAN_POINT ( 'NONE',  ( 83.76672102039593400, 2.503731635863596100, 294.5985488490774200 ) ) ;
#553 = VERTEX_POINT ( 'NONE', #1654 ) ;
#554 = EDGE_CURVE ( 'NONE', #39, #414, #2348, .T. ) ;
#555 = ORIENTED_EDGE ( 'NONE', *, *, #3519, .T. ) ;
#556 = CARTESIAN_POINT ( 'NONE',  ( 58.47688225561795900, 9.919678688074798200, 286.3655382100276900 ) ) ;
#557 = CARTESIAN_POINT ( 'NONE',  ( 76.34402867004331500, -4.488742669502288500, 294.5759394001829600 ) ) ;
#558 = CARTESIAN_POINT ( 'NONE',  ( 91.97744030027793400, -8.386288909502557200, 283.7153819651910000 ) ) ;
#559 = CARTESIAN_POINT ( 'NONE',  ( 91.53496107465512900, 11.14819836813158600, 293.7485495272700300 ) ) ;
#560 = CARTESIAN_POINT ( 'NONE',  ( 91.97741188751926700, 11.14007031447393100, 283.8504936070149800 ) ) ;
#561 = EDGE_CURVE ( 'NONE', #308, #1961, #2815, .T. ) ;
#562 = CARTESIAN_POINT ( 'NONE',  ( 58.47669338208898200, 8.485759499663840800, 287.2636914938422000 ) ) ;
#563 = CARTESIAN_POINT ( 'NONE',  ( 91.97683569992749100, 9.895618873190207100, 286.5904475979278300 ) ) ;
#564 = CARTESIAN_POINT ( 'NONE',  ( 90.47692130317564400, -10.57984512145545800, 286.1832193965705600 ) ) ;
#565 = CARTESIAN_POINT ( 'NONE',  ( 91.97738413616001200, 5.676854105090186000, 283.9824600857109500 ) ) ;
#566 = CARTESIAN_POINT ( 'NONE',  ( 90.47682966978560200, -10.62979323866820500, 286.6189651090548400 ) ) ;
#567 = CARTESIAN_POINT ( 'NONE',  ( 56.97684269961125400, -10.60438488510917000, 286.5534817954481400 ) ) ;
#568 = CARTESIAN_POINT ( 'NONE',  ( 91.97646077814707200, -4.713377145713602400, 288.3733190850030600 ) ) ;
#569 = CARTESIAN_POINT ( 'NONE',  ( 79.31323928856312500, 1.995523387084408200, 294.5960825297759700 ) ) ;
#570 = CARTESIAN_POINT ( 'NONE',  ( 58.47758009910843700, -12.82043524039999800, 283.0470719931000200 ) ) ;
#571 = CARTESIAN_POINT ( 'NONE',  ( 56.97688228878399700, 9.919678688074800000, 286.3652227735745400 ) ) ;
#572 = VERTEX_POINT ( 'NONE', #2076 ) ;
#573 = CARTESIAN_POINT ( 'NONE',  ( 56.97754755105155100, 6.247975662398071800, 283.2016905648768600 ) ) ;
#574 = CARTESIAN_POINT ( 'NONE',  ( 74.39833699692208300, 4.544560254602411800, 294.6027219998903800 ) ) ;
#575 = PLANE ( 'NONE',  #2718 ) ;
#576 = CARTESIAN_POINT ( 'NONE',  ( 91.92670459138058400, 11.15089651398896800, 292.9295764219415900 ) ) ;
#577 = ORIENTED_EDGE ( 'NONE', *, *, #1713, .F. ) ;
#578 = CARTESIAN_POINT ( 'NONE',  ( 91.97755140972185500, 10.52787904549648500, 283.1870214648291200 ) ) ;
#579 = DIRECTION ( 'NONE',  ( -0.9999999778888540900, 0.0000000000000000000, -0.0002102909687305672500 ) ) ;
#580 = ORIENTED_EDGE ( 'NONE', *, *, #1264, .F. ) ;
#581 = CARTESIAN_POINT ( 'NONE',  ( 58.47686845384378500, -10.58061175085061700, 286.4311700033290400 ) ) ;
#582 = CARTESIAN_POINT ( 'NONE',  ( 90.47689452472992900, -10.58022843615732200, 286.3105593554861300 ) ) ;
#583 = DIRECTION ( 'NONE',  ( -6.330083128766396000E-007, 0.9999954694747276200, 0.003010154417688563100 ) ) ;
#584 = CARTESIAN_POINT ( 'NONE',  ( 56.97756749371573200, -9.012045336856861200, 283.1068568984496200 ) ) ;
#585 = VERTEX_POINT ( 'NONE', #4601 ) ;
#586 = CARTESIAN_POINT ( 'NONE',  ( 74.16170523062224600, -5.842657997273168000, 293.0713981354326200 ) ) ;
#587 = LINE ( 'NONE', #2593, #1364 ) ;
#588 = CARTESIAN_POINT ( 'NONE',  ( 56.97743217835310500, -13.77867511720523400, 283.7503241880556300 ) ) ;
#589 = EDGE_LOOP ( 'NONE', ( #4237, #1083, #4555, #660 ) ) ;
#590 = CARTESIAN_POINT ( 'NONE',  ( 58.47701058728070200, 9.725951771098017700, 285.7552806161736500 ) ) ;
#591 = CARTESIAN_POINT ( 'NONE',  ( 91.97739270165762100, -8.328937714863048600, 283.9417284390278300 ) ) ;
#592 = CARTESIAN_POINT ( 'NONE',  ( 89.72563502696493700, -14.10713908438849600, 292.2997901967872800 ) ) ;
#593 = CARTESIAN_POINT ( 'NONE',  ( 56.97694720530439100, 9.871971473351761600, 286.0565242148673500 ) ) ;
#594 = CARTESIAN_POINT ( 'NONE',  ( 91.97757206297359300, -9.070483904200202100, 283.0888087293817500 ) ) ;
#595 = CARTESIAN_POINT ( 'NONE',  ( 79.35732013164268000, -0.1029546586721358100, 293.0897681987362400 ) ) ;
#596 = LINE ( 'NONE', #4528, #405 ) ;
#597 = CARTESIAN_POINT ( 'NONE',  ( 74.16170523062224600, -5.842657997273168000, 293.0713981354326200 ) ) ;
#598 = EDGE_CURVE ( 'NONE', #3567, #1613, #3686, .T. ) ;
#599 = ORIENTED_EDGE ( 'NONE', *, *, #2264, .T. ) ;
#600 = CARTESIAN_POINT ( 'NONE',  ( 58.47681116497794600, -10.66476131599817200, 286.7035966553986600 ) ) ;
#601 = CARTESIAN_POINT ( 'NONE',  ( 91.97563481283741300, -13.84746364092661800, 292.3010450181915300 ) ) ;
#602 = CARTESIAN_POINT ( 'NONE',  ( 90.47631554557787600, 1.911348295905841400, 288.9015521280229000 ) ) ;
#603 = CARTESIAN_POINT ( 'NONE',  ( 56.97709615608233900, -11.88591231665304800, 285.3482162198939100 ) ) ;
#604 = CARTESIAN_POINT ( 'NONE',  ( 90.47750804369012200, -13.57728428391248700, 283.3930829248628200 ) ) ;
#605 = CARTESIAN_POINT ( 'NONE',  ( 91.97710410448411300, -11.45131952931638400, 285.3140991542003300 ) ) ;
#606 = ORIENTED_EDGE ( 'NONE', *, *, #2055, .F. ) ;
#607 = CARTESIAN_POINT ( 'NONE',  ( 90.47709243089494200, 8.986184982413114100, 285.3694530396165900 ) ) ;
#608 = CARTESIAN_POINT ( 'NONE',  ( 91.97648907192756000, 2.160231504527176900, 288.2387732220189500 ) ) ;
#609 = CARTESIAN_POINT ( 'NONE',  ( 90.47736973454236400, -13.82344086435723800, 284.0507865970077400 ) ) ;
#610 = VECTOR ( 'NONE', #1803, 1000.000000000000100 ) ;
#611 = CARTESIAN_POINT ( 'NONE',  ( 83.59298807454683800, -2.608758522673033700, 294.5831228593685300 ) ) ;
#612 = CARTESIAN_POINT ( 'NONE',  ( 56.97701062044742300, 9.725951771098005200, 285.7549651797206100 ) ) ;
#613 = CARTESIAN_POINT ( 'NONE',  ( 58.47708837881081900, -11.17744713133672000, 285.3853573206485500 ) ) ;
#614 = CARTESIAN_POINT ( 'NONE',  ( 58.47755001669903400, 10.55477816047106300, 283.1901233504148100 ) ) ;
#615 = CARTESIAN_POINT ( 'NONE',  ( 90.47750321912089100, 10.89307549724358300, 283.4160252754958800 ) ) ;
#616 = COORDINATED_UNIVERSAL_TIME_OFFSET ( 8, 0, .AHEAD. ) ;
#617 = ORIENTED_EDGE ( 'NONE', *, *, #2264, .F. ) ;
#618 = CARTESIAN_POINT ( 'NONE',  ( 90.47668916112398600, 9.316941351102453700, 287.2871281755281500 ) ) ;
#619 = LINE ( 'NONE', #1811, #2011 ) ;
#620 = CARTESIAN_POINT ( 'NONE',  ( 56.97688228878400500, 9.919678688074999000, 286.3652227735468600 ) ) ;
#621 = VECTOR ( 'NONE', #652, 1000.000000000000200 ) ;
#622 = DIRECTION ( 'NONE',  ( 0.0000000000000000000, -0.003010154417689424400, 0.9999954694749280100 ) ) ;
#623 = VERTEX_POINT ( 'NONE', #538 ) ;
#624 = CARTESIAN_POINT ( 'NONE',  ( 90.47668478711639800, -11.45589409839617700, 287.3079279630810600 ) ) ;
#625 = EDGE_CURVE ( 'NONE', #1237, #1320, #2395, .T. ) ;
#626 = CARTESIAN_POINT ( 'NONE',  ( 57.85288889302332600, 11.14656884381090900, 294.1787440715403400 ) ) ;
#627 = VERTEX_POINT ( 'NONE', #4159 ) ;
#628 = CARTESIAN_POINT ( 'NONE',  ( 86.97546080752000800, 11.14935565713923900, 293.1252415717273700 ) ) ;
#629 = CARTESIAN_POINT ( 'NONE',  ( 58.47560114117924700, 11.15215347965723500, 292.4576420097630500 ) ) ;
#630 = CARTESIAN_POINT ( 'NONE',  ( 58.47655899637778300, 5.665032203356005900, 287.9027379972000100 ) ) ;
#631 = CARTESIAN_POINT ( 'NONE',  ( 90.47680754849318400, 9.854735899008328900, 286.7241588416928800 ) ) ;
#632 = ORIENTED_EDGE ( 'NONE', *, *, #2957, .T. ) ;
#633 = CARTESIAN_POINT ( 'NONE',  ( 56.97669772899655500, 9.413205170963577100, 287.2428628570666500 ) ) ;
#634 = EDGE_CURVE ( 'NONE', #4393, #780, #393, .T. ) ;
#635 = CARTESIAN_POINT ( 'NONE',  ( 56.97706588166476400, 9.414178870232428100, 285.4921806367929100 ) ) ;
#636 = CARTESIAN_POINT ( 'NONE',  ( 90.47668486772373300, -11.58323406011994000, 287.3075446483874200 ) ) ;
#637 = CARTESIAN_POINT ( 'NONE',  ( 91.97757939857658000, -12.88392684973504900, 283.0539256201350900 ) ) ;
#638 = ORIENTED_EDGE ( 'NONE', *, *, #3660, .T. ) ;
#639 = CARTESIAN_POINT ( 'NONE',  ( 57.02430144303451000, 11.15076834790157200, 292.9222363289345000 ) ) ;
#640 = CARTESIAN_POINT ( 'NONE',  ( 90.47651843373421300, 2.300688122434180600, 288.0989908390681600 ) ) ;
#641 = CARTESIAN_POINT ( 'NONE',  ( 91.97690925532926100, 7.925917713316807500, 286.2406684295920600 ) ) ;
#642 = VERTEX_POINT ( 'NONE', #1756 ) ;
#643 = CARTESIAN_POINT ( 'NONE',  ( 58.47684105542094100, -12.54663836785893200, 286.5614581579500300 ) ) ;
#644 = CARTESIAN_POINT ( 'NONE',  ( 90.47747002146654400, -13.70207450139714000, 283.5738906075314400 ) ) ;
#645 = AXIS2_PLACEMENT_3D ( 'NONE', #2649, #3093, #1029 ) ;
#646 = CARTESIAN_POINT ( 'NONE',  ( 90.47677728482834400, 9.797346375618273500, 286.8680721268986500 ) ) ;
#647 = LINE ( 'NONE', #2424, #3931 ) ;
#648 = ORIENTED_EDGE ( 'NONE', *, *, #934, .F. ) ;
#649 = CARTESIAN_POINT ( 'NONE',  ( 58.47677276457697800, 9.772521010236804500, 286.8862026899888100 ) ) ;
#650 = CARTESIAN_POINT ( 'NONE',  ( 66.44453373354601000, 5.410752267223731600, 294.6036567705201000 ) ) ;
#651 = EDGE_CURVE ( 'NONE', #1836, #4365, #1064, .T. ) ;
#652 = DIRECTION ( 'NONE',  ( 0.9999999778890548100, -6.330054415950436700E-007, 0.0002102890609316775100 ) ) ;
#653 = CARTESIAN_POINT ( 'NONE',  ( 90.47668448619555200, 8.578427243548063100, 287.3093589367422900 ) ) ;
#654 = CARTESIAN_POINT ( 'NONE',  ( 91.97647851946588600, 2.118711444289816700, 288.2889535103130400 ) ) ;
#655 = CARTESIAN_POINT ( 'NONE',  ( 67.55197120926743500, -0.2562734360464710700, 293.0868241251415600 ) ) ;
#656 = EDGE_CURVE ( 'NONE', #4938, #1754, #127, .T. ) ;
#657 = CARTESIAN_POINT ( 'NONE',  ( 56.97707242832892400, 9.353606937517151100, 285.4610491808902600 ) ) ;
#658 = CARTESIAN_POINT ( 'NONE',  ( 90.47757764540995100, -12.97758360548098500, 283.0621047630377200 ) ) ;
#659 = CARTESIAN_POINT ( 'NONE',  ( 91.97681981180916500, 9.874912940922307300, 286.6660006189606500 ) ) ;
#660 = ORIENTED_EDGE ( 'NONE', *, *, #2868, .F. ) ;
#661 = CARTESIAN_POINT ( 'NONE',  ( 69.41374435195142200, -7.903971549527252400, 294.5642016106331200 ) ) ;
#662 = CARTESIAN_POINT ( 'NONE',  ( 90.47701089815554100, 8.117085078091689000, 285.7571669680442000 ) ) ;
#663 = VERTEX_POINT ( 'NONE', #1719 ) ;
#664 = ORIENTED_EDGE ( 'NONE', *, *, #4214, .T. ) ;
#665 = CARTESIAN_POINT ( 'NONE',  ( 56.97644839788946300, -4.687732115414814200, 288.4285110245750700 ) ) ;
#666 = CARTESIAN_POINT ( 'NONE',  ( 58.67186658490131600, 11.14505898072898500, 294.5704851375691600 ) ) ;
#667 = LINE ( 'NONE', #1512, #2543 ) ;
#668 = CARTESIAN_POINT ( 'NONE',  ( 90.47756074548513500, 6.431042280915347600, 283.1424692434903200 ) ) ;
#669 = CARTESIAN_POINT ( 'NONE',  ( 90.47695681364648100, 7.984630538191162900, 286.0143558915090700 ) ) ;
#670 = LINE ( 'NONE', #2343, #2013 ) ;
#671 = EDGE_LOOP ( 'NONE', ( #3997, #2491 ) ) ;
#672 = DIRECTION ( 'NONE',  ( 0.0002102900160117933700, 0.003010154484985754400, -0.9999954473636795100 ) ) ;
#673 = EDGE_LOOP ( 'NONE', ( #5178, #1882, #2784, #436, #3733, #4901, #3835, #299, #5071, #1357, #4297, #876, #685, #3471, #2287, #2729, #2494, #3706, #638, #4487, #1330 ) ) ;
#674 = CARTESIAN_POINT ( 'NONE',  ( 90.47755429433215100, -13.31696734722095800, 283.1731465135244400 ) ) ;
#675 =( BOUNDED_CURVE ( )  B_SPLINE_CURVE ( 3, ( #4138, #2131, #2219, #3509 ),
 .UNSPECIFIED., .F., .F. ) 
 B_SPLINE_CURVE_WITH_KNOTS ( ( 4, 4 ),
 ( -8.881784197001252300E-016, 3.141592653589792700 ),
 .UNSPECIFIED. ) 
 CURVE ( )  GEOMETRIC_REPRESENTATION_ITEM ( )  RATIONAL_B_SPLINE_CURVE ( ( 1.000000000000000000, 0.3333333333333332000, 0.3333333333333332000, 1.000000000000000000 ) ) 
 REPRESENTATION_ITEM ( '' )  );
#676 = CARTESIAN_POINT ( 'NONE',  ( 91.97669365560544500, 9.363546237881418900, 287.2659132148033300 ) ) ;
#677 = CARTESIAN_POINT ( 'NONE',  ( 90.47698707731133500, 8.042020061597897400, 285.8704426062864700 ) ) ;
#678 = EDGE_CURVE ( 'NONE', #1320, #3492, #3892, .T. ) ;
#679 = DIRECTION ( 'NONE',  ( 1.058791184067875400E-022, 0.9999954694745274400, 0.003010154550803892600 ) ) ;
#680 = CARTESIAN_POINT ( 'NONE',  ( 91.97603902396231500, -4.591693627211337300, 290.3788934469539000 ) ) ;
#681 = ADVANCED_FACE ( 'NONE', ( #3403 ), #3467, .F. ) ;
#682 = CARTESIAN_POINT ( 'NONE',  ( 59.22514655975103900, 11.14484002450418400, 294.6193991671378900 ) ) ;
#683 = CARTESIAN_POINT ( 'NONE',  ( 90.47735739088280100, 5.676470790399005900, 284.1094846081999800 ) ) ;
#684 = CARTESIAN_POINT ( 'NONE',  ( 90.47706218488291100, 8.401152386431883600, 285.5132823801703200 ) ) ;
#685 = ORIENTED_EDGE ( 'NONE', *, *, #4330, .T. ) ;
#686 = CARTESIAN_POINT ( 'NONE',  ( 91.97708814451914300, -11.97748203812561500, 285.3899938285883900 ) ) ;
#687 = CARTESIAN_POINT ( 'NONE',  ( 58.47673733978577800, -12.24093774680140400, 287.0546587623730900 ) ) ;
#688 = EDGE_CURVE ( 'NONE', #1133, #1508, #23, .T. ) ;
#689 = VERTEX_POINT ( 'NONE', #3874 ) ;
#690 = CARTESIAN_POINT ( 'NONE',  ( 58.47671652121064100, -12.10389855160532200, 287.1536576627846700 ) ) ;
#691 = PRODUCT_DEFINITION ( '未知', '', #3780, #3630 ) ;
#692 = DIRECTION ( 'NONE',  ( 6.330083045038702200E-007, -0.9999954694746947500, -0.003010154428575169800 ) ) ;
#693 = ORIENTED_EDGE ( 'NONE', *, *, #598, .T. ) ;
#694 = CARTESIAN_POINT ( 'NONE',  ( 58.47649424285415900, -4.832151746525566300, 288.2106614552772000 ) ) ;
#695 = ORIENTED_EDGE ( 'NONE', *, *, #3907, .F. ) ;
#696 = DIRECTION ( 'NONE',  ( -0.0002102899202619499800, -0.003157779576443323900, 0.9999949920906083800 ) ) ;
#697 = CARTESIAN_POINT ( 'NONE',  ( 58.47710615531003200, -11.57721375114987300, 285.3008244426525800 ) ) ;
#698 = ORIENTED_EDGE ( 'NONE', *, *, #143, .F. ) ;
#699 = CARTESIAN_POINT ( 'NONE',  ( 58.85629010694698600, 11.14989873758209900, 293.0296917444293900 ) ) ;
#700 = VERTEX_POINT ( 'NONE', #4291 ) ;
#701 = CARTESIAN_POINT ( 'NONE',  ( 58.47709309803399000, 9.050033334807643800, 285.3629159228899000 ) ) ;
#702 = B_SPLINE_CURVE_WITH_KNOTS ( 'NONE', 1,
 ( #5055, #1321 ),
 .UNSPECIFIED., .F., .F.,
 ( 2, 2 ),
 ( 0.0000000000000000000, 1.000000000000000000 ),
 .UNSPECIFIED. ) ;
#703 = CARTESIAN_POINT ( 'NONE',  ( 91.97670210462746400, -11.18296577315620000, 287.2257354463941400 ) ) ;
#704 = CARTESIAN_POINT ( 'NONE',  ( 90.47706350827736800, -12.18367494816686400, 285.5069892214719400 ) ) ;
#705 = CARTESIAN_POINT ( 'NONE',  ( 56.97668560844671500, -11.58323406012001500, 287.3004999009469300 ) ) ;
#706 = CARTESIAN_POINT ( 'NONE',  ( 61.97547801607153400, -13.85927827932205100, 293.0447041065265200 ) ) ;
#707 = B_SPLINE_CURVE_WITH_KNOTS ( 'NONE', 3,
 ( #1795, #560, #1369, #4240, #1779, #2205, #5098, #2611, #966, #3008, #3057, #4680, #2631, #1815, #3074, #578, #3878, #3477, #979, #1404 ),
 .UNSPECIFIED., .F., .F.,
 ( 4, 2, 2, 2, 2, 2, 2, 2, 2, 4 ),
 ( 0.0000000000000000000, 0.1250000000000000000, 0.1875000000000000000, 0.2500000000000000000, 0.5000000000000000000, 0.6250000000000000000, 0.6875000000000000000, 0.7187500000000000000, 0.7500000000000000000, 1.000000000000000000 ),
 .UNSPECIFIED. ) ;
#708 = EDGE_CURVE ( 'NONE', #642, #1805, #4070, .T. ) ;
#709 = ADVANCED_FACE ( 'NONE', ( #2684 ), #2894, .T. ) ;
#710 = CARTESIAN_POINT ( 'NONE',  ( 58.47656050978034900, -5.323931588508709300, 287.8955412905248700 ) ) ;
#711 = VECTOR ( 'NONE', #3740, 1000.000000000000200 ) ;
#712 = CARTESIAN_POINT ( 'NONE',  ( 69.63675348281842000, 5.187743136569332100, 294.6036567705201600 ) ) ;
#713 = ORIENTED_EDGE ( 'NONE', *, *, #554, .T. ) ;
#714 = CARTESIAN_POINT ( 'NONE',  ( 66.44453373333342900, -4.488742669600448200, 294.5738576257795100 ) ) ;
#715 = CARTESIAN_POINT ( 'NONE',  ( 90.47749570002821400, 5.922627370839428800, 283.4517809360295900 ) ) ;
#716 = CARTESIAN_POINT ( 'NONE',  ( 56.97699037193225300, -12.47387591324546300, 285.8512532660536700 ) ) ;
#717 = CARTESIAN_POINT ( 'NONE',  ( 91.97668959788711600, -11.33312596841372500, 287.2852089470748100 ) ) ;
#718 = CARTESIAN_POINT ( 'NONE',  ( 90.47707874033371000, -12.06947275827251400, 285.4345559824399700 ) ) ;
#719 = CARTESIAN_POINT ( 'NONE',  ( 58.47756053328200900, 10.39529418751546400, 283.1401136765925300 ) ) ;
#720 = ORIENTED_EDGE ( 'NONE', *, *, #2206, .F. ) ;
#721 = CARTESIAN_POINT ( 'NONE',  ( 58.47671067250026100, -11.08670195328130100, 287.1814701279251400 ) ) ;
#722 = CARTESIAN_POINT ( 'NONE',  ( 58.47687001647901900, -12.57474744249319400, 286.4237391793255400 ) ) ;
#723 = CARTESIAN_POINT ( 'NONE',  ( 56.97648366562297200, -4.790910639500934200, 288.2608018122312500 ) ) ;
#724 = ORIENTED_EDGE ( 'NONE', *, *, #634, .F. ) ;
#725 = LOCAL_TIME ( 18, 20, 55.00000000000000000, #2333 ) ;
#726 = DIRECTION ( 'NONE',  ( -6.330083110152420300E-007, 0.9999954694747397200, 0.003010154413707754400 ) ) ;
#727 = CARTESIAN_POINT ( 'NONE',  ( 91.97756705491470100, 6.615984805025930400, 283.1126236312410900 ) ) ;
#728 = CARTESIAN_POINT ( 'NONE',  ( 56.97651919631167800, 2.300568511890127300, 288.0918421645154100 ) ) ;
#729 = B_SPLINE_CURVE_WITH_KNOTS ( 'NONE', 3,
 ( #2049, #3711, #822, #4038 ),
 .UNSPECIFIED., .F., .F.,
 ( 4, 4 ),
 ( 0.0000000000000000000, 0.9999928865583011000 ),
 .UNSPECIFIED. ) ;
#730 = CARTESIAN_POINT ( 'NONE',  ( 91.97708302408678100, 9.216111041062212900, 285.4143431018303500 ) ) ;
#731 = CARTESIAN_POINT ( 'NONE',  ( 56.97603567685656100, 1.909781422477201800, 290.3911298958491300 ) ) ;
#732 = VECTOR ( 'NONE', #824, 1000.000000000000200 ) ;
#733 = CARTESIAN_POINT ( 'NONE',  ( 58.47670335178118300, -11.98300067994438000, 287.2162824594065000 ) ) ;
#734 = CARTESIAN_POINT ( 'NONE',  ( 56.97673737295249200, -12.24093774680141800, 287.0543433259200600 ) ) ;
#735 = B_SPLINE_CURVE_WITH_KNOTS ( 'NONE', 1,
 ( #367, #5324 ),
 .UNSPECIFIED., .F., .F.,
 ( 2, 2 ),
 ( 0.0000000000000000000, 1.000000000000000000 ),
 .UNSPECIFIED. ) ;
#736 =( BOUNDED_CURVE ( )  B_SPLINE_CURVE ( 3, ( #1193, #819, #3744, #392 ),
 .UNSPECIFIED., .F., .F. ) 
 B_SPLINE_CURVE_WITH_KNOTS ( ( 4, 4 ),
 ( 5.913830031739173300E-015, 3.141592653589798900 ),
 .UNSPECIFIED. ) 
 CURVE ( )  GEOMETRIC_REPRESENTATION_ITEM ( )  RATIONAL_B_SPLINE_CURVE ( ( 1.000000000000000000, 0.3333333333333333700, 0.3333333333333333700, 1.000000000000000000 ) ) 
 REPRESENTATION_ITEM ( '' )  );
#737 = EDGE_LOOP ( 'NONE', ( #5239, #2870, #4110, #1561 ) ) ;
#738 = CARTESIAN_POINT ( 'NONE',  ( 91.97705448368165500, -12.23638745084209700, 285.5500617428812100 ) ) ;
#739 = VERTEX_POINT ( 'NONE', #3185 ) ;
#740 = CARTESIAN_POINT ( 'NONE',  ( 79.53656385433620800, -4.707236568430317900, 293.0759462291373400 ) ) ;
#741 = CARTESIAN_POINT ( 'NONE',  ( 58.47589369069881100, -13.84561602493257800, 291.0664126156113400 ) ) ;
#742 = EDGE_CURVE ( 'NONE', #216, #689, #1216, .T. ) ;
#743 = CARTESIAN_POINT ( 'NONE',  ( 67.39865243194255100, -2.450924513671229200, 293.0801856147284100 ) ) ;
#744 = CARTESIAN_POINT ( 'NONE',  ( 58.47614526255181000, -4.589922885141319000, 289.8701730202000100 ) ) ;
#745 = CARTESIAN_POINT ( 'NONE',  ( 90.47603493661041800, 1.909028883856012800, 290.3981723780000300 ) ) ;
#746 = ORIENTED_EDGE ( 'NONE', *, *, #4151, .F. ) ;
#747 = CARTESIAN_POINT ( 'NONE',  ( 58.47735809844027700, 5.676470790399158700, 284.1027552972000200 ) ) ;
#748 = CARTESIAN_POINT ( 'NONE',  ( 90.47563484600412700, -13.84746364092661800, 292.3007295817384900 ) ) ;
#749 = CARTESIAN_POINT ( 'NONE',  ( 58.47757788358201500, -9.320451097237029400, 283.0576075335105200 ) ) ;
#750 = DIRECTION ( 'NONE',  ( 0.0002102900160121909200, 0.003010154502916250400, -0.9999954473636256700 ) ) ;
#751 = CARTESIAN_POINT ( 'NONE',  ( 91.97754165005940800, 10.63371616579324700, 283.2334317424735600 ) ) ;
#752 = ORIENTED_EDGE ( 'NONE', *, *, #3175, .T. ) ;
#753 = CARTESIAN_POINT ( 'NONE',  ( 58.47635627071125700, -4.589390389994021800, 288.8667604033844900 ) ) ;
#754 = ADVANCED_FACE ( 'NONE', ( #410 ), #3316, .T. ) ;
#755 = LINE ( 'NONE', #980, #2714 ) ;
#756 = ORIENTED_EDGE ( 'NONE', *, *, #4300, .T. ) ;
#757 = CARTESIAN_POINT ( 'NONE',  ( 56.97709402178812600, -11.91581402002116100, 285.3583654629979900 ) ) ;
#758 = CARTESIAN_POINT ( 'NONE',  ( 90.47613984538870100, 1.909704641640905400, 289.8992980012245100 ) ) ;
#759 = CARTESIAN_POINT ( 'NONE',  ( 91.97682336152372800, -10.64012231475174500, 286.6491206050276300 ) ) ;
#760 = CARTESIAN_POINT ( 'NONE',  ( 65.20400135431781100, -2.297605736346346000, 293.0801856147284100 ) ) ;
#761 = B_SPLINE_CURVE_WITH_KNOTS ( 'NONE', 1,
 ( #3763, #3415 ),
 .UNSPECIFIED., .F., .F.,
 ( 2, 2 ),
 ( 0.0000000000000000000, 1.000000000000000000 ),
 .UNSPECIFIED. ) ;
#762 = CARTESIAN_POINT ( 'NONE',  ( 91.97697548828740800, 9.816023650138308900, 285.9257097935676500 ) ) ;
#763 = CARTESIAN_POINT ( 'NONE',  ( 58.47655554570617700, 2.654553651854874500, 287.9191470307548600 ) ) ;
#764 = CARTESIAN_POINT ( 'NONE',  ( 58.47754283741434000, 6.201858396982592200, 283.2242631168903700 ) ) ;
#765 = CARTESIAN_POINT ( 'NONE',  ( 58.47745113336085200, -8.405590422526351800, 283.6603448571693800 ) ) ;
#766 = LINE ( 'NONE', #630, #4499 ) ;
#767 = B_SPLINE_CURVE_WITH_KNOTS ( 'NONE', 3,
 ( #3909, #3895, #1830, #4724, #614, #1435, #5065, #2256, #5130, #146, #3112, #3440, #947, #1368, #4239, #2191 ),
 .UNSPECIFIED., .F., .F.,
 ( 4, 2, 2, 1, 2, 2, 2, 1, 4 ),
 ( 0.0000000000000000000, 0.2499998467324384700, 0.3124998084155378700, 0.3749997700986372800, 0.4999996934648360800, 0.7499995401972339200, 0.8124995018802568800, 0.8749994635632799600, 0.9999993869293275500 ),
 .UNSPECIFIED. ) ;
#768 = EDGE_CURVE ( 'NONE', #4837, #855, #1501, .T. ) ;
#769 = CARTESIAN_POINT ( 'NONE',  ( 56.97735464831313100, 11.15215327385495500, 284.1190040151757300 ) ) ;
#770 = CARTESIAN_POINT ( 'NONE',  ( 59.04105116313224500, -13.85041375902978600, 293.0278475945193600 ) ) ;
#771 = CARTESIAN_POINT ( 'NONE',  ( 91.97678880751878700, 8.023342787058105300, 286.8134358125333800 ) ) ;
#772 = EDGE_LOOP ( 'NONE', ( #5224, #2208, #2942, #4553 ) ) ;
#773 = CARTESIAN_POINT ( 'NONE',  ( 72.60627953645689600, 1.777029488368896600, 293.0940075843281500 ) ) ;
#774 = CARTESIAN_POINT ( 'NONE',  ( 90.47679026149855000, -10.70256074865789700, 286.8063639613640100 ) ) ;
#775 = CARTESIAN_POINT ( 'NONE',  ( 90.47603493708669500, 1.908276345234797900, 290.3981701127360700 ) ) ;
#776 = CARTESIAN_POINT ( 'NONE',  ( 86.97547800952000300, -14.10941455607825800, 293.0492084285379500 ) ) ;
#777 = VERTEX_POINT ( 'NONE', #2071 ) ;
#778 = CARTESIAN_POINT ( 'NONE',  ( 91.97757820768767100, -12.94636468689900800, 283.0595886730388900 ) ) ;
#779 = CARTESIAN_POINT ( 'NONE',  ( 91.97779253843658900, -16.41359975035920000, 282.0403782644160600 ) ) ;
#780 = VERTEX_POINT ( 'NONE', #2528 ) ;
#781 = CARTESIAN_POINT ( 'NONE',  ( 90.47638300727248900, -4.588506141628140100, 288.7429864397798300 ) ) ;
#782 = CARTESIAN_POINT ( 'NONE',  ( 56.97669777513732500, -11.24463379123659800, 287.2426434441654800 ) ) ;
#783 = CARTESIAN_POINT ( 'NONE',  ( 58.47748618251606000, 5.873868119365904600, 283.4936750530436000 ) ) ;
#784 = FACE_OUTER_BOUND ( 'NONE', #5033, .T. ) ;
#785 = EDGE_CURVE ( 'NONE', #3179, #3567, #5263, .T. ) ;
#786 = ORIENTED_EDGE ( 'NONE', *, *, #4101, .F. ) ;
#787 = CARTESIAN_POINT ( 'NONE',  ( 58.47740139554863200, 11.15207704320854300, 283.8968638556575000 ) ) ;
#788 = VERTEX_POINT ( 'NONE', #1688 ) ;
#789 = CARTESIAN_POINT ( 'NONE',  ( 91.97671379736576100, 9.523134261144880600, 287.1701327826282300 ) ) ;
#790 = CARTESIAN_POINT ( 'NONE',  ( 57.85290469834937700, -13.85333231179173200, 294.1034901542656100 ) ) ;
#791 = CARTESIAN_POINT ( 'NONE',  ( 56.97670797151633300, -12.02947510308813000, 287.1941564414067900 ) ) ;
#792 = CARTESIAN_POINT ( 'NONE',  ( 56.97589373741890000, -13.84561602431007700, 291.0660967549852100 ) ) ;
#793 = CARTESIAN_POINT ( 'NONE',  ( 90.47671515392696100, -11.06169307349724700, 287.1635241874543000 ) ) ;
#794 = CARTESIAN_POINT ( 'NONE',  ( 90.47624475390497900, 1.910380397738143500, 289.4004248703482200 ) ) ;
#795 = CARTESIAN_POINT ( 'NONE',  ( 56.97689526545442400, -10.58022843616001500, 286.3035146079469100 ) ) ;
#796 = CARTESIAN_POINT ( 'NONE',  ( 58.47563555366963300, -13.84763676216987200, 292.2939997496866900 ) ) ;
#797 = CARTESIAN_POINT ( 'NONE',  ( 90.32874890705412000, -13.84891210507001200, 292.7581463031348800 ) ) ;
#798 = EDGE_LOOP ( 'NONE', ( #4941, #294, #3122, #3291 ) ) ;
#799 = CARTESIAN_POINT ( 'NONE',  ( 91.97694763585752800, 7.969252551610153100, 286.0581568950731800 ) ) ;
#800 = DIRECTION ( 'NONE',  ( 0.0002102900160122139600, 0.003010154466551369700, -0.9999954473637351300 ) ) ;
#801 = CARTESIAN_POINT ( 'NONE',  ( 89.72535617537649000, 11.14784899210848200, 293.6258175906760900 ) ) ;
#802 = DIRECTION ( 'NONE',  ( 0.0002102900136559410600, 0.003010154484246530600, -0.9999954473636822900 ) ) ;
#803 = CARTESIAN_POINT ( 'NONE',  ( 56.97679191049309800, -10.71019190407172100, 286.7950000942673200 ) ) ;
#804 = CARTESIAN_POINT ( 'NONE',  ( 58.47735809844027700, 5.676470790399158700, 284.1027552972000200 ) ) ;
#805 = CARTESIAN_POINT ( 'NONE',  ( 58.47749449386764600, -8.522901254469985600, 283.4541519516853900 ) ) ;
#806 = B_SPLINE_CURVE_WITH_KNOTS ( 'NONE', 3,
 ( #3033, #3063, #4299, #3447, #187, #954, #584, #3499, #4684, #3852, #3836, #3466, #4265, #1360, #3047, #1375, #3901, #3484, #4283, #4247, #1837, #3084 ),
 .UNSPECIFIED., .F., .F.,
 ( 4, 2, 2, 2, 2, 2, 2, 2, 2, 2, 4 ),
 ( 0.0000000000000000000, 0.1250000000000000000, 0.1875000000000000000, 0.2187500000000000000, 0.2500000000000000000, 0.5000000000000000000, 0.6250000000000000000, 0.6875000000000000000, 0.7187500000000000000, 0.7500000000000000000, 1.000000000000000000 ),
 .UNSPECIFIED. ) ;
#807 = CARTESIAN_POINT ( 'NONE',  ( 90.47708521019451700, -12.00871450309871800, 285.4037897507908500 ) ) ;
#808 = VERTEX_POINT ( 'NONE', #2107 ) ;
#809 = CARTESIAN_POINT ( 'NONE',  ( 57.02431725791152700, -13.84916129994758400, 292.8469822963971300 ) ) ;
#810 = CARTESIAN_POINT ( 'NONE',  ( 56.97671293859029600, -12.07471955729037400, 287.1705364358746800 ) ) ;
#811 = CARTESIAN_POINT ( 'NONE',  ( 90.47689579074973700, -12.58021937510688400, 286.3045390466124300 ) ) ;
#812 = CARTESIAN_POINT ( 'NONE',  ( 56.97756786922067800, 6.552136452614333500, 283.1050712530664600 ) ) ;
#813 = CARTESIAN_POINT ( 'NONE',  ( 69.41374435195142200, -7.903971549527252400, 294.5642016106331200 ) ) ;
#814 = EDGE_CURVE ( 'NONE', #4029, #1976, #1332, .T. ) ;
#815 = CARTESIAN_POINT ( 'NONE',  ( 90.47693414353445000, 9.897027549797911700, 286.1221594347802600 ) ) ;
#816 = VERTEX_POINT ( 'NONE', #4908 ) ;
#817 = CARTESIAN_POINT ( 'NONE',  ( 90.18295813287976200, -13.84962021172775900, 292.9038743607530400 ) ) ;
#818 = LINE ( 'NONE', #4940, #3678 ) ;
#819 = CARTESIAN_POINT ( 'NONE',  ( 76.59330350959342600, -9.604243290996105700, 293.0605864742065000 ) ) ;
#820 = CARTESIAN_POINT ( 'NONE',  ( 91.97688278091139600, 7.919687749126165200, 286.3665626486592800 ) ) ;
#821 = CARTESIAN_POINT ( 'NONE',  ( 90.47669529075437800, -11.89163982049176100, 287.2579798469958000 ) ) ;
#822 = CARTESIAN_POINT ( 'NONE',  ( 90.47738507642751000, 11.15213258375356300, 283.9778310984748400 ) ) ;
#823 = CARTESIAN_POINT ( 'NONE',  ( 56.97747761670079600, 10.98999643398305700, 283.5342504916377500 ) ) ;
#824 = DIRECTION ( 'NONE',  ( 6.330083025208640200E-007, -0.9999954694747276200, -0.003010154417688565300 ) ) ;
#825 = ORIENTED_EDGE ( 'NONE', *, *, #5100, .T. ) ;
#826 = CARTESIAN_POINT ( 'NONE',  ( 58.47756783605397100, 6.552136452614353100, 283.1053866895195500 ) ) ;
#827 = ORIENTED_EDGE ( 'NONE', *, *, #1110, .T. ) ;
#828 = FACE_OUTER_BOUND ( 'NONE', #3622, .T. ) ;
#829 = ORIENTED_EDGE ( 'NONE', *, *, #4080, .F. ) ;
#830 = CARTESIAN_POINT ( 'NONE',  ( 56.97668167396807300, 9.210354917186759100, 287.3192095885914900 ) ) ;
#831 =( BOUNDED_SURFACE ( )  B_SPLINE_SURFACE ( 3, 1, ( 
 ( #5284, #2882 ),
 ( #4085, #2041 ),
 ( #4922, #2459 ),
 ( #3309, #1574 ) ),
 .UNSPECIFIED., .F., .F., .T. ) 
 B_SPLINE_SURFACE_WITH_KNOTS ( ( 4, 4 ),
 ( 2, 2 ),
 ( 0.0000000000000000000, 1.000000000000000000 ),
 ( 0.0000000000000000000, 1.000000000000000000 ),
 .UNSPECIFIED. ) 
 GEOMETRIC_REPRESENTATION_ITEM ( )  RATIONAL_B_SPLINE_SURFACE ( (
 ( 1.000000000000000000, 1.000000000000000000),
 ( 0.3333333333333335400, 0.3333333333333335400),
 ( 0.3333333333333335400, 0.3333333333333335400),
 ( 1.000000000000000000, 1.000000000000000000) ) ) 
 REPRESENTATION_ITEM ( '' )  SURFACE ( )  );
#832 = CARTESIAN_POINT ( 'NONE',  ( 56.97756302528325300, 6.429368322625279600, 283.1281057055288700 ) ) ;
#833 = CARTESIAN_POINT ( 'NONE',  ( 79.20368591929732800, -2.302120968023252200, 294.5831228593685900 ) ) ;
#834 = CARTESIAN_POINT ( 'NONE',  ( 90.47710540756510500, -11.51372214180815900, 285.3077448741099100 ) ) ;
#835 = FACE_OUTER_BOUND ( 'NONE', #2380, .T. ) ;
#836 = CARTESIAN_POINT ( 'NONE',  ( 59.13708945827646300, -13.85053276287721500, 293.0441335445158900 ) ) ;
#837 = EDGE_CURVE ( 'NONE', #2317, #2034, #2047, .T. ) ;
#838 = CARTESIAN_POINT ( 'NONE',  ( 90.47667193124470900, 8.853181454771474900, 287.3690616935834300 ) ) ;
#839 = CARTESIAN_POINT ( 'NONE',  ( 58.47589370425219400, -13.84561602431000100, 291.0664121913999900 ) ) ;
#840 = CARTESIAN_POINT ( 'NONE',  ( 90.47757772990416900, -9.320451097237402400, 283.0643368446413300 ) ) ;
#841 = CARTESIAN_POINT ( 'NONE',  ( 58.47709985290662600, -11.82564788459195500, 285.3307943709672300 ) ) ;
#842 = ORIENTED_EDGE ( 'NONE', *, *, #286, .F. ) ;
#843 = CARTESIAN_POINT ( 'NONE',  ( 56.97614529571853100, -4.589922885141335000, 289.8698575837473200 ) ) ;
#844 = CARTESIAN_POINT ( 'NONE',  ( 90.47736973454472300, -13.82344086436000000, 284.0507865970000100 ) ) ;
#845 = ORIENTED_EDGE ( 'NONE', *, *, #2940, .F. ) ;
#846 = CARTESIAN_POINT ( 'NONE',  ( 58.47694906414749000, -12.55606292615828900, 286.0478425481152800 ) ) ;
#847 = CARTESIAN_POINT ( 'NONE',  ( 90.47747066921677100, -8.442810994352164800, 283.5708103504410400 ) ) ;
#848 = CARTESIAN_POINT ( 'NONE',  ( 58.47705243962056400, 8.312435765734949900, 285.5562595209398800 ) ) ;
#849 = B_SPLINE_CURVE_WITH_KNOTS ( 'NONE', 3,
 ( #4107, #1637, #4083, #428 ),
 .UNSPECIFIED., .F., .F.,
 ( 4, 4 ),
 ( 0.0000000000000000000, 1.000000000000000000 ),
 .UNSPECIFIED. ) ;
#850 = ORIENTED_EDGE ( 'NONE', *, *, #2587, .T. ) ;
#851 = CARTESIAN_POINT ( 'NONE',  ( 56.97679167155308700, 9.820846676754809900, 286.7961363284775300 ) ) ;
#852 = CARTESIAN_POINT ( 'NONE',  ( 56.97667263177629600, 8.916673064116080700, 287.3622080665158500 ) ) ;
#853 = ADVANCED_FACE ( 'NONE', ( #231 ), #1862, .F. ) ;
#854 = CARTESIAN_POINT ( 'NONE',  ( 91.97669145136880800, -11.83148326399820900, 287.2763950562467700 ) ) ;
#855 = VERTEX_POINT ( 'NONE', #628 ) ;
#856 = CARTESIAN_POINT ( 'NONE',  ( 58.62232911443259600, -13.84904216078053500, 292.7514783590924600 ) ) ;
#857 = FACE_BOUND ( 'NONE', #3869, .T. ) ;
#858 = EDGE_CURVE ( 'NONE', #1961, #3677, #2737, .T. ) ;
#859 = CARTESIAN_POINT ( 'NONE',  ( 67.39865243194255100, -2.450924513671228800, 293.0801856147284100 ) ) ;
#860 = CARTESIAN_POINT ( 'NONE',  ( 90.47625006164426500, -4.589579843101299500, 289.3751848935516500 ) ) ;
#861 = CARTESIAN_POINT ( 'NONE',  ( 56.97742267983303300, -13.79197583506976500, 283.7954926511505400 ) ) ;
#862 = CARTESIAN_POINT ( 'NONE',  ( 56.97756553834876300, 10.23433351099072300, 283.1161552850608100 ) ) ;
#863 = ORIENTED_EDGE ( 'NONE', *, *, #2868, .T. ) ;
#864 = CARTESIAN_POINT ( 'NONE',  ( 56.97656077031737000, 2.915044662300992200, 287.8941446360469200 ) ) ;
#865 = CARTESIAN_POINT ( 'NONE',  ( 91.97747063605008600, -8.442810994352166500, 283.5711257868940700 ) ) ;
#866 = AXIS2_PLACEMENT_3D ( 'NONE', #318, #800, #3275 ) ;
#867 = CARTESIAN_POINT ( 'NONE',  ( 58.47708687623622100, 8.674259239630403700, 285.3925025364905000 ) ) ;
#868 = FACE_OUTER_BOUND ( 'NONE', #1405, .T. ) ;
#869 = CARTESIAN_POINT ( 'NONE',  ( 58.47735461303086900, 11.16429958011620000, 284.1193295070537500 ) ) ;
#870 = CARTESIAN_POINT ( 'NONE',  ( 58.47696014880808900, -10.62793565088277200, 285.9951314857299300 ) ) ;
#871 = CARTESIAN_POINT ( 'NONE',  ( 91.97561898761549100, 11.15244577932965900, 292.3762989469145200 ) ) ;
#872 = CARTESIAN_POINT ( 'NONE',  ( 90.47698506568500000, 9.792676456487392000, 285.8800085247458500 ) ) ;
#873 = AXIS2_PLACEMENT_3D ( 'NONE', #1765, #4652, #2227 ) ;
#874 = CARTESIAN_POINT ( 'NONE',  ( 58.47757954522671800, -12.82043524039957600, 283.0470719929519400 ) ) ;
#875 = CARTESIAN_POINT ( 'NONE',  ( 58.47693608747708500, 7.943844198076302400, 286.1095507136932400 ) ) ;
#876 = ORIENTED_EDGE ( 'NONE', *, *, #3238, .T. ) ;
#877 = CARTESIAN_POINT ( 'NONE',  ( 90.47709052602348800, 9.079788901138266900, 285.3785113050811900 ) ) ;
#878 = CARTESIAN_POINT ( 'NONE',  ( 90.47656011338357000, 2.782679289842535700, 287.9007909415747100 ) ) ;
#879 = VERTEX_POINT ( 'NONE', #3903 ) ;
#880 = CARTESIAN_POINT ( 'NONE',  ( 58.47740139554863200, 11.15207704320854300, 283.8968638556575000 ) ) ;
#881 = CARTESIAN_POINT ( 'NONE',  ( 90.47697869753754700, -10.66235307640717200, 285.9102910773561300 ) ) ;
#882 = CARTESIAN_POINT ( 'NONE',  ( 56.97738382697949800, -13.82324974394237800, 283.9802502416172300 ) ) ;
#883 = CARTESIAN_POINT ( 'NONE',  ( 69.74662228689221900, -0.4095922133713553700, 293.0868241251416200 ) ) ;
#884 = ADVANCED_FACE ( 'NONE', ( #3433 ), #1734, .F. ) ;
#885 = CARTESIAN_POINT ( 'NONE',  ( 81.55197120926743500, -0.2562734359970206800, 293.0897681987362400 ) ) ;
#886 = EDGE_CURVE ( 'NONE', #3179, #2965, #5189, .T. ) ;
#887 = ORIENTED_EDGE ( 'NONE', *, *, #3129, .F. ) ;
#888 = B_SPLINE_CURVE_WITH_KNOTS ( 'NONE', 3,
 ( #4905, #4094, #420, #1242 ),
 .UNSPECIFIED., .F., .F.,
 ( 4, 4 ),
 ( 0.0000000000000000000, 1.000000000000000000 ),
 .UNSPECIFIED. ) ;
#889 = DIRECTION ( 'NONE',  ( 0.0002102900136559410600, 0.003010154484246530600, -0.9999954473636822900 ) ) ;
#890 = CARTESIAN_POINT ( 'NONE',  ( 58.47708063306195900, -11.10031775115310600, 285.4221908029422300 ) ) ;
#891 = CARTESIAN_POINT ( 'NONE',  ( 91.97669424838964900, -11.87665172809541000, 287.2630943386745900 ) ) ;
#892 = CARTESIAN_POINT ( 'NONE',  ( 91.97708302408678100, 9.216111041062212900, 285.4143431018303500 ) ) ;
#893 = CARTESIAN_POINT ( 'NONE',  ( 91.97678608222230400, -12.43619891097185400, 286.8263954581590800 ) ) ;
#894 = EDGE_LOOP ( 'NONE', ( #2770, #338, #302, #1371 ) ) ;
#895 = LINE ( 'NONE', #1777, #3367 ) ;
#896 = CARTESIAN_POINT ( 'NONE',  ( 91.97686681329193400, 11.15302790628507900, 286.4424937227590200 ) ) ;
#897 = CARTESIAN_POINT ( 'NONE',  ( 90.47707972237553500, -11.08140913428388600, 285.4298860634426700 ) ) ;
#898 = CARTESIAN_POINT ( 'NONE',  ( 56.97694404742538400, 9.876680209176200300, 286.0715409269802800 ) ) ;
#899 = FACE_OUTER_BOUND ( 'NONE', #2231, .T. ) ;
#900 = CARTESIAN_POINT ( 'NONE',  ( 91.97698704414459300, 8.042020061597899200, 285.8707580427394500 ) ) ;
#901 = CARTESIAN_POINT ( 'NONE',  ( 90.47605850141532400, -4.591693627211344400, 290.3785780145897800 ) ) ;
#902 = EDGE_CURVE ( 'NONE', #5298, #1569, #519, .T. ) ;
#903 = CARTESIAN_POINT ( 'NONE',  ( 56.97744160530874100, -13.76354698579191200, 283.7054960364679300 ) ) ;
#904 = CARTESIAN_POINT ( 'NONE',  ( 67.55165577424696700, -0.2607886677728406000, 294.5868172961871200 ) ) ;
#905 = CARTESIAN_POINT ( 'NONE',  ( 91.97741846328692400, -8.353435711194261900, 283.8192237547931400 ) ) ;
#906 = CARTESIAN_POINT ( 'NONE',  ( 58.47708839499053800, 8.704687829084262400, 285.3852803800444900 ) ) ;
#907 =( BOUNDED_CURVE ( )  B_SPLINE_CURVE ( 3, ( #4708, #3935, #229, #197 ),
 .UNSPECIFIED., .F., .T. ) 
 B_SPLINE_CURVE_WITH_KNOTS ( ( 4, 4 ),
 ( 6.024714344834273800E-015, 3.141592653589798900 ),
 .UNSPECIFIED. ) 
 CURVE ( )  GEOMETRIC_REPRESENTATION_ITEM ( )  RATIONAL_B_SPLINE_CURVE ( ( 1.000000000000000000, 0.3333333333333335400, 0.3333333333333335400, 1.000000000000000000 ) ) 
 REPRESENTATION_ITEM ( '' )  );
#908 = CARTESIAN_POINT ( 'NONE',  ( 56.97755051854289800, 6.279208127372136500, 283.1875792062188600 ) ) ;
#909 = CARTESIAN_POINT ( 'NONE',  ( 56.97537567089982200, -16.41381345293621400, 293.5296666874188500 ) ) ;
#910 = CARTESIAN_POINT ( 'NONE',  ( 56.97667263177629600, 8.916673064116080700, 287.3622080665158500 ) ) ;
#911 = CARTESIAN_POINT ( 'NONE',  ( 90.47672637859956500, -12.19231431771558900, 287.1101473237821400 ) ) ;
#912 = CARTESIAN_POINT ( 'NONE',  ( 91.97699119025411100, 9.775658223924462900, 285.8510419823265400 ) ) ;
#913 = B_SPLINE_SURFACE_WITH_KNOTS ( 'NONE', 1, 3, ( 
 ( #82, #2524, #2850, #1328, #2149, #4638, #1348, #4196, #5020, #2586, #1751, #2571, #4217, #3416 ),
 ( #1733, #3000, #2168, #4617, #3827, #106, #5038, #515, #924, #4155, #441, #423, #48, #864 ) ),
 .UNSPECIFIED., .F., .F., .F.,
 ( 2, 2 ),
 ( 4, 2, 2, 2, 2, 2, 4 ),
 ( 0.0000000000000000000, 1.000000000000000000 ),
 ( 0.0000000000000000000, 0.1250000000000000000, 0.1875000000000000000, 0.2500000000000000000, 0.5000000000000000000, 0.7500000000000000000, 1.000000000000000000 ),
 .UNSPECIFIED. ) ;
#914 = VECTOR ( 'NONE', #692, 1000.000000000000100 ) ;
#915 = CARTESIAN_POINT ( 'NONE',  ( 58.47682176299252200, 7.962686228024836900, 286.6531997477667300 ) ) ;
#916 = CARTESIAN_POINT ( 'NONE',  ( 91.97672278879476000, 9.575846763818342200, 287.1273756976669900 ) ) ;
#917 = CARTESIAN_POINT ( 'NONE',  ( 56.97589373732970600, -13.84561602532895300, 291.0660971791599000 ) ) ;
#918 = VERTEX_POINT ( 'NONE', #3376 ) ;
#919 = CARTESIAN_POINT ( 'NONE',  ( 90.47645667150030100, 2.040970249046305500, 288.3926897693139600 ) ) ;
#920 = B_SPLINE_CURVE_WITH_KNOTS ( 'NONE', 1,
 ( #5054, #3481 ),
 .UNSPECIFIED., .F., .F.,
 ( 2, 2 ),
 ( 0.0000000000000000000, 0.9999996307462161200 ),
 .UNSPECIFIED. ) ;
#921 = CARTESIAN_POINT ( 'NONE',  ( 90.47640925915999300, -4.612764031998877600, 288.6181504228351300 ) ) ;
#922 = CARTESIAN_POINT ( 'NONE',  ( 90.47692130317562900, -10.57984512145546000, 286.1832193965705600 ) ) ;
#923 = CARTESIAN_POINT ( 'NONE',  ( 56.97743217835310500, -13.77867511720523400, 283.7503241880556300 ) ) ;
#924 = CARTESIAN_POINT ( 'NONE',  ( 56.97648005825979600, 2.113582528522859800, 288.2779559631783300 ) ) ;
#925 = EDGE_CURVE ( 'NONE', #1805, #72, #3654, .T. ) ;
#926 = CARTESIAN_POINT ( 'NONE',  ( 58.47708413644983200, 8.629011520014733700, 285.4055310861551200 ) ) ;
#927 = CARTESIAN_POINT ( 'NONE',  ( 56.97752584913440900, 6.073015217329127000, 283.3048900355722100 ) ) ;
#928 = CARTESIAN_POINT ( 'NONE',  ( 58.47563555366963300, -13.84763676216987200, 292.2939997496866900 ) ) ;
#929 = CARTESIAN_POINT ( 'NONE',  ( 56.97753750241014400, 6.157935427703948000, 283.2494750287176500 ) ) ;
#930 = CARTESIAN_POINT ( 'NONE',  ( 58.47690858399973700, -10.58003731574238100, 286.2403384364673700 ) ) ;
#931 = CARTESIAN_POINT ( 'NONE',  ( 58.47656611696471200, -5.584916828234066900, 287.8688737599218800 ) ) ;
#932 = CARTESIAN_POINT ( 'NONE',  ( 69.41405978697190400, -7.899456317800882300, 293.0642084395875600 ) ) ;
#933 = ORIENTED_EDGE ( 'NONE', *, *, #968, .F. ) ;
#934 = EDGE_CURVE ( 'NONE', #2854, #5167, #2937, .T. ) ;
#935 = CARTESIAN_POINT ( 'NONE',  ( 58.47681231705534100, 7.977544207179530400, 286.6981181625873200 ) ) ;
#936 = ORIENTED_EDGE ( 'NONE', *, *, #4343, .T. ) ;
#937 = CARTESIAN_POINT ( 'NONE',  ( 90.47694712020461300, -10.60287957441438200, 286.0604512692943300 ) ) ;
#938 = CARTESIAN_POINT ( 'NONE',  ( 56.97690877060929900, 9.914206755458787200, 286.2392933298323200 ) ) ;
#939 = CARTESIAN_POINT ( 'NONE',  ( 90.47683912536700700, -10.61539607267202900, 286.5740008328701300 ) ) ;
#940 = CARTESIAN_POINT ( 'NONE',  ( 91.97697504960369500, -10.65513832261456900, 285.9277958731715300 ) ) ;
#941 = ADVANCED_FACE ( 'NONE', ( #3043 ), #2909, .T. ) ;
#942 = CARTESIAN_POINT ( 'NONE',  ( 90.47750321912090500, 10.89307549724358800, 283.4160252754958800 ) ) ;
#943 = ORIENTED_EDGE ( 'NONE', *, *, #2106, .T. ) ;
#944 = CARTESIAN_POINT ( 'NONE',  ( 56.97708690940293500, 8.674259239630387700, 285.3921871000374000 ) ) ;
#945 = CARTESIAN_POINT ( 'NONE',  ( 58.47688225561795900, 9.919678688074798200, 286.3655382100276900 ) ) ;
#946 = CARTESIAN_POINT ( 'NONE',  ( 90.47743116951944800, -8.371172996970008400, 283.7586438876142600 ) ) ;
#947 = CARTESIAN_POINT ( 'NONE',  ( 58.47744467232347900, 11.08205301339724400, 283.6910691297288700 ) ) ;
#948 = CARTESIAN_POINT ( 'NONE',  ( 56.97735464619857000, 11.16429958011620000, 284.1190140706006600 ) ) ;
#949 = ORIENTED_EDGE ( 'NONE', *, *, #4657, .T. ) ;
#950 = CARTESIAN_POINT ( 'NONE',  ( 56.97675522313718900, 8.113414666152181100, 286.9694600586084300 ) ) ;
#951 = ORIENTED_EDGE ( 'NONE', *, *, #4874, .T. ) ;
#952 = CARTESIAN_POINT ( 'NONE',  ( 91.97675343081739600, 9.722281359109558700, 286.9816632016087400 ) ) ;
#953 = CARTESIAN_POINT ( 'NONE',  ( 91.97748463623007400, 5.879553715669967300, 283.5045505090348000 ) ) ;
#954 = CARTESIAN_POINT ( 'NONE',  ( 56.97756850291373400, -9.027033429251785500, 283.1020578432239700 ) ) ;
#955 = CARTESIAN_POINT ( 'NONE',  ( 91.97698846495761400, -10.68388347405839600, 285.8640016280573400 ) ) ;
#956 = CARTESIAN_POINT ( 'NONE',  ( 56.97758021288277100, -12.94777520213130700, 283.0463732419543700 ) ) ;
#957 = EDGE_CURVE ( 'NONE', #1855, #501, #4103, .T. ) ;
#958 = VERTEX_POINT ( 'NONE', #2234 ) ;
#959 = CARTESIAN_POINT ( 'NONE',  ( 56.97708317941193500, 8.613994807570348300, 285.4099243854228100 ) ) ;
#960 = CARTESIAN_POINT ( 'NONE',  ( 79.20400135431781100, -2.297605736296882500, 293.0831296883230800 ) ) ;
#961 = B_SPLINE_SURFACE_WITH_KNOTS ( 'NONE', 1, 3, ( 
 ( #3976, #2800, #1925, #1124, #3579, #4399, #2353, #1077, #1495, #1906, #1548, #3962, #704, #2780, #718, #4367, #320, #2749, #1936, #1890, #3215, #4781 ),
 ( #5221, #4412, #3596, #3639, #4384, #2313, #4813, #2298, #5185, #3168, #4795, #5205, #1141, #1531, #1954, #270, #3626, #686, #3994, #4830, #2372, #1095 ) ),
 .UNSPECIFIED., .F., .F., .F.,
 ( 2, 2 ),
 ( 4, 2, 2, 2, 2, 2, 2, 2, 2, 2, 4 ),
 ( 0.0000000000000000000, 1.000000000000000000 ),
 ( 0.0000000000000000000, 0.1250000000000000000, 0.1875000000000000000, 0.2187500000000000000, 0.2500000000000000000, 0.5000000000000000000, 0.6250000000000000000, 0.6875000000000000000, 0.7187500000000000000, 0.7500000000000000000, 1.000000000000000000 ),
 .UNSPECIFIED. ) ;
#962 = ORIENTED_EDGE ( 'NONE', *, *, #487, .F. ) ;
#963 = CARTESIAN_POINT ( 'NONE',  ( 90.47757709541575400, -9.193111135479815800, 283.0647201591896800 ) ) ;
#964 = CARTESIAN_POINT ( 'NONE',  ( 89.72514588536282100, 11.14483883762424000, 294.6258130380398400 ) ) ;
#965 = VECTOR ( 'NONE', #3755, 1000.000000000000100 ) ;
#966 = CARTESIAN_POINT ( 'NONE',  ( 91.97750318595417700, 10.89307549724358300, 283.4163407119489200 ) ) ;
#967 = CARTESIAN_POINT ( 'NONE',  ( 90.47589273036804500, 11.15487469848259000, 291.0744079744346800 ) ) ;
#968 = EDGE_CURVE ( 'NONE', #5220, #238, #2646, .T. ) ;
#969 = CARTESIAN_POINT ( 'NONE',  ( 91.97669209544861200, 9.348173816076334600, 287.2733322533234200 ) ) ;
#970 = CARTESIAN_POINT ( 'NONE',  ( 58.47704141413584000, 9.580397059750446000, 285.6086891832075600 ) ) ;
#971 = AXIS2_PLACEMENT_3D ( 'NONE', #3307, #1979, #2880 ) ;
#972 = DIRECTION ( 'NONE',  ( 0.9999999778890548100, -6.330054415950436700E-007, 0.0002102890609316775100 ) ) ;
#973 = CARTESIAN_POINT ( 'NONE',  ( 91.97709175770728500, -11.22532242267668300, 285.3728119777718500 ) ) ;
#974 = LINE ( 'NONE', #2480, #3124 ) ;
#975 = EDGE_LOOP ( 'NONE', ( #1997, #3105, #5079, #606 ) ) ;
#976 = ORIENTED_EDGE ( 'NONE', *, *, #4302, .T. ) ;
#977 = CARTESIAN_POINT ( 'NONE',  ( 79.53624841931572600, -4.711751800156687200, 294.5759394001829000 ) ) ;
#978 = CARTESIAN_POINT ( 'NONE',  ( 90.47741209759607300, -8.346213554589430900, 283.8493369071204600 ) ) ;
#979 = CARTESIAN_POINT ( 'NONE',  ( 91.97756472949650700, 10.28956640858130100, 283.1236817292732400 ) ) ;
#980 = CARTESIAN_POINT ( 'NONE',  ( 67.39865243194255100, -2.450924513671228800, 293.0801856147284100 ) ) ;
#981 = EDGE_LOOP ( 'NONE', ( #1849, #632, #2510, #752 ) ) ;
#982 = CARTESIAN_POINT ( 'NONE',  ( 58.47684266644452600, -10.60438488510915200, 286.5537972319012900 ) ) ;
#983 = CARTESIAN_POINT ( 'NONE',  ( 56.97756056644872300, 10.39529418751544800, 283.1397982401393800 ) ) ;
#984 = DIRECTION ( 'NONE',  ( -6.330083025208640200E-007, 0.9999954694747276200, 0.003010154417688565300 ) ) ;
#985 = CARTESIAN_POINT ( 'NONE',  ( 56.97681119814466700, -10.66476131599818800, 286.7032812189455100 ) ) ;
#986 = CARTESIAN_POINT ( 'NONE',  ( 69.63675348281842000, 5.187743136569332100, 294.6036567705201600 ) ) ;
#987 = EDGE_CURVE ( 'NONE', #816, #2825, #1415, .T. ) ;
#988 = CARTESIAN_POINT ( 'NONE',  ( 56.97752920136749600, -13.47960894009182000, 283.2889491093712900 ) ) ;
#989 = B_SPLINE_SURFACE_WITH_KNOTS ( 'NONE', 1, 3, ( 
 ( #1868, #208, #239, #2668, #640, #1431, #3524, #3904, #173, #3107, #195, #4747 ),
 ( #1008, #4706, #3135, #5153, #1040, #608, #654, #4719, #3558, #3933, #4288, #1057 ) ),
 .UNSPECIFIED., .F., .F., .F.,
 ( 2, 2 ),
 ( 4, 2, 2, 2, 2, 4 ),
 ( 0.0000000000000000000, 1.000000000000000000 ),
 ( 0.0000000000000000000, 0.2500000000000000000, 0.5000000000000000000, 0.6250000000000000000, 0.7500000000000000000, 1.000000000000000000 ),
 .UNSPECIFIED. ) ;
#990 = ORIENTED_EDGE ( 'NONE', *, *, #4815, .T. ) ;
#991 = CARTESIAN_POINT ( 'NONE',  ( 91.97756479919473800, 10.17946055752001500, 283.1233502921530800 ) ) ;
#992 = CARTESIAN_POINT ( 'NONE',  ( 58.47705500113686100, 9.501715853170825500, 285.5440787018687300 ) ) ;
#993 = PLANE ( 'NONE',  #4006 ) ;
#994 = ORIENTED_EDGE ( 'NONE', *, *, #3544, .T. ) ;
#995 = CARTESIAN_POINT ( 'NONE',  ( 69.63675348281842000, 5.187743136569332100, 294.6036567705201600 ) ) ;
#996 = B_SPLINE_SURFACE_WITH_KNOTS ( 'NONE', 1, 3, ( 
 ( #2599, #136, #5016, #3834, #5032, #4683, #1373, #153, #3012, #2638, #548, #970, #4209, #2196, #101, #1744, #529, #1359, #2972, #3046, #1392, #4263 ),
 ( #1801, #3427, #938, #493, #3390, #898, #4633, #1728, #3554, #4317, #1426, #2246, #3082, #4281, #635, #1879, #1439, #1035, #5134, #1853, #4700, #186 ) ),
 .UNSPECIFIED., .F., .F., .F.,
 ( 2, 2 ),
 ( 4, 2, 2, 2, 2, 2, 2, 2, 2, 2, 4 ),
 ( 0.0000000000000000000, 1.000000000000000000 ),
 ( 0.0000000000000000000, 0.1250000000000000000, 0.1875000000000000000, 0.2187500000000000000, 0.2500000000000000000, 0.5000000000000000000, 0.6250000000000000000, 0.6875000000000000000, 0.7187500000000000000, 0.7500000000000000000, 1.000000000000000000 ),
 .UNSPECIFIED. ) ;
#997 = CARTESIAN_POINT ( 'NONE',  ( 91.97743113635273500, -8.371172996970008400, 283.7589593240672900 ) ) ;
#998 = CARTESIAN_POINT ( 'NONE',  ( 90.18294227850630300, 11.15024892337971400, 292.9791281889700400 ) ) ;
#999 = CARTESIAN_POINT ( 'NONE',  ( 56.97735464619857000, 11.16429958011620000, 284.1190140706006600 ) ) ;
#1000 = CC_DESIGN_PERSON_AND_ORGANIZATION_ASSIGNMENT ( #335, #3267, ( #3780 ) ) ;
#1001 = CARTESIAN_POINT ( 'NONE',  ( 56.97709714628695100, -11.87089560420829800, 285.3435074841745500 ) ) ;
#1002 = CARTESIAN_POINT ( 'NONE',  ( 56.97747005554260400, 11.01450177105146200, 283.5702061870733200 ) ) ;
#1003 = CARTESIAN_POINT ( 'NONE',  ( 66.22152460289162000, 2.218532517951328200, 294.5940007553736600 ) ) ;
#1004 = CARTESIAN_POINT ( 'NONE',  ( 91.97688278091139600, 7.919687749126165200, 286.3665626486592800 ) ) ;
#1005 = CARTESIAN_POINT ( 'NONE',  ( 91.97709600075697300, -11.28379608315172800, 285.3526349363056100 ) ) ;
#1006 = ORIENTED_EDGE ( 'NONE', *, *, #1897, .F. ) ;
#1007 = CARTESIAN_POINT ( 'NONE',  ( 56.97757791674606400, -9.320451097237040000, 283.0572920970573700 ) ) ;
#1008 = CARTESIAN_POINT ( 'NONE',  ( 91.97655999642812200, 2.915044662301007800, 287.9015048199530600 ) ) ;
#1009 = CARTESIAN_POINT ( 'NONE',  ( 91.97689613262343800, 7.919878869543374800, 286.3030710407076100 ) ) ;
#1010 = CARTESIAN_POINT ( 'NONE',  ( 90.47756538624322800, 10.17946055751960800, 283.1230348558413500 ) ) ;
#1011 = CARTESIAN_POINT ( 'NONE',  ( 58.47707520938138300, -11.05654925968131500, 285.4479821172518000 ) ) ;
#1012 = CARTESIAN_POINT ( 'NONE',  ( 90.32873304984455800, 11.15095235803640300, 292.8334001369381100 ) ) ;
#1013 = VERTEX_POINT ( 'NONE', #1007 ) ;
#1014 = CARTESIAN_POINT ( 'NONE',  ( 90.47756722486180100, -13.15903550927114000, 283.1116577608511300 ) ) ;
#1015 = AXIS2_PLACEMENT_3D ( 'NONE', #1841, #5140, #4705 ) ;
#1016 = DIRECTION ( 'NONE',  ( 6.330082965733998400E-007, -0.9999954694747810200, -0.003010154400009262400 ) ) ;
#1017 = ORIENTED_EDGE ( 'NONE', *, *, #43, .T. ) ;
#1018 = VECTOR ( 'NONE', #2786, 999.9999999999998900 ) ;
#1019 = CARTESIAN_POINT ( 'NONE',  ( 56.97668266417269200, 9.225371629631169400, 287.3145008528706500 ) ) ;
#1020 = CARTESIAN_POINT ( 'NONE',  ( 69.41374435216401700, 1.995523387296928000, 294.5940007553736600 ) ) ;
#1021 = CARTESIAN_POINT ( 'NONE',  ( 90.47682052516339000, -10.64517122525271900, 286.6624506761670000 ) ) ;
#1022 = ORIENTED_EDGE ( 'NONE', *, *, #656, .T. ) ;
#1023 = DIRECTION ( 'NONE',  ( -0.9999999778890221700, 8.886763753789868100E-007, -0.0002102882913191590800 ) ) ;
#1024 = LINE ( 'NONE', #4503, #4181 ) ;
#1025 = VERTEX_POINT ( 'NONE', #193 ) ;
#1026 = CARTESIAN_POINT ( 'NONE',  ( 76.74662228689220500, 6.590407786628654600, 293.1093673392579700 ) ) ;
#1027 = CARTESIAN_POINT ( 'NONE',  ( 67.39865243194255100, -2.450924513671228800, 293.0801856147284100 ) ) ;
#1028 = EDGE_CURVE ( 'NONE', #3213, #918, #3725, .T. ) ;
#1029 = DIRECTION ( 'NONE',  ( 6.330083013936308800E-007, -0.9999954694747190700, -0.003010154420571780200 ) ) ;
#1030 = CARTESIAN_POINT ( 'NONE',  ( 58.47756553991723600, 10.17946055752001500, 283.1163055447000300 ) ) ;
#1031 = CARTESIAN_POINT ( 'NONE',  ( 56.97681863828023600, 7.967394963849268500, 286.6679010234266800 ) ) ;
#1032 = CARTESIAN_POINT ( 'NONE',  ( 90.47672282196147400, 9.575846763818340400, 287.1270602612140100 ) ) ;
#1033 = ORIENTED_EDGE ( 'NONE', *, *, #4052, .T. ) ;
#1034 = CARTESIAN_POINT ( 'NONE',  ( 58.47671333763062100, 9.526930671471356900, 287.1687965902551700 ) ) ;
#1035 = CARTESIAN_POINT ( 'NONE',  ( 56.97707543530713500, 9.322459992902411200, 285.4467500497307800 ) ) ;
#1036 = VECTOR ( 'NONE', #2906, 999.9999999999998900 ) ;
#1037 = CARTESIAN_POINT ( 'NONE',  ( 90.47756935915602100, -13.12913380590302900, 283.1015085177470500 ) ) ;
#1038 = VERTEX_POINT ( 'NONE', #4350 ) ;
#1039 = CARTESIAN_POINT ( 'NONE',  ( 56.97556406515826000, 11.15162215318384200, 292.6337924819411000 ) ) ;
#1040 = CARTESIAN_POINT ( 'NONE',  ( 91.97651840056748500, 2.300688122434180600, 288.0993062755212000 ) ) ;
#1041 = CARTESIAN_POINT ( 'NONE',  ( 91.97694763585752800, 7.969252551610153100, 286.0581568950731800 ) ) ;
#1042 = B_SPLINE_SURFACE_WITH_KNOTS ( 'NONE', 1, 3, ( 
 ( #682, #3148, #666, #1074, #5217, #3606, #3180, #639, #1039, #4746 ),
 ( #3960, #2775, #1105, #699, #3541, #3932, #237, #297, #2746, #4335 ) ),
 .UNSPECIFIED., .F., .F., .F.,
 ( 2, 2 ),
 ( 4, 2, 2, 2, 4 ),
 ( 0.0000000000000000000, 1.000000000000000000 ),
 ( 0.0000000000000000000, 0.2500000000000000000, 0.5000000000000000000, 0.7500000000000000000, 1.000000000000000000 ),
 .UNSPECIFIED. ) ;
#1043 = CARTESIAN_POINT ( 'NONE',  ( 56.97669996191987000, 8.425187566935468600, 287.2322446014771300 ) ) ;
#1044 = CARTESIAN_POINT ( 'NONE',  ( 90.47681669311541000, 9.870113885591170100, 286.6806732745714600 ) ) ;
#1045 = B_SPLINE_SURFACE_WITH_KNOTS ( 'NONE', 1, 3, ( 
 ( #3946, #257, #2686, #2283, #3525, #1446, #4322, #2732, #669, #3167, #1433, #4336, #4763, #684, #4748, #4735, #2268, #5142, #1494, #2700, #3123, #1843 ),
 ( #3150, #1009, #641, #4351, #3543, #1869, #1041, #3905, #3934, #5154, #3578, #1888, #240, #3559, #1058, #1479, #2296, #5171, #1076, #3961, #1904, #4777 ) ),
 .UNSPECIFIED., .F., .F., .F.,
 ( 2, 2 ),
 ( 4, 2, 2, 2, 2, 2, 2, 2, 2, 2, 4 ),
 ( 0.0000000000000000000, 1.000000000000000000 ),
 ( 0.0000000000000000000, 0.1250000000000000000, 0.1875000000000000000, 0.2187500000000000000, 0.2500000000000000000, 0.5000000000000000000, 0.6250000000000000000, 0.6875000000000000000, 0.7187500000000000000, 0.7500000000000000000, 1.000000000000000000 ),
 .UNSPECIFIED. ) ;
#1046 = VERTEX_POINT ( 'NONE', #5152 ) ;
#1047 = CARTESIAN_POINT ( 'NONE',  ( 58.47667890101497100, 9.165107197571023400, 287.3325535747092100 ) ) ;
#1048 = FACE_OUTER_BOUND ( 'NONE', #2272, .T. ) ;
#1049 = CARTESIAN_POINT ( 'NONE',  ( 56.97638053025190900, 11.15373694499166200, 288.7512430766759600 ) ) ;
#1050 = ORIENTED_EDGE ( 'NONE', *, *, #4864, .F. ) ;
#1051 = B_SPLINE_SURFACE_WITH_KNOTS ( 'NONE', 1, 3, ( 
 ( #3061, #3102, #3925, #3117 ),
 ( #3130, #3483, #1049, #1471 ) ),
 .UNSPECIFIED., .F., .F., .F.,
 ( 2, 2 ),
 ( 4, 4 ),
 ( 0.0000000000000000000, 1.000000000000000000 ),
 ( 0.0000000000000000000, 1.000000000000000000 ),
 .UNSPECIFIED. ) ;
#1052 = EDGE_CURVE ( 'NONE', #879, #2186, #1665, .T. ) ;
#1053 = CARTESIAN_POINT ( 'NONE',  ( 90.47614456012480800, -4.590260702427652700, 289.8768779418305700 ) ) ;
#1054 = ORIENTED_EDGE ( 'NONE', *, *, #2106, .F. ) ;
#1055 = ADVANCED_FACE ( 'NONE', ( #304 ), #1042, .T. ) ;
#1056 = CARTESIAN_POINT ( 'NONE',  ( 90.47678884068551500, 8.023342787058105300, 286.8131203760802900 ) ) ;
#1057 = CARTESIAN_POINT ( 'NONE',  ( 91.97634962928569300, 1.911056154036007400, 288.9018670278101700 ) ) ;
#1058 = CARTESIAN_POINT ( 'NONE',  ( 91.97706573049680400, 8.430434365950901600, 285.4965795844364600 ) ) ;
#1059 = CARTESIAN_POINT ( 'NONE',  ( 56.97671533828139400, 8.311423515134020300, 287.1591251457394400 ) ) ;
#1060 = CARTESIAN_POINT ( 'NONE',  ( 90.47754168322612100, 10.63371616579324700, 283.2331163060205200 ) ) ;
#1061 = ORIENTED_EDGE ( 'NONE', *, *, #858, .T. ) ;
#1062 = B_SPLINE_SURFACE_WITH_KNOTS ( 'NONE', 1, 3, ( 
 ( #2316, #3189, #722, #2822, #1143, #3614, #3628, #4816, #2783, #3658, #1129, #306, #3996, #690, #3202, #324, #5207, #343, #1113, #1534, #273, #5191 ),
 ( #3964, #4012, #1551, #1909, #1565, #4417, #3598, #4833, #3220, #1499, #3982, #734, #1974, #4850, #2391, #5256, #4387, #1927, #2471, #1585, #4489, #4888 ) ),
 .UNSPECIFIED., .F., .F., .F.,
 ( 2, 2 ),
 ( 4, 2, 2, 2, 2, 2, 2, 2, 2, 2, 4 ),
 ( 0.0000000000000000000, 1.000000000000000000 ),
 ( 0.0000000000000000000, 0.1250000000000000000, 0.1875000000000000000, 0.2187500000000000000, 0.2500000000000000000, 0.5000000000000000000, 0.6250000000000000000, 0.6875000000000000000, 0.7187500000000000000, 0.7500000000000000000, 1.000000000000000000 ),
 .UNSPECIFIED. ) ;
#1063 = ORIENTED_EDGE ( 'NONE', *, *, #4574, .T. ) ;
#1064 =( BOUNDED_CURVE ( )  B_SPLINE_CURVE ( 3, ( #4578, #2092, #1738, #2151 ),
 .UNSPECIFIED., .F., .F. ) 
 B_SPLINE_CURVE_WITH_KNOTS ( ( 4, 4 ),
 ( 3.141592653589792700, 6.283185307179586200 ),
 .UNSPECIFIED. ) 
 CURVE ( )  GEOMETRIC_REPRESENTATION_ITEM ( )  RATIONAL_B_SPLINE_CURVE ( ( 1.000000000000000000, 0.3333333333333332000, 0.3333333333333332000, 1.000000000000000000 ) ) 
 REPRESENTATION_ITEM ( '' )  );
#1065 = CARTESIAN_POINT ( 'NONE',  ( 58.47682968977410700, 9.895522239124753500, 286.6155053975137400 ) ) ;
#1066 = B_SPLINE_CURVE_WITH_KNOTS ( 'NONE', 1,
 ( #5283, #2827 ),
 .UNSPECIFIED., .F., .F.,
 ( 2, 2 ),
 ( 0.0000000000000000000, 1.000000000000000000 ),
 .UNSPECIFIED. ) ;
#1067 = EDGE_CURVE ( 'NONE', #2759, #1818, #1081, .T. ) ;
#1068 = CARTESIAN_POINT ( 'NONE',  ( 90.47708204805550700, 9.231099133458503300, 285.4188267206029100 ) ) ;
#1069 = ORIENTED_EDGE ( 'NONE', *, *, #5255, .T. ) ;
#1070 = PLANE ( 'NONE',  #1246 ) ;
#1071 = VERTEX_POINT ( 'NONE', #1919 ) ;
#1072 = B_SPLINE_SURFACE_WITH_KNOTS ( 'NONE', 1, 3, ( 
 ( #5318, #1586, #3301, #3675, #4100, #401, #3242, #3732, #1247, #344, #1158, #4078, #805, #5257, #2410, #4851, #2823, #765, #3693, #4043, #4450, #1178 ),
 ( #1991, #5273, #4062, #362, #1600, #4467, #2012, #4889, #2857, #1200, #4912, #2450, #4198, #3790, #1671, #2132, #3417, #3769, #2530, #4532, #1735, #1714 ) ),
 .UNSPECIFIED., .F., .F., .F.,
 ( 2, 2 ),
 ( 4, 2, 2, 2, 2, 2, 2, 2, 2, 2, 4 ),
 ( 0.0000000000000000000, 1.000000000000000000 ),
 ( 0.0000000000000000000, 0.1250000000000000000, 0.1875000000000000000, 0.2187500000000000000, 0.2500000000000000000, 0.5000000000000000000, 0.6250000000000000000, 0.6875000000000000000, 0.7187500000000000000, 0.7500000000000000000, 1.000000000000000000 ),
 .UNSPECIFIED. ) ;
#1073 = CARTESIAN_POINT ( 'NONE',  ( 56.97638402770019900, -4.588993549404392500, 288.7346116061516500 ) ) ;
#1074 = CARTESIAN_POINT ( 'NONE',  ( 58.11763089662389300, 11.14592315338408700, 294.3502547646384600 ) ) ;
#1075 = CARTESIAN_POINT ( 'NONE',  ( 91.97656711777152300, -8.334904369289894500, 287.8676405827531000 ) ) ;
#1076 = CARTESIAN_POINT ( 'NONE',  ( 91.97707668504652600, 8.539614445839607300, 285.4444872404911300 ) ) ;
#1077 = CARTESIAN_POINT ( 'NONE',  ( 90.47696692078960700, -12.52032549654191500, 285.9662932335193100 ) ) ;
#1078 = CARTESIAN_POINT ( 'NONE',  ( 56.97706588166476400, 9.414178870232428100, 285.4921806367929100 ) ) ;
#1079 = EDGE_LOOP ( 'NONE', ( #2531, #236, #4160, #5213 ) ) ;
#1080 = CARTESIAN_POINT ( 'NONE',  ( 58.47686345142237500, -12.57191591597630000, 286.4549580972191100 ) ) ;
#1081 = LINE ( 'NONE', #1933, #5321 ) ;
#1082 = CARTESIAN_POINT ( 'NONE',  ( 91.97744386118391400, 11.08215290827814100, 283.6984487325900100 ) ) ;
#1083 = ORIENTED_EDGE ( 'NONE', *, *, #3282, .T. ) ;
#1084 = ORIENTED_EDGE ( 'NONE', *, *, #2016, .F. ) ;
#1085 = VECTOR ( 'NONE', #334, 1000.000000000000200 ) ;
#1086 = CARTESIAN_POINT ( 'NONE',  ( 56.97699988643236000, -12.45025590719535000, 285.8060088128529500 ) ) ;
#1087 = ADVANCED_FACE ( 'NONE', ( #1915 ), #2807, .T. ) ;
#1088 = CARTESIAN_POINT ( 'NONE',  ( 74.39833699692208300, 4.544560254602411800, 294.6027219998903800 ) ) ;
#1089 = CARTESIAN_POINT ( 'NONE',  ( 58.47709612291562600, -11.88591231665303400, 285.3485316563470600 ) ) ;
#1090 = CARTESIAN_POINT ( 'NONE',  ( 90.47688281407812400, 7.919687749126012500, 286.3662472121999900 ) ) ;
#1091 = ADVANCED_FACE ( 'NONE', ( #2503 ), #354, .F. ) ;
#1092 = CARTESIAN_POINT ( 'NONE',  ( 58.47709317863989800, 8.922693373086012500, 285.3625326082124600 ) ) ;
#1093 = FACE_OUTER_BOUND ( 'NONE', #2657, .T. ) ;
#1094 = EDGE_CURVE ( 'NONE', #3716, #663, #3981, .T. ) ;
#1095 = CARTESIAN_POINT ( 'NONE',  ( 91.97710541458931700, -11.57721375114999800, 285.3078691901531000 ) ) ;
#1096 = CARTESIAN_POINT ( 'NONE',  ( 58.47671077611433800, 8.337650583987818100, 287.1809774093011400 ) ) ;
#1097 = CARTESIAN_POINT ( 'NONE',  ( 56.97635630433443800, -4.589390389994028900, 288.8664449669314500 ) ) ;
#1098 = ORIENTED_EDGE ( 'NONE', *, *, #2587, .F. ) ;
#1099 = CARTESIAN_POINT ( 'NONE',  ( 91.97667185788708400, 8.916673064116015000, 287.3695682504530900 ) ) ;
#1100 = VERTEX_POINT ( 'NONE', #3634 ) ;
#1101 = CARTESIAN_POINT ( 'NONE',  ( 56.97697699321314200, -12.50300460310208600, 285.9148733011714400 ) ) ;
#1102 = B_SPLINE_CURVE_WITH_KNOTS ( 'NONE', 1,
 ( #4944, #3330 ),
 .UNSPECIFIED., .F., .F.,
 ( 2, 2 ),
 ( 0.0000000000000000000, 1.000000000000000000 ),
 .UNSPECIFIED. ) ;
#1103 = CARTESIAN_POINT ( 'NONE',  ( 56.97656606757470900, -5.453302524873580900, 287.8689545046753400 ) ) ;
#1104 = EDGE_LOOP ( 'NONE', ( #2584, #1342, #3133, #3002 ) ) ;
#1105 = CARTESIAN_POINT ( 'NONE',  ( 59.04103533645786700, 11.14947628587544200, 293.1031014641906200 ) ) ;
#1106 = CARTESIAN_POINT ( 'NONE',  ( 91.97755698232740000, 6.370777848850646100, 283.1605219653287700 ) ) ;
#1107 = CARTESIAN_POINT ( 'NONE',  ( 91.97668483455730400, -11.58323406011999900, 287.3078600848530200 ) ) ;
#1108 = ORIENTED_EDGE ( 'NONE', *, *, #1683, .F. ) ;
#1109 = CARTESIAN_POINT ( 'NONE',  ( 91.97635552994702800, -4.588604123341780500, 288.8738075194191300 ) ) ;
#1110 = EDGE_CURVE ( 'NONE', #1347, #2867, #2084, .T. ) ;
#1111 = B_SPLINE_SURFACE_WITH_KNOTS ( 'NONE', 1, 3, ( 
 ( #3421, #930, #2175, #5046, #4723, #200, #1434, #5129, #212, #3908, #2689, #4308, #3095, #1011, #2255, #3111, #2239, #613, #1846, #5114, #3512, #2672 ),
 ( #795, #2828, #3722, #1166, #2418, #1151, #3229, #4067, #4898, #1604, #4050, #3701, #1211, #3310, #353, #3248, #4475, #1591, #4459, #5285, #3665, #2000 ) ),
 .UNSPECIFIED., .F., .F., .F.,
 ( 2, 2 ),
 ( 4, 2, 2, 2, 2, 2, 2, 2, 2, 2, 4 ),
 ( 0.0000000000000000000, 1.000000000000000000 ),
 ( 0.0000000000000000000, 0.1250000000000000000, 0.1875000000000000000, 0.2187500000000000000, 0.2500000000000000000, 0.5000000000000000000, 0.6250000000000000000, 0.6875000000000000000, 0.7187500000000000000, 0.7500000000000000000, 1.000000000000000000 ),
 .UNSPECIFIED. ) ;
#1112 = CARTESIAN_POINT ( 'NONE',  ( 58.47669065516303300, -11.83320125317194100, 287.2766588889699600 ) ) ;
#1113 = CARTESIAN_POINT ( 'NONE',  ( 58.47670181284920700, -11.96585506655639900, 287.2236005670828800 ) ) ;
#1114 = ORIENTED_EDGE ( 'NONE', *, *, #2141, .T. ) ;
#1115 = B_SPLINE_CURVE_WITH_KNOTS ( 'NONE', 3,
 ( #804, #2877, #361, #1177, #384, #4513, #2073, #4061, #783, #5272, #10, #764, #2449, #4949, #2488, #2033, #826, #5317 ),
 .UNSPECIFIED., .F., .F.,
 ( 4, 1, 1, 2, 2, 2, 1, 1, 2, 2, 4 ),
 ( 0.0000000000000000000, 0.1250000000000463000, 0.1875000000000692800, 0.2187500000000810200, 0.2500000000000927600, 0.5000000000001896300, 0.6250000000002735600, 0.6875000000002882100, 0.7187500000002721200, 0.7500000000002560200, 1.000000000000000000 ),
 .UNSPECIFIED. ) ;
#1116 = CARTESIAN_POINT ( 'NONE',  ( 90.47561902078220400, 11.15244577932965300, 292.3759835104615400 ) ) ;
#1117 = CARTESIAN_POINT ( 'NONE',  ( 58.47710619550292000, -11.64070536048504500, 285.3006333222820700 ) ) ;
#1118 = CARTESIAN_POINT ( 'NONE',  ( 91.97670210462746400, -11.18296577315620000, 287.2257354463941400 ) ) ;
#1119 = CARTESIAN_POINT ( 'NONE',  ( 90.47746074584412700, 5.806434258318636100, 283.6179991218732500 ) ) ;
#1120 = PLANE ( 'NONE',  #4900 ) ;
#1121 = EDGE_LOOP ( 'NONE', ( #4182, #994, #4608, #4396 ) ) ;
#1122 = CARTESIAN_POINT ( 'NONE',  ( 89.72547714559074400, -13.85053246672043600, 293.0505660071565300 ) ) ;
#1123 = ORIENTED_EDGE ( 'NONE', *, *, #3371, .F. ) ;
#1124 = CARTESIAN_POINT ( 'NONE',  ( 90.47694160571565200, -12.55615956022373500, 286.0866744061339700 ) ) ;
#1125 = CARTESIAN_POINT ( 'NONE',  ( 58.47751160733397300, 10.84772359631662700, 283.3727720130124200 ) ) ;
#1126 = CARTESIAN_POINT ( 'NONE',  ( 58.47670635875940100, -12.01414762456573400, 287.2019833282401500 ) ) ;
#1127 = EDGE_CURVE ( 'NONE', #1938, #3988, #4478, .T. ) ;
#1128 = ORIENTED_EDGE ( 'NONE', *, *, #2023, .T. ) ;
#1129 = CARTESIAN_POINT ( 'NONE',  ( 58.47676816664089500, -12.38649245809535600, 286.9080673294616900 ) ) ;
#1130 = AXIS2_PLACEMENT_3D ( 'NONE', #2979, #2051, #3377 ) ;
#1131 = ORIENTED_EDGE ( 'NONE', *, *, #1669, .F. ) ;
#1132 = CARTESIAN_POINT ( 'NONE',  ( 58.47653910376379100, -5.080113767150054500, 287.9973336604544400 ) ) ;
#1133 = VERTEX_POINT ( 'NONE', #3250 ) ;
#1134 = VECTOR ( 'NONE', #4328, 1000.000000000000100 ) ;
#1135 = CARTESIAN_POINT ( 'NONE',  ( 91.97671512076023200, -11.06169307349724700, 287.1638396239073400 ) ) ;
#1136 = ORIENTED_EDGE ( 'NONE', *, *, #957, .T. ) ;
#1137 = CARTESIAN_POINT ( 'NONE',  ( 91.97756586402577700, 6.553546967862123700, 283.1182866841506900 ) ) ;
#1138 = CARTESIAN_POINT ( 'NONE',  ( 58.47625076685976400, -4.589656637567652600, 289.3684667118000700 ) ) ;
#1139 = CARTESIAN_POINT ( 'NONE',  ( 56.97655557887289000, 2.654553651854858500, 287.9188315943017600 ) ) ;
#1140 = DIRECTION ( 'NONE',  ( -6.330083104511876500E-007, 0.9999954694747810200, 0.003010154399993402200 ) ) ;
#1141 = CARTESIAN_POINT ( 'NONE',  ( 91.97706347511065400, -12.18367494816686400, 285.5073046579250300 ) ) ;
#1142 = VERTEX_POINT ( 'NONE', #331 ) ;
#1143 = CARTESIAN_POINT ( 'NONE',  ( 58.47684425484973000, -12.55024944616141400, 286.5462438635599900 ) ) ;
#1144 = B_SPLINE_CURVE_WITH_KNOTS ( 'NONE', 3,
 ( #931, #130, #4145, #1723, #4628, #540, #2138, #1336, #1740, #3831, #1759, #4646 ),
 .UNSPECIFIED., .F., .F.,
 ( 4, 2, 2, 2, 2, 4 ),
 ( 0.0000000000000000000, 0.2499999999999875700, 0.4999999999999751300, 0.6250000000000062200, 0.7500000000000373000, 1.000000000000000000 ),
 .UNSPECIFIED. ) ;
#1145 = EDGE_CURVE ( 'NONE', #958, #3890, #3225, .T. ) ;
#1146 = CARTESIAN_POINT ( 'NONE',  ( 91.97656537699874900, -5.584916907359969200, 287.8759185071714300 ) ) ;
#1147 = CARTESIAN_POINT ( 'NONE',  ( 69.41405978718449900, 2.000038619023297900, 293.0940075843281500 ) ) ;
#1148 = VERTEX_POINT ( 'NONE', #4476 ) ;
#1149 = CARTESIAN_POINT ( 'NONE',  ( 90.47670213779419200, -11.18296577315620000, 287.2254200099410500 ) ) ;
#1150 = DIRECTION ( 'NONE',  ( 0.9999999778888766200, 8.886635735929742600E-007, 0.0002102889832483654200 ) ) ;
#1151 = CARTESIAN_POINT ( 'NONE',  ( 56.97695702409579600, -10.62322691505831100, 286.0098327613882800 ) ) ;
#1152 = VECTOR ( 'NONE', #1847, 1000.000000000000200 ) ;
#1153 = CARTESIAN_POINT ( 'NONE',  ( 91.97680222287270600, 7.994597635610349900, 286.7496415674216900 ) ) ;
#1154 = CARTESIAN_POINT ( 'NONE',  ( 56.97656077031737000, 2.915044662301103700, 287.8941446360469200 ) ) ;
#1155 = CARTESIAN_POINT ( 'NONE',  ( 61.97547838216409100, -14.10939873094210400, 293.0439512019767100 ) ) ;
#1156 = ORIENTED_EDGE ( 'NONE', *, *, #2625, .T. ) ;
#1157 = CARTESIAN_POINT ( 'NONE',  ( 90.47757209614027800, -9.070483904200200300, 283.0884932929286000 ) ) ;
#1158 = CARTESIAN_POINT ( 'NONE',  ( 58.47753637270380300, -8.711370839625416800, 283.2550048581300600 ) ) ;
#1159 = EDGE_CURVE ( 'NONE', #5259, #4125, #4152, .T. ) ;
#1160 = FACE_OUTER_BOUND ( 'NONE', #673, .T. ) ;
#1161 = CARTESIAN_POINT ( 'NONE',  ( 58.67188241450463700, -13.85483106418063700, 294.4952312693552600 ) ) ;
#1162 = ORIENTED_EDGE ( 'NONE', *, *, #3260, .F. ) ;
#1163 = CARTESIAN_POINT ( 'NONE',  ( 58.47572160386382500, -13.84696318288326800, 291.8848038969370000 ) ) ;
#1164 = LINE ( 'NONE', #5179, #1770 ) ;
#1165 = CARTESIAN_POINT ( 'NONE',  ( 76.12101953938892500, -7.680962418774691400, 294.5662833850364600 ) ) ;
#1166 = CARTESIAN_POINT ( 'NONE',  ( 56.97694111005145600, -10.60297620850207200, 286.0855090687806000 ) ) ;
#1167 = ORIENTED_EDGE ( 'NONE', *, *, #4060, .F. ) ;
#1168 = CARTESIAN_POINT ( 'NONE',  ( 74.39833699694818800, -9.455439745397590900, 294.5605796452520600 ) ) ;
#1169 = CARTESIAN_POINT ( 'NONE',  ( 82.72846816848992500, 4.964734005702413600, 294.6057385449224700 ) ) ;
#1170 = PLANE ( 'NONE',  #866 ) ;
#1171 = ORIENTED_EDGE ( 'NONE', *, *, #43, .F. ) ;
#1172 = CARTESIAN_POINT ( 'NONE',  ( 90.47757939155023600, -12.82043524039992700, 283.0538013040758800 ) ) ;
#1173 = CARTESIAN_POINT ( 'NONE',  ( 91.97648363666409900, -4.785633379751362600, 288.2646196165016500 ) ) ;
#1174 = DIRECTION ( 'NONE',  ( -6.330083149572723800E-007, 0.9999954694746713300, 0.003010154436358282100 ) ) ;
#1175 = CARTESIAN_POINT ( 'NONE',  ( 58.47656082115888400, 2.782332562871207200, 287.8940605868031100 ) ) ;
#1176 = CARTESIAN_POINT ( 'NONE',  ( 58.47635000388923700, 1.910564528154013600, 288.8965632918000200 ) ) ;
#1177 = CARTESIAN_POINT ( 'NONE',  ( 58.47741349780333300, 5.711638426889672700, 283.8393138198209200 ) ) ;
#1178 = CARTESIAN_POINT ( 'NONE',  ( 58.47736696055501700, -8.323465782246996600, 284.0606131353000000 ) ) ;
#1179 = B_SPLINE_SURFACE_WITH_KNOTS ( 'NONE', 1, 3, ( 
 ( #1999, #1980, #3268, #2021, #2439, #3683, #4872, #5303, #369, #774, #3664, #2417, #3288, #793, #1209, #4084, #1573, #1149, #4032, #2397, #352, #3247 ),
 ( #3718, #2476, #4934, #2452, #2898, #12, #5323, #406, #1635, #426, #4917, #3304, #2036, #2056, #1227, #2778, #283, #703, #4812, #717, #3609, #1107 ) ),
 .UNSPECIFIED., .F., .F., .F.,
 ( 2, 2 ),
 ( 4, 2, 2, 2, 2, 2, 2, 2, 2, 2, 4 ),
 ( 0.0000000000000000000, 1.000000000000000000 ),
 ( 0.0000000000000000000, 0.1250000000000000000, 0.1875000000000000000, 0.2187500000000000000, 0.2500000000000000000, 0.5000000000000000000, 0.6250000000000000000, 0.6875000000000000000, 0.7187500000000000000, 0.7500000000000000000, 1.000000000000000000 ),
 .UNSPECIFIED. ) ;
#1180 = EDGE_CURVE ( 'NONE', #1905, #1613, #356, .T. ) ;
#1181 = ORIENTED_EDGE ( 'NONE', *, *, #532, .T. ) ;
#1182 = CARTESIAN_POINT ( 'NONE',  ( 91.97735735771608700, 5.676470790399005900, 284.1098000446530100 ) ) ;
#1183 = ORIENTED_EDGE ( 'NONE', *, *, #1180, .T. ) ;
#1184 = SECURITY_CLASSIFICATION_LEVEL ( 'unclassified' ) ;
#1185 = CARTESIAN_POINT ( 'NONE',  ( 90.47656715093823700, -8.334904369289997600, 287.8673251463000600 ) ) ;
#1186 = ORIENTED_EDGE ( 'NONE', *, *, #1226, .T. ) ;
#1187 = EDGE_CURVE ( 'NONE', #20, #2373, #4793, .T. ) ;
#1188 = CARTESIAN_POINT ( 'NONE',  ( 91.97671154197961100, -11.09097505301461900, 287.1808578560916800 ) ) ;
#1189 = B_SPLINE_SURFACE_WITH_KNOTS ( 'NONE', 1, 3, ( 
 ( #1398, #3454, #1350, #2914, #841, #4073, #3255, #1195, #2405, #413, #1339, #3764, #528, #4098, #1564, #256, #3521, #3992, #2351, #846, #2508, #2545 ),
 ( #2482, #5322, #2515, #5262, #3252, #2674, #603, #757, #4896, #2585, #2665, #1970, #3235, #3274, #2834, #716, #2404, #4846, #4037, #1194, #319, #357 ) ),
 .UNSPECIFIED., .F., .F., .F.,
 ( 2, 2 ),
 ( 4, 2, 2, 2, 2, 2, 2, 2, 2, 2, 4 ),
 ( 0.0000000000000000000, 1.000000000000000000 ),
 ( 0.0000000000000000000, 0.1250000000000000000, 0.1875000000000000000, 0.2187500000000000000, 0.2500000000000000000, 0.5000000000000000000, 0.6250000000000000000, 0.6875000000000000000, 0.7187500000000000000, 0.7500000000000000000, 1.000000000000000000 ),
 .UNSPECIFIED. ) ;
#1190 = CARTESIAN_POINT ( 'NONE',  ( 90.27846225430693000, -13.85481693409175600, 294.5018778794918700 ) ) ;
#1191 = CARTESIAN_POINT ( 'NONE',  ( 90.47603905901422600, -4.591694100804323500, 290.3785690457192500 ) ) ;
#1192 = ORIENTED_EDGE ( 'NONE', *, *, #651, .T. ) ;
#1193 = CARTESIAN_POINT ( 'NONE',  ( 74.39865243196867100, -9.450924513671219900, 293.0605864742065000 ) ) ;
#1194 = CARTESIAN_POINT ( 'NONE',  ( 56.97694909731421100, -12.55606292615830500, 286.0475271116621300 ) ) ;
#1195 = CARTESIAN_POINT ( 'NONE',  ( 58.47709398862140500, -11.91581402002114500, 285.3586808994510900 ) ) ;
#1196 = CARTESIAN_POINT ( 'NONE',  ( 58.47563555366963300, -13.84763676216987200, 292.2939997496866900 ) ) ;
#1197 = CARTESIAN_POINT ( 'NONE',  ( 56.97681480371232300, -10.65744320816392900, 286.6861356059400200 ) ) ;
#1198 = CARTESIAN_POINT ( 'NONE',  ( 90.47753899851861100, -8.741428617118691200, 283.2458829381944800 ) ) ;
#1199 =( BOUNDED_CURVE ( )  B_SPLINE_CURVE ( 3, ( #569, #5092, #1259, #2912 ),
 .UNSPECIFIED., .F., .T. ) 
 B_SPLINE_CURVE_WITH_KNOTS ( ( 4, 4 ),
 ( -8.881784197001252300E-016, 3.141592653589792700 ),
 .UNSPECIFIED. ) 
 CURVE ( )  GEOMETRIC_REPRESENTATION_ITEM ( )  RATIONAL_B_SPLINE_CURVE ( ( 1.000000000000000000, 0.3333333333333332000, 0.3333333333333332000, 1.000000000000000000 ) ) 
 REPRESENTATION_ITEM ( '' )  );
#1200 = CARTESIAN_POINT ( 'NONE',  ( 56.97755219136556100, -8.824646480383762500, 283.1796244068225400 ) ) ;
#1201 = ORIENTED_EDGE ( 'NONE', *, *, #4197, .F. ) ;
#1202 = CARTESIAN_POINT ( 'NONE',  ( 58.47738580197150800, 11.15210257191574300, 283.9710162477943000 ) ) ;
#1203 = CARTESIAN_POINT ( 'NONE',  ( 90.47710552836365100, -11.70455371289807400, 285.3071704390075100 ) ) ;
#1204 = CARTESIAN_POINT ( 'NONE',  ( 91.97707870716699600, -12.06947275827251400, 285.4348714188930700 ) ) ;
#1205 = CARTESIAN_POINT ( 'NONE',  ( 56.97670184601592100, -11.96585506655641500, 287.2232851306297900 ) ) ;
#1206 = APPROVAL_ROLE ( '' ) ;
#1207 = ORIENTED_EDGE ( 'NONE', *, *, #3221, .T. ) ;
#1208 = ORIENTED_EDGE ( 'NONE', *, *, #3204, .F. ) ;
#1209 = CARTESIAN_POINT ( 'NONE',  ( 90.47671157514633900, -11.09097505301461900, 287.1805424196385800 ) ) ;
#1210 = CARTESIAN_POINT ( 'NONE',  ( 74.16170523062224600, -5.842657997273168000, 293.0713981354326200 ) ) ;
#1211 = CARTESIAN_POINT ( 'NONE',  ( 56.97706348197364400, -10.97196420219471100, 285.5035919269860800 ) ) ;
#1212 = CARTESIAN_POINT ( 'NONE',  ( 91.97755797253201100, 6.385794561296386000, 283.1558132296079900 ) ) ;
#1213 = EDGE_CURVE ( 'NONE', #855, #3066, #818, .T. ) ;
#1214 = CARTESIAN_POINT ( 'NONE',  ( 82.50545903783552100, 1.772514256430010000, 294.5960825297759700 ) ) ;
#1215 = CARTESIAN_POINT ( 'NONE',  ( 74.55197120929355500, -7.256273436046462200, 293.0672249846196600 ) ) ;
#1216 = B_SPLINE_CURVE_WITH_KNOTS ( 'NONE', 3,
 ( #2891, #1244, #1629, #422 ),
 .UNSPECIFIED., .F., .F.,
 ( 4, 4 ),
 ( 0.0000000000000000000, 1.000000000000000000 ),
 .UNSPECIFIED. ) ;
#1217 = CARTESIAN_POINT ( 'NONE',  ( 91.97646077814707200, -4.713377145713602400, 288.3733190850030600 ) ) ;
#1218 = CARTESIAN_POINT ( 'NONE',  ( 90.47684319527543600, -12.55756823683150500, 286.5546471327984400 ) ) ;
#1219 = CARTESIAN_POINT ( 'NONE',  ( 74.16170523062224600, -5.842657997273168000, 293.0713981354326200 ) ) ;
#1220 = CARTESIAN_POINT ( 'NONE',  ( 58.67188241450463700, -13.85483106418063700, 294.4952312693552600 ) ) ;
#1221 = CARTESIAN_POINT ( 'NONE',  ( 56.97689526545442400, -10.58022843616001500, 286.3035146079469100 ) ) ;
#1222 = CARTESIAN_POINT ( 'NONE',  ( 90.47742169588241300, -8.357046789496676500, 283.8036940239497900 ) ) ;
#1223 = ORIENTED_EDGE ( 'NONE', *, *, #1880, .T. ) ;
#1224 = VECTOR ( 'NONE', #1727, 999.9999999999998900 ) ;
#1225 = B_SPLINE_CURVE_WITH_KNOTS ( 'NONE', 3,
 ( #4701, #5104, #2163, #4653 ),
 .UNSPECIFIED., .F., .F.,
 ( 4, 4 ),
 ( 0.0000000000000000000, 1.000000000000000000 ),
 .UNSPECIFIED. ) ;
#1226 = EDGE_CURVE ( 'NONE', #238, #3538, #5203, .T. ) ;
#1227 = CARTESIAN_POINT ( 'NONE',  ( 91.97671154197961100, -11.09097505301461900, 287.1808578560916800 ) ) ;
#1228 = CARTESIAN_POINT ( 'NONE',  ( 58.47563555366964000, -13.84763676216987200, 292.2939997496866900 ) ) ;
#1229 = ORIENTED_EDGE ( 'NONE', *, *, #3221, .F. ) ;
#1230 = CARTESIAN_POINT ( 'NONE',  ( 56.97669068832976800, -11.83320125317195900, 287.2763434525169300 ) ) ;
#1231 =( BOUNDED_CURVE ( )  B_SPLINE_CURVE ( 3, ( #2453, #3679, #4106, #1570 ),
 .UNSPECIFIED., .F., .F. ) 
 B_SPLINE_CURVE_WITH_KNOTS ( ( 4, 4 ),
 ( 3.141592653589792700, 6.283185307179586200 ),
 .UNSPECIFIED. ) 
 CURVE ( )  GEOMETRIC_REPRESENTATION_ITEM ( )  RATIONAL_B_SPLINE_CURVE ( ( 1.000000000000000000, 0.3333333333333332000, 0.3333333333333332000, 1.000000000000000000 ) ) 
 REPRESENTATION_ITEM ( '' )  );
#1232 = ORIENTED_EDGE ( 'NONE', *, *, #1388, .T. ) ;
#1233 = DIRECTION ( 'NONE',  ( 0.0002102900136559410600, 0.003010154484246530600, -0.9999954473636822900 ) ) ;
#1234 = CARTESIAN_POINT ( 'NONE',  ( 56.97589373741890700, -13.84561602431001500, 291.0660967549469000 ) ) ;
#1235 = CARTESIAN_POINT ( 'NONE',  ( 90.47736949206645800, 11.15215950815088200, 284.0519396576633500 ) ) ;
#1236 = CARTESIAN_POINT ( 'NONE',  ( 58.49186277730187600, -13.84805097473371100, 292.4784326935967400 ) ) ;
#1237 = VERTEX_POINT ( 'NONE', #1680 ) ;
#1238 = CARTESIAN_POINT ( 'NONE',  ( 67.39833699692206900, -2.455439745397599300, 294.5801787857739700 ) ) ;
#1239 = EDGE_CURVE ( 'NONE', #2867, #446, #702, .T. ) ;
#1240 = CARTESIAN_POINT ( 'NONE',  ( 90.47605850141532400, -4.591693627211344400, 290.3785780145897800 ) ) ;
#1241 = CARTESIAN_POINT ( 'NONE',  ( 91.97689613262343800, 7.919878869543374800, 286.3030710407076100 ) ) ;
#1242 = CARTESIAN_POINT ( 'NONE',  ( 56.97589347120668900, 11.15458339890047400, 291.0673626769038300 ) ) ;
#1243 = CARTESIAN_POINT ( 'NONE',  ( 90.18295813287976200, -13.84962021172775500, 292.9038743607529800 ) ) ;
#1244 = CARTESIAN_POINT ( 'NONE',  ( 58.47614043042297300, 1.910042457702680900, 289.8931513187999900 ) ) ;
#1245 = CARTESIAN_POINT ( 'NONE',  ( 90.47656591855930200, -5.584916907359994000, 287.8756030708342500 ) ) ;
#1246 = AXIS2_PLACEMENT_3D ( 'NONE', #4379, #679, #2327 ) ;
#1247 = CARTESIAN_POINT ( 'NONE',  ( 58.47756422669731800, -8.968559768774985800, 283.1225503211470600 ) ) ;
#1248 = ORIENTED_EDGE ( 'NONE', *, *, #2090, .T. ) ;
#1249 = ORIENTED_EDGE ( 'NONE', *, *, #150, .F. ) ;
#1250 = CARTESIAN_POINT ( 'NONE',  ( 69.59298807454683800, -2.608758522722483900, 294.5801787857739700 ) ) ;
#1251 = CARTESIAN_POINT ( 'NONE',  ( 58.47757954522671800, -12.82043524039957600, 283.0470719929519400 ) ) ;
#1252 = ORIENTED_EDGE ( 'NONE', *, *, #1349, .T. ) ;
#1253 = CARTESIAN_POINT ( 'NONE',  ( 59.22537267497332900, -13.85203784010227300, 293.5441498554722000 ) ) ;
#1254 = CARTESIAN_POINT ( 'NONE',  ( 91.97757714285664600, -9.320451097236997400, 283.0646522809530600 ) ) ;
#1255 = CARTESIAN_POINT ( 'NONE',  ( 58.47697413886481900, 8.018519760444325700, 285.9286043462710200 ) ) ;
#1256 = CARTESIAN_POINT ( 'NONE',  ( 91.97603490344369000, 1.909028883856012800, 290.3984878144531200 ) ) ;
#1257 = CARTESIAN_POINT ( 'NONE',  ( 91.97695678047976700, 7.984630538191162900, 286.0146713279621600 ) ) ;
#1258 = CARTESIAN_POINT ( 'NONE',  ( 90.47589273041242600, 11.15471084262002700, 291.0744077660018000 ) ) ;
#1259 = CARTESIAN_POINT ( 'NONE',  ( 82.72846816848994000, 4.964734005702412700, 294.6057385449224700 ) ) ;
#1260 = CARTESIAN_POINT ( 'NONE',  ( 56.97739694968532800, -13.81721090016860900, 283.9178476305110100 ) ) ;
#1261 = CARTESIAN_POINT ( 'NONE',  ( 56.97563558683636100, -13.84763676216988800, 292.2936843132335400 ) ) ;
#1262 = ADVANCED_FACE ( 'NONE', ( #4556 ), #1802, .F. ) ;
#1263 = CARTESIAN_POINT ( 'NONE',  ( 91.97755635937723200, -8.889537532789557200, 283.1634842901086700 ) ) ;
#1264 = EDGE_CURVE ( 'NONE', #3567, #1717, #2777, .T. ) ;
#1265 = CARTESIAN_POINT ( 'NONE',  ( 58.47693608747707800, 7.943844198076302400, 286.1095507136931200 ) ) ;
#1266 = ORIENTED_EDGE ( 'NONE', *, *, #417, .T. ) ;
#1267 = B_SPLINE_CURVE_WITH_KNOTS ( 'NONE', 3,
 ( #3542, #629, #4366, #317, #1545, #3623, #5183, #4408, #1921, #1951 ),
 .UNSPECIFIED., .F., .F.,
 ( 4, 2, 2, 2, 4 ),
 ( 0.0000000000000000000, 0.2500000000000000000, 0.5000000000000000000, 0.7500000000000000000, 1.000000000000000000 ),
 .UNSPECIFIED. ) ;
#1268 = CARTESIAN_POINT ( 'NONE',  ( 58.47752581596769500, 6.073015217329143000, 283.3052054720253100 ) ) ;
#1269 = ORIENTED_EDGE ( 'NONE', *, *, #2206, .T. ) ;
#1270 = CARTESIAN_POINT ( 'NONE',  ( 58.47692827916960600, -10.58853189529234300, 286.1466816827924000 ) ) ;
#1271 = CARTESIAN_POINT ( 'NONE',  ( 91.97681158477578800, -12.49809473483235900, 286.7051227611795500 ) ) ;
#1272 = CARTESIAN_POINT ( 'NONE',  ( 91.97668614466250900, -11.70912828192967400, 287.3016301207928800 ) ) ;
#1273 = ORIENTED_EDGE ( 'NONE', *, *, #2595, .F. ) ;
#1274 = CARTESIAN_POINT ( 'NONE',  ( 91.97735387224175000, 11.16431616000720500, 284.1263745760591600 ) ) ;
#1275 = CARTESIAN_POINT ( 'NONE',  ( 90.47702016633741100, 9.677486129948961800, 285.7130938358728300 ) ) ;
#1276 = ORIENTED_EDGE ( 'NONE', *, *, #2164, .T. ) ;
#1277 = CARTESIAN_POINT ( 'NONE',  ( 76.59330350959344000, -9.604243290996105700, 293.0605864742065600 ) ) ;
#1278 = LINE ( 'NONE', #300, #4253 ) ;
#1279 = CC_DESIGN_DATE_AND_TIME_ASSIGNMENT ( #4063, #3246, ( #3516 ) ) ;
#1280 = CARTESIAN_POINT ( 'NONE',  ( 90.47631554557787600, 1.911348295905841400, 288.9015521280229000 ) ) ;
#1281 = CARTESIAN_POINT ( 'NONE',  ( 90.47702205804434100, -10.77966390834266300, 285.7040981718602700 ) ) ;
#1282 = CARTESIAN_POINT ( 'NONE',  ( 56.97603979141058500, -4.590189132715002200, 290.3715638921469200 ) ) ;
#1283 = CARTESIAN_POINT ( 'NONE',  ( 58.47747758353407500, 10.98999643398307300, 283.5345659280909000 ) ) ;
#1284 = CARTESIAN_POINT ( 'NONE',  ( 58.47656030114195100, 2.915044662301280000, 287.8944600723904200 ) ) ;
#1285 = ORIENTED_EDGE ( 'NONE', *, *, #678, .T. ) ;
#1286 = VECTOR ( 'NONE', #2179, 1000.000000000000100 ) ;
#1287 = CARTESIAN_POINT ( 'NONE',  ( 56.97708842815725200, 8.704687829084246400, 285.3849649435914000 ) ) ;
#1288 = FACE_OUTER_BOUND ( 'NONE', #5165, .T. ) ;
#1289 = CARTESIAN_POINT ( 'NONE',  ( 58.47744751859374200, -8.398375668731114600, 283.6775342165329900 ) ) ;
#1290 = CARTESIAN_POINT ( 'NONE',  ( 58.47754751788483000, 6.247975662398086900, 283.2020060013300100 ) ) ;
#1291 = CARTESIAN_POINT ( 'NONE',  ( 56.97675501027001800, 9.716595762807722600, 286.9704723091553500 ) ) ;
#1292 = CARTESIAN_POINT ( 'NONE',  ( 90.47689579074833000, -12.58021937511000000, 286.3045390465999800 ) ) ;
#1293 = CARTESIAN_POINT ( 'NONE',  ( 91.97707984277738500, 9.260939193645628000, 285.4294712329106000 ) ) ;
#1294 = ADVANCED_FACE ( 'NONE', ( #2833 ), #996, .T. ) ;
#1295 = CARTESIAN_POINT ( 'NONE',  ( 56.97696018197480300, -10.62793565088278500, 285.9948160492766600 ) ) ;
#1296 = CARTESIAN_POINT ( 'NONE',  ( 90.47708507564949800, 9.186134856269632100, 285.4044295549259700 ) ) ;
#1297 = CARTESIAN_POINT ( 'NONE',  ( 90.47668554793584400, 8.564781735654165100, 287.3043100263535600 ) ) ;
#1298 = CARTESIAN_POINT ( 'NONE',  ( 91.97750801052339400, -13.57728428391248700, 283.3933983613158600 ) ) ;
#1299 = B_SPLINE_CURVE_WITH_KNOTS ( 'NONE', 3,
 ( #1488, #2742, #5197, #4030 ),
 .UNSPECIFIED., .F., .F.,
 ( 4, 4 ),
 ( 0.0000000000000000000, 1.000000000000000000 ),
 .UNSPECIFIED. ) ;
#1300 = CARTESIAN_POINT ( 'NONE',  ( 72.60596410122383300, -8.126980680181651100, 294.5642016106331200 ) ) ;
#1301 = ORIENTED_EDGE ( 'NONE', *, *, #1028, .F. ) ;
#1302 = CARTESIAN_POINT ( 'NONE',  ( 90.47709502472568500, -11.26880799075694400, 285.3571185550772500 ) ) ;
#1303 = CARTESIAN_POINT ( 'NONE',  ( 56.97757536894535200, -13.07054333211703300, 283.0694076944054100 ) ) ;
#1304 = CARTESIAN_POINT ( 'NONE',  ( 74.39865243194256500, 4.549075486328781900, 293.1027288288448200 ) ) ;
#1305 = CARTESIAN_POINT ( 'NONE',  ( 79.53656385423801100, 5.192258368083181500, 293.1057453738769100 ) ) ;
#1306 = CARTESIAN_POINT ( 'NONE',  ( 58.47697736209512700, 8.026031210989028600, 285.9132768680875600 ) ) ;
#1307 =( BOUNDED_CURVE ( )  B_SPLINE_CURVE ( 3, ( #2605, #3087, #552, #4254 ),
 .UNSPECIFIED., .F., .F. ) 
 B_SPLINE_CURVE_WITH_KNOTS ( ( 4, 4 ),
 ( -8.881784197001252300E-016, 3.141592653589792700 ),
 .UNSPECIFIED. ) 
 CURVE ( )  GEOMETRIC_REPRESENTATION_ITEM ( )  RATIONAL_B_SPLINE_CURVE ( ( 1.000000000000000000, 0.3333333333333332000, 0.3333333333333332000, 1.000000000000000000 ) ) 
 REPRESENTATION_ITEM ( '' )  );
#1308 = B_SPLINE_CURVE_WITH_KNOTS ( 'NONE', 1,
 ( #76, #874 ),
 .UNSPECIFIED., .F., .F.,
 ( 2, 2 ),
 ( 0.0000000000000000000, 0.9999996307455083500 ),
 .UNSPECIFIED. ) ;
#1309 = VERTEX_POINT ( 'NONE', #3882 ) ;
#1310 = CARTESIAN_POINT ( 'NONE',  ( 58.47685547717337300, 9.919295373383723900, 286.4928781689419600 ) ) ;
#1311 = DIRECTION ( 'NONE',  ( 0.0002102909687407822200, 0.0000000000000000000, -0.9999999778888539700 ) ) ;
#1312 = CARTESIAN_POINT ( 'NONE',  ( 58.47708537183262200, -11.14630018671757700, 285.3996564518093400 ) ) ;
#1313 = CARTESIAN_POINT ( 'NONE',  ( 91.97680501687048600, -12.48398337586427000, 286.7363552254605000 ) ) ;
#1314 = CARTESIAN_POINT ( 'NONE',  ( 91.97700904820742100, 9.720243215848722000, 285.7661217738298100 ) ) ;
#1315 = FACE_OUTER_BOUND ( 'NONE', #5194, .T. ) ;
#1316 = EDGE_CURVE ( 'NONE', #3425, #1100, #64, .T. ) ;
#1317 = CARTESIAN_POINT ( 'NONE',  ( 91.97669424838964900, -11.87665172809541000, 287.2630943386745900 ) ) ;
#1318 = ADVANCED_BREP_SHAPE_REPRESENTATION ( 'HX-35H底面支架', ( #2197, #971 ), #5193 ) ;
#1319 = ADVANCED_FACE ( 'NONE', ( #4752 ), #1474, .F. ) ;
#1320 = VERTEX_POINT ( 'NONE', #1821 ) ;
#1321 = CARTESIAN_POINT ( 'NONE',  ( 90.47668486772373300, -11.58323406011994000, 287.3075446483874200 ) ) ;
#1322 = CARTESIAN_POINT ( 'NONE',  ( 90.47640514669197400, 1.938475724979503700, 288.6377065073409700 ) ) ;
#1323 = VECTOR ( 'NONE', #889, 1000.000000000000100 ) ;
#1324 = DIRECTION ( 'NONE',  ( 0.0002102900136559410600, 0.003010154484246530600, -0.9999954473636822900 ) ) ;
#1325 = VECTOR ( 'NONE', #1324, 1000.000000000000100 ) ;
#1326 = CARTESIAN_POINT ( 'NONE',  ( 58.47755339168613600, -13.31269424752213500, 283.1740742218348700 ) ) ;
#1327 = ORIENTED_EDGE ( 'NONE', *, *, #2523, .T. ) ;
#1328 = CARTESIAN_POINT ( 'NONE',  ( 58.47639824532698300, 1.937275832865576100, 288.6671600180461000 ) ) ;
#1329 = ADVANCED_FACE ( 'NONE', ( #3160 ), #4485, .F. ) ;
#1330 = ORIENTED_EDGE ( 'NONE', *, *, #5120, .T. ) ;
#1331 = CARTESIAN_POINT ( 'NONE',  ( 58.47688352163390100, 7.919687749126012500, 286.3595179012000400 ) ) ;
#1332 = LINE ( 'NONE', #1401, #490 ) ;
#1333 = CARTESIAN_POINT ( 'NONE',  ( 90.47709247108419100, 8.922693373085936100, 285.3692619192311200 ) ) ;
#1334 = CARTESIAN_POINT ( 'NONE',  ( 56.97737148331738400, 5.676661910816323000, 284.0389482528123000 ) ) ;
#1335 = CARTESIAN_POINT ( 'NONE',  ( 56.97677279774369900, 9.772521010236788500, 286.8858872535357100 ) ) ;
#1336 = CARTESIAN_POINT ( 'NONE',  ( 58.47646085358373800, -4.719014613290527300, 288.3694379823587000 ) ) ;
#1337 = CARTESIAN_POINT ( 'NONE',  ( 90.47696210610023100, 9.844768801591007100, 285.9891886022331800 ) ) ;
#1338 = CARTESIAN_POINT ( 'NONE',  ( 58.47669037511077100, 8.516906444287798200, 287.2779906250082100 ) ) ;
#1339 = CARTESIAN_POINT ( 'NONE',  ( 58.47706541629098400, -12.18747135848783400, 285.4945513553869900 ) ) ;
#1340 = ORIENTED_EDGE ( 'NONE', *, *, #3035, .T. ) ;
#1341 = CARTESIAN_POINT ( 'NONE',  ( 90.47667189105365500, 8.916673064116004400, 287.3692528139874300 ) ) ;
#1342 = ORIENTED_EDGE ( 'NONE', *, *, #1731, .T. ) ;
#1343 = B_SPLINE_CURVE_WITH_KNOTS ( 'NONE', 3,
 ( #4128, #546, #2195, #1820 ),
 .UNSPECIFIED., .F., .F.,
 ( 4, 4 ),
 ( 0.0000000000000000000, 0.9999999229808361800 ),
 .UNSPECIFIED. ) ;
#1344 = CARTESIAN_POINT ( 'NONE',  ( 81.39865243194255100, -2.450924513621779000, 293.0831296883230800 ) ) ;
#1345 = CARTESIAN_POINT ( 'NONE',  ( 90.47698849812432800, -10.68388347405839600, 285.8636861916043000 ) ) ;
#1346 = CARTESIAN_POINT ( 'NONE',  ( 91.97700416692430300, -10.72424890026728200, 285.7893338168148600 ) ) ;
#1347 = VERTEX_POINT ( 'NONE', #3537 ) ;
#1348 = CARTESIAN_POINT ( 'NONE',  ( 58.47642526947910800, 1.977098045437467600, 288.5386516389514200 ) ) ;
#1349 = EDGE_CURVE ( 'NONE', #1071, #3677, #194, .T. ) ;
#1350 = CARTESIAN_POINT ( 'NONE',  ( 58.47710500461400300, -11.70314319764900200, 285.3062963751858100 ) ) ;
#1351 = ORIENTED_EDGE ( 'NONE', *, *, #5021, .T. ) ;
#1352 = CARTESIAN_POINT ( 'NONE',  ( 56.97743213117370700, 5.741413579466124500, 283.7505485400537900 ) ) ;
#1353 = CARTESIAN_POINT ( 'NONE',  ( 90.47739273482434900, -8.328937714863048600, 283.9414130025747300 ) ) ;
#1354 = CARTESIAN_POINT ( 'NONE',  ( 90.47669148453552200, -11.83148326399820900, 287.2760796197936800 ) ) ;
#1355 = CARTESIAN_POINT ( 'NONE',  ( 66.22184003769950800, -7.676447187146482800, 293.0642084395875600 ) ) ;
#1356 = ADVANCED_FACE ( 'NONE', ( #3218 ), #3359, .T. ) ;
#1357 = ORIENTED_EDGE ( 'NONE', *, *, #1067, .T. ) ;
#1358 = DIRECTION ( 'NONE',  ( 0.0000000000000000000, 0.9999954694745273300, 0.003010154550803893100 ) ) ;
#1359 = CARTESIAN_POINT ( 'NONE',  ( 58.47707540214041400, 9.322459992902427200, 285.4470654861839300 ) ) ;
#1360 = CARTESIAN_POINT ( 'NONE',  ( 56.97747666908106400, -8.467486246394193100, 283.5387567237290200 ) ) ;
#1361 = ORIENTED_EDGE ( 'NONE', *, *, #4101, .T. ) ;
#1362 = VERTEX_POINT ( 'NONE', #170 ) ;
#1363 = CARTESIAN_POINT ( 'NONE',  ( 91.97699800918847800, -10.70723066770563900, 285.8186157956881700 ) ) ;
#1364 = VECTOR ( 'NONE', #2654, 1000.000000000000200 ) ;
#1365 = CARTESIAN_POINT ( 'NONE',  ( 56.97742267983303300, -13.79197583506976500, 283.7954926511505400 ) ) ;
#1366 = DIRECTION ( 'NONE',  ( -6.330083025208640200E-007, 0.9999954694747276200, 0.003010154417688565300 ) ) ;
#1367 = CARTESIAN_POINT ( 'NONE',  ( 90.47755481295374100, -8.874210054266980000, 283.1706803040353900 ) ) ;
#1368 = CARTESIAN_POINT ( 'NONE',  ( 58.47742908786768400, 11.11567644472822100, 283.7651781392813200 ) ) ;
#1369 = CARTESIAN_POINT ( 'NONE',  ( 91.97742280322138700, 11.12388042295833800, 283.7985859956850700 ) ) ;
#1370 = CARTESIAN_POINT ( 'NONE',  ( 56.97710110859568300, -11.32724655812773000, 285.3246654546499600 ) ) ;
#1371 = ORIENTED_EDGE ( 'NONE', *, *, #4591, .F. ) ;
#1372 = CARTESIAN_POINT ( 'NONE',  ( 90.47603493661041800, 1.909028883856012800, 290.3981723780000300 ) ) ;
#1373 = CARTESIAN_POINT ( 'NONE',  ( 58.47694717213767000, 9.871971473351775800, 286.0568396513204400 ) ) ;
#1374 = VERTEX_POINT ( 'NONE', #3941 ) ;
#1375 = CARTESIAN_POINT ( 'NONE',  ( 56.97746096711435400, -8.427120820181487600, 283.6134245349671800 ) ) ;
#1376 = CARTESIAN_POINT ( 'NONE',  ( 56.97669777513732500, -11.24463379123659800, 287.2426434441654800 ) ) ;
#1377 = CARTESIAN_POINT ( 'NONE',  ( 91.97694708703790000, -10.60287957441438200, 286.0607667057474300 ) ) ;
#1378 = CARTESIAN_POINT ( 'NONE',  ( 91.97706390371378400, -10.96813349352117800, 285.5052665147475800 ) ) ;
#1379 = ADVANCED_FACE ( 'NONE', ( #62 ), #1051, .T. ) ;
#1380 = EDGE_LOOP ( 'NONE', ( #4697, #1645 ) ) ;
#1381 = ORIENTED_EDGE ( 'NONE', *, *, #5036, .T. ) ;
#1382 = FACE_BOUND ( 'NONE', #4157, .T. ) ;
#1383 = UNCERTAINTY_MEASURE_WITH_UNIT (LENGTH_MEASURE( 1.000000000000000100E-005 ), #2415, 'distance_accuracy_value', 'NONE');
#1384 = DIRECTION ( 'NONE',  ( -6.330083130320917500E-007, 0.9999954694747255100, 0.003010154418427787300 ) ) ;
#1385 = CARTESIAN_POINT ( 'NONE',  ( 58.76746463271869900, -13.85051287012962000, 293.0440558756329200 ) ) ;
#1386 = CARTESIAN_POINT ( 'NONE',  ( 58.47736696055751100, -8.323465782246712400, 284.0606131352922700 ) ) ;
#1387 = EDGE_LOOP ( 'NONE', ( #3910, #2904, #949, #4102 ) ) ;
#1388 = EDGE_CURVE ( 'NONE', #4627, #20, #474, .T. ) ;
#1389 = CARTESIAN_POINT ( 'NONE',  ( 58.47675518997046900, 8.113414666152197100, 286.9697754950615800 ) ) ;
#1390 = CARTESIAN_POINT ( 'NONE',  ( 91.97671379736576100, 9.523134261144880600, 287.1701327826282300 ) ) ;
#1391 = CARTESIAN_POINT ( 'NONE',  ( 91.97624472067168700, 1.910380397309346900, 289.4007406233578800 ) ) ;
#1392 = CARTESIAN_POINT ( 'NONE',  ( 58.47709309803399000, 9.050033334807640300, 285.3629159228898400 ) ) ;
#1393 = CARTESIAN_POINT ( 'NONE',  ( 90.47682339469044200, -10.64012231475174500, 286.6488051685744800 ) ) ;
#1394 = CARTESIAN_POINT ( 'NONE',  ( 56.97678577441411800, -10.72738611399329900, 286.8241790879386000 ) ) ;
#1395 = CARTESIAN_POINT ( 'NONE',  ( 91.97656529298623700, -5.452198063623773900, 287.8763180131697900 ) ) ;
#1396 = CARTESIAN_POINT ( 'NONE',  ( 58.47758017971605700, -12.94777520213129300, 283.0466886784074600 ) ) ;
#1397 = CARTESIAN_POINT ( 'NONE',  ( 56.97571099813644200, 11.15304594403403900, 291.9350797610646300 ) ) ;
#1398 = CARTESIAN_POINT ( 'NONE',  ( 58.47710615531201500, -11.57721375114999800, 285.3008244426999900 ) ) ;
#1399 = CARTESIAN_POINT ( 'NONE',  ( 91.97749455149576600, -8.517192699261304500, 283.4574002888959400 ) ) ;
#1400 = CARTESIAN_POINT ( 'NONE',  ( 56.97756778861306500, 6.679476414359191600, 283.1054545677469000 ) ) ;
#1401 = CARTESIAN_POINT ( 'NONE',  ( 58.47655899637779000, 5.665032203356187100, 287.9027379972000100 ) ) ;
#1402 = CARTESIAN_POINT ( 'NONE',  ( 90.47736625299906200, -8.323465782246986000, 284.0673424463000200 ) ) ;
#1403 = CARTESIAN_POINT ( 'NONE',  ( 90.83277466178201100, 11.14595494201067000, 294.3571345508687500 ) ) ;
#1404 = CARTESIAN_POINT ( 'NONE',  ( 91.97756479919473800, 10.17946055751984800, 283.1233502921530800 ) ) ;
#1405 = EDGE_LOOP ( 'NONE', ( #1797, #3918, #4798, #3839 ) ) ;
#1406 = EDGE_CURVE ( 'NONE', #4125, #2759, #2112, .T. ) ;
#1407 = CARTESIAN_POINT ( 'NONE',  ( 58.47667259860957500, 8.916673064116015000, 287.3625235029999800 ) ) ;
#1408 = ORIENTED_EDGE ( 'NONE', *, *, #4339, .F. ) ;
#1409 = CARTESIAN_POINT ( 'NONE',  ( 58.47669878641629300, -11.23095813476114600, 287.2379922115251800 ) ) ;
#1410 =( BOUNDED_CURVE ( )  B_SPLINE_CURVE ( 3, ( #3898, #1864, #4315, #661 ),
 .UNSPECIFIED., .F., .F. ) 
 B_SPLINE_CURVE_WITH_KNOTS ( ( 4, 4 ),
 ( 3.141592653589792700, 6.283185307179586200 ),
 .UNSPECIFIED. ) 
 CURVE ( )  GEOMETRIC_REPRESENTATION_ITEM ( )  RATIONAL_B_SPLINE_CURVE ( ( 1.000000000000000000, 0.3333333333333332000, 0.3333333333333332000, 1.000000000000000000 ) ) 
 REPRESENTATION_ITEM ( '' )  );
#1411 = CARTESIAN_POINT ( 'NONE',  ( 90.47757034936063300, -13.11411709345828100, 283.0967997820276900 ) ) ;
#1412 = ORIENTED_EDGE ( 'NONE', *, *, #143, .T. ) ;
#1413 = ORIENTED_EDGE ( 'NONE', *, *, #1944, .T. ) ;
#1414 = DIRECTION ( 'NONE',  ( -0.0000000000000000000, -0.9999954694745272200, -0.003010154550803893100 ) ) ;
#1415 = LINE ( 'NONE', #5108, #3292 ) ;
#1416 = CARTESIAN_POINT ( 'NONE',  ( 58.47707239516219600, 9.353606937517167100, 285.4613646173434600 ) ) ;
#1417 = CARTESIAN_POINT ( 'NONE',  ( 91.97754619692601400, -8.799786605749055500, 283.2118099555621000 ) ) ;
#1418 = CARTESIAN_POINT ( 'NONE',  ( 56.97603567685656100, 1.909781422477201800, 290.3911298958491300 ) ) ;
#1419 = DIRECTION ( 'NONE',  ( 0.0000000000000000000, -0.003010154417689424400, 0.9999954694749280100 ) ) ;
#1420 = EDGE_LOOP ( 'NONE', ( #5136, #325 ) ) ;
#1421 = CARTESIAN_POINT ( 'NONE',  ( 90.47742230038791400, -13.79928441540825400, 283.8008194094961700 ) ) ;
#1422 = CARTESIAN_POINT ( 'NONE',  ( 90.47682934349595000, 9.888213658786456900, 286.6205167194115700 ) ) ;
#1423 = ADVANCED_FACE ( 'NONE', ( #1973 ), #2768, .T. ) ;
#1424 = CARTESIAN_POINT ( 'NONE',  ( 56.97709615608233900, -11.88591231665304800, 285.3482162198939100 ) ) ;
#1425 = CARTESIAN_POINT ( 'NONE',  ( 56.97746731338792600, 11.02283256137809000, 283.5832459987029800 ) ) ;
#1426 = CARTESIAN_POINT ( 'NONE',  ( 56.97701062044742300, 9.725951771098005200, 285.7549651797206100 ) ) ;
#1427 = CARTESIAN_POINT ( 'NONE',  ( 90.47757717602336000, -9.320451097236997400, 283.0643368445000200 ) ) ;
#1428 = CARTESIAN_POINT ( 'NONE',  ( 90.47745380185446600, -13.73890798451520600, 283.6510199860180100 ) ) ;
#1429 = AXIS2_PLACEMENT_3D ( 'NONE', #2147, #3412, #104 ) ;
#1430 = CARTESIAN_POINT ( 'NONE',  ( 69.59298807454683800, -2.608758522722483400, 294.5801787857740200 ) ) ;
#1431 = CARTESIAN_POINT ( 'NONE',  ( 90.47648910509427400, 2.160231504527176900, 288.2384577855659100 ) ) ;
#1432 = ORIENTED_EDGE ( 'NONE', *, *, #4356, .T. ) ;
#1433 = CARTESIAN_POINT ( 'NONE',  ( 90.47701089815552700, 8.117085078091690800, 285.7571669680442600 ) ) ;
#1434 = CARTESIAN_POINT ( 'NONE',  ( 58.47696014880808200, -10.62793565088276900, 285.9951314857298100 ) ) ;
#1435 = CARTESIAN_POINT ( 'NONE',  ( 58.47754512683694400, 10.60746006479507200, 283.2133761891025200 ) ) ;
#1436 = CARTESIAN_POINT ( 'NONE',  ( 90.47752620111701600, 10.75706356541850500, 283.3067386249173300 ) ) ;
#1437 = ORIENTED_EDGE ( 'NONE', *, *, #2544, .T. ) ;
#1438 = CARTESIAN_POINT ( 'NONE',  ( 58.47668263100597100, 9.225371629631185400, 287.3148162893237400 ) ) ;
#1439 = CARTESIAN_POINT ( 'NONE',  ( 56.97707242832892400, 9.353606937517151100, 285.4610491808902600 ) ) ;
#1440 = LINE ( 'NONE', #1441, #2212 ) ;
#1441 = CARTESIAN_POINT ( 'NONE',  ( 90.47561902105017900, 11.15202243492325000, 292.3759822361237200 ) ) ;
#1442 = EDGE_CURVE ( 'NONE', #4208, #4140, #2124, .T. ) ;
#1443 = DIRECTION ( 'NONE',  ( -2.556720864597383600E-007, -0.9999954694743328200, -0.003010154604568837800 ) ) ;
#1444 = ORIENTED_EDGE ( 'NONE', *, *, #1480, .F. ) ;
#1445 = LINE ( 'NONE', #3611, #5044 ) ;
#1446 = CARTESIAN_POINT ( 'NONE',  ( 90.47694451716375900, 7.964453496279007000, 286.0728295506823400 ) ) ;
#1447 = COORDINATED_UNIVERSAL_TIME_OFFSET ( 8, 0, .AHEAD. ) ;
#1448 = ORIENTED_EDGE ( 'NONE', *, *, #1669, .T. ) ;
#1449 = DIRECTION ( 'NONE',  ( -0.9999999778888766200, -8.886635735929742600E-007, -0.0002102889832483654200 ) ) ;
#1450 = CARTESIAN_POINT ( 'NONE',  ( 56.97675522313718900, 8.113414666152181100, 286.9694600586084300 ) ) ;
#1451 = ORIENTED_EDGE ( 'NONE', *, *, #4455, .T. ) ;
#1452 = CARTESIAN_POINT ( 'NONE',  ( 90.47749149774298900, -13.64189476666788500, 283.4717641296855400 ) ) ;
#1453 = CARTESIAN_POINT ( 'NONE',  ( 90.47669212861532600, 9.348173816076334600, 287.2730168168703200 ) ) ;
#1454 = CARTESIAN_POINT ( 'NONE',  ( 56.97685551034008000, 9.919295373383707900, 286.4925627324887500 ) ) ;
#1455 = CARTESIAN_POINT ( 'NONE',  ( 59.22547781998014900, -13.85053276286015100, 293.0441521317903800 ) ) ;
#1456 = EDGE_CURVE ( 'NONE', #1100, #4664, #1746, .T. ) ;
#1457 = CARTESIAN_POINT ( 'NONE',  ( 91.92672044795841700, -13.84898029664027100, 292.8543224582240900 ) ) ;
#1458 = CARTESIAN_POINT ( 'NONE',  ( 90.47603905853701200, -4.590941562194986500, 290.3785713150459700 ) ) ;
#1459 = ORIENTED_EDGE ( 'NONE', *, *, #2662, .T. ) ;
#1460 = CARTESIAN_POINT ( 'NONE',  ( 90.47668231408414400, 8.608267303728677400, 287.3196880125969400 ) ) ;
#1461 = EDGE_LOOP ( 'NONE', ( #4717, #1208 ) ) ;
#1462 = CARTESIAN_POINT ( 'NONE',  ( 58.47688225561795900, 9.919678688074798200, 286.3655382100276900 ) ) ;
#1463 = CARTESIAN_POINT ( 'NONE',  ( 90.47757772990416900, -9.320451097237402400, 283.0643368446413300 ) ) ;
#1464 = CARTESIAN_POINT ( 'NONE',  ( 56.97696401654272300, 7.996902521131355400, 285.9765814667550200 ) ) ;
#1465 = CARTESIAN_POINT ( 'NONE',  ( 56.97680947435501500, 7.982510876383655000, 286.7114783823116700 ) ) ;
#1466 = ORIENTED_EDGE ( 'NONE', *, *, #4455, .F. ) ;
#1467 = CARTESIAN_POINT ( 'NONE',  ( 90.47757232976987000, -13.08408366856878900, 283.0873823105887900 ) ) ;
#1468 =( BOUNDED_SURFACE ( )  B_SPLINE_SURFACE ( 3, 1, ( 
 ( #4423, #740 ),
 ( #4474, #2381 ),
 ( #1165, #370 ),
 ( #1981, #2022 ) ),
 .UNSPECIFIED., .F., .F., .F. ) 
 B_SPLINE_SURFACE_WITH_KNOTS ( ( 4, 4 ),
 ( 2, 2 ),
 ( 0.0000000000000000000, 1.000000000000000000 ),
 ( 0.0000000000000000000, 1.000000000000000000 ),
 .UNSPECIFIED. ) 
 GEOMETRIC_REPRESENTATION_ITEM ( )  RATIONAL_B_SPLINE_SURFACE ( (
 ( 1.000000000000000000, 1.000000000000000000),
 ( 0.3333333333333333700, 0.3333333333333333700),
 ( 0.3333333333333333700, 0.3333333333333333700),
 ( 1.000000000000000000, 1.000000000000000000) ) ) 
 REPRESENTATION_ITEM ( '' )  SURFACE ( )  );
#1469 = EDGE_CURVE ( 'NONE', #4002, #2102, #2243, .T. ) ;
#1470 = CARTESIAN_POINT ( 'NONE',  ( 90.47675346398411000, 9.722281359109558700, 286.9813477651556500 ) ) ;
#1471 = CARTESIAN_POINT ( 'NONE',  ( 56.97589347122130500, 11.15452878056001400, 291.0673626074259300 ) ) ;
#1472 = ORIENTED_EDGE ( 'NONE', *, *, #5120, .F. ) ;
#1473 = CARTESIAN_POINT ( 'NONE',  ( 56.97561976159401100, 11.15230452577106700, 292.3689383378836600 ) ) ;
#1474 = CYLINDRICAL_SURFACE ( 'NONE', #2254, 0.7499999999999772400 ) ;
#1475 = CARTESIAN_POINT ( 'NONE',  ( 79.53624841921752900, 5.187743136356812300, 294.6057385449224700 ) ) ;
#1476 = LINE ( 'NONE', #337, #4486 ) ;
#1477 = CARTESIAN_POINT ( 'NONE',  ( 90.47680225603942000, 7.994597635610349900, 286.7493261309686000 ) ) ;
#1478 = ORIENTED_EDGE ( 'NONE', *, *, #3, .T. ) ;
#1479 = CARTESIAN_POINT ( 'NONE',  ( 91.97707064020077900, 8.475820199320544600, 285.4732323913028700 ) ) ;
#1480 = EDGE_CURVE ( 'NONE', #623, #4632, #1299, .T. ) ;
#1481 = CARTESIAN_POINT ( 'NONE',  ( 58.47686755412392800, 11.15294511266161400, 286.4354484543826500 ) ) ;
#1482 = CARTESIAN_POINT ( 'NONE',  ( 58.47685047475197700, 7.927991208258975000, 286.5166662628063800 ) ) ;
#1483 = CARTESIAN_POINT ( 'NONE',  ( 90.47756483236145200, 10.17946055752001500, 283.1230348556999800 ) ) ;
#1484 = CARTESIAN_POINT ( 'NONE',  ( 90.47700005398149900, -12.45788706264350200, 285.8087344407115900 ) ) ;
#1485 = AXIS2_PLACEMENT_3D ( 'NONE', #3673, #1549, #4447 ) ;
#1486 = CARTESIAN_POINT ( 'NONE',  ( 56.97667378247430000, 9.042602510625414400, 287.3567361340490700 ) ) ;
#1487 = B_SPLINE_CURVE_WITH_KNOTS ( 'NONE', 3,
 ( #5264, #1608, #5291, #1172 ),
 .UNSPECIFIED., .F., .F.,
 ( 4, 4 ),
 ( 0.0000000000000000000, 1.000000000000000000 ),
 .UNSPECIFIED. ) ;
#1488 = CARTESIAN_POINT ( 'NONE',  ( 91.97736621983233400, -8.323465782246573900, 284.0676578827530500 ) ) ;
#1489 = CARTESIAN_POINT ( 'NONE',  ( 69.63706891783890300, 5.192258368295702200, 293.1036635994746000 ) ) ;
#1490 = ORIENTED_EDGE ( 'NONE', *, *, #785, .T. ) ;
#1491 = ORIENTED_EDGE ( 'NONE', *, *, #4045, .F. ) ;
#1492 = CARTESIAN_POINT ( 'NONE',  ( 90.47667193124469500, 8.853181454771474900, 287.3690616935833800 ) ) ;
#1493 = CARTESIAN_POINT ( 'NONE',  ( 90.47756589719249100, 6.553546967862123700, 283.1179712476976000 ) ) ;
#1494 = CARTESIAN_POINT ( 'NONE',  ( 90.47707671821324000, 8.539614445839607300, 285.4441718040380900 ) ) ;
#1495 = CARTESIAN_POINT ( 'NONE',  ( 90.47696979031667300, -12.51527658604147900, 285.9526477259249200 ) ) ;
#1496 = ORIENTED_EDGE ( 'NONE', *, *, #4197, .T. ) ;
#1497 = CARTESIAN_POINT ( 'NONE',  ( 58.47682529372577400, -12.52236291705509300, 286.6364099969903200 ) ) ;
#1498 = VERTEX_POINT ( 'NONE', #4403 ) ;
#1499 = CARTESIAN_POINT ( 'NONE',  ( 56.97679211525328200, -12.46087416299744400, 286.7940263950179700 ) ) ;
#1500 = CARTESIAN_POINT ( 'NONE',  ( 91.97667662121691000, 9.166781155848827500, 287.3469171126710600 ) ) ;
#1501 = LINE ( 'NONE', #2031, #3592 ) ;
#1502 = CARTESIAN_POINT ( 'NONE',  ( 56.97694909731421100, -12.55606292615830500, 286.0475271116621300 ) ) ;
#1503 = FACE_OUTER_BOUND ( 'NONE', #2145, .T. ) ;
#1504 = CARTESIAN_POINT ( 'NONE',  ( 89.72516171057024800, -13.85504769844680500, 294.5505591782019800 ) ) ;
#1505 = ORIENTED_EDGE ( 'NONE', *, *, #1239, .T. ) ;
#1506 = EDGE_CURVE ( 'NONE', #1100, #4090, #3106, .T. ) ;
#1507 = CARTESIAN_POINT ( 'NONE',  ( 76.59298807454683800, 4.391241477277526800, 294.6027219998903800 ) ) ;
#1508 = VERTEX_POINT ( 'NONE', #753 ) ;
#1509 = CARTESIAN_POINT ( 'NONE',  ( 69.63706891762630800, -4.707236568528478500, 293.0738644547340600 ) ) ;
#1510 = CARTESIAN_POINT ( 'NONE',  ( 90.47667850786531600, 8.668423860212819000, 287.3377877853946000 ) ) ;
#1511 = CARTESIAN_POINT ( 'NONE',  ( 90.47756708808141500, 6.615984805025930400, 283.1123081947880000 ) ) ;
#1512 = CARTESIAN_POINT ( 'NONE',  ( 58.47603975824386400, -4.590189132714993300, 290.3718793286000200 ) ) ;
#1513 = CARTESIAN_POINT ( 'NONE',  ( 69.74662228689220500, -0.4095922133713559300, 293.0868241251415600 ) ) ;
#1514 = EDGE_CURVE ( 'NONE', #2188, #181, #1231, .T. ) ;
#1515 = CARTESIAN_POINT ( 'NONE',  ( 91.97754801503106100, 10.56829091981648400, 283.2031642917446600 ) ) ;
#1516 = ORIENTED_EDGE ( 'NONE', *, *, #2625, .F. ) ;
#1517 = EDGE_LOOP ( 'NONE', ( #4514, #3751, #3263, #577 ) ) ;
#1518 = CARTESIAN_POINT ( 'NONE',  ( 91.97675343081739600, 9.722281359109558700, 286.9816632016087400 ) ) ;
#1519 = CC_DESIGN_PERSON_AND_ORGANIZATION_ASSIGNMENT ( #551, #2844, ( #1522 ) ) ;
#1520 = AXIS2_PLACEMENT_3D ( 'NONE', #839, #5290, #2442 ) ;
#1521 = CARTESIAN_POINT ( 'NONE',  ( 56.97700602251134700, -12.43306169727357800, 285.7768298191835500 ) ) ;
#1522 = PRODUCT ( 'HX-35H底面支架', 'HX-35H底面支架', '', ( #2039 ) ) ;
#1523 = ADVANCED_FACE ( 'NONE', ( #2365 ), #2859, .T. ) ;
#1524 = CARTESIAN_POINT ( 'NONE',  ( 90.47707520101566600, 8.522425086099449500, 285.4513865576718700 ) ) ;
#1525 = VERTEX_POINT ( 'NONE', #3265 ) ;
#1526 = DIRECTION ( 'NONE',  ( -6.330083163991168500E-007, 0.9999954694746947500, 0.003010154428575169800 ) ) ;
#1527 = EDGE_LOOP ( 'NONE', ( #2053, #3164 ) ) ;
#1528 = CARTESIAN_POINT ( 'NONE',  ( 91.97625002854589100, -4.589579842660319800, 289.3755000050682000 ) ) ;
#1529 = CARTESIAN_POINT ( 'NONE',  ( 91.97743781945818900, 5.753685562404079700, 283.7271790466618900 ) ) ;
#1530 = ORIENTED_EDGE ( 'NONE', *, *, #2634, .F. ) ;
#1531 = CARTESIAN_POINT ( 'NONE',  ( 91.97707512838638900, -12.09875473779142800, 285.4518896510776900 ) ) ;
#1532 = ORIENTED_EDGE ( 'NONE', *, *, #5276, .T. ) ;
#1533 = CARTESIAN_POINT ( 'NONE',  ( 56.97668556825581700, -11.51974245077765800, 287.3006910213591700 ) ) ;
#1534 = CARTESIAN_POINT ( 'NONE',  ( 58.47669065516304700, -11.83320125317194300, 287.2766588889700200 ) ) ;
#1535 = CARTESIAN_POINT ( 'NONE',  ( 90.47706800399188900, -12.15731869682926100, 285.4856106789939100 ) ) ;
#1536 = ORIENTED_EDGE ( 'NONE', *, *, #2553, .F. ) ;
#1537 = B_SPLINE_CURVE_WITH_KNOTS ( 'NONE', 1,
 ( #3068, #1284 ),
 .UNSPECIFIED., .F., .F.,
 ( 2, 2 ),
 ( 0.0000000000000000000, 0.9999997093275260200 ),
 .UNSPECIFIED. ) ;
#1538 =( BOUNDED_SURFACE ( )  B_SPLINE_SURFACE ( 3, 1, ( 
 ( #3199, #4927 ),
 ( #1300, #2066 ),
 ( #2443, #2104 ),
 ( #3293, #2085 ) ),
 .UNSPECIFIED., .F., .F., .T. ) 
 B_SPLINE_SURFACE_WITH_KNOTS ( ( 4, 4 ),
 ( 2, 2 ),
 ( 0.0000000000000000000, 1.000000000000000000 ),
 ( 0.0000000000000000000, 1.000000000000000000 ),
 .UNSPECIFIED. ) 
 GEOMETRIC_REPRESENTATION_ITEM ( )  RATIONAL_B_SPLINE_SURFACE ( (
 ( 1.000000000000000000, 1.000000000000000000),
 ( 0.3333333333333335400, 0.3333333333333335400),
 ( 0.3333333333333335400, 0.3333333333333335400),
 ( 1.000000000000000000, 1.000000000000000000) ) ) 
 REPRESENTATION_ITEM ( '' )  SURFACE ( )  );
#1539 = ORIENTED_EDGE ( 'NONE', *, *, #4164, .F. ) ;
#1540 = EDGE_CURVE ( 'NONE', #2399, #264, #1707, .T. ) ;
#1541 = CARTESIAN_POINT ( 'NONE',  ( 90.47707671821321200, 8.539614445839607300, 285.4441718040379800 ) ) ;
#1542 = FACE_BOUND ( 'NONE', #398, .T. ) ;
#1543 = CARTESIAN_POINT ( 'NONE',  ( 59.22546199477151400, 11.14935525623054800, 293.1194059960922700 ) ) ;
#1544 = CARTESIAN_POINT ( 'NONE',  ( 58.47698056561408500, -12.49568649526843500, 285.8980431246214900 ) ) ;
#1545 = CARTESIAN_POINT ( 'NONE',  ( 58.62231329826472900, 11.15086950917386600, 292.8267323058036000 ) ) ;
#1546 = CARTESIAN_POINT ( 'NONE',  ( 91.97709112781390700, 9.048587594896544000, 285.3758073197126900 ) ) ;
#1547 = FACE_OUTER_BOUND ( 'NONE', #4041, .T. ) ;
#1548 = CARTESIAN_POINT ( 'NONE',  ( 90.47702387482574700, -12.38282204614261600, 285.6954588024708500 ) ) ;
#1549 = DIRECTION ( 'NONE',  ( -8.634766096175848900E-016, -0.9999954694745274400, -0.003010154550803893900 ) ) ;
#1550 = PRODUCT_RELATED_PRODUCT_CATEGORY ( 'detail', '', ( #1522 ) ) ;
#1551 = CARTESIAN_POINT ( 'NONE',  ( 56.97687004964574000, -12.57474744249320900, 286.4234237428724400 ) ) ;
#1552 = EDGE_LOOP ( 'NONE', ( #1963, #2627, #4784, #4419 ) ) ;
#1553 = CARTESIAN_POINT ( 'NONE',  ( 90.47691584984890800, 7.928937135203526100, 286.2091516875812000 ) ) ;
#1554 = EDGE_LOOP ( 'NONE', ( #3595, #3141 ) ) ;
#1555 = LINE ( 'NONE', #467, #95 ) ;
#1556 = CARTESIAN_POINT ( 'NONE',  ( 56.97710618847874300, -11.57721375114988400, 285.3005090061994900 ) ) ;
#1557 = CARTESIAN_POINT ( 'NONE',  ( 91.97682963661888800, -10.62979323866820500, 286.6192805455079300 ) ) ;
#1558 = CARTESIAN_POINT ( 'NONE',  ( 91.97749566686150000, 5.922627370839428800, 283.4520963724826300 ) ) ;
#1559 = CARTESIAN_POINT ( 'NONE',  ( 91.97655825565536200, 5.665032097855015700, 287.9097827442982400 ) ) ;
#1560 = CARTESIAN_POINT ( 'NONE',  ( 58.47735809844027700, 5.676470790399158700, 284.1027552972000200 ) ) ;
#1561 = ORIENTED_EDGE ( 'NONE', *, *, #4634, .F. ) ;
#1562 = CARTESIAN_POINT ( 'NONE',  ( 90.09468675896246700, -13.84994354316519800, 292.9610071537476900 ) ) ;
#1563 = EDGE_CURVE ( 'NONE', #3845, #1013, #3504, .T. ) ;
#1564 = CARTESIAN_POINT ( 'NONE',  ( 58.47699985326563900, -12.45025590719533400, 285.8063242493061000 ) ) ;
#1565 = CARTESIAN_POINT ( 'NONE',  ( 56.97684428801645100, -12.55024944616143000, 286.5459284271068400 ) ) ;
#1566 = LINE ( 'NONE', #3522, #3594 ) ;
#1567 = VERTEX_POINT ( 'NONE', #1146 ) ;
#1568 = B_SPLINE_CURVE_WITH_KNOTS ( 'NONE', 3,
 ( #5048, #4648, #3861, #948 ),
 .UNSPECIFIED., .F., .F.,
 ( 4, 4 ),
 ( 0.0000000000000000000, 1.000000000000000000 ),
 .UNSPECIFIED. ) ;
#1569 = VERTEX_POINT ( 'NONE', #36 ) ;
#1570 = CARTESIAN_POINT ( 'NONE',  ( 79.31355472368180400, -7.899456317702720800, 293.0662902139909000 ) ) ;
#1571 = VECTOR ( 'NONE', #4512, 1000.000000000000200 ) ;
#1572 = CARTESIAN_POINT ( 'NONE',  ( 91.97756479919473800, 10.17946055751984800, 283.1233502921530800 ) ) ;
#1573 = CARTESIAN_POINT ( 'NONE',  ( 90.47670510528551800, -11.15173330818495900, 287.2113086512863400 ) ) ;
#1574 = CARTESIAN_POINT ( 'NONE',  ( 79.53656385433620800, -4.707236568430317900, 293.0759462291373400 ) ) ;
#1575 = EDGE_CURVE ( 'NONE', #4326, #642, #512, .T. ) ;
#1576 = CARTESIAN_POINT ( 'NONE',  ( 91.97686801714712600, -10.58645840036212200, 286.4367690110003700 ) ) ;
#1577 = CARTESIAN_POINT ( 'NONE',  ( 72.35700469662221200, 6.892530109552054400, 294.6093605103035300 ) ) ;
#1578 = EDGE_LOOP ( 'NONE', ( #2883, #395, #171, #544 ) ) ;
#1579 = CARTESIAN_POINT ( 'NONE',  ( 91.97702013317066900, 9.677486129948958300, 285.7134092723258600 ) ) ;
#1580 = CARTESIAN_POINT ( 'NONE',  ( 58.47743529704686000, -13.77387606187394900, 283.7356515324451600 ) ) ;
#1581 = ORIENTED_EDGE ( 'NONE', *, *, #1877, .F. ) ;
#1582 = CARTESIAN_POINT ( 'NONE',  ( 58.47635000310968700, 1.910564528153695600, 288.8965632917776200 ) ) ;
#1583 = CARTESIAN_POINT ( 'NONE',  ( 58.47669560767639000, -11.27453549460349100, 287.2531081237253300 ) ) ;
#1584 = ORIENTED_EDGE ( 'NONE', *, *, #4665, .T. ) ;
#1585 = CARTESIAN_POINT ( 'NONE',  ( 56.97669068832976800, -11.83320125317195900, 287.2763434525169300 ) ) ;
#1586 = CARTESIAN_POINT ( 'NONE',  ( 58.47757784338845300, -9.256959487901030000, 283.0577986539165100 ) ) ;
#1587 = ORIENTED_EDGE ( 'NONE', *, *, #4413, .F. ) ;
#1588 = CARTESIAN_POINT ( 'NONE',  ( 58.49186277730187600, -13.84805097473370900, 292.4784326935967400 ) ) ;
#1589 = CARTESIAN_POINT ( 'NONE',  ( 56.97740142871694500, 11.15207704320854500, 283.8965484192043500 ) ) ;
#1590 = CARTESIAN_POINT ( 'NONE',  ( 59.22514655975103900, 11.14484002450417900, 294.6193991671378300 ) ) ;
#1591 = CARTESIAN_POINT ( 'NONE',  ( 56.97708841197754000, -11.17744713133673400, 285.3850418841954600 ) ) ;
#1592 = CARTESIAN_POINT ( 'NONE',  ( 91.97668959788711600, -11.33312596841372500, 287.2852089470748100 ) ) ;
#1593 = ORIENTED_EDGE ( 'NONE', *, *, #1540, .T. ) ;
#1594 = CARTESIAN_POINT ( 'NONE',  ( 90.47656002959239200, 2.915044662300960700, 287.9011893835165700 ) ) ;
#1595 = CARTESIAN_POINT ( 'NONE',  ( 91.97709243791911100, 8.922693373085950300, 285.3695773556842100 ) ) ;
#1596 = CARTESIAN_POINT ( 'NONE',  ( 58.47749852617815900, -13.62604353539310300, 283.4349770418783100 ) ) ;
#1597 = CARTESIAN_POINT ( 'NONE',  ( 83.76703645541641700, 2.508246867589966300, 293.0985556780319700 ) ) ;
#1598 = CARTESIAN_POINT ( 'NONE',  ( 89.72514588536282100, 11.14483883762423000, 294.6258130380398400 ) ) ;
#1599 = CARTESIAN_POINT ( 'NONE',  ( 58.47681477054560200, -10.65744320816391300, 286.6864510423931700 ) ) ;
#1600 = CARTESIAN_POINT ( 'NONE',  ( 56.97757129993457400, -9.072201893345576800, 283.0887571256519700 ) ) ;
#1601 = CARTESIAN_POINT ( 'NONE',  ( 58.62232911443258800, -13.84904216078053800, 292.7514783590924000 ) ) ;
#1602 = CARTESIAN_POINT ( 'NONE',  ( 74.39865243196867100, -9.450924513671219900, 293.0605864742065000 ) ) ;
#1603 = CARTESIAN_POINT ( 'NONE',  ( 86.97514537249955400, 11.14484034892349800, 294.6252347423109100 ) ) ;
#1604 = CARTESIAN_POINT ( 'NONE',  ( 56.97699968167217600, -10.69957364826646700, 285.8069825121016800 ) ) ;
#1605 = CARTESIAN_POINT ( 'NONE',  ( 91.97683278847935600, -10.62499418333614400, 286.6042924534463100 ) ) ;
#1606 = CARTESIAN_POINT ( 'NONE',  ( 90.47563484600412700, -13.84746364092661800, 292.3007295817384900 ) ) ;
#1607 = CARTESIAN_POINT ( 'NONE',  ( 91.97740062773273500, 11.15210601405078400, 283.9040374484354200 ) ) ;
#1608 = CARTESIAN_POINT ( 'NONE',  ( 91.47757936944054800, -12.82043524040000000, 283.0540115950686300 ) ) ;
#1609 = CARTESIAN_POINT ( 'NONE',  ( 58.47742584146544000, -13.78827322786776000, 283.7806158086358400 ) ) ;
#1610 = CARTESIAN_POINT ( 'NONE',  ( 91.97637975626946600, 11.15386937272377000, 288.7586037041881500 ) ) ;
#1611 = CARTESIAN_POINT ( 'NONE',  ( 90.47688154806023400, 9.919678688075418200, 286.3722675210124200 ) ) ;
#1612 = CARTESIAN_POINT ( 'NONE',  ( 58.11764671170625700, -13.85397343179800300, 294.2750008700848500 ) ) ;
#1613 = VERTEX_POINT ( 'NONE', #1618 ) ;
#1614 = CARTESIAN_POINT ( 'NONE',  ( 56.97671070566697400, -11.08670195328131700, 287.1811546914720500 ) ) ;
#1615 = EDGE_CURVE ( 'NONE', #4090, #5298, #3052, .T. ) ;
#1616 = ORIENTED_EDGE ( 'NONE', *, *, #2518, .T. ) ;
#1617 = CARTESIAN_POINT ( 'NONE',  ( 58.47735461514641700, 11.15215327385497100, 284.1193194516288800 ) ) ;
#1618 = CARTESIAN_POINT ( 'NONE',  ( 58.47563555366963300, -13.84763676216987200, 292.2939997496866900 ) ) ;
#1619 = CARTESIAN_POINT ( 'NONE',  ( 91.97683018543850200, 7.942338887403378700, 286.6166707348589900 ) ) ;
#1620 = PERSON_AND_ORGANIZATION_ROLE ( 'design_supplier' ) ;
#1621 = ORIENTED_EDGE ( 'NONE', *, *, #1506, .F. ) ;
#1622 = CARTESIAN_POINT ( 'NONE',  ( 91.97755380358751200, 6.327200488998802700, 283.1756378775306200 ) ) ;
#1623 = CARTESIAN_POINT ( 'NONE',  ( 89.72547714559074400, -13.85053246672043600, 293.0505660071565300 ) ) ;
#1624 = EDGE_LOOP ( 'NONE', ( #2473, #2910, #4108, #3488 ) ) ;
#1625 = B_SPLINE_CURVE_WITH_KNOTS ( 'NONE', 3,
 ( #2958, #882, #1260, #4981, #861, #923, #2127, #903, #4153, #3826, #1710, #4616, #2086, #86, #1667, #2935, #4571, #2527, #4118, #1303, #2148, #4946 ),
 .UNSPECIFIED., .F., .F.,
 ( 4, 2, 2, 2, 2, 2, 2, 2, 2, 2, 4 ),
 ( 0.0000000000000000000, 0.1250000000000000000, 0.1875000000000000000, 0.2187500000000000000, 0.2500000000000000000, 0.5000000000000000000, 0.6250000000000000000, 0.6875000000000000000, 0.7187500000000000000, 0.7500000000000000000, 1.000000000000000000 ),
 .UNSPECIFIED. ) ;
#1626 = CARTESIAN_POINT ( 'NONE',  ( 90.47637978943618000, 11.15386937272377000, 288.7582882677352200 ) ) ;
#1627 = CARTESIAN_POINT ( 'NONE',  ( 58.47589369069881100, -13.84561602493257800, 291.0664126156113400 ) ) ;
#1628 = CARTESIAN_POINT ( 'NONE',  ( 58.47537563773310900, -16.41381345293620300, 293.5299821238720000 ) ) ;
#1629 = CARTESIAN_POINT ( 'NONE',  ( 58.47624521715610500, 1.910303492928347100, 289.3948573053000400 ) ) ;
#1630 = DIRECTION ( 'NONE',  ( 0.0000000000000000000, 0.9999954694745273300, 0.003010154550803893100 ) ) ;
#1631 = CARTESIAN_POINT ( 'NONE',  ( 81.55165577424695300, -0.2607886677233909900, 294.5897613697817400 ) ) ;
#1632 = CARTESIAN_POINT ( 'NONE',  ( 90.38590362879686800, 11.15133634570148600, 292.7451535614500200 ) ) ;
#1633 = B_SPLINE_CURVE_WITH_KNOTS ( 'NONE', 1,
 ( #852, #4604 ),
 .UNSPECIFIED., .F., .F.,
 ( 2, 2 ),
 ( 0.0000000000000000000, 1.000000000000000000 ),
 .UNSPECIFIED. ) ;
#1634 = CARTESIAN_POINT ( 'NONE',  ( 58.47741980152427700, 5.721236537551977400, 283.8093376356930500 ) ) ;
#1635 = CARTESIAN_POINT ( 'NONE',  ( 91.97682049199664800, -10.64517122525271700, 286.6627661126201500 ) ) ;
#1636 = CARTESIAN_POINT ( 'NONE',  ( 59.22547781998014900, -13.85053276286015300, 293.0441521317903800 ) ) ;
#1637 = CARTESIAN_POINT ( 'NONE',  ( 61.97525084432357500, 11.14634336079207700, 294.1199798012473800 ) ) ;
#1638 = CARTESIAN_POINT ( 'NONE',  ( 91.97696568770064100, 9.837554047794663200, 285.9723146793198800 ) ) ;
#1639 = CARTESIAN_POINT ( 'NONE',  ( 91.97671055993781400, -12.07903867695826400, 287.1855277750889300 ) ) ;
#1640 = CARTESIAN_POINT ( 'NONE',  ( 91.97655999642812200, 2.915044662300969600, 287.9015048199696000 ) ) ;
#1641 = CARTESIAN_POINT ( 'NONE',  ( 58.47709321883250800, 8.859201763744218600, 285.3623414877881100 ) ) ;
#1642 = EDGE_CURVE ( 'NONE', #1498, #2765, #4677, .T. ) ;
#1643 = CARTESIAN_POINT ( 'NONE',  ( 90.47697228877267200, 9.823442688823036000, 285.9407667785808400 ) ) ;
#1644 = CARTESIAN_POINT ( 'NONE',  ( 67.55197120926743500, -0.2562734360464706800, 293.0868241251415600 ) ) ;
#1645 = ORIENTED_EDGE ( 'NONE', *, *, #3676, .T. ) ;
#1646 = DIRECTION ( 'NONE',  ( 0.0002102900136559410600, 0.003010154484246530600, -0.9999954473636822900 ) ) ;
#1647 = CARTESIAN_POINT ( 'NONE',  ( 90.47680505003721400, -12.48398337586427200, 286.7360397890074600 ) ) ;
#1648 = CARTESIAN_POINT ( 'NONE',  ( 90.47756538624322800, 10.17946055751960800, 283.1230348558413500 ) ) ;
#1649 = CARTESIAN_POINT ( 'NONE',  ( 58.47752916820078200, -13.47960894009180600, 283.2892645458244400 ) ) ;
#1650 = CARTESIAN_POINT ( 'NONE',  ( 58.47740139538405700, 11.15207722094611500, 283.8968646458769700 ) ) ;
#1651 = CARTESIAN_POINT ( 'NONE',  ( 56.97705247278727800, 8.312435765734933900, 285.5559440844867800 ) ) ;
#1652 = ORIENTED_EDGE ( 'NONE', *, *, #1798, .T. ) ;
#1653 = EDGE_LOOP ( 'NONE', ( #1889, #1681 ) ) ;
#1654 = CARTESIAN_POINT ( 'NONE',  ( 79.53624841931572600, -4.711751800156687200, 294.5759394001829000 ) ) ;
#1655 = CARTESIAN_POINT ( 'NONE',  ( 56.97668266417269200, 9.225371629631169400, 287.3145008528706500 ) ) ;
#1656 = VERTEX_POINT ( 'NONE', #4603 ) ;
#1657 = CARTESIAN_POINT ( 'NONE',  ( 91.97679223995814400, -12.45321714353362100, 286.7971134792884400 ) ) ;
#1658 = VERTEX_POINT ( 'NONE', #484 ) ;
#1659 = CARTESIAN_POINT ( 'NONE',  ( 91.97645586204583900, 2.046268948611719400, 288.3966966991573600 ) ) ;
#1660 = FACE_BOUND ( 'NONE', #1653, .T. ) ;
#1661 = CARTESIAN_POINT ( 'NONE',  ( 58.47561696642021200, -13.84778225848553400, 292.3823879916393500 ) ) ;
#1662 = AXIS2_PLACEMENT_3D ( 'NONE', #3109, #2703, #1449 ) ;
#1663 = CARTESIAN_POINT ( 'NONE',  ( 76.59298807457294300, -9.608758522722475000, 294.5605796452520600 ) ) ;
#1664 = VERTEX_POINT ( 'NONE', #4534 ) ;
#1665 = B_SPLINE_CURVE_WITH_KNOTS ( 'NONE', 1,
 ( #2715, #254 ),
 .UNSPECIFIED., .F., .F.,
 ( 2, 2 ),
 ( 0.0000000000000000000, 1.000000000000000000 ),
 .UNSPECIFIED. ) ;
#1666 = CARTESIAN_POINT ( 'NONE',  ( 74.16170523062224600, -5.842657997273168000, 293.0713981354326200 ) ) ;
#1667 = CARTESIAN_POINT ( 'NONE',  ( 56.97755342485285700, -13.31269424752215100, 283.1737587853817800 ) ) ;
#1668 = CARTESIAN_POINT ( 'NONE',  ( 56.97746731338792600, 11.02283256137809000, 283.5832459987029800 ) ) ;
#1669 = EDGE_CURVE ( 'NONE', #1664, #5320, #2546, .T. ) ;
#1670 = CARTESIAN_POINT ( 'NONE',  ( 91.97757706224902600, -9.193111135479815800, 283.0650355956427100 ) ) ;
#1671 = CARTESIAN_POINT ( 'NONE',  ( 56.97747051134521700, -8.450468013831539300, 283.5680387026006900 ) ) ;
#1672 = FACE_OUTER_BOUND ( 'NONE', #1908, .T. ) ;
#1673 = B_SPLINE_CURVE_WITH_KNOTS ( 'NONE', 1,
 ( #2747, #298 ),
 .UNSPECIFIED., .F., .F.,
 ( 2, 2 ),
 ( 0.0000000000000000000, 1.000000000000000000 ),
 .UNSPECIFIED. ) ;
#1674 = CARTESIAN_POINT ( 'NONE',  ( 58.47753746924342300, 6.157935427703963100, 283.2497904651708000 ) ) ;
#1675 = CARTESIAN_POINT ( 'NONE',  ( 56.97667378247430000, 9.042602510625414400, 287.3567361340490700 ) ) ;
#1676 = ORIENTED_EDGE ( 'NONE', *, *, #2741, .T. ) ;
#1677 = CARTESIAN_POINT ( 'NONE',  ( 91.97668483455730400, -11.58323406011999900, 287.3078600848530200 ) ) ;
#1678 = CARTESIAN_POINT ( 'NONE',  ( 91.97669525758763600, -11.89163982049176100, 287.2582952834488900 ) ) ;
#1679 = CARTESIAN_POINT ( 'NONE',  ( 58.47706808142135100, 8.426161266238137800, 285.4818778176798400 ) ) ;
#1680 = CARTESIAN_POINT ( 'NONE',  ( 81.55165577424695300, -0.2607886677233909900, 294.5897613697817400 ) ) ;
#1681 = ORIENTED_EDGE ( 'NONE', *, *, #4375, .T. ) ;
#1682 = CARTESIAN_POINT ( 'NONE',  ( 91.97589296352951700, -13.84561602431000100, 291.0734569388530400 ) ) ;
#1683 = EDGE_CURVE ( 'NONE', #2925, #777, #2258, .T. ) ;
#1684 = CARTESIAN_POINT ( 'NONE',  ( 56.97667263177629600, 8.916673064116080700, 287.3622080665158500 ) ) ;
#1685 = CARTESIAN_POINT ( 'NONE',  ( 79.31355472368180400, -7.899456317702720800, 293.0662902139909000 ) ) ;
#1686 = CARTESIAN_POINT ( 'NONE',  ( 58.47561972842729000, 11.15230452577106700, 292.3692537743368100 ) ) ;
#1687 = LINE ( 'NONE', #4089, #4273 ) ;
#1688 = CARTESIAN_POINT ( 'NONE',  ( 61.97516292247647800, -13.85504799405554800, 294.5447236031208100 ) ) ;
#1689 = CARTESIAN_POINT ( 'NONE',  ( 58.76714926164753200, -13.86379066016255000, 294.5440226699176400 ) ) ;
#1690 = DIRECTION ( 'NONE',  ( 6.330083130320917500E-007, -0.9999954694747255100, -0.003010154418427787300 ) ) ;
#1691 = CARTESIAN_POINT ( 'NONE',  ( 58.47701080014788700, 8.122770674389977700, 285.7542683655946100 ) ) ;
#1692 = PERSON_AND_ORGANIZATION ( #3617, #2740 ) ;
#1693 = ORIENTED_EDGE ( 'NONE', *, *, #4015, .F. ) ;
#1694 = CARTESIAN_POINT ( 'NONE',  ( 58.47676049241901800, 9.738132590393044900, 286.9445606773309100 ) ) ;
#1695 = CARTESIAN_POINT ( 'NONE',  ( 58.47737145015067000, 5.676661910816338100, 284.0392636892656200 ) ) ;
#1696 = CARTESIAN_POINT ( 'NONE',  ( 58.47695067517106800, -10.61380944340934100, 286.0401816220646100 ) ) ;
#1697 = CARTESIAN_POINT ( 'NONE',  ( 90.47668992728580400, -11.80109870538921700, 287.2834848340351600 ) ) ;
#1698 = CARTESIAN_POINT ( 'NONE',  ( 91.97697548828740800, 9.816023650138308900, 285.9257097935676500 ) ) ;
#1699 = VECTOR ( 'NONE', #972, 1000.000000000000200 ) ;
#1700 = CARTESIAN_POINT ( 'NONE',  ( 91.97668483455731800, -11.58323406011993800, 287.3078600848405100 ) ) ;
#1701 = CARTESIAN_POINT ( 'NONE',  ( 91.97651840056748500, 2.300688122434180600, 288.0993062755212000 ) ) ;
#1702 = CARTESIAN_POINT ( 'NONE',  ( 58.47708101195099300, 8.584093104203326200, 285.4203890649826600 ) ) ;
#1703 = CARTESIAN_POINT ( 'NONE',  ( 90.47738416932672600, 5.676854105090185100, 283.9821446492578600 ) ) ;
#1704 = LINE ( 'NONE', #3373, #547 ) ;
#1705 = CARTESIAN_POINT ( 'NONE',  ( 90.47678237532258500, 8.038180864426021100, 286.8438652190112600 ) ) ;
#1706 = CARTESIAN_POINT ( 'NONE',  ( 91.97746354183921400, -13.71709740248852700, 283.6048610003526800 ) ) ;
#1707 = B_SPLINE_CURVE_WITH_KNOTS ( 'NONE', 3,
 ( #4918, #4064, #1995, #366, #3696, #3719, #2878, #5258, #2411, #4517, #350, #738, #4471, #5278, #1204, #4869, #5299, #2862, #2809, #386, #327, #2037 ),
 .UNSPECIFIED., .F., .F.,
 ( 4, 2, 2, 2, 2, 2, 2, 2, 2, 2, 4 ),
 ( 0.0000000000000000000, 0.1250000000000000000, 0.1875000000000000000, 0.2187500000000000000, 0.2500000000000000000, 0.5000000000000000000, 0.6250000000000000000, 0.6875000000000000000, 0.7187500000000000000, 0.7500000000000000000, 1.000000000000000000 ),
 .UNSPECIFIED. ) ;
#1708 = CARTESIAN_POINT ( 'NONE',  ( 83.13982327545089400, -6.469871177238663200, 293.0713981354325600 ) ) ;
#1709 = CARTESIAN_POINT ( 'NONE',  ( 90.47689452473171900, -10.58022843615999900, 286.3105593555000000 ) ) ;
#1710 = CARTESIAN_POINT ( 'NONE',  ( 56.97749855934487300, -13.62604353539311900, 283.4346616054251100 ) ) ;
#1711 = CARTESIAN_POINT ( 'NONE',  ( 58.47756775544634400, 6.679476414359006000, 283.1057700042000000 ) ) ;
#1712 = CARTESIAN_POINT ( 'NONE',  ( 79.53656385433620800, -4.707236568430317900, 293.0759462291373400 ) ) ;
#1713 = EDGE_CURVE ( 'NONE', #3902, #3110, #4191, .T. ) ;
#1714 = CARTESIAN_POINT ( 'NONE',  ( 56.97736699372173800, -8.323465782247012600, 284.0602976988469100 ) ) ;
#1715 = ADVANCED_FACE ( 'NONE', ( #1922 ), #575, .T. ) ;
#1716 = ORIENTED_EDGE ( 'NONE', *, *, #3503, .F. ) ;
#1717 = VERTEX_POINT ( 'NONE', #504 ) ;
#1718 = B_SPLINE_CURVE_WITH_KNOTS ( 'NONE', 3,
 ( #967, #2991, #3028, #4206 ),
 .UNSPECIFIED., .F., .F.,
 ( 4, 4 ),
 ( 0.0000000000000000000, 0.9999979455211153200 ),
 .UNSPECIFIED. ) ;
#1719 = CARTESIAN_POINT ( 'NONE',  ( 56.97603567685656100, 1.909781422477201800, 290.3911298958491300 ) ) ;
#1720 = CARTESIAN_POINT ( 'NONE',  ( 57.47757790569137600, -9.320451097237008000, 283.0573972425312400 ) ) ;
#1721 = ORIENTED_EDGE ( 'NONE', *, *, #3767, .F. ) ;
#1722 = CARTESIAN_POINT ( 'NONE',  ( 56.97680182704190300, 9.842463916069759100, 286.7478437715377000 ) ) ;
#1723 = CARTESIAN_POINT ( 'NONE',  ( 58.47653910376379100, -5.080113767150053600, 287.9973336604544400 ) ) ;
#1724 = ADVANCED_FACE ( 'NONE', ( #2305 ), #4584, .T. ) ;
#1725 = CARTESIAN_POINT ( 'NONE',  ( 56.97669996191987000, 8.425187566935468600, 287.2322446014771300 ) ) ;
#1726 = ORIENTED_EDGE ( 'NONE', *, *, #3442, .T. ) ;
#1727 = DIRECTION ( 'NONE',  ( 6.330083013936308800E-007, -0.9999954694747190700, -0.003010154420571780200 ) ) ;
#1728 = CARTESIAN_POINT ( 'NONE',  ( 56.97695349336256500, 9.861822230021525500, 286.0266225121597500 ) ) ;
#1729 = CARTESIAN_POINT ( 'NONE',  ( 74.55197120929355500, -7.256273436046460500, 293.0672249846196600 ) ) ;
#1730 = CARTESIAN_POINT ( 'NONE',  ( 72.35732013166880000, -7.102954658721576400, 293.0672249846196600 ) ) ;
#1731 = EDGE_CURVE ( 'NONE', #788, #3179, #895, .T. ) ;
#1732 = CARTESIAN_POINT ( 'NONE',  ( 58.47735461303086900, 11.16429958011620000, 284.1193295070537500 ) ) ;
#1733 = CARTESIAN_POINT ( 'NONE',  ( 56.97635003705595800, 1.910564528153991400, 288.8962478553468700 ) ) ;
#1734 = CYLINDRICAL_SURFACE ( 'NONE', #1015, 0.7499999999999772400 ) ;
#1735 = CARTESIAN_POINT ( 'NONE',  ( 56.97739377216566200, -8.323082467555643400, 283.9329577398996800 ) ) ;
#1736 = FACE_OUTER_BOUND ( 'NONE', #4385, .T. ) ;
#1737 = ORIENTED_EDGE ( 'NONE', *, *, #1957, .F. ) ;
#1738 = CARTESIAN_POINT ( 'NONE',  ( 66.22184003791208800, 2.223047749677696600, 293.0940075843281500 ) ) ;
#1739 = CARTESIAN_POINT ( 'NONE',  ( 56.97746239483854000, 5.798803102855099900, 283.6066352548494900 ) ) ;
#1740 = CARTESIAN_POINT ( 'NONE',  ( 58.47644836472273500, -4.687732115414798200, 288.4288264610281100 ) ) ;
#1741 = CARTESIAN_POINT ( 'NONE',  ( 58.47737044210131800, -13.82344086435735900, 284.0440572860000000 ) ) ;
#1742 = CARTESIAN_POINT ( 'NONE',  ( 56.97667271238390900, 8.789333102358877900, 287.3618247518570000 ) ) ;
#1743 = CARTESIAN_POINT ( 'NONE',  ( 90.97563483494855100, -13.84746364092661800, 292.3008347272227600 ) ) ;
#1744 = CARTESIAN_POINT ( 'NONE',  ( 58.47707081557199900, 9.368934416036793800, 285.4688760677208300 ) ) ;
#1745 = CARTESIAN_POINT ( 'NONE',  ( 76.74662228691832400, -7.409592213371344500, 293.0672249846196600 ) ) ;
#1746 = B_SPLINE_CURVE_WITH_KNOTS ( 'NONE', 1,
 ( #1504, #293 ),
 .UNSPECIFIED., .F., .F.,
 ( 2, 2 ),
 ( 0.0000000000000000000, 1.000000000000000000 ),
 .UNSPECIFIED. ) ;
#1747 = CARTESIAN_POINT ( 'NONE',  ( 72.20400135434391600, -9.297605736346337600, 293.0605864742065600 ) ) ;
#1748 = CARTESIAN_POINT ( 'NONE',  ( 91.97710410448411300, -11.45131952931638400, 285.3140991542003300 ) ) ;
#1749 = CARTESIAN_POINT ( 'NONE',  ( 56.97744447483581400, -13.75849807529023900, 283.6918505288696800 ) ) ;
#1750 = LINE ( 'NONE', #1210, #1993 ) ;
#1751 = CARTESIAN_POINT ( 'NONE',  ( 58.47653427587883400, 2.408862206649138700, 288.0202917779555500 ) ) ;
#1752 = ADVANCED_FACE ( 'NONE', ( #3166 ), #1111, .T. ) ;
#1753 = CARTESIAN_POINT ( 'NONE',  ( 90.47740066089959000, 11.15210601405076900, 283.9037220119823200 ) ) ;
#1754 = VERTEX_POINT ( 'NONE', #3006 ) ;
#1755 = CARTESIAN_POINT ( 'NONE',  ( 56.97737024172568000, 11.15212792288534200, 284.0448524132588100 ) ) ;
#1756 = CARTESIAN_POINT ( 'NONE',  ( 56.97688228878399700, 9.919678688074800000, 286.3652227735745400 ) ) ;
#1757 = CARTESIAN_POINT ( 'NONE',  ( 58.47755200257375200, 6.296397487112650500, 283.1806798890380600 ) ) ;
#1758 = CARTESIAN_POINT ( 'NONE',  ( 91.97747063605008600, -8.442810994352166500, 283.5711257868940700 ) ) ;
#1759 = CARTESIAN_POINT ( 'NONE',  ( 58.47638399453347100, -4.588993549404376500, 288.7349270426046800 ) ) ;
#1760 = CARTESIAN_POINT ( 'NONE',  ( 86.97547790044122000, -13.85930049623166700, 293.0499613139013500 ) ) ;
#1761 = EDGE_CURVE ( 'NONE', #3548, #2171, #3410, .T. ) ;
#1762 = DIRECTION ( 'NONE',  ( -0.0002102909687305672200, 0.0000000000000000000, 0.9999999778888539700 ) ) ;
#1763 = EDGE_LOOP ( 'NONE', ( #2923, #5052, #648, #2691 ) ) ;
#1764 = ORIENTED_EDGE ( 'NONE', *, *, #3249, .F. ) ;
#1765 = CARTESIAN_POINT ( 'NONE',  ( 90.47756483236145200, 10.17946055752001500, 283.1230348556999800 ) ) ;
#1766 = CARTESIAN_POINT ( 'NONE',  ( 74.55197120926745000, 6.743726563953539500, 293.1093673392579700 ) ) ;
#1767 = CARTESIAN_POINT ( 'NONE',  ( 90.97632690696063700, 1.911056155046419300, 288.9016563964104300 ) ) ;
#1768 = FACE_BOUND ( 'NONE', #5211, .T. ) ;
#1769 = CARTESIAN_POINT ( 'NONE',  ( 90.47635556330040200, -4.588898982892994000, 288.8734911953999900 ) ) ;
#1770 = VECTOR ( 'NONE', #696, 1000.000000000000100 ) ;
#1771 = CARTESIAN_POINT ( 'NONE',  ( 91.97709879777782800, -11.32896454724546800, 285.3393342187365500 ) ) ;
#1772 = ORIENTED_EDGE ( 'NONE', *, *, #2824, .F. ) ;
#1773 = ORIENTED_EDGE ( 'NONE', *, *, #2940, .T. ) ;
#1774 = CARTESIAN_POINT ( 'NONE',  ( 90.47752620111701600, 10.75706356541850700, 283.3067386249175000 ) ) ;
#1775 = CARTESIAN_POINT ( 'NONE',  ( 56.97697739526184100, 8.026031210989012600, 285.9129614316344100 ) ) ;
#1776 = CARTESIAN_POINT ( 'NONE',  ( 56.97688228878399700, 9.919678688074800000, 286.3652227735745400 ) ) ;
#1777 = CARTESIAN_POINT ( 'NONE',  ( 58.76714919769821700, -13.85504770466167400, 294.5440489876707500 ) ) ;
#1778 = CARTESIAN_POINT ( 'NONE',  ( 90.09467091239363900, 11.14993052619099200, 293.0362609866153300 ) ) ;
#1779 = CARTESIAN_POINT ( 'NONE',  ( 91.97744386118391400, 11.08215290827814100, 283.6984487325900100 ) ) ;
#1780 = ADVANCED_FACE ( 'NONE', ( #828 ), #2738, .T. ) ;
#1781 = EDGE_CURVE ( 'NONE', #1717, #3531, #4613, .T. ) ;
#1782 = CARTESIAN_POINT ( 'NONE',  ( 56.97687020308858800, 7.919496628708703400, 286.4226940726778700 ) ) ;
#1783 = CARTESIAN_POINT ( 'NONE',  ( 58.47680461505680700, -10.67906044747683400, 286.7347435993324900 ) ) ;
#1784 = CARTESIAN_POINT ( 'NONE',  ( 90.47697508277040900, -10.65513832261456900, 285.9274804367183800 ) ) ;
#1785 = CARTESIAN_POINT ( 'NONE',  ( 81.55197120926743500, -0.2562734359970210200, 293.0897681987362400 ) ) ;
#1786 = CARTESIAN_POINT ( 'NONE',  ( 56.97669881958300000, -11.23095813476116000, 287.2376767750720300 ) ) ;
#1787 = CARTESIAN_POINT ( 'NONE',  ( 91.97648363666409900, -4.785633379751362600, 288.2646196165016500 ) ) ;
#1788 = CARTESIAN_POINT ( 'NONE',  ( 91.97692127000890100, -10.57984512145546000, 286.1835348330237100 ) ) ;
#1789 = CARTESIAN_POINT ( 'NONE',  ( 56.97755342485285700, -13.31269424752215100, 283.1737587853817800 ) ) ;
#1790 = EDGE_CURVE ( 'NONE', #72, #199, #2975, .T. ) ;
#1791 = DIRECTION ( 'NONE',  ( 6.330141410802635300E-007, -0.9999954693911524700, -0.003010182181882651000 ) ) ;
#1792 = ORIENTED_EDGE ( 'NONE', *, *, #4424, .T. ) ;
#1793 = CARTESIAN_POINT ( 'NONE',  ( 56.97735813160534900, 5.676470790399151600, 284.1024398607469300 ) ) ;
#1794 = CARTESIAN_POINT ( 'NONE',  ( 91.97754619692601400, -8.799786605749055500, 283.2118099555621000 ) ) ;
#1795 = CARTESIAN_POINT ( 'NONE',  ( 91.97740062773273500, 11.15210601405078400, 283.9040374484354200 ) ) ;
#1796 = CARTESIAN_POINT ( 'NONE',  ( 56.97683771020358300, 7.942435521468651100, 286.5772080039157600 ) ) ;
#1797 = ORIENTED_EDGE ( 'NONE', *, *, #3855, .F. ) ;
#1798 = EDGE_CURVE ( 'NONE', #808, #2099, #3392, .T. ) ;
#1799 = CARTESIAN_POINT ( 'NONE',  ( 91.97680751532645600, 9.854735899008330700, 286.7244742781459800 ) ) ;
#1800 = CARTESIAN_POINT ( 'NONE',  ( 90.47656002959239200, 2.915044662300960700, 287.9011893835165700 ) ) ;
#1801 = CARTESIAN_POINT ( 'NONE',  ( 56.97688228878400500, 9.919678688074999000, 286.3652227735468600 ) ) ;
#1802 =( BOUNDED_SURFACE ( )  B_SPLINE_SURFACE ( 3, 1, ( 
 ( #3821, #3465 ),
 ( #4610, #2144 ),
 ( #3446, #122 ),
 ( #2619, #1766 ) ),
 .UNSPECIFIED., .F., .F., .F. ) 
 B_SPLINE_SURFACE_WITH_KNOTS ( ( 4, 4 ),
 ( 2, 2 ),
 ( 0.0000000000000000000, 1.000000000000000000 ),
 ( 0.0000000000000000000, 1.000000000000000000 ),
 .UNSPECIFIED. ) 
 GEOMETRIC_REPRESENTATION_ITEM ( )  RATIONAL_B_SPLINE_SURFACE ( (
 ( 1.000000000000000000, 1.000000000000000000),
 ( 0.3333333333333335400, 0.3333333333333335400),
 ( 0.3333333333333335400, 0.3333333333333335400),
 ( 1.000000000000000000, 1.000000000000000000) ) ) 
 REPRESENTATION_ITEM ( '' )  SURFACE ( )  );
#1803 = DIRECTION ( 'NONE',  ( -6.330083073874087000E-007, 0.9999954694747809100, 0.003010154400002758900 ) ) ;
#1804 = APPROVAL ( #3699, '未指定' ) ;
#1805 = VERTEX_POINT ( 'NONE', #3081 ) ;
#1806 = CARTESIAN_POINT ( 'NONE',  ( 57.41570047103287800, 11.14811551931686800, 293.7413742815938300 ) ) ;
#1807 = CARTESIAN_POINT ( 'NONE',  ( 91.97709281944756300, -11.23896793057363100, 285.3677630673831200 ) ) ;
#1808 = FACE_OUTER_BOUND ( 'NONE', #4868, .T. ) ;
#1809 = CARTESIAN_POINT ( 'NONE',  ( 56.97755833455682500, -13.26730841415323600, 283.1504115922529600 ) ) ;
#1810 = CARTESIAN_POINT ( 'NONE',  ( 56.97580223467887400, 11.15378736229702700, 291.5012211842449100 ) ) ;
#1811 = CARTESIAN_POINT ( 'NONE',  ( 67.55197120926743500, -0.2562734360464710700, 293.0868241251415600 ) ) ;
#1812 = CARTESIAN_POINT ( 'NONE',  ( 56.97689564049603900, 9.919869808492288500, 286.3017311656158800 ) ) ;
#1813 = CARTESIAN_POINT ( 'NONE',  ( 91.97754981271306500, -8.828965600064234900, 283.1946157460193400 ) ) ;
#1814 = CARTESIAN_POINT ( 'NONE',  ( 90.45931422198819400, 11.15200683938316600, 292.5604095687039000 ) ) ;
#1815 = CARTESIAN_POINT ( 'NONE',  ( 91.97754801503106100, 10.56829091981648400, 283.2031642917446600 ) ) ;
#1816 = VECTOR ( 'NONE', #4011, 1000.000000000000100 ) ;
#1817 = CARTESIAN_POINT ( 'NONE',  ( 65.81080036575912100, 3.762673227520969600, 293.0985556780319700 ) ) ;
#1818 = VERTEX_POINT ( 'NONE', #1800 ) ;
#1819 = CARTESIAN_POINT ( 'NONE',  ( 91.97677725166163000, 9.797346375618273500, 286.8683875633516900 ) ) ;
#1820 = CARTESIAN_POINT ( 'NONE',  ( 91.97603902396231500, -4.591693627211337300, 290.3788934469539000 ) ) ;
#1821 = CARTESIAN_POINT ( 'NONE',  ( 81.55197120926743500, -0.2562734359970210200, 293.0897681987362400 ) ) ;
#1822 = CARTESIAN_POINT ( 'NONE',  ( 90.47747922558502900, -13.67628318651316700, 283.5301221170260500 ) ) ;
#1823 = DIRECTION ( 'NONE',  ( 0.0000000000000000000, 0.9999954694745273300, 0.003010154550803893100 ) ) ;
#1824 = EDGE_LOOP ( 'NONE', ( #4422, #756, #1491, #4507 ) ) ;
#1825 = DIRECTION ( 'NONE',  ( -6.330083163991168500E-007, 0.9999954694746947500, 0.003010154428575169800 ) ) ;
#1826 = CARTESIAN_POINT ( 'NONE',  ( 91.97754981271306500, -8.828965600064234900, 283.1946157460193400 ) ) ;
#1827 = CARTESIAN_POINT ( 'NONE',  ( 58.47638049608926300, 11.15373694661082400, 288.7515632491308100 ) ) ;
#1828 = CARTESIAN_POINT ( 'NONE',  ( 56.97693453223859400, 9.889708759127509900, 286.1167886455968400 ) ) ;
#1829 = CARTESIAN_POINT ( 'NONE',  ( 91.97737957154437500, -8.323274661829611200, 284.0041662748149100 ) ) ;
#1830 = CARTESIAN_POINT ( 'NONE',  ( 58.47756169226149600, 10.39616505253263400, 283.1346023629828300 ) ) ;
#1831 = ORIENTED_EDGE ( 'NONE', *, *, #1563, .F. ) ;
#1832 = CARTESIAN_POINT ( 'NONE',  ( 57.47656613958027100, -5.584916828234012700, 287.8686634689311700 ) ) ;
#1833 = APPROVAL ( #2394, '未指定' ) ;
#1834 = CARTESIAN_POINT ( 'NONE',  ( 89.72546132038330300, 11.14935406935060600, 293.1258198669942200 ) ) ;
#1835 = CARTESIAN_POINT ( 'NONE',  ( 66.22184003791210200, 2.223047749677697500, 293.0940075843281000 ) ) ;
#1836 = VERTEX_POINT ( 'NONE', #3851 ) ;
#1837 = CARTESIAN_POINT ( 'NONE',  ( 56.97739377216566200, -8.323082467555643400, 283.9329577398996800 ) ) ;
#1838 = CARTESIAN_POINT ( 'NONE',  ( 90.47756722486180100, -13.15903550927113800, 283.1116577608511300 ) ) ;
#1839 = CARTESIAN_POINT ( 'NONE',  ( 91.97689449156500500, -10.58022843615732000, 286.3108747919392300 ) ) ;
#1840 = LINE ( 'NONE', #4982, #732 ) ;
#1841 = CARTESIAN_POINT ( 'NONE',  ( 59.22563715913499700, -16.41006971961960700, 292.2864441140807800 ) ) ;
#1842 = CARTESIAN_POINT ( 'NONE',  ( 58.47689560732931100, 9.919869808492302700, 286.3020466020690800 ) ) ;
#1843 = CARTESIAN_POINT ( 'NONE',  ( 90.47709247108582500, 8.922693373086016100, 285.3692619192000300 ) ) ;
#1844 = CARTESIAN_POINT ( 'NONE',  ( 58.47735461303086900, 11.16429958011620000, 284.1193295070537500 ) ) ;
#1845 = CARTESIAN_POINT ( 'NONE',  ( 74.55165577424696700, 6.739211332227169400, 294.6093605103035300 ) ) ;
#1846 = CARTESIAN_POINT ( 'NONE',  ( 58.47708991774280900, -11.19459274471914700, 285.3780392129771700 ) ) ;
#1847 = DIRECTION ( 'NONE',  ( -0.9999999778890548100, 6.330054415950436700E-007, -0.0002102890609316775100 ) ) ;
#1848 = CARTESIAN_POINT ( 'NONE',  ( 90.47682614869680200, 9.884511051584587100, 286.6357089983799300 ) ) ;
#1849 = ORIENTED_EDGE ( 'NONE', *, *, #2679, .T. ) ;
#1850 = CARTESIAN_POINT ( 'NONE',  ( 58.47656611696471200, -5.584916828234066900, 287.8688737599218800 ) ) ;
#1851 = ORIENTED_EDGE ( 'NONE', *, *, #4356, .F. ) ;
#1852 = CARTESIAN_POINT ( 'NONE',  ( 56.97667263177628900, 8.916673064115999000, 287.3622080665468300 ) ) ;
#1853 = CARTESIAN_POINT ( 'NONE',  ( 56.97708813192527800, 9.172660566087108300, 285.3863736201759000 ) ) ;
#1854 = CARTESIAN_POINT ( 'NONE',  ( 90.47757824085439900, -12.94636468689900800, 283.0592732365858000 ) ) ;
#1855 = VERTEX_POINT ( 'NONE', #2563 ) ;
#1856 = CARTESIAN_POINT ( 'NONE',  ( 56.97563558683636100, -13.84763676216988800, 292.2936843132335400 ) ) ;
#1857 = EDGE_CURVE ( 'NONE', #2982, #1855, #920, .T. ) ;
#1858 = CARTESIAN_POINT ( 'NONE',  ( 74.78891841058775500, 3.135460047555467700, 293.0985556780319100 ) ) ;
#1859 = ORIENTED_EDGE ( 'NONE', *, *, #2679, .F. ) ;
#1860 = CARTESIAN_POINT ( 'NONE',  ( 56.97667263177629600, 8.916673064116080700, 287.3622080665158500 ) ) ;
#1861 = CARTESIAN_POINT ( 'NONE',  ( 90.47677728482831600, 9.797346375618271700, 286.8680721268986500 ) ) ;
#1862 =( BOUNDED_SURFACE ( )  B_SPLINE_SURFACE ( 3, 1, ( 
 ( #5123, #224 ),
 ( #1430, #2218 ),
 ( #4689, #883 ),
 ( #904, #207 ) ),
 .UNSPECIFIED., .F., .F., .F. ) 
 B_SPLINE_SURFACE_WITH_KNOTS ( ( 4, 4 ),
 ( 2, 2 ),
 ( 0.0000000000000000000, 1.000000000000000000 ),
 ( 0.0000000000000000000, 1.000000000000000000 ),
 .UNSPECIFIED. ) 
 GEOMETRIC_REPRESENTATION_ITEM ( )  RATIONAL_B_SPLINE_SURFACE ( (
 ( 1.000000000000000000, 1.000000000000000000),
 ( 0.3333333333333335400, 0.3333333333333335400),
 ( 0.3333333333333335400, 0.3333333333333335400),
 ( 1.000000000000000000, 1.000000000000000000) ) ) 
 REPRESENTATION_ITEM ( '' )  SURFACE ( )  );
#1863 = CARTESIAN_POINT ( 'NONE',  ( 90.47685507364366200, 9.913448723884378900, 286.4981617400458200 ) ) ;
#1864 = CARTESIAN_POINT ( 'NONE',  ( 66.44453373333341500, -4.488742669600449100, 294.5738576257795700 ) ) ;
#1865 = CARTESIAN_POINT ( 'NONE',  ( 91.09760467303284800, -13.85325172273240600, 294.1104814070578800 ) ) ;
#1866 = CARTESIAN_POINT ( 'NONE',  ( 72.60596410143642700, 1.772514256642526900, 294.5940007553737100 ) ) ;
#1867 = CARTESIAN_POINT ( 'NONE',  ( 90.47669761643432200, 8.420868447262158400, 287.2469205042161800 ) ) ;
#1868 = CARTESIAN_POINT ( 'NONE',  ( 90.47656002959483600, 2.915044662301007800, 287.9011893835000300 ) ) ;
#1869 = CARTESIAN_POINT ( 'NONE',  ( 91.97694448399704500, 7.964453496279007000, 286.0731449871354400 ) ) ;
#1870 = LINE ( 'NONE', #1185, #5260 ) ;
#1871 = CARTESIAN_POINT ( 'NONE',  ( 81.55165577424695300, -0.2607886677233909900, 294.5897613697817400 ) ) ;
#1872 = AXIS2_PLACEMENT_3D ( 'NONE', #4519, #2479, #5083 ) ;
#1873 = CARTESIAN_POINT ( 'NONE',  ( 67.55197120926743500, -0.2562734360464710700, 293.0868241251415600 ) ) ;
#1874 = CARTESIAN_POINT ( 'NONE',  ( 90.47754436682306800, 10.60792122201895700, 283.2203549548569900 ) ) ;
#1875 = CARTESIAN_POINT ( 'NONE',  ( 91.97686816318277200, 9.919487567657737900, 286.4360745653885900 ) ) ;
#1876 = EDGE_LOOP ( 'NONE', ( #4660, #2220, #2753, #255 ) ) ;
#1877 = EDGE_CURVE ( 'NONE', #1938, #1142, #1343, .T. ) ;
#1878 = CARTESIAN_POINT ( 'NONE',  ( 58.47688225561728400, 9.919678688075015000, 286.3655382100000100 ) ) ;
#1879 = CARTESIAN_POINT ( 'NONE',  ( 56.97707084873871300, 9.368934416036777800, 285.4685606312676800 ) ) ;
#1880 = EDGE_CURVE ( 'NONE', #2461, #1905, #4647, .T. ) ;
#1881 = DIRECTION ( 'NONE',  ( 0.0002102900160121958800, 0.003010154495133138600, -0.9999954473636490900 ) ) ;
#1882 = ORIENTED_EDGE ( 'NONE', *, *, #3550, .T. ) ;
#1883 = CALENDAR_DATE ( 2022, 25, 4 ) ;
#1884 = ORIENTED_EDGE ( 'NONE', *, *, #3371, .T. ) ;
#1885 = CARTESIAN_POINT ( 'NONE',  ( 59.22516238495966700, -13.85504799458651900, 294.5441453028358900 ) ) ;
#1886 = CARTESIAN_POINT ( 'NONE',  ( 90.47685603563419900, 7.919304434434783600, 286.4935871711334700 ) ) ;
#1887 = CARTESIAN_POINT ( 'NONE',  ( 67.55165577424696700, -0.2607886677728409900, 294.5868172961871200 ) ) ;
#1888 = CARTESIAN_POINT ( 'NONE',  ( 91.97704150701143500, 8.263519673383486400, 285.6117699084391600 ) ) ;
#1889 = ORIENTED_EDGE ( 'NONE', *, *, #4241, .T. ) ;
#1890 = CARTESIAN_POINT ( 'NONE',  ( 90.47710068442621900, -11.82732184288380100, 285.3302048914584900 ) ) ;
#1891 = CARTESIAN_POINT ( 'NONE',  ( 58.47667267921719500, 8.789333102358897400, 287.3621401883102600 ) ) ;
#1892 = EDGE_LOOP ( 'NONE', ( #4465, #3556, #1587, #3583 ) ) ;
#1893 = CARTESIAN_POINT ( 'NONE',  ( 90.47736973454236400, -13.82344086435723800, 284.0507865970077400 ) ) ;
#1894 = ADVANCED_FACE ( 'NONE', ( #5082 ), #4538, .T. ) ;
#1895 = CARTESIAN_POINT ( 'NONE',  ( 56.97680182704190300, 9.842463916069759100, 286.7478437715377000 ) ) ;
#1896 = B_SPLINE_CURVE_WITH_KNOTS ( 'NONE', 1,
 ( #4963, #2525 ),
 .UNSPECIFIED., .F., .F.,
 ( 2, 2 ),
 ( 0.0000000000000000000, 1.000000000000000000 ),
 .UNSPECIFIED. ) ;
#1897 = EDGE_CURVE ( 'NONE', #3418, #2403, #4568, .T. ) ;
#1898 = ADVANCED_FACE ( 'NONE', ( #2438 ), #4227, .T. ) ;
#1899 = CARTESIAN_POINT ( 'NONE',  ( 90.47707223352431100, 8.491192621125607700, 285.4654979163297000 ) ) ;
#1900 = FACE_OUTER_BOUND ( 'NONE', #1948, .T. ) ;
#1901 = CARTESIAN_POINT ( 'NONE',  ( 58.47688352163347500, 7.919687749126104800, 286.3595179011938400 ) ) ;
#1902 = DIRECTION ( 'NONE',  ( 6.330083013936308800E-007, -0.9999954694747190700, -0.003010154420571780200 ) ) ;
#1903 = CARTESIAN_POINT ( 'NONE',  ( 90.47740995672596400, 5.700627239349100400, 283.8595174206859600 ) ) ;
#1904 = CARTESIAN_POINT ( 'NONE',  ( 91.97709251852673200, 8.795353411341803700, 285.3691940409726700 ) ) ;
#1905 = VERTEX_POINT ( 'NONE', #1455 ) ;
#1906 = CARTESIAN_POINT ( 'NONE',  ( 90.47700005398149900, -12.45788706264350200, 285.8087344407115900 ) ) ;
#1907 = CARTESIAN_POINT ( 'NONE',  ( 56.97682179615924300, 7.962686228024821000, 286.6528843113136400 ) ) ;
#1908 = EDGE_LOOP ( 'NONE', ( #4932, #1022, #1033, #4414 ) ) ;
#1909 = CARTESIAN_POINT ( 'NONE',  ( 56.97685068687399500, -12.55747160276639100, 286.5154998383266000 ) ) ;
#1910 = CARTESIAN_POINT ( 'NONE',  ( 90.47692882651912800, -12.57096998903170100, 286.1474435220045500 ) ) ;
#1911 = CARTESIAN_POINT ( 'NONE',  ( 56.97692330991495200, -12.57983606041812400, 286.1701543402283500 ) ) ;
#1912 = CARTESIAN_POINT ( 'NONE',  ( 90.47688281407600600, 7.919687749126153700, 286.3662472122061900 ) ) ;
#1913 = ORIENTED_EDGE ( 'NONE', *, *, #1642, .T. ) ;
#1914 = CARTESIAN_POINT ( 'NONE',  ( 91.97739647982192000, -13.82305754966806400, 283.9237620745154800 ) ) ;
#1915 = FACE_OUTER_BOUND ( 'NONE', #4543, .T. ) ;
#1916 = CARTESIAN_POINT ( 'NONE',  ( 58.47706541629098400, -12.18747135848783400, 285.4945513553871000 ) ) ;
#1917 = ADVANCED_FACE ( 'NONE', ( #2250 ), #4598, .T. ) ;
#1918 = ORIENTED_EDGE ( 'NONE', *, *, #4316, .T. ) ;
#1919 = CARTESIAN_POINT ( 'NONE',  ( 56.97656789166089200, -8.334904369289992200, 287.8602803988401300 ) ) ;
#1920 = ORIENTED_EDGE ( 'NONE', *, *, #1642, .F. ) ;
#1921 = CARTESIAN_POINT ( 'NONE',  ( 59.13707363028455400, 11.14935531218086600, 293.1193874089857400 ) ) ;
#1922 = FACE_OUTER_BOUND ( 'NONE', #3264, .T. ) ;
#1923 = ADVANCED_FACE ( 'NONE', ( #2905 ), #2511, .T. ) ;
#1924 = EDGE_CURVE ( 'NONE', #2403, #3653, #1568, .T. ) ;
#1925 = CARTESIAN_POINT ( 'NONE',  ( 90.47692226516619500, -12.57398941091858500, 286.1786448275586300 ) ) ;
#1926 = CARTESIAN_POINT ( 'NONE',  ( 58.47689649830358900, -12.58021937510677200, 286.2978097355938300 ) ) ;
#1927 = CARTESIAN_POINT ( 'NONE',  ( 56.97670338494791100, -11.98300067994439300, 287.2159670229533500 ) ) ;
#1928 = CARTESIAN_POINT ( 'NONE',  ( 90.47689579074973700, -12.58021937510688400, 286.3045390466124300 ) ) ;
#1929 = CARTESIAN_POINT ( 'NONE',  ( 56.97644839788946300, -4.687732115414814200, 288.4285110245750700 ) ) ;
#1930 = FACE_OUTER_BOUND ( 'NONE', #4462, .T. ) ;
#1931 = CARTESIAN_POINT ( 'NONE',  ( 56.97688355480062200, 7.919687749126103100, 286.3592024647407500 ) ) ;
#1932 = ORIENTED_EDGE ( 'NONE', *, *, #554, .F. ) ;
#1933 = CARTESIAN_POINT ( 'NONE',  ( 90.47655828882207600, 5.665032097855005900, 287.9094673078390100 ) ) ;
#1934 = CARTESIAN_POINT ( 'NONE',  ( 91.97755484803319300, 6.340876145480321700, 283.1706712084354600 ) ) ;
#1935 = B_SPLINE_CURVE_WITH_KNOTS ( 'NONE', 3,
 ( #1582, #2407, #5267, #4095, #2836, #3278, #5314, #3295, #339, #763, #1175, #7 ),
 .UNSPECIFIED., .F., .F.,
 ( 4, 2, 2, 2, 2, 4 ),
 ( 0.0000000000000000000, 0.1250000000000365500, 0.2500000000000731100, 0.5000000000000487400, 0.7500000000000243100, 1.000000000000000000 ),
 .UNSPECIFIED. ) ;
#1936 = CARTESIAN_POINT ( 'NONE',  ( 90.47708969488343200, -11.96029267838510500, 285.3824636385023700 ) ) ;
#1937 = EDGE_CURVE ( 'NONE', #3540, #3021, #3574, .T. ) ;
#1938 = VERTEX_POINT ( 'NONE', #4224 ) ;
#1939 = CARTESIAN_POINT ( 'NONE',  ( 58.47679187732637700, -10.71019190407170500, 286.7953155307204700 ) ) ;
#1940 = CARTESIAN_POINT ( 'NONE',  ( 91.97752616795030200, 10.75706356541850500, 283.3070540613704200 ) ) ;
#1941 = FACE_OUTER_BOUND ( 'NONE', #3584, .T. ) ;
#1942 = CARTESIAN_POINT ( 'NONE',  ( 90.47708817768585700, -11.97748203812561500, 285.3896783921352900 ) ) ;
#1943 = B_SPLINE_CURVE_WITH_KNOTS ( 'NONE', 3,
 ( #4284, #2804, #3766, #4305, #3233, #1996, #3720, #2879, #2924, #3266, #4919, #3736, #4518, #2455, #15, #771, #5279, #4936, #4047, #1619, #4472, #3286 ),
 .UNSPECIFIED., .F., .F.,
 ( 4, 2, 2, 2, 2, 2, 2, 2, 2, 2, 4 ),
 ( 0.0000000000000000000, 0.1250000000000000000, 0.1875000000000000000, 0.2187500000000000000, 0.2500000000000000000, 0.5000000000000000000, 0.6250000000000000000, 0.6875000000000000000, 0.7187500000000000000, 0.7500000000000000000, 1.000000000000000000 ),
 .UNSPECIFIED. ) ;
#1944 = EDGE_CURVE ( 'NONE', #3786, #1569, #3752, .T. ) ;
#1945 = ORIENTED_EDGE ( 'NONE', *, *, #1924, .T. ) ;
#1946 = CARTESIAN_POINT ( 'NONE',  ( 91.97747305633930600, -13.69347739643580800, 283.5596165471493500 ) ) ;
#1947 = CARTESIAN_POINT ( 'NONE',  ( 56.97635630433443800, -4.589390389994028900, 288.8664449669314500 ) ) ;
#1948 = EDGE_LOOP ( 'NONE', ( #2355, #209, #4950, #3742, #617, #1123, #5017, #365, #2931, #1581, #5308, #16, #4675, #2110, #4461, #933, #1084, #3613, #4999, #292, #3207 ) ) ;
#1949 = EDGE_CURVE ( 'NONE', #1100, #1025, #587, .T. ) ;
#1950 = CARTESIAN_POINT ( 'NONE',  ( 91.97679022833182200, -10.70256074865789700, 286.8066793978170500 ) ) ;
#1951 = CARTESIAN_POINT ( 'NONE',  ( 59.22546199477151400, 11.14935525623054800, 293.1194059960922700 ) ) ;
#1952 = CARTESIAN_POINT ( 'NONE',  ( 61.97516258105104500, -14.11391396266824200, 294.5439443729453000 ) ) ;
#1953 = CARTESIAN_POINT ( 'NONE',  ( 91.97708201488877900, 9.231099133458503300, 285.4191421570560000 ) ) ;
#1954 = CARTESIAN_POINT ( 'NONE',  ( 91.97707870716699600, -12.06947275827251400, 285.4348714188930700 ) ) ;
#1955 = LINE ( 'NONE', #1689, #3088 ) ;
#1956 = CARTESIAN_POINT ( 'NONE',  ( 56.97635003705595800, 1.910564528153998200, 288.8962478553468700 ) ) ;
#1957 = EDGE_CURVE ( 'NONE', #2982, #3418, #2054, .T. ) ;
#1958 = AXIS2_PLACEMENT_3D ( 'NONE', #5326, #579, #1762 ) ;
#1959 = B_SPLINE_CURVE_WITH_KNOTS ( 'NONE', 3,
 ( #4426, #1138, #744, #2795 ),
 .UNSPECIFIED., .F., .F.,
 ( 4, 4 ),
 ( 0.0000000000000000000, 1.000000000000000000 ),
 .UNSPECIFIED. ) ;
#1960 = CARTESIAN_POINT ( 'NONE',  ( 90.47709255169344500, 8.795353411341805500, 285.3688786045195200 ) ) ;
#1961 = VERTEX_POINT ( 'NONE', #1386 ) ;
#1962 = CARTESIAN_POINT ( 'NONE',  ( 90.47735390540890400, 11.16431616000719300, 284.1260591396060700 ) ) ;
#1963 = ORIENTED_EDGE ( 'NONE', *, *, #1857, .F. ) ;
#1964 = CARTESIAN_POINT ( 'NONE',  ( 65.18327175077313000, -5.219960049034041200, 294.5713913064781200 ) ) ;
#1965 = CARTESIAN_POINT ( 'NONE',  ( 91.97744142502584500, 5.761003670240627100, 283.7100334336525400 ) ) ;
#1966 = CARTESIAN_POINT ( 'NONE',  ( 74.55165577424696700, 6.739211332227169400, 294.6093605103035300 ) ) ;
#1967 = CARTESIAN_POINT ( 'NONE',  ( 56.97656077031737000, 2.915044662301103700, 287.8941446360469200 ) ) ;
#1968 = EDGE_LOOP ( 'NONE', ( #3927, #943, #3356, #3921 ) ) ;
#1969 = B_SPLINE_CURVE_WITH_KNOTS ( 'NONE', 1,
 ( #396, #1611 ),
 .UNSPECIFIED., .F., .F.,
 ( 2, 2 ),
 ( 0.0000000000000000000, 1.000000000000000000 ),
 .UNSPECIFIED. ) ;
#1970 = CARTESIAN_POINT ( 'NONE',  ( 56.97703484061646200, -12.33406279466943000, 285.6397906270167900 ) ) ;
#1971 = CARTESIAN_POINT ( 'NONE',  ( 89.81386551713593700, -13.85053252267075600, 293.0505845942645900 ) ) ;
#1972 = CARTESIAN_POINT ( 'NONE',  ( 58.47669878641627900, -11.23095813476114400, 287.2379922115251800 ) ) ;
#1973 = FACE_OUTER_BOUND ( 'NONE', #3300, .T. ) ;
#1974 = CARTESIAN_POINT ( 'NONE',  ( 56.97672831495182100, -12.18848360909065300, 287.0974169801368700 ) ) ;
#1975 = B_SPLINE_CURVE_WITH_KNOTS ( 'NONE', 3,
 ( #3039, #4765, #2315, #230, #2270, #1907, #1031, #3949, #1465, #272, #1450, #3169, #1059, #3920, #1043, #3980, #243, #2285, #3140, #4386, #3563, #1860 ),
 .UNSPECIFIED., .F., .F.,
 ( 4, 2, 2, 2, 2, 2, 2, 2, 2, 2, 4 ),
 ( 0.0000000000000000000, 0.1250000000000000000, 0.1875000000000000000, 0.2187500000000000000, 0.2500000000000000000, 0.5000000000000000000, 0.6250000000000000000, 0.6875000000000000000, 0.7187500000000000000, 0.7500000000000000000, 1.000000000000000000 ),
 .UNSPECIFIED. ) ;
#1976 = VERTEX_POINT ( 'NONE', #3040 ) ;
#1977 = CARTESIAN_POINT ( 'NONE',  ( 58.56519565582527800, -13.84868161760142500, 292.6632076669945900 ) ) ;
#1978 = FACE_BOUND ( 'NONE', #1380, .T. ) ;
#1979 = DIRECTION ( 'NONE',  ( 0.0000000000000000000, 0.0000000000000000000, 1.000000000000000000 ) ) ;
#1980 = CARTESIAN_POINT ( 'NONE',  ( 90.47688117301967700, -10.58041955658339200, 286.3740509634375300 ) ) ;
#1981 = CARTESIAN_POINT ( 'NONE',  ( 79.31323928866132200, -7.903971549429091900, 294.5662833850364600 ) ) ;
#1982 = CARTESIAN_POINT ( 'NONE',  ( 90.47738507664924200, 11.15213258337050600, 283.9778300441265600 ) ) ;
#1983 = CARTESIAN_POINT ( 'NONE',  ( 91.97675524759878800, 8.119123221345320800, 286.9730238322686700 ) ) ;
#1984 = CARTESIAN_POINT ( 'NONE',  ( 90.09468675896243900, -13.84994354316519600, 292.9610071537476300 ) ) ;
#1985 = CARTESIAN_POINT ( 'NONE',  ( 74.39833699692208300, 4.544560254602411800, 294.6027219998903800 ) ) ;
#1986 = CARTESIAN_POINT ( 'NONE',  ( 90.47603768487961400, -2.424786439250876200, 290.3851034898128200 ) ) ;
#1987 = CARTESIAN_POINT ( 'NONE',  ( 91.97561898761549100, 11.15244577932965300, 292.3762989469145700 ) ) ;
#1988 = CARTESIAN_POINT ( 'NONE',  ( 58.47756282903827700, -13.22070352737547900, 283.1291966315334900 ) ) ;
#1989 = CARTESIAN_POINT ( 'NONE',  ( 89.72525103036964800, 11.14634391486635700, 294.1258153143580200 ) ) ;
#1990 = CARTESIAN_POINT ( 'NONE',  ( 56.97603567685656100, 1.909781422476999100, 290.3911298958468600 ) ) ;
#1991 = CARTESIAN_POINT ( 'NONE',  ( 56.97757791674607100, -9.320451097237011600, 283.0572920970469100 ) ) ;
#1992 = EDGE_CURVE ( 'NONE', #238, #5259, #4533, .T. ) ;
#1993 = VECTOR ( 'NONE', #4897, 1000.000000000000100 ) ;
#1994 = AXIS2_PLACEMENT_3D ( 'NONE', #4400, #750, #3217 ) ;
#1995 = CARTESIAN_POINT ( 'NONE',  ( 91.97692223199948100, -12.57398941091858500, 286.1789602640116600 ) ) ;
#1996 = CARTESIAN_POINT ( 'NONE',  ( 91.97668127171944300, 8.623255396122258900, 287.3248025042756800 ) ) ;
#1997 = ORIENTED_EDGE ( 'NONE', *, *, #364, .F. ) ;
#1998 =( NAMED_UNIT ( * ) SI_UNIT ( $, .STERADIAN. ) SOLID_ANGLE_UNIT ( ) );
#1999 = CARTESIAN_POINT ( 'NONE',  ( 90.47689452473171900, -10.58022843615999900, 286.3105593555000000 ) ) ;
#2000 = CARTESIAN_POINT ( 'NONE',  ( 56.97710618847872900, -11.57721375115001400, 285.3005090062469000 ) ) ;
#2001 = CARTESIAN_POINT ( 'NONE',  ( 91.97603490392006600, 1.908276345234806400, 290.3984855491891000 ) ) ;
#2002 = CARTESIAN_POINT ( 'NONE',  ( 91.97603627757830200, -0.2578787776974325000, 290.3919533703594900 ) ) ;
#2003 = CARTESIAN_POINT ( 'NONE',  ( 90.47603493708669500, 1.908276345234797900, 290.3981701127360700 ) ) ;
#2004 = B_SPLINE_CURVE_WITH_KNOTS ( 'NONE', 3,
 ( #3470, #191, #605, #3856, #1771, #1005, #4655, #4637, #973, #5075, #1378, #533, #158, #1346, #5058, #4215, #3053, #3430, #940, #3837, #141, #1839 ),
 .UNSPECIFIED., .F., .F.,
 ( 4, 2, 2, 2, 2, 2, 2, 2, 2, 2, 4 ),
 ( 0.0000000000000000000, 0.1250000000000000000, 0.1875000000000000000, 0.2187500000000000000, 0.2500000000000000000, 0.5000000000000000000, 0.6250000000000000000, 0.6875000000000000000, 0.7187500000000000000, 0.7500000000000000000, 1.000000000000000000 ),
 .UNSPECIFIED. ) ;
#2005 = CARTESIAN_POINT ( 'NONE',  ( 91.97707984277738500, 9.260939193645628000, 285.4294712329106000 ) ) ;
#2006 = CARTESIAN_POINT ( 'NONE',  ( 91.97655985672207600, -5.324574400407462900, 287.9021691662979400 ) ) ;
#2007 = CARTESIAN_POINT ( 'NONE',  ( 91.53496107465512900, 11.14819836813158600, 293.7485495272700300 ) ) ;
#2008 = CARTESIAN_POINT ( 'NONE',  ( 91.97709243791911100, 8.922693373085950300, 285.3695773556842100 ) ) ;
#2009 = AXIS2_PLACEMENT_3D ( 'NONE', #2514, #1366, #1419 ) ;
#2010 = CARTESIAN_POINT ( 'NONE',  ( 56.97614046358968700, 1.910042457702665600, 289.8928358823467300 ) ) ;
#2011 = VECTOR ( 'NONE', #175, 1000.000000000000100 ) ;
#2012 = CARTESIAN_POINT ( 'NONE',  ( 56.97756749371573200, -9.012045336856861200, 283.1068568984496200 ) ) ;
#2013 = VECTOR ( 'NONE', #2773, 1000.000000000000100 ) ;
#2014 = EDGE_LOOP ( 'NONE', ( #1232, #5110, #4452, #1726 ) ) ;
#2015 = B_SPLINE_CURVE_WITH_KNOTS ( 'NONE', 3,
 ( #4957, #491, #896, #1274 ),
 .UNSPECIFIED., .F., .F.,
 ( 4, 4 ),
 ( 0.0000000000000000000, 1.000000000000000000 ),
 .UNSPECIFIED. ) ;
#2016 = EDGE_CURVE ( 'NONE', #1664, #5220, #707, .T. ) ;
#2017 = ORIENTED_EDGE ( 'NONE', *, *, #1145, .F. ) ;
#2018 = CARTESIAN_POINT ( 'NONE',  ( 90.47688154806023400, 9.919678688075418200, 286.3722675210124200 ) ) ;
#2019 =( BOUNDED_CURVE ( )  B_SPLINE_CURVE ( 3, ( #4290, #611, #2253, #1871 ),
 .UNSPECIFIED., .F., .F. ) 
 B_SPLINE_CURVE_WITH_KNOTS ( ( 4, 4 ),
 ( 5.975432427903119900E-015, 3.141592653589798900 ),
 .UNSPECIFIED. ) 
 CURVE ( )  GEOMETRIC_REPRESENTATION_ITEM ( )  RATIONAL_B_SPLINE_CURVE ( ( 1.000000000000000000, 0.3333333333333333700, 0.3333333333333333700, 1.000000000000000000 ) ) 
 REPRESENTATION_ITEM ( '' )  );
#2020 = APPLICATION_CONTEXT ( 'configuration controlled 3d designs of mechanical parts and assemblies' ) ;
#2021 = CARTESIAN_POINT ( 'NONE',  ( 90.47684870976439700, -10.60428825106322400, 286.5284239959694900 ) ) ;
#2022 = CARTESIAN_POINT ( 'NONE',  ( 79.31355472368180400, -7.899456317702722600, 293.0662902139909000 ) ) ;
#2023 = EDGE_CURVE ( 'NONE', #2554, #2281, #4952, .T. ) ;
#2024 = CARTESIAN_POINT ( 'NONE',  ( 72.35700469664833200, -7.107469890447945600, 294.5672181556652200 ) ) ;
#2025 = CARTESIAN_POINT ( 'NONE',  ( 91.97757457473461800, -13.03844078438830100, 283.0768645123771400 ) ) ;
#2026 = CARTESIAN_POINT ( 'NONE',  ( 91.97694448399704500, 7.964453496279007000, 286.0731449871354400 ) ) ;
#2027 = CARTESIAN_POINT ( 'NONE',  ( 91.97640922599328000, -4.612764031998877600, 288.6184658592881600 ) ) ;
#2028 = CARTESIAN_POINT ( 'NONE',  ( 90.47668681278636900, -11.74032958817123200, 287.2982952625182000 ) ) ;
#2029 = ORIENTED_EDGE ( 'NONE', *, *, #1187, .F. ) ;
#2030 = CARTESIAN_POINT ( 'NONE',  ( 90.47668486772373300, -11.58323406011994000, 287.3075446483874200 ) ) ;
#2031 = CARTESIAN_POINT ( 'NONE',  ( 86.97546080752000800, 11.14935565713923900, 293.1252415717273700 ) ) ;
#2032 = CARTESIAN_POINT ( 'NONE',  ( 56.97678577441411800, -10.72738611399329900, 286.8241790879386000 ) ) ;
#2033 = CARTESIAN_POINT ( 'NONE',  ( 58.47756299211652500, 6.429368322625294700, 283.1284211419820200 ) ) ;
#2034 = VERTEX_POINT ( 'NONE', #1741 ) ;
#2035 = CARTESIAN_POINT ( 'NONE',  ( 91.97669209544861200, 9.348173816076334600, 287.2733322533234200 ) ) ;
#2036 = CARTESIAN_POINT ( 'NONE',  ( 91.97672677403596700, -10.97677286312594800, 287.1084246170596500 ) ) ;
#2037 = CARTESIAN_POINT ( 'NONE',  ( 91.97710541458931700, -11.57721375114995200, 285.3078691901241100 ) ) ;
#2038 = DIRECTION ( 'NONE',  ( -0.0002102900159831502400, -0.003010182248441230000, 0.9999954472801065900 ) ) ;
#2039 = MECHANICAL_CONTEXT ( 'NONE', #2020, 'mechanical' ) ;
#2040 = CARTESIAN_POINT ( 'NONE',  ( 61.97546113259338800, 11.14934343976320700, 293.1199843187387700 ) ) ;
#2041 = CARTESIAN_POINT ( 'NONE',  ( 82.50577447295421500, -8.122465448357118600, 293.0662902139909000 ) ) ;
#2042 = CARTESIAN_POINT ( 'NONE',  ( 90.47755701549412800, 6.370777848850647000, 283.1602065288757300 ) ) ;
#2043 = AXIS2_PLACEMENT_3D ( 'NONE', #592, #3510, #4306 ) ;
#2044 = ORIENTED_EDGE ( 'NONE', *, *, #346, .F. ) ;
#2045 = CARTESIAN_POINT ( 'NONE',  ( 79.31323928856312500, 1.995523387084408200, 294.5960825297759700 ) ) ;
#2046 = CARTESIAN_POINT ( 'NONE',  ( 90.47561902078220400, 11.15244577932965300, 292.3759835104615400 ) ) ;
#2047 = B_SPLINE_CURVE_WITH_KNOTS ( 'NONE', 3,
 ( #4076, #4484, #2551, #2683 ),
 .UNSPECIFIED., .F., .F.,
 ( 4, 4 ),
 ( 0.0000000000000000000, 1.000000000000000000 ),
 .UNSPECIFIED. ) ;
#2048 = CARTESIAN_POINT ( 'NONE',  ( 90.47671059310452800, -12.07903867695826600, 287.1852123386358900 ) ) ;
#2049 = CARTESIAN_POINT ( 'NONE',  ( 90.47735390540890400, 11.16431616000719300, 284.1260591396060700 ) ) ;
#2050 = CARTESIAN_POINT ( 'NONE',  ( 56.97748966987163000, 10.94628907755139300, 283.4769338572752400 ) ) ;
#2051 = DIRECTION ( 'NONE',  ( 0.0002102900160122139300, 0.003010154466560725500, -0.9999954473637350200 ) ) ;
#2052 = CARTESIAN_POINT ( 'NONE',  ( 90.47756093845417500, -8.937830090797909600, 283.1415516148155100 ) ) ;
#2053 = ORIENTED_EDGE ( 'NONE', *, *, #1761, .F. ) ;
#2054 = LINE ( 'NONE', #2176, #4951 ) ;
#2055 = EDGE_CURVE ( 'NONE', #2373, #918, #291, .T. ) ;
#2056 = CARTESIAN_POINT ( 'NONE',  ( 91.97671512076023200, -11.06169307349724700, 287.1638396239073400 ) ) ;
#2057 = CARTESIAN_POINT ( 'NONE',  ( 56.97682532689248100, -12.52236291705510900, 286.6360945605371700 ) ) ;
#2058 = CARTESIAN_POINT ( 'NONE',  ( 91.97698503251827200, 9.792676456487392000, 285.8803239611988800 ) ) ;
#2059 = CARTESIAN_POINT ( 'NONE',  ( 59.22547781998014900, -13.85053276286015100, 293.0441521317903800 ) ) ;
#2060 = CARTESIAN_POINT ( 'NONE',  ( 91.97653361374149500, 2.409408506659126200, 288.0269628279645000 ) ) ;
#2061 = LINE ( 'NONE', #5254, #1816 ) ;
#2062 = CARTESIAN_POINT ( 'NONE',  ( 90.47700353889253200, 9.741621758798620700, 285.7921625881287500 ) ) ;
#2063 = CARTESIAN_POINT ( 'NONE',  ( 79.31355472358360700, 2.000038618810778200, 293.0960893587304100 ) ) ;
#2064 = EDGE_CURVE ( 'NONE', #2682, #2186, #3659, .T. ) ;
#2065 = CARTESIAN_POINT ( 'NONE',  ( 90.47710544775628700, -11.57721375114995300, 285.3075537536710700 ) ) ;
#2066 = CARTESIAN_POINT ( 'NONE',  ( 72.60627953624431500, -8.122465448455280100, 293.0642084395875600 ) ) ;
#2067 = CARTESIAN_POINT ( 'NONE',  ( 90.47686901230443400, -12.58060268980056400, 286.4318790055262400 ) ) ;
#2068 = ORIENTED_EDGE ( 'NONE', *, *, #3249, .T. ) ;
#2069 = CARTESIAN_POINT ( 'NONE',  ( 90.83277466178201100, 11.14595494201067000, 294.3571345508687500 ) ) ;
#2070 = CARTESIAN_POINT ( 'NONE',  ( 58.47754981290551500, -13.34197622704100700, 283.1910924540190400 ) ) ;
#2071 = CARTESIAN_POINT ( 'NONE',  ( 79.53656385423801100, 5.192258368083181500, 293.1057453738769100 ) ) ;
#2072 = ORIENTED_EDGE ( 'NONE', *, *, #1683, .T. ) ;
#2073 = CARTESIAN_POINT ( 'NONE',  ( 58.47743209800698600, 5.741413579466139600, 283.7508639765068800 ) ) ;
#2074 = CARTESIAN_POINT ( 'NONE',  ( 56.97698690976194800, 8.049651217039228300, 285.8677169784319300 ) ) ;
#2075 = ORIENTED_EDGE ( 'NONE', *, *, #3205, .T. ) ;
#2076 = CARTESIAN_POINT ( 'NONE',  ( 79.31323928866132200, -7.903971549429091900, 294.5662833850364600 ) ) ;
#2077 = CARTESIAN_POINT ( 'NONE',  ( 91.97736970137799500, -13.82344086436000000, 284.0511020334530500 ) ) ;
#2078 = CARTESIAN_POINT ( 'NONE',  ( 91.97707878103707900, 9.274584701550834300, 285.4345201433025600 ) ) ;
#2079 = CARTESIAN_POINT ( 'NONE',  ( 91.97680178418900700, -12.47656433718101500, 286.7517276469246800 ) ) ;
#2080 = APPROVAL_DATE_TIME ( #3530, #1833 ) ;
#2081 = ORIENTED_EDGE ( 'NONE', *, *, #4214, .F. ) ;
#2082 = CARTESIAN_POINT ( 'NONE',  ( 90.47667928649018200, 8.653231580909416500, 287.3340851782739400 ) ) ;
#2083 = VECTOR ( 'NONE', #2698, 1000.000000000000100 ) ;
#2084 = B_SPLINE_CURVE_WITH_KNOTS ( 'NONE', 3,
 ( #2811, #3685, #1576, #4899, #2367, #1605, #1557, #759, #2420, #1950, #4859, #3210, #5229, #1135, #1188, #4068, #5306, #1118, #2829, #1592, #3196, #4842 ),
 .UNSPECIFIED., .F., .F.,
 ( 4, 2, 2, 2, 2, 2, 2, 2, 2, 2, 4 ),
 ( 0.0000000000000000000, 0.1250000000000000000, 0.1875000000000000000, 0.2187500000000000000, 0.2500000000000000000, 0.5000000000000000000, 0.6250000000000000000, 0.6875000000000000000, 0.7187500000000000000, 0.7500000000000000000, 1.000000000000000000 ),
 .UNSPECIFIED. ) ;
#2085 = CARTESIAN_POINT ( 'NONE',  ( 69.63706891762630800, -4.707236568528478500, 293.0738644547340600 ) ) ;
#2086 = CARTESIAN_POINT ( 'NONE',  ( 56.97753819279650900, -13.42689643741645800, 283.2461920244131800 ) ) ;
#2087 = CARTESIAN_POINT ( 'NONE',  ( 58.47747002237588300, 11.01450177105147800, 283.5705216235264700 ) ) ;
#2088 = ORIENTED_EDGE ( 'NONE', *, *, #3099, .F. ) ;
#2089 = CARTESIAN_POINT ( 'NONE',  ( 91.97757714285664600, -9.320451097237162600, 283.0646522809530600 ) ) ;
#2090 = EDGE_CURVE ( 'NONE', #253, #1046, #3568, .T. ) ;
#2091 = B_SPLINE_CURVE_WITH_KNOTS ( 'NONE', 3,
 ( #2003, #5, #2887, #1240 ),
 .UNSPECIFIED., .F., .F.,
 ( 4, 4 ),
 ( 0.0001157622945542994600, 0.9999999229897531500 ),
 .UNSPECIFIED. ) ;
#2092 = CARTESIAN_POINT ( 'NONE',  ( 66.44484916856649200, 5.415267498950104400, 293.1036635994746000 ) ) ;
#2093 = CARTESIAN_POINT ( 'NONE',  ( 58.47754595772800500, 6.232603240592926100, 283.2094250398500900 ) ) ;
#2094 = CARTESIAN_POINT ( 'NONE',  ( 56.97671337079733400, 9.526930671471340900, 287.1684811538020800 ) ) ;
#2095 = CARTESIAN_POINT ( 'NONE',  ( 91.97671055993781400, -12.07903867695826400, 287.1855277750889300 ) ) ;
#2096 = ADVANCED_FACE ( 'NONE', ( #3624 ), #4521, .T. ) ;
#2097 = CARTESIAN_POINT ( 'NONE',  ( 56.97690861716645800, -10.58003731574239700, 286.2400230000142200 ) ) ;
#2098 = CARTESIAN_POINT ( 'NONE',  ( 58.47691030007784000, 7.920071063817299100, 286.2321779422652000 ) ) ;
#2099 = VERTEX_POINT ( 'NONE', #4323 ) ;
#2100 = CARTESIAN_POINT ( 'NONE',  ( 90.47707881420382100, 9.274584701550836000, 285.4342047068495800 ) ) ;
#2101 = CARTESIAN_POINT ( 'NONE',  ( 90.47637766413129200, 1.911457021897814900, 288.7683947638264500 ) ) ;
#2102 = VERTEX_POINT ( 'NONE', #706 ) ;
#2103 = CARTESIAN_POINT ( 'NONE',  ( 91.97756614724940500, -13.17271116574919400, 283.1169398663971600 ) ) ;
#2104 = CARTESIAN_POINT ( 'NONE',  ( 72.82928866689871900, -4.930245699182878000, 293.0738644547340100 ) ) ;
#2105 = CARTESIAN_POINT ( 'NONE',  ( 90.47707972237553500, -11.08140913428388300, 285.4298860634426700 ) ) ;
#2106 = EDGE_CURVE ( 'NONE', #1133, #3716, #4044, .T. ) ;
#2107 = CARTESIAN_POINT ( 'NONE',  ( 90.47710544775628700, -11.57721375114995300, 285.3075537536710700 ) ) ;
#2108 = CARTESIAN_POINT ( 'NONE',  ( 91.97737957154437500, -8.323274661829611200, 284.0041662748149100 ) ) ;
#2109 = CARTESIAN_POINT ( 'NONE',  ( 56.97706811458806400, 8.426161266238121800, 285.4815623812268700 ) ) ;
#2110 = ORIENTED_EDGE ( 'NONE', *, *, #2451, .F. ) ;
#2111 = VERTEX_POINT ( 'NONE', #5223 ) ;
#2112 = LINE ( 'NONE', #3173, #1018 ) ;
#2113 = CARTESIAN_POINT ( 'NONE',  ( 58.47756528843760300, -8.982205276673006700, 283.1175014107573700 ) ) ;
#2114 = DIRECTION ( 'NONE',  ( -6.330083110152420300E-007, 0.9999954694747397200, 0.003010154413707754400 ) ) ;
#2115 = CARTESIAN_POINT ( 'NONE',  ( 86.97547793303223800, -13.85053102237735000, 293.0499877114994500 ) ) ;
#2116 = CARTESIAN_POINT ( 'NONE',  ( 90.47680181735572100, -12.47656433718101500, 286.7514122104716400 ) ) ;
#2117 = CARTESIAN_POINT ( 'NONE',  ( 91.97696207293351700, 9.844768801591007100, 285.9895040386862800 ) ) ;
#2118 = CARTESIAN_POINT ( 'NONE',  ( 56.97702359711784900, -10.77395535316180600, 285.6932570141251500 ) ) ;
#2119 = ORIENTED_EDGE ( 'NONE', *, *, #2791, .T. ) ;
#2120 = CARTESIAN_POINT ( 'NONE',  ( 91.97637763090141000, 1.911456977579509400, 288.7687105006095900 ) ) ;
#2121 = CARTESIAN_POINT ( 'NONE',  ( 58.47696398337601000, 7.996902521131372200, 285.9768969032081700 ) ) ;
#2122 = CARTESIAN_POINT ( 'NONE',  ( 91.97756701472378900, 6.679476414358933100, 283.1128147516789100 ) ) ;
#2123 = CARTESIAN_POINT ( 'NONE',  ( 91.97736970137799500, -13.82344086436001100, 284.0511020334569700 ) ) ;
#2124 = B_SPLINE_CURVE_WITH_KNOTS ( 'NONE', 3,
 ( #1116, #2378, #4377, #248 ),
 .UNSPECIFIED., .F., .F.,
 ( 4, 4 ),
 ( 0.1033359426890642800, 1.000000000000000000 ),
 .UNSPECIFIED. ) ;
#2125 = CARTESIAN_POINT ( 'NONE',  ( 91.97707668504652600, 8.539614445839607300, 285.4444872404911300 ) ) ;
#2126 = CARTESIAN_POINT ( 'NONE',  ( 90.47710544775603100, -11.57721375114999800, 285.3075537537000600 ) ) ;
#2127 = CARTESIAN_POINT ( 'NONE',  ( 56.97743533021357400, -13.77387606187396500, 283.7353360959920700 ) ) ;
#2128 = DIRECTION ( 'NONE',  ( 6.330083045038702200E-007, -0.9999954694746947500, -0.003010154428575169800 ) ) ;
#2129 = DIRECTION ( 'NONE',  ( 0.0002102900136559410600, 0.003010154484246531000, -0.9999954473636824000 ) ) ;
#2130 = ADVANCED_FACE ( 'NONE', ( #310 ), #1062, .T. ) ;
#2131 = CARTESIAN_POINT ( 'NONE',  ( 82.50545903793373300, -8.126980680083494900, 294.5662833850365100 ) ) ;
#2132 = CARTESIAN_POINT ( 'NONE',  ( 56.97746096711435400, -8.427120820181487600, 283.6134245349671800 ) ) ;
#2133 = B_SPLINE_CURVE_WITH_KNOTS ( 'NONE', 3,
 ( #1196, #3710, #4074, #1627 ),
 .UNSPECIFIED., .F., .F.,
 ( 4, 4 ),
 ( 0.1088859573613967700, 0.9999996920879777900 ),
 .UNSPECIFIED. ) ;
#2134 = CARTESIAN_POINT ( 'NONE',  ( 56.97708000067204600, 8.570417447728919700, 285.4250402976225600 ) ) ;
#2135 = CARTESIAN_POINT ( 'NONE',  ( 58.47678196869546200, 9.798312325119608700, 286.8424341994822800 ) ) ;
#2136 = CARTESIAN_POINT ( 'NONE',  ( 56.97669772899655500, 9.413205170963577100, 287.2428628570666500 ) ) ;
#2137 = VERTEX_POINT ( 'NONE', #3170 ) ;
#2138 = CARTESIAN_POINT ( 'NONE',  ( 58.47648363245625800, -4.790910639500918200, 288.2611172486843400 ) ) ;
#2139 = CARTESIAN_POINT ( 'NONE',  ( 90.47690832650543800, 9.920062002766398400, 286.2449275620525700 ) ) ;
#2140 = LINE ( 'NONE', #1234, #11 ) ;
#2141 = EDGE_CURVE ( 'NONE', #1567, #816, #4453, .T. ) ;
#2142 = CARTESIAN_POINT ( 'NONE',  ( 56.97669040827749100, 8.516906444287782200, 287.2776751885550700 ) ) ;
#2143 = CARTESIAN_POINT ( 'NONE',  ( 90.47703314300760300, -10.82242099424684400, 285.6513856703504100 ) ) ;
#2144 = CARTESIAN_POINT ( 'NONE',  ( 76.59330350956733500, 4.395756709003897800, 293.1027288288448200 ) ) ;
#2145 = EDGE_LOOP ( 'NONE', ( #3604, #936, #5305, #4009 ) ) ;
#2146 = CARTESIAN_POINT ( 'NONE',  ( 90.47680225603942000, 7.994597635610351600, 286.7493261309686500 ) ) ;
#2147 = CARTESIAN_POINT ( 'NONE',  ( 90.47589299669624600, -13.84561602431000100, 291.0731415024000100 ) ) ;
#2148 = CARTESIAN_POINT ( 'NONE',  ( 56.97758021288277100, -12.94777520213130700, 283.0463732419543700 ) ) ;
#2149 = CARTESIAN_POINT ( 'NONE',  ( 58.47640500038460900, 1.945504015001779300, 288.6350375853695600 ) ) ;
#2150 = CARTESIAN_POINT ( 'NONE',  ( 56.97708000067204600, 8.570417447728919700, 285.4250402976225600 ) ) ;
#2151 = CARTESIAN_POINT ( 'NONE',  ( 69.41405978718449900, 2.000038619023297900, 293.0940075843281500 ) ) ;
#2152 = CARTESIAN_POINT ( 'NONE',  ( 56.97741983469099800, 5.721236537551961400, 283.8090221992399100 ) ) ;
#2153 = CARTESIAN_POINT ( 'NONE',  ( 82.72878360351042200, 4.969249237428782000, 293.1057453738769700 ) ) ;
#2154 = CARTESIAN_POINT ( 'NONE',  ( 90.47671059310452800, -12.07903867695826400, 287.1852123386358900 ) ) ;
#2155 = CARTESIAN_POINT ( 'NONE',  ( 90.47686819634947100, 9.919487567657739600, 286.4357591289352700 ) ) ;
#2156 = FACE_OUTER_BOUND ( 'NONE', #5286, .T. ) ;
#2157 = ORIENTED_EDGE ( 'NONE', *, *, #4630, .F. ) ;
#2158 = CARTESIAN_POINT ( 'NONE',  ( 56.97708995090952300, -11.19459274471916300, 285.3777237765240200 ) ) ;
#2159 = ORIENTED_EDGE ( 'NONE', *, *, #2824, .T. ) ;
#2160 = CARTESIAN_POINT ( 'NONE',  ( 58.47689523228815000, -10.58022843615723300, 286.3038300444276800 ) ) ;
#2161 = CARTESIAN_POINT ( 'NONE',  ( 56.97744515752847900, 11.08722131759348000, 283.6886041084059100 ) ) ;
#2162 = CARTESIAN_POINT ( 'NONE',  ( 91.97749566686150000, 5.922627370839428800, 283.4520963724826300 ) ) ;
#2163 = CARTESIAN_POINT ( 'NONE',  ( 57.97756555097211600, 10.17946055752000200, 283.1162003992156400 ) ) ;
#2164 = EDGE_CURVE ( 'NONE', #4745, #1855, #1115, .T. ) ;
#2165 = CARTESIAN_POINT ( 'NONE',  ( 90.47652307405952900, -4.971788499441965200, 288.0769246265181200 ) ) ;
#2166 = CARTESIAN_POINT ( 'NONE',  ( 90.47697508277042300, -10.65513832261456900, 285.9274804367184400 ) ) ;
#2167 = CARTESIAN_POINT ( 'NONE',  ( 56.97753819279650900, -13.42689643741645800, 283.2461920244131800 ) ) ;
#2168 = CARTESIAN_POINT ( 'NONE',  ( 56.97637786236801100, 1.917468018600405400, 288.7639297077832900 ) ) ;
#2169 = EDGE_CURVE ( 'NONE', #4632, #2299, #4866, .T. ) ;
#2170 = ORIENTED_EDGE ( 'NONE', *, *, #4780, .F. ) ;
#2171 = VERTEX_POINT ( 'NONE', #3338 ) ;
#2172 = CARTESIAN_POINT ( 'NONE',  ( 56.97754599089472500, 6.232603240592911000, 283.2091096033969400 ) ) ;
#2173 = CARTESIAN_POINT ( 'NONE',  ( 58.47667966039211500, 9.180321492297958100, 287.3289424964862100 ) ) ;
#2174 = CARTESIAN_POINT ( 'NONE',  ( 56.97741033617092700, 5.707935819687769200, 283.8541906623361800 ) ) ;
#2175 = CARTESIAN_POINT ( 'NONE',  ( 58.47692171411299700, -10.58570036877569000, 286.1779006006840400 ) ) ;
#2176 = CARTESIAN_POINT ( 'NONE',  ( 56.97756778861306500, 6.679476414358990000, 283.1054545677469000 ) ) ;
#2177 = VERTEX_POINT ( 'NONE', #3731 ) ;
#2178 = CARTESIAN_POINT ( 'NONE',  ( 58.47667767849262800, 8.666705871079315700, 287.3383670545711100 ) ) ;
#2179 = DIRECTION ( 'NONE',  ( -0.9999999778888543100, -1.930802155177498400E-010, -0.0002102909669656826800 ) ) ;
#2180 = CARTESIAN_POINT ( 'NONE',  ( 56.97572163703053900, -13.84696318288328600, 291.8844884604839600 ) ) ;
#2181 = CARTESIAN_POINT ( 'NONE',  ( 81.39865243194255100, -2.450924513621779000, 293.0831296883230800 ) ) ;
#2182 = CARTESIAN_POINT ( 'NONE',  ( 91.97704150701143500, 8.263519673383486400, 285.6117699084391600 ) ) ;
#2183 = EDGE_CURVE ( 'NONE', #3066, #4208, #3172, .T. ) ;
#2184 = CARTESIAN_POINT ( 'NONE',  ( 56.97749855934487300, -13.62604353539311900, 283.4346616054251100 ) ) ;
#2185 = ADVANCED_FACE ( 'NONE', ( #4310 ), #2600, .F. ) ;
#2186 = VERTEX_POINT ( 'NONE', #609 ) ;
#2187 = CARTESIAN_POINT ( 'NONE',  ( 56.97688355480062200, 7.919687749125997400, 286.3592024647468900 ) ) ;
#2188 = VERTEX_POINT ( 'NONE', #1712 ) ;
#2189 = VERTEX_POINT ( 'NONE', #3891 ) ;
#2190 = CARTESIAN_POINT ( 'NONE',  ( 90.47757209614030700, -9.070483904200202100, 283.0884932929286600 ) ) ;
#2191 = CARTESIAN_POINT ( 'NONE',  ( 58.47740139554863200, 11.15207704320854300, 283.8968638556575000 ) ) ;
#2192 = LINE ( 'NONE', #1952, #1085 ) ;
#2193 = CARTESIAN_POINT ( 'NONE',  ( 56.97683131134603200, 7.949657678073500700, 286.6076365926970800 ) ) ;
#2194 = DIRECTION ( 'NONE',  ( 0.0002102900136559410600, 0.003010154484246530600, -0.9999954473636822900 ) ) ;
#2195 = CARTESIAN_POINT ( 'NONE',  ( 91.97603765187197700, -2.425037285453862400, 290.3854181698236500 ) ) ;
#2196 = CARTESIAN_POINT ( 'NONE',  ( 58.47706223271097100, 9.443357864545236100, 285.5096902827869500 ) ) ;
#2197 = MANIFOLD_SOLID_BREP ( 'shell_1', #3127 ) ;
#2198 = CARTESIAN_POINT ( 'NONE',  ( 56.97680464822350600, -10.67906044747684800, 286.7344281628794000 ) ) ;
#2199 = CARTESIAN_POINT ( 'NONE',  ( 91.97653827969050200, -5.079517487764674900, 288.0047747666549800 ) ) ;
#2200 = PLANE ( 'NONE',  #3347 ) ;
#2201 = CARTESIAN_POINT ( 'NONE',  ( 90.47735739088280100, 5.676470790399005900, 284.1094846081999800 ) ) ;
#2202 = ORIENTED_EDGE ( 'NONE', *, *, #1575, .T. ) ;
#2203 = CARTESIAN_POINT ( 'NONE',  ( 91.97743742441089400, -8.381322240300246300, 283.7290576213624100 ) ) ;
#2204 = CARTESIAN_POINT ( 'NONE',  ( 91.09758876030531400, 11.14661741225005500, 294.1857352767924600 ) ) ;
#2205 = CARTESIAN_POINT ( 'NONE',  ( 91.97745408938227700, 11.05765392196346800, 283.6498104186512700 ) ) ;
#2206 = EDGE_CURVE ( 'NONE', #572, #553, #675, .T. ) ;
#2207 = CARTESIAN_POINT ( 'NONE',  ( 58.47669992875314900, 8.425187566935482800, 287.2325600379302300 ) ) ;
#2208 = ORIENTED_EDGE ( 'NONE', *, *, #4887, .T. ) ;
#2209 = CARTESIAN_POINT ( 'NONE',  ( 58.47672631430106800, -10.97297645276756000, 287.1070884246552700 ) ) ;
#2210 = CARTESIAN_POINT ( 'NONE',  ( 90.47613984522440900, 1.909704640582679900, 289.8992987824524900 ) ) ;
#2211 = CARTESIAN_POINT ( 'NONE',  ( 56.97580768722471600, -13.84628960359668200, 291.4752926077347900 ) ) ;
#2212 = VECTOR ( 'NONE', #5141, 1000.000000000000200 ) ;
#2213 = CARTESIAN_POINT ( 'NONE',  ( 56.97679191049309800, -10.71019190407172100, 286.7950000942673200 ) ) ;
#2214 = CARTESIAN_POINT ( 'NONE',  ( 90.47625006171261900, -4.589579842660319800, 289.3751845686154000 ) ) ;
#2215 = CARTESIAN_POINT ( 'NONE',  ( 91.97698523227612100, -10.67646443537518400, 285.8793740495236200 ) ) ;
#2216 = CARTESIAN_POINT ( 'NONE',  ( 56.97739694968532800, -13.81721090016860900, 283.9178476305110100 ) ) ;
#2217 = EDGE_LOOP ( 'NONE', ( #3335, #360, #4772, #1006, #1737, #3455, #5076, #786, #3186, #271, #138, #1054, #887, #5085, #1098, #2635, #1831, #4804, #845, #580, #1772 ) ) ;
#2218 = CARTESIAN_POINT ( 'NONE',  ( 69.59330350956732000, -2.604243290996113700, 293.0801856147284100 ) ) ;
#2219 = CARTESIAN_POINT ( 'NONE',  ( 82.72846816858812200, -4.934760930811087600, 294.5759394001829600 ) ) ;
#2220 = ORIENTED_EDGE ( 'NONE', *, *, #4468, .T. ) ;
#2221 = CARTESIAN_POINT ( 'NONE',  ( 56.97691033324453300, 7.920071063817280400, 286.2318625058120500 ) ) ;
#2222 = CARTESIAN_POINT ( 'NONE',  ( 90.47747066921680000, -8.442810994352166500, 283.5708103504410400 ) ) ;
#2223 = CARTESIAN_POINT ( 'NONE',  ( 79.20368591929730000, -2.302120968023265000, 294.5831228593686400 ) ) ;
#2224 = CARTESIAN_POINT ( 'NONE',  ( 56.97561976159401100, 11.15230452577106700, 292.3689383378836600 ) ) ;
#2225 = CARTESIAN_POINT ( 'NONE',  ( 91.97681665994869600, 9.870113885591170100, 286.6809887110245000 ) ) ;
#2226 = CARTESIAN_POINT ( 'NONE',  ( 91.97667662121691000, 9.166781155848827500, 287.3469171126710600 ) ) ;
#2227 = DIRECTION ( 'NONE',  ( 6.330083045038702200E-007, -0.9999954694746947500, -0.003010154428575169800 ) ) ;
#2228 = CARTESIAN_POINT ( 'NONE',  ( 91.53497699589696900, -13.85166609473152000, 293.6732956126501200 ) ) ;
#2229 = CARTESIAN_POINT ( 'NONE',  ( 56.97688355480062200, 7.919687749126103100, 286.3592024647407500 ) ) ;
#2230 = CARTESIAN_POINT ( 'NONE',  ( 58.11763089662389300, 11.14592315338408700, 294.3502547646384600 ) ) ;
#2231 = EDGE_LOOP ( 'NONE', ( #4469, #2706, #3297, #5243 ) ) ;
#2232 = CARTESIAN_POINT ( 'NONE',  ( 58.47740139538405700, 11.15207722094612900, 283.8968646458769700 ) ) ;
#2233 = ORIENTED_EDGE ( 'NONE', *, *, #3204, .T. ) ;
#2234 = CARTESIAN_POINT ( 'NONE',  ( 74.55165577427307300, -7.260788667772832400, 294.5672181556652200 ) ) ;
#2235 = VERTEX_POINT ( 'NONE', #479 ) ;
#2236 = CARTESIAN_POINT ( 'NONE',  ( 91.97756090528744700, -8.937830090797909600, 283.1418670512686000 ) ) ;
#2237 = EDGE_CURVE ( 'NONE', #777, #2925, #5209, .T. ) ;
#2238 = CARTESIAN_POINT ( 'NONE',  ( 56.97695349336256500, 9.861822230021525500, 286.0266225121597500 ) ) ;
#2239 = CARTESIAN_POINT ( 'NONE',  ( 58.47708537183260800, -11.14630018671757700, 285.3996564518092800 ) ) ;
#2240 = ORIENTED_EDGE ( 'NONE', *, *, #4300, .F. ) ;
#2241 = CARTESIAN_POINT ( 'NONE',  ( 90.47740066123199700, 11.15210565859011500, 283.9037204305880100 ) ) ;
#2242 = ORIENTED_EDGE ( 'NONE', *, *, #364, .T. ) ;
#2243 = LINE ( 'NONE', #4821, #4169 ) ;
#2244 = EDGE_CURVE ( 'NONE', #3640, #1038, #1537, .T. ) ;
#2245 = CARTESIAN_POINT ( 'NONE',  ( 56.97668479846690600, 9.255273332998299900, 287.3043516097637800 ) ) ;
#2246 = CARTESIAN_POINT ( 'NONE',  ( 56.97704144730255400, 9.580397059750431800, 285.6083737467544100 ) ) ;
#2247 = CARTESIAN_POINT ( 'NONE',  ( 90.47670213779417700, -11.18296577315620000, 287.2254200099411000 ) ) ;
#2248 = EDGE_LOOP ( 'NONE', ( #4824, #3803 ) ) ;
#2249 = CARTESIAN_POINT ( 'NONE',  ( 90.47736973454472300, -13.82344086436000000, 284.0507865970000100 ) ) ;
#2250 = FACE_OUTER_BOUND ( 'NONE', #3906, .T. ) ;
#2251 = VECTOR ( 'NONE', #4504, 1000.000000000000100 ) ;
#2252 = CARTESIAN_POINT ( 'NONE',  ( 58.47691530249922200, 9.911375228942057800, 286.2083898483937800 ) ) ;
#2253 = CARTESIAN_POINT ( 'NONE',  ( 83.74630685187172200, -0.4141074450482759600, 294.5897613697817400 ) ) ;
#2254 = AXIS2_PLACEMENT_3D ( 'NONE', #5103, #984, #622 ) ;
#2255 = CARTESIAN_POINT ( 'NONE',  ( 58.47707882516844800, -11.08572825399583600, 285.4307879077121600 ) ) ;
#2256 = CARTESIAN_POINT ( 'NONE',  ( 58.47752695125451800, 10.75670706081074400, 283.2998068243989000 ) ) ;
#2257 = CARTESIAN_POINT ( 'NONE',  ( 90.47684851229071500, 9.910429301997695000, 286.5293630456010900 ) ) ;
#2258 =( BOUNDED_CURVE ( )  B_SPLINE_CURVE ( 3, ( #4971, #2516, #2153, #463 ),
 .UNSPECIFIED., .F., .F. ) 
 B_SPLINE_CURVE_WITH_KNOTS ( ( 4, 4 ),
 ( -8.881784197001252300E-016, 3.141592653589792700 ),
 .UNSPECIFIED. ) 
 CURVE ( )  GEOMETRIC_REPRESENTATION_ITEM ( )  RATIONAL_B_SPLINE_CURVE ( ( 1.000000000000000000, 0.3333333333333332000, 0.3333333333333332000, 1.000000000000000000 ) ) 
 REPRESENTATION_ITEM ( '' )  );
#2259 = CARTESIAN_POINT ( 'NONE',  ( 90.47670217725674000, 9.438214050770112000, 287.2252323530297000 ) ) ;
#2260 = ORIENTED_EDGE ( 'NONE', *, *, #2595, .T. ) ;
#2261 = CARTESIAN_POINT ( 'NONE',  ( 58.47669769582984100, 9.413205170963593100, 287.2431782935197500 ) ) ;
#2262 = VECTOR ( 'NONE', #3212, 1000.000000000000200 ) ;
#2263 = CARTESIAN_POINT ( 'NONE',  ( 90.47670978575607100, -11.10561604277330600, 287.1890515357308700 ) ) ;
#2264 = EDGE_CURVE ( 'NONE', #623, #2111, #5275, .T. ) ;
#2265 = CARTESIAN_POINT ( 'NONE',  ( 90.47749701305869500, -13.62035793908275100, 283.4455370614113600 ) ) ;
#2266 = ORIENTED_EDGE ( 'NONE', *, *, #4431, .F. ) ;
#2267 = CARTESIAN_POINT ( 'NONE',  ( 56.97589347122130500, 11.15452878056001400, 291.0673626074259300 ) ) ;
#2268 = CARTESIAN_POINT ( 'NONE',  ( 90.47707223352432500, 8.491192621125609500, 285.4654979163297000 ) ) ;
#2269 = PLANE ( 'NONE',  #645 ) ;
#2270 = CARTESIAN_POINT ( 'NONE',  ( 56.97683131134603200, 7.949657678073500700, 286.6076365926970800 ) ) ;
#2271 = CARTESIAN_POINT ( 'NONE',  ( 90.47741192068598100, 11.14007031447395900, 283.8501781705620000 ) ) ;
#2272 = EDGE_LOOP ( 'NONE', ( #2368, #1432, #2292, #2393 ) ) ;
#2273 = CARTESIAN_POINT ( 'NONE',  ( 90.47667665438362400, 9.166781155848827500, 287.3466016762180300 ) ) ;
#2274 = ADVANCED_FACE ( 'NONE', ( #1808 ), #993, .T. ) ;
#2275 = FACE_BOUND ( 'NONE', #1420, .T. ) ;
#2276 = CARTESIAN_POINT ( 'NONE',  ( 56.97667741542736800, 9.134678608117139800, 287.3394602947021200 ) ) ;
#2277 = EDGE_CURVE ( 'NONE', #4013, #151, #3599, .T. ) ;
#2278 = CARTESIAN_POINT ( 'NONE',  ( 89.72516171057024800, -13.85504769844680500, 294.5505591782019800 ) ) ;
#2279 = ORIENTED_EDGE ( 'NONE', *, *, #1213, .T. ) ;
#2280 = CARTESIAN_POINT ( 'NONE',  ( 59.22514655975103900, 11.14484002450417900, 294.6193991671378300 ) ) ;
#2281 = VERTEX_POINT ( 'NONE', #210 ) ;
#2282 = CARTESIAN_POINT ( 'NONE',  ( 90.47674419580225400, 8.161880307247628300, 287.0254208973221400 ) ) ;
#2283 = CARTESIAN_POINT ( 'NONE',  ( 90.47692862904543200, 7.943747564011059300, 286.1483825717100400 ) ) ;
#2284 = CARTESIAN_POINT ( 'NONE',  ( 65.18327175077313000, -5.219960049034065200, 294.5713913064781800 ) ) ;
#2285 = CARTESIAN_POINT ( 'NONE',  ( 56.97669040827749100, 8.516906444287782200, 287.2776751885550700 ) ) ;
#2286 = CARTESIAN_POINT ( 'NONE',  ( 90.47755255977811800, 10.51334341880960300, 283.1813948658474400 ) ) ;
#2287 = ORIENTED_EDGE ( 'NONE', *, *, #372, .T. ) ;
#2288 = CARTESIAN_POINT ( 'NONE',  ( 91.97685504047694800, 9.913448723884378900, 286.4984771764989100 ) ) ;
#2289 = CARTESIAN_POINT ( 'NONE',  ( 56.97679822147424700, 9.835145808234377900, 286.7649893845441500 ) ) ;
#2290 = CARTESIAN_POINT ( 'NONE',  ( 69.41405978718449900, 2.000038619023297900, 293.0940075843281500 ) ) ;
#2291 = EDGE_CURVE ( 'NONE', #585, #4307, #5062, .T. ) ;
#2292 = ORIENTED_EDGE ( 'NONE', *, *, #1469, .T. ) ;
#2293 = ADVANCED_FACE ( 'NONE', ( #3223 ), #1045, .T. ) ;
#2294 = CARTESIAN_POINT ( 'NONE',  ( 91.97667189807798100, 8.853181454771474900, 287.3693771300364700 ) ) ;
#2295 = CARTESIAN_POINT ( 'NONE',  ( 58.47695346019584400, 9.861822230021543200, 286.0269379486127800 ) ) ;
#2296 = CARTESIAN_POINT ( 'NONE',  ( 91.97707220035761100, 8.491192621125609500, 285.4658133527827900 ) ) ;
#2297 = EDGE_CURVE ( 'NONE', #181, #2188, #340, .T. ) ;
#2298 = CARTESIAN_POINT ( 'NONE',  ( 91.97696688762287900, -12.52032549654191500, 285.9666086699723500 ) ) ;
#2299 = VERTEX_POINT ( 'NONE', #1463 ) ;
#2300 = CARTESIAN_POINT ( 'NONE',  ( 91.97742280322138700, 11.12388042295833800, 283.7985859956850700 ) ) ;
#2301 = PLANE ( 'NONE',  #2303 ) ;
#2302 = ORIENTED_EDGE ( 'NONE', *, *, #1349, .F. ) ;
#2303 = AXIS2_PLACEMENT_3D ( 'NONE', #3793, #3814, #2114 ) ;
#2304 = ORIENTED_EDGE ( 'NONE', *, *, #4634, .T. ) ;
#2305 = FACE_OUTER_BOUND ( 'NONE', #3715, .T. ) ;
#2306 = B_SPLINE_CURVE_WITH_KNOTS ( 'NONE', 1,
 ( #2620, #9 ),
 .UNSPECIFIED., .F., .F.,
 ( 2, 2 ),
 ( 0.0000000000000000000, 1.000000000000000000 ),
 .UNSPECIFIED. ) ;
#2307 = CARTESIAN_POINT ( 'NONE',  ( 58.47644836472274200, -4.687732115414798200, 288.4288264610281700 ) ) ;
#2308 = CARTESIAN_POINT ( 'NONE',  ( 91.97742226722117200, -13.79928441540825400, 283.8011348459492100 ) ) ;
#2309 = CARTESIAN_POINT ( 'NONE',  ( 90.47675528076550200, 8.119123221345320800, 286.9727083958156300 ) ) ;
#2310 = CARTESIAN_POINT ( 'NONE',  ( 90.47738416932672600, 5.676854105090186000, 283.9821446492579800 ) ) ;
#2311 = CARTESIAN_POINT ( 'NONE',  ( 79.31355472368180400, -7.899456317702720800, 293.0662902139909000 ) ) ;
#2312 = LINE ( 'NONE', #4541, #2999 ) ;
#2313 = CARTESIAN_POINT ( 'NONE',  ( 91.97695746066725100, -12.53545362795522800, 286.0114368215581100 ) ) ;
#2314 = CARTESIAN_POINT ( 'NONE',  ( 56.97707697423911800, 9.305314379529109600, 285.4394319420629200 ) ) ;
#2315 = CARTESIAN_POINT ( 'NONE',  ( 56.97685707297532800, 7.925159681742205600, 286.4851319084614800 ) ) ;
#2316 = CARTESIAN_POINT ( 'NONE',  ( 58.47689649830432000, -12.58021937511000000, 286.2978097356000300 ) ) ;
#2317 = VERTEX_POINT ( 'NONE', #4810 ) ;
#2318 = CARTESIAN_POINT ( 'NONE',  ( 90.47695119011305600, -12.54505173861777000, 286.0410975692309400 ) ) ;
#2319 = ADVANCED_FACE ( 'NONE', ( #4943 ), #1120, .T. ) ;
#2320 = ORIENTED_EDGE ( 'NONE', *, *, #3807, .T. ) ;
#2321 = B_SPLINE_CURVE_WITH_KNOTS ( 'NONE', 3,
 ( #4312, #1832, #3078, #1850 ),
 .UNSPECIFIED., .F., .F.,
 ( 4, 4 ),
 ( 0.0000000000000000000, 1.000000000000000000 ),
 .UNSPECIFIED. ) ;
#2322 =( BOUNDED_CURVE ( )  B_SPLINE_CURVE ( 3, ( #1147, #773, #2379, #4048 ),
 .UNSPECIFIED., .F., .T. ) 
 B_SPLINE_CURVE_WITH_KNOTS ( ( 4, 4 ),
 ( -8.881784197001252300E-016, 3.141592653589792700 ),
 .UNSPECIFIED. ) 
 CURVE ( )  GEOMETRIC_REPRESENTATION_ITEM ( )  RATIONAL_B_SPLINE_CURVE ( ( 1.000000000000000000, 0.3333333333333332000, 0.3333333333333332000, 1.000000000000000000 ) ) 
 REPRESENTATION_ITEM ( '' )  );
#2323 = CARTESIAN_POINT ( 'NONE',  ( 56.97709402178812600, -11.91581402002116100, 285.3583654629979900 ) ) ;
#2324 = CARTESIAN_POINT ( 'NONE',  ( 90.47709247108419100, 8.922693373085936100, 285.3692619192311200 ) ) ;
#2325 = EDGE_CURVE ( 'NONE', #2463, #3640, #5240, .T. ) ;
#2326 = EDGE_LOOP ( 'NONE', ( #3616, #3177, #2304, #1859 ) ) ;
#2327 = DIRECTION ( 'NONE',  ( 0.9999999778890549300, -6.330054415950437800E-007, 0.0002102890609316775400 ) ) ;
#2328 = LINE ( 'NONE', #4325, #477 ) ;
#2329 = CARTESIAN_POINT ( 'NONE',  ( 58.47698711553525200, -12.48138736379006100, 285.8668961806898200 ) ) ;
#2330 = CARTESIAN_POINT ( 'NONE',  ( 91.97667691744887000, 8.698808418819620400, 287.3455084360890600 ) ) ;
#2331 = CARTESIAN_POINT ( 'NONE',  ( 91.97755380358751200, 6.327200488998802700, 283.1756378775306200 ) ) ;
#2332 = CARTESIAN_POINT ( 'NONE',  ( 56.97642530264582900, 1.977098045437452000, 288.5383362024983300 ) ) ;
#2333 = COORDINATED_UNIVERSAL_TIME_OFFSET ( 8, 0, .AHEAD. ) ;
#2334 = ORIENTED_EDGE ( 'NONE', *, *, #4080, .T. ) ;
#2335 = CARTESIAN_POINT ( 'NONE',  ( 58.47603564353068600, 1.909781422477209600, 290.3914453323022300 ) ) ;
#2336 = CARTESIAN_POINT ( 'NONE',  ( 58.47681860511352200, 7.967394963849284500, 286.6682164598797200 ) ) ;
#2337 = CYLINDRICAL_SURFACE ( 'NONE', #2043, 2.249999999999987100 ) ;
#2338 = EDGE_CURVE ( 'NONE', #4002, #788, #2192, .T. ) ;
#2339 = CARTESIAN_POINT ( 'NONE',  ( 91.97754918481918200, 10.55492450465882100, 283.1976015797528100 ) ) ;
#2340 = ORIENTED_EDGE ( 'NONE', *, *, #1506, .T. ) ;
#2341 = AXIS2_PLACEMENT_3D ( 'NONE', #4346, #1881, #1526 ) ;
#2342 = CARTESIAN_POINT ( 'NONE',  ( 90.47704154017819200, 8.263519673383486400, 285.6114544719862900 ) ) ;
#2343 = CARTESIAN_POINT ( 'NONE',  ( 74.39865243196867100, -9.450924513671219900, 293.0605864742065000 ) ) ;
#2344 = CARTESIAN_POINT ( 'NONE',  ( 58.47708105809176300, -12.07374585797161400, 285.4201696521248000 ) ) ;
#2345 =( BOUNDED_SURFACE ( )  B_SPLINE_SURFACE ( 3, 1, ( 
 ( #2462, #1644 ),
 ( #4034, #3251 ),
 ( #2885, #760 ),
 ( #1238, #743 ) ),
 .UNSPECIFIED., .F., .F., .T. ) 
 B_SPLINE_SURFACE_WITH_KNOTS ( ( 4, 4 ),
 ( 2, 2 ),
 ( 0.0000000000000000000, 1.000000000000000000 ),
 ( 0.0000000000000000000, 1.000000000000000000 ),
 .UNSPECIFIED. ) 
 GEOMETRIC_REPRESENTATION_ITEM ( )  RATIONAL_B_SPLINE_SURFACE ( (
 ( 1.000000000000000000, 1.000000000000000000),
 ( 0.3333333333333332000, 0.3333333333333332000),
 ( 0.3333333333333332000, 0.3333333333333332000),
 ( 1.000000000000000000, 1.000000000000000000) ) ) 
 REPRESENTATION_ITEM ( '' )  SURFACE ( )  );
#2346 = CARTESIAN_POINT ( 'NONE',  ( 90.47668130488615600, 8.623255396122258900, 287.3244870678225900 ) ) ;
#2347 = CARTESIAN_POINT ( 'NONE',  ( 91.97735735771608700, 5.676470790399005900, 284.1098000446530100 ) ) ;
#2348 = B_SPLINE_CURVE_WITH_KNOTS ( 'NONE', 3,
 ( #787, #1202, #3303, #2492 ),
 .UNSPECIFIED., .F., .F.,
 ( 4, 4 ),
 ( 0.0000000000000000000, 1.000000000000000000 ),
 .UNSPECIFIED. ) ;
#2349 = CARTESIAN_POINT ( 'NONE',  ( 91.97708582110762200, 9.170942576965147800, 285.4010423842583500 ) ) ;
#2350 = ADVANCED_FACE ( 'NONE', ( #140 ), #4576, .T. ) ;
#2351 = CARTESIAN_POINT ( 'NONE',  ( 58.47697696004642200, -12.50300460310207000, 285.9151887376245300 ) ) ;
#2352 = ORIENTED_EDGE ( 'NONE', *, *, #102, .F. ) ;
#2353 = CARTESIAN_POINT ( 'NONE',  ( 90.47696064569443300, -12.53065457262396100, 285.9961332930420800 ) ) ;
#2354 = CARTESIAN_POINT ( 'NONE',  ( 56.97668675914472700, -11.45730461360916600, 287.2950279684498000 ) ) ;
#2355 = ORIENTED_EDGE ( 'NONE', *, *, #3642, .F. ) ;
#2356 = CARTESIAN_POINT ( 'NONE',  ( 91.97754433365634000, 10.60792122201895700, 283.2206703913100200 ) ) ;
#2357 = CARTESIAN_POINT ( 'NONE',  ( 91.97670214409002700, 9.438214050770112000, 287.2255477894827900 ) ) ;
#2358 = B_SPLINE_CURVE_WITH_KNOTS ( 'NONE', 3,
 ( #1640, #4187, #4167, #2060, #1701, #2951, #3409, #1659, #468, #4609, #2120, #3368 ),
 .UNSPECIFIED., .F., .F.,
 ( 4, 2, 2, 2, 2, 4 ),
 ( 0.0000000000000000000, 0.2499999474853356300, 0.4999998949706712700, 0.6249998687133391200, 0.7499998424560069300, 0.9999997899413425300 ),
 .UNSPECIFIED. ) ;
#2359 = EDGE_CURVE ( 'NONE', #1374, #4228, #326, .T. ) ;
#2360 = EDGE_CURVE ( 'NONE', #3213, #3349, #1943, .T. ) ;
#2361 = EDGE_LOOP ( 'NONE', ( #1381, #2068, #4688, #4933 ) ) ;
#2362 = CARTESIAN_POINT ( 'NONE',  ( 90.47693821344282100, 7.954855385616708600, 286.1028057348067400 ) ) ;
#2363 = ORIENTED_EDGE ( 'NONE', *, *, #1052, .F. ) ;
#2364 = CARTESIAN_POINT ( 'NONE',  ( 74.55165577424696700, 6.739211332227169400, 294.6093605103035300 ) ) ;
#2365 = FACE_OUTER_BOUND ( 'NONE', #3257, .T. ) ;
#2366 = CARTESIAN_POINT ( 'NONE',  ( 58.47701826150260000, -12.39867327743000500, 285.7187872682980000 ) ) ;
#2367 = CARTESIAN_POINT ( 'NONE',  ( 91.97684228699942800, -10.61169346546909000, 286.5591239903562800 ) ) ;
#2368 = ORIENTED_EDGE ( 'NONE', *, *, #1944, .F. ) ;
#2369 = CARTESIAN_POINT ( 'NONE',  ( 90.47755800569873900, 6.385794561296386000, 283.1554977931548900 ) ) ;
#2370 = CARTESIAN_POINT ( 'NONE',  ( 56.97645729721026700, 2.040586744323273900, 288.3861919429341500 ) ) ;
#2371 = CARTESIAN_POINT ( 'NONE',  ( 91.97690829333872400, 9.920062002766398400, 286.2452429985054900 ) ) ;
#2372 = CARTESIAN_POINT ( 'NONE',  ( 91.97710549519692300, -11.70455371289807400, 285.3074858754604900 ) ) ;
#2373 = VERTEX_POINT ( 'NONE', #2018 ) ;
#2374 = CC_DESIGN_APPROVAL ( #4211, ( #3780 ) ) ;
#2375 = CARTESIAN_POINT ( 'NONE',  ( 91.97753291122710100, 10.70922522403405700, 283.2749876503239100 ) ) ;
#2376 = EDGE_CURVE ( 'NONE', #244, #1525, #735, .T. ) ;
#2377 = B_SPLINE_CURVE_WITH_KNOTS ( 'NONE', 3,
 ( #4071, #4021, #4443, #747 ),
 .UNSPECIFIED., .F., .F.,
 ( 4, 4 ),
 ( 0.0000000000000000000, 1.000000000000000000 ),
 .UNSPECIFIED. ) ;
#2378 = CARTESIAN_POINT ( 'NONE',  ( 90.47571025732560200, 11.15320080042644300, 291.9421249289749200 ) ) ;
#2379 = CARTESIAN_POINT ( 'NONE',  ( 72.82928866711131400, 4.969249237641301800, 293.1036635994746000 ) ) ;
#2380 = EDGE_LOOP ( 'NONE', ( #2919, #1017, #4490, #3277 ) ) ;
#2381 = CARTESIAN_POINT ( 'NONE',  ( 76.34434410506379700, -4.484227437775918400, 293.0759462291372900 ) ) ;
#2382 = CARTESIAN_POINT ( 'NONE',  ( 90.47706674570534300, 9.418497989914445900, 285.4915942289586000 ) ) ;
#2383 = CARTESIAN_POINT ( 'NONE',  ( 90.47603493708669500, 1.908276345234797900, 290.3981701127360700 ) ) ;
#2384 = CARTESIAN_POINT ( 'NONE',  ( 91.97655999642812200, 2.915044662300969600, 287.9015048199696000 ) ) ;
#2385 = CARTESIAN_POINT ( 'NONE',  ( 69.63675348281842000, 5.187743136569332100, 294.6036567705201600 ) ) ;
#2386 = B_SPLINE_CURVE_WITH_KNOTS ( 'NONE', 3,
 ( #4483, #781, #4863, #3672, #4057, #4883, #2468, #5251, #2428, #2820 ),
 .UNSPECIFIED., .F., .F.,
 ( 4, 2, 2, 2, 4 ),
 ( 0.0000000000000000000, 0.2500000000000000000, 0.5000000000000000000, 0.7500000000000000000, 1.000000000000000000 ),
 .UNSPECIFIED. ) ;
#2387 = CARTESIAN_POINT ( 'NONE',  ( 90.47605850141532400, -4.591693627211344400, 290.3785780145897800 ) ) ;
#2388 = DIRECTION ( 'NONE',  ( 0.9999999778888540900, 1.032507388379859100E-014, 0.0002102909687407822500 ) ) ;
#2389 = ORIENTED_EDGE ( 'NONE', *, *, #323, .T. ) ;
#2390 = DIRECTION ( 'NONE',  ( -0.0000000000000000000, -0.9999954694745272200, -0.003010154550803893100 ) ) ;
#2391 = CARTESIAN_POINT ( 'NONE',  ( 56.97671293859029600, -12.07471955729037400, 287.1705364358746800 ) ) ;
#2392 = VECTOR ( 'NONE', #4105, 1000.000000000000100 ) ;
#2393 = ORIENTED_EDGE ( 'NONE', *, *, #5100, .F. ) ;
#2394 = APPROVAL_STATUS ( 'not_yet_approved' ) ;
#2395 = LINE ( 'NONE', #5010, #1323 ) ;
#2396 = CALENDAR_DATE ( 2022, 25, 4 ) ;
#2397 = CARTESIAN_POINT ( 'NONE',  ( 90.47668963105383000, -11.33312596841372500, 287.2848935106217700 ) ) ;
#2398 = CARTESIAN_POINT ( 'NONE',  ( 74.78860297556727200, 3.130944815829098000, 294.5985488490774200 ) ) ;
#2399 = VERTEX_POINT ( 'NONE', #2436 ) ;
#2400 = EDGE_CURVE ( 'NONE', #5325, #1374, #3203, .T. ) ;
#2401 = CARTESIAN_POINT ( 'NONE',  ( 91.97668228091743000, 8.608267303728677400, 287.3200034490500300 ) ) ;
#2402 = CARTESIAN_POINT ( 'NONE',  ( 90.83279055108931700, -13.85391912728194300, 294.2818806968875300 ) ) ;
#2403 = VERTEX_POINT ( 'NONE', #1589 ) ;
#2404 = CARTESIAN_POINT ( 'NONE',  ( 56.97698714870195100, -12.48138736379007500, 285.8665807442367300 ) ) ;
#2405 = CARTESIAN_POINT ( 'NONE',  ( 58.47709294417573000, -11.92948967649912400, 285.3636475685440200 ) ) ;
#2406 = FACE_OUTER_BOUND ( 'NONE', #3050, .T. ) ;
#2407 = CARTESIAN_POINT ( 'NONE',  ( 58.47636401718045100, 1.910765118614913700, 288.8299256659111100 ) ) ;
#2408 = CARTESIAN_POINT ( 'NONE',  ( 58.47668553508909600, -11.51974245077764200, 287.3010064578123200 ) ) ;
#2409 = CARTESIAN_POINT ( 'NONE',  ( 91.97656537699874900, -5.584916907359969200, 287.8759185071714300 ) ) ;
#2410 = CARTESIAN_POINT ( 'NONE',  ( 58.47747047817850300, -8.450468013831523400, 283.5683541390537800 ) ) ;
#2411 = CARTESIAN_POINT ( 'NONE',  ( 91.97696975714995900, -12.51527658604147900, 285.9529631623780100 ) ) ;
#2412 = CARTESIAN_POINT ( 'NONE',  ( 56.97670639192612200, -12.01414762456575000, 287.2016678917870500 ) ) ;
#2413 = ORIENTED_EDGE ( 'NONE', *, *, #5276, .F. ) ;
#2414 =( BOUNDED_CURVE ( )  B_SPLINE_CURVE ( 3, ( #4741, #2723, #296, #1509 ),
 .UNSPECIFIED., .F., .F. ) 
 B_SPLINE_CURVE_WITH_KNOTS ( ( 4, 4 ),
 ( -8.881784197001252300E-016, 3.141592653589792700 ),
 .UNSPECIFIED. ) 
 CURVE ( )  GEOMETRIC_REPRESENTATION_ITEM ( )  RATIONAL_B_SPLINE_CURVE ( ( 1.000000000000000000, 0.3333333333333332000, 0.3333333333333332000, 1.000000000000000000 ) ) 
 REPRESENTATION_ITEM ( '' )  );
#2415 =( LENGTH_UNIT ( ) NAMED_UNIT ( * ) SI_UNIT ( .MILLI., .METRE. ) );
#2416 = ORIENTED_EDGE ( 'NONE', *, *, #3660, .F. ) ;
#2417 = CARTESIAN_POINT ( 'NONE',  ( 90.47673579863169400, -10.92406036045282700, 287.0653520956487300 ) ) ;
#2418 = CARTESIAN_POINT ( 'NONE',  ( 56.97694750890900700, -10.61019836510692800, 286.0550804800012100 ) ) ;
#2419 = EDGE_LOOP ( 'NONE', ( #91, #57 ) ) ;
#2420 = CARTESIAN_POINT ( 'NONE',  ( 91.97682049199664800, -10.64517122525271700, 286.6627661126201500 ) ) ;
#2421 =( BOUNDED_SURFACE ( )  B_SPLINE_SURFACE ( 3, 1, ( 
 ( #83, #139 ),
 ( #2976, #1730 ),
 ( #495, #1747 ),
 ( #3051, #550 ) ),
 .UNSPECIFIED., .F., .F., .T. ) 
 B_SPLINE_SURFACE_WITH_KNOTS ( ( 4, 4 ),
 ( 2, 2 ),
 ( 0.0000000000000000000, 1.000000000000000000 ),
 ( 0.0000000000000000000, 1.000000000000000000 ),
 .UNSPECIFIED. ) 
 GEOMETRIC_REPRESENTATION_ITEM ( )  RATIONAL_B_SPLINE_SURFACE ( (
 ( 1.000000000000000000, 1.000000000000000000),
 ( 0.3333333333333332000, 0.3333333333333332000),
 ( 0.3333333333333332000, 0.3333333333333332000),
 ( 1.000000000000000000, 1.000000000000000000) ) ) 
 REPRESENTATION_ITEM ( '' )  SURFACE ( )  );
#2422 = CARTESIAN_POINT ( 'NONE',  ( 91.97557911640186000, -13.84812801964212700, 292.5658991613597100 ) ) ;
#2423 = VERTEX_POINT ( 'NONE', #1602 ) ;
#2424 = CARTESIAN_POINT ( 'NONE',  ( 58.47589370425219400, -13.84561602431000100, 291.0664121913999900 ) ) ;
#2425 = B_SPLINE_CURVE_WITH_KNOTS ( 'NONE', 1,
 ( #2008, #4509 ),
 .UNSPECIFIED., .F., .F.,
 ( 2, 2 ),
 ( 0.0000000000000000000, 1.000000000000000000 ),
 .UNSPECIFIED. ) ;
#2426 = CARTESIAN_POINT ( 'NONE',  ( 91.97696207293351700, 9.844768801591007100, 285.9895040386862800 ) ) ;
#2427 = PLANE ( 'NONE',  #4551 ) ;
#2428 = CARTESIAN_POINT ( 'NONE',  ( 90.47656532615296500, -5.452198063623772100, 287.8760025767167600 ) ) ;
#2429 = CARTESIAN_POINT ( 'NONE',  ( 58.47669035893108000, -11.36522851611721800, 287.2780675655564000 ) ) ;
#2430 = EDGE_CURVE ( 'NONE', #2554, #4730, #2858, .T. ) ;
#2431 = CARTESIAN_POINT ( 'NONE',  ( 90.47755939952220700, -8.920684477411366900, 283.1488697224905300 ) ) ;
#2432 = B_SPLINE_CURVE_WITH_KNOTS ( 'NONE', 3,
 ( #2598, #2581, #5072, #563, #119, #2617, #3444, #2658, #1799, #1819, #952, #916, #1390, #4698, #152, #2636, #969, #4682, #168, #2226, #3820, #5101 ),
 .UNSPECIFIED., .F., .F.,
 ( 4, 2, 2, 2, 2, 2, 2, 2, 2, 2, 4 ),
 ( 0.0000000000000000000, 0.1250000000000000000, 0.1875000000000000000, 0.2187500000000000000, 0.2500000000000000000, 0.5000000000000000000, 0.6250000000000000000, 0.6875000000000000000, 0.7187500000000000000, 0.7500000000000000000, 1.000000000000000000 ),
 .UNSPECIFIED. ) ;
#2433 = EDGE_CURVE ( 'NONE', #1309, #3917, #849, .T. ) ;
#2434 = ORIENTED_EDGE ( 'NONE', *, *, #3940, .F. ) ;
#2435 = CARTESIAN_POINT ( 'NONE',  ( 58.76805859094541500, -13.84970080068665700, 292.8972678651151100 ) ) ;
#2436 = CARTESIAN_POINT ( 'NONE',  ( 91.97689575758161600, -12.58021937510688200, 286.3048544830654700 ) ) ;
#2437 = EDGE_LOOP ( 'NONE', ( #1920, #3273 ) ) ;
#2438 = FACE_OUTER_BOUND ( 'NONE', #3438, .T. ) ;
#2439 = CARTESIAN_POINT ( 'NONE',  ( 90.47684232016614200, -10.61169346546909000, 286.5588085539031900 ) ) ;
#2440 = CARTESIAN_POINT ( 'NONE',  ( 91.97668445302883800, 8.578427243548063100, 287.3096743731953800 ) ) ;
#2441 = CARTESIAN_POINT ( 'NONE',  ( 89.81376222728729900, -13.85053252260537300, 293.0505845725438700 ) ) ;
#2442 = DIRECTION ( 'NONE',  ( 0.0002102899202728192200, 0.003157779576443323900, -0.9999949920906083800 ) ) ;
#2443 = CARTESIAN_POINT ( 'NONE',  ( 72.82897323187823700, -4.934760930909248200, 294.5738576257795700 ) ) ;
#2444 = CARTESIAN_POINT ( 'NONE',  ( 91.97638315320234900, -4.588503577985924200, 288.7424502154457300 ) ) ;
#2445 = CARTESIAN_POINT ( 'NONE',  ( 90.47735390748368900, 11.15218643293125700, 284.1260492712020800 ) ) ;
#2446 = CARTESIAN_POINT ( 'NONE',  ( 91.97634962917133800, 1.911348295905848500, 288.9018675716503700 ) ) ;
#2447 = CARTESIAN_POINT ( 'NONE',  ( 89.72546132038330300, 11.14935406935060600, 293.1258198669942200 ) ) ;
#2448 = CARTESIAN_POINT ( 'NONE',  ( 56.97672634746776100, -10.97297645276757400, 287.1067729882020100 ) ) ;
#2449 = CARTESIAN_POINT ( 'NONE',  ( 58.47754751788482300, 6.247975662398085100, 283.2020060013300100 ) ) ;
#2450 = CARTESIAN_POINT ( 'NONE',  ( 56.97750561199761400, -8.565658340371006900, 283.4011240137252800 ) ) ;
#2451 = EDGE_CURVE ( 'NONE', #3538, #4477, #4822, .T. ) ;
#2452 = CARTESIAN_POINT ( 'NONE',  ( 91.97684867659768300, -10.60428825106322400, 286.5287394324225800 ) ) ;
#2453 = CARTESIAN_POINT ( 'NONE',  ( 79.53656385433620800, -4.707236568430317900, 293.0759462291373400 ) ) ;
#2454 = ORIENTED_EDGE ( 'NONE', *, *, #4657, .F. ) ;
#2455 = CARTESIAN_POINT ( 'NONE',  ( 91.97677310555209800, 8.063708213269510600, 286.8881036237720000 ) ) ;
#2456 = VERTEX_POINT ( 'NONE', #1251 ) ;
#2457 = APPROVAL_ROLE ( '' ) ;
#2458 = PLANE ( 'NONE',  #348 ) ;
#2459 = CARTESIAN_POINT ( 'NONE',  ( 82.72878360360863300, -4.930245699084717400, 293.0759462291373400 ) ) ;
#2460 = CARTESIAN_POINT ( 'NONE',  ( 90.47740995672596400, 5.700627239349100400, 283.8595174206859000 ) ) ;
#2461 = VERTEX_POINT ( 'NONE', #4065 ) ;
#2462 = CARTESIAN_POINT ( 'NONE',  ( 67.55165577424696700, -0.2607886677728406000, 294.5868172961871200 ) ) ;
#2463 = VERTEX_POINT ( 'NONE', #3025 ) ;
#2464 = CARTESIAN_POINT ( 'NONE',  ( 90.47735739088139400, 5.676470790398923300, 284.1094846082077100 ) ) ;
#2465 = CARTESIAN_POINT ( 'NONE',  ( 83.76703645541640200, 2.508246867589969400, 293.0985556780319100 ) ) ;
#2466 = CARTESIAN_POINT ( 'NONE',  ( 90.47681523270962600, -12.50530948862423000, 286.6876179653688700 ) ) ;
#2467 = CARTESIAN_POINT ( 'NONE',  ( 90.47756098380301600, 10.39653443709583900, 283.1413359666008800 ) ) ;
#2468 = CARTESIAN_POINT ( 'NONE',  ( 90.47653831285721500, -5.079517487764674900, 288.0044593302019400 ) ) ;
#2469 = FACE_BOUND ( 'NONE', #2014, .T. ) ;
#2470 = CARTESIAN_POINT ( 'NONE',  ( 56.97751164050068700, 10.84772359631661100, 283.3724565765592700 ) ) ;
#2471 = CARTESIAN_POINT ( 'NONE',  ( 56.97670184601592100, -11.96585506655641500, 287.2232851306297900 ) ) ;
#2472 = LINE ( 'NONE', #3745, #3784 ) ;
#2473 = ORIENTED_EDGE ( 'NONE', *, *, #4316, .F. ) ;
#2474 = B_SPLINE_CURVE_WITH_KNOTS ( 'NONE', 1,
 ( #4373, #1928 ),
 .UNSPECIFIED., .F., .F.,
 ( 2, 2 ),
 ( 0.0000000000000000000, 1.000000000000000000 ),
 .UNSPECIFIED. ) ;
#2475 = ORIENTED_EDGE ( 'NONE', *, *, #1615, .F. ) ;
#2476 = CARTESIAN_POINT ( 'NONE',  ( 91.97688113985296400, -10.58041955658339200, 286.3743663998907300 ) ) ;
#2477 = CARTESIAN_POINT ( 'NONE',  ( 58.47690858399975200, -10.58003731574238100, 286.2403384364672500 ) ) ;
#2478 = CARTESIAN_POINT ( 'NONE',  ( 56.97672831495182100, -12.18848360909065300, 287.0974169801368700 ) ) ;
#2479 = DIRECTION ( 'NONE',  ( -6.330083025208640200E-007, 0.9999954694747276200, 0.003010154417688565300 ) ) ;
#2480 = CARTESIAN_POINT ( 'NONE',  ( 61.97547835749696100, -13.85053276232917900, 293.0447304320753700 ) ) ;
#2481 = CARTESIAN_POINT ( 'NONE',  ( 91.97755698232740000, 6.370777848850646100, 283.1605219653287700 ) ) ;
#2482 = CARTESIAN_POINT ( 'NONE',  ( 56.97710618847872900, -11.57721375115001400, 285.3005090062469000 ) ) ;
#2483 = ORIENTED_EDGE ( 'NONE', *, *, #3581, .F. ) ;
#2484 = CARTESIAN_POINT ( 'NONE',  ( 91.97693498547697300, 7.951152778414829000, 286.1183134502276200 ) ) ;
#2485 = CARTESIAN_POINT ( 'NONE',  ( 74.55197120929355500, -7.256273436046462200, 293.0672249846196600 ) ) ;
#2486 = CARTESIAN_POINT ( 'NONE',  ( 58.47739691651861400, -13.81721090016859300, 283.9181630669641500 ) ) ;
#2487 = CARTESIAN_POINT ( 'NONE',  ( 57.85290469834937700, -13.85333231179173200, 294.1034901542656100 ) ) ;
#2488 = CARTESIAN_POINT ( 'NONE',  ( 58.47755200257375900, 6.296397487112651300, 283.1806798890381200 ) ) ;
#2489 = AXIS2_PLACEMENT_3D ( 'NONE', #909, #4988, #1311 ) ;
#2490 = CARTESIAN_POINT ( 'NONE',  ( 56.97697739526184100, 8.026031210989012600, 285.9129614316344100 ) ) ;
#2491 = ORIENTED_EDGE ( 'NONE', *, *, #4369, .F. ) ;
#2492 = CARTESIAN_POINT ( 'NONE',  ( 58.47735461303086900, 11.16429958011620000, 284.1193295070537500 ) ) ;
#2493 = DIRECTION ( 'NONE',  ( -0.0002102899202619499800, -0.003157779576443323900, 0.9999949920906083800 ) ) ;
#2494 = ORIENTED_EDGE ( 'NONE', *, *, #3260, .T. ) ;
#2495 = CARTESIAN_POINT ( 'NONE',  ( 56.97671655437736100, -12.10389855160533800, 287.1533422263315200 ) ) ;
#2496 = CARTESIAN_POINT ( 'NONE',  ( 90.47697228877265700, 9.823442688823034200, 285.9407667785808900 ) ) ;
#2497 = CARTESIAN_POINT ( 'NONE',  ( 56.97689526545441700, -10.58022843615724500, 286.3035146079745300 ) ) ;
#2498 =( BOUNDED_SURFACE ( )  B_SPLINE_SURFACE ( 3, 1, ( 
 ( #1966, #333 ),
 ( #1577, #4877 ),
 ( #2849, #4020 ),
 ( #1985, #2832 ) ),
 .UNSPECIFIED., .F., .F., .T. ) 
 B_SPLINE_SURFACE_WITH_KNOTS ( ( 4, 4 ),
 ( 2, 2 ),
 ( 0.0000000000000000000, 1.000000000000000000 ),
 ( 0.0000000000000000000, 1.000000000000000000 ),
 .UNSPECIFIED. ) 
 GEOMETRIC_REPRESENTATION_ITEM ( )  RATIONAL_B_SPLINE_SURFACE ( (
 ( 1.000000000000000000, 1.000000000000000000),
 ( 0.3333333333333332000, 0.3333333333333332000),
 ( 0.3333333333333332000, 0.3333333333333332000),
 ( 1.000000000000000000, 1.000000000000000000) ) ) 
 REPRESENTATION_ITEM ( '' )  SURFACE ( )  );
#2499 = ORIENTED_EDGE ( 'NONE', *, *, #4324, .T. ) ;
#2500 = CARTESIAN_POINT ( 'NONE',  ( 79.53624841921752900, 5.187743136356813200, 294.6057385449224700 ) ) ;
#2501 = CARTESIAN_POINT ( 'NONE',  ( 58.85630592878381900, -13.84999784760893600, 292.9544378528532900 ) ) ;
#2502 = ORIENTED_EDGE ( 'NONE', *, *, #3586, .T. ) ;
#2503 = FACE_OUTER_BOUND ( 'NONE', #471, .T. ) ;
#2504 = PLANE ( 'NONE',  #1520 ) ;
#2505 = B_SPLINE_CURVE_WITH_KNOTS ( 'NONE', 3,
 ( #4624, #109, #4600, #3023, #944, #3037, #959, #537, #2134, #3436, #144, #5009, #3840, #4238, #3457, #1775, #5111, #3545, #1464, #3893, #2221, #4736 ),
 .UNSPECIFIED., .F., .F.,
 ( 4, 2, 2, 2, 2, 2, 2, 2, 2, 2, 4 ),
 ( 0.0000000000000000000, 0.1250000000000000000, 0.1875000000000000000, 0.2187500000000000000, 0.2500000000000000000, 0.5000000000000000000, 0.6250000000000000000, 0.6875000000000000000, 0.7187500000000000000, 0.7500000000000000000, 1.000000000000000000 ),
 .UNSPECIFIED. ) ;
#2506 = CARTESIAN_POINT ( 'NONE',  ( 58.47738379381277700, -13.82324974394236400, 283.9805656780703200 ) ) ;
#2507 = CARTESIAN_POINT ( 'NONE',  ( 56.97755775017384400, 10.44807675019334800, 283.1531905167457800 ) ) ;
#2508 = CARTESIAN_POINT ( 'NONE',  ( 58.47692327674823800, -12.57983606041810800, 286.1704697766815000 ) ) ;
#2509 = ADVANCED_FACE ( 'NONE', ( #3758 ), #4498, .T. ) ;
#2510 = ORIENTED_EDGE ( 'NONE', *, *, #1713, .T. ) ;
#2511 = CYLINDRICAL_SURFACE ( 'NONE', #1872, 2.249999999999987100 ) ;
#2512 = CARTESIAN_POINT ( 'NONE',  ( 56.97708104511772100, 8.584093104203312000, 285.4200736285296200 ) ) ;
#2513 = B_SPLINE_CURVE_WITH_KNOTS ( 'NONE', 3,
 ( #4878, #376, #778, #2025, #4903, #5309, #473, #5000, #2103, #2974, #3781, #1298, #494, #4567, #4590, #1706, #63, #3372, #4978, #2955, #4171, #2123 ),
 .UNSPECIFIED., .F., .F.,
 ( 4, 2, 2, 2, 2, 2, 2, 2, 2, 2, 4 ),
 ( 0.0000000000000000000, 0.1250000000000000000, 0.1875000000000000000, 0.2187500000000000000, 0.2500000000000000000, 0.5000000000000000000, 0.6250000000000000000, 0.6875000000000000000, 0.7187500000000000000, 0.7500000000000000000, 1.000000000000000000 ),
 .UNSPECIFIED. ) ;
#2514 = CARTESIAN_POINT ( 'NONE',  ( 89.72563502696493700, -14.10713908438849600, 292.2997901967872800 ) ) ;
#2515 = CARTESIAN_POINT ( 'NONE',  ( 56.97710503778072400, -11.70314319764901800, 285.3059809387326600 ) ) ;
#2516 = CARTESIAN_POINT ( 'NONE',  ( 82.50577447285600400, 1.777029488156376800, 293.0960893587304700 ) ) ;
#2517 = CARTESIAN_POINT ( 'NONE',  ( 91.97675713930576100, -12.33802681699143700, 286.9640281681659500 ) ) ;
#2518 = EDGE_CURVE ( 'NONE', #4026, #1508, #1144, .T. ) ;
#2519 = DIRECTION ( 'NONE',  ( 6.330083013934004900E-007, -0.9999954694747190700, -0.003010154420550498600 ) ) ;
#2520 = CARTESIAN_POINT ( 'NONE',  ( 91.97603490392006600, 1.908276345234806400, 290.3984855491891000 ) ) ;
#2521 = CARTESIAN_POINT ( 'NONE',  ( 58.47705243962053600, 8.312435765734946400, 285.5562595209398800 ) ) ;
#2522 = CARTESIAN_POINT ( 'NONE',  ( 90.47755998610797700, 6.415827986187875500, 283.1460803217133300 ) ) ;
#2523 = EDGE_CURVE ( 'NONE', #4326, #4393, #1633, .T. ) ;
#2524 = CARTESIAN_POINT ( 'NONE',  ( 58.47636401718045100, 1.910765118614913900, 288.8299256659109900 ) ) ;
#2525 = CARTESIAN_POINT ( 'NONE',  ( 90.47589273036804500, 11.15487469848259000, 291.0744079744346800 ) ) ;
#2526 = EDGE_LOOP ( 'NONE', ( #2240, #2233, #3432, #4860 ) ) ;
#2527 = CARTESIAN_POINT ( 'NONE',  ( 56.97756286220499800, -13.22070352737549100, 283.1288811950804000 ) ) ;
#2528 = CARTESIAN_POINT ( 'NONE',  ( 58.47688225561795900, 9.919678688074798200, 286.3655382100276900 ) ) ;
#2529 = DIRECTION ( 'NONE',  ( 0.0002102900160117933700, 0.003010154484985754400, -0.9999954473636795100 ) ) ;
#2530 = CARTESIAN_POINT ( 'NONE',  ( 56.97744755176045600, -8.398375668731132400, 283.6772187800798400 ) ) ;
#2531 = ORIENTED_EDGE ( 'NONE', *, *, #3015, .F. ) ;
#2532 = CARTESIAN_POINT ( 'NONE',  ( 58.47667434475204800, 9.073821429209415300, 287.3542200440474500 ) ) ;
#2533 = CARTESIAN_POINT ( 'NONE',  ( 58.47757788358201500, -9.320451097237029400, 283.0576075335105200 ) ) ;
#2534 = CARTESIAN_POINT ( 'NONE',  ( 58.47696643686626300, -10.63808489421309200, 285.9652297830252800 ) ) ;
#2535 = CARTESIAN_POINT ( 'NONE',  ( 90.47669428155637700, -11.87665172809541000, 287.2627789022215000 ) ) ;
#2536 = CARTESIAN_POINT ( 'NONE',  ( 90.47696572086735500, 9.837554047794663200, 285.9719992428667900 ) ) ;
#2537 = VECTOR ( 'NONE', #2493, 1000.000000000000100 ) ;
#2538 = ADVANCED_FACE ( 'NONE', ( #1547 ), #2763, .T. ) ;
#2539 = CARTESIAN_POINT ( 'NONE',  ( 79.31355472358360700, 2.000038618810778200, 293.0960893587304100 ) ) ;
#2540 = CARTESIAN_POINT ( 'NONE',  ( 90.47710350269368000, -11.42011822307049600, 285.3168031395658800 ) ) ;
#2541 = ORIENTED_EDGE ( 'NONE', *, *, #4015, .T. ) ;
#2542 = CARTESIAN_POINT ( 'NONE',  ( 90.47709247108419100, 8.922693373085936100, 285.3692619192311200 ) ) ;
#2543 = VECTOR ( 'NONE', #285, 999.9999999999998900 ) ;
#2544 = EDGE_CURVE ( 'NONE', #1347, #2099, #363, .T. ) ;
#2545 = CARTESIAN_POINT ( 'NONE',  ( 58.47689649830432000, -12.58021937511000000, 286.2978097356000300 ) ) ;
#2546 = B_SPLINE_CURVE_WITH_KNOTS ( 'NONE', 1,
 ( #2947, #3340 ),
 .UNSPECIFIED., .F., .F.,
 ( 2, 2 ),
 ( 0.0000000000000000000, 1.000000000000000000 ),
 .UNSPECIFIED. ) ;
#2547 = CARTESIAN_POINT ( 'NONE',  ( 91.97707220035761100, 8.491192621125609500, 285.4658133527827900 ) ) ;
#2548 = CARTESIAN_POINT ( 'NONE',  ( 90.47710038819424500, -11.35934910585381100, 285.3316135680442500 ) ) ;
#2549 = PERSON_AND_ORGANIZATION ( #3617, #2740 ) ;
#2550 = CARTESIAN_POINT ( 'NONE',  ( 58.47563555390920000, -13.84801520725618000, 292.2939986105033700 ) ) ;
#2551 = CARTESIAN_POINT ( 'NONE',  ( 57.97737045315670200, -13.82344086436000600, 284.0439521405156700 ) ) ;
#2552 = CARTESIAN_POINT ( 'NONE',  ( 72.20400135434391600, -9.297605736346323400, 293.0605864742065000 ) ) ;
#2553 = EDGE_CURVE ( 'NONE', #4664, #5298, #390, .T. ) ;
#2554 = VERTEX_POINT ( 'NONE', #2592 ) ;
#2555 = B_SPLINE_CURVE_WITH_KNOTS ( 'NONE', 3,
 ( #901, #4636, #860, #2997 ),
 .UNSPECIFIED., .F., .F.,
 ( 4, 4 ),
 ( 0.0000000000000000000, 0.9999996761604622600 ),
 .UNSPECIFIED. ) ;
#2556 = CARTESIAN_POINT ( 'NONE',  ( 58.47740139554863200, 11.15207704320854300, 283.8968638556575000 ) ) ;
#2557 = CARTESIAN_POINT ( 'NONE',  ( 58.47742295338474600, 5.726035592883129700, 283.7943495436291500 ) ) ;
#2558 = CARTESIAN_POINT ( 'NONE',  ( 67.55165577424696700, -0.2607886677728409900, 294.5868172961871200 ) ) ;
#2559 = CARTESIAN_POINT ( 'NONE',  ( 90.47681523270962600, -12.50530948862423000, 286.6876179653688700 ) ) ;
#2560 = CARTESIAN_POINT ( 'NONE',  ( 56.97669499484591400, 8.470432021140352300, 287.2558646070089000 ) ) ;
#2561 = ADVANCED_FACE ( 'NONE', ( #4195 ), #275, .F. ) ;
#2562 = ORIENTED_EDGE ( 'NONE', *, *, #3479, .T. ) ;
#2563 = CARTESIAN_POINT ( 'NONE',  ( 58.47756720156567700, 6.679476414359351500, 283.1057700041018800 ) ) ;
#2564 = ORIENTED_EDGE ( 'NONE', *, *, #598, .F. ) ;
#2565 = CARTESIAN_POINT ( 'NONE',  ( 91.97743781945818900, 5.753685562404079700, 283.7271790466618900 ) ) ;
#2566 = CARTESIAN_POINT ( 'NONE',  ( 74.55165577427307300, -7.260788667772830600, 294.5672181556652200 ) ) ;
#2567 = ORIENTED_EDGE ( 'NONE', *, *, #3238, .F. ) ;
#2568 = CARTESIAN_POINT ( 'NONE',  ( 90.47653831285721500, -5.079517487764674900, 288.0044593302019400 ) ) ;
#2569 = CARTESIAN_POINT ( 'NONE',  ( 90.47709603392368600, -11.28379608315172800, 285.3523194998525100 ) ) ;
#2570 = EDGE_CURVE ( 'NONE', #1567, #3610, #4051, .T. ) ;
#2571 = CARTESIAN_POINT ( 'NONE',  ( 58.47655554570617700, 2.654553651854874000, 287.9191470307548600 ) ) ;
#2572 = CARTESIAN_POINT ( 'NONE',  ( 56.97701083331460800, 8.122770674389961700, 285.7539529291414600 ) ) ;
#2573 = ORIENTED_EDGE ( 'NONE', *, *, #1127, .T. ) ;
#2574 = CARTESIAN_POINT ( 'NONE',  ( 56.97754108119075800, 6.187217407223041500, 283.2324567965307000 ) ) ;
#2575 = CARTESIAN_POINT ( 'NONE',  ( 58.47709317863989800, 8.922693373086012500, 285.3625326082124600 ) ) ;
#2576 = CARTESIAN_POINT ( 'NONE',  ( 91.97669145136880800, -11.83148326399820900, 287.2763950562467700 ) ) ;
#2577 = CARTESIAN_POINT ( 'NONE',  ( 90.47757939155023600, -12.82043524039992700, 283.0538013040758800 ) ) ;
#2578 = CARTESIAN_POINT ( 'NONE',  ( 56.97708841197754000, -11.17744713133673400, 285.3850418841954600 ) ) ;
#2579 = ORIENTED_EDGE ( 'NONE', *, *, #2664, .F. ) ;
#2580 = LINE ( 'NONE', #2485, #4416 ) ;
#2581 = CARTESIAN_POINT ( 'NONE',  ( 91.97686816318277200, 9.919487567657737900, 286.4360745653885900 ) ) ;
#2582 = CARTESIAN_POINT ( 'NONE',  ( 90.47634966245240700, 1.911056154036014500, 288.9015515913571300 ) ) ;
#2583 = CARTESIAN_POINT ( 'NONE',  ( 91.97745119817730600, 5.782814252266602400, 283.6635590115319600 ) ) ;
#2584 = ORIENTED_EDGE ( 'NONE', *, *, #2988, .F. ) ;
#2585 = CARTESIAN_POINT ( 'NONE',  ( 56.97708109125846900, -12.07374585797162900, 285.4198542156715900 ) ) ;
#2586 = CARTESIAN_POINT ( 'NONE',  ( 58.47651916314496400, 2.300568511890142900, 288.0921576009685100 ) ) ;
#2587 = EDGE_CURVE ( 'NONE', #1658, #1071, #4656, .T. ) ;
#2588 = CARTESIAN_POINT ( 'NONE',  ( 56.97693612064379900, 7.943844198076286400, 286.1092352772400300 ) ) ;
#2589 = CARTESIAN_POINT ( 'NONE',  ( 58.47736696055751100, -8.323465782246712400, 284.0606131352922700 ) ) ;
#2590 = CARTESIAN_POINT ( 'NONE',  ( 56.97740394657266400, 5.700530605283995900, 283.8845752202730600 ) ) ;
#2591 = CARTESIAN_POINT ( 'NONE',  ( 58.47710107542896200, -11.32724655812771500, 285.3249808911032200 ) ) ;
#2592 = CARTESIAN_POINT ( 'NONE',  ( 56.97589347120668900, 11.15458339890047400, 291.0673626769038300 ) ) ;
#2593 = CARTESIAN_POINT ( 'NONE',  ( 89.72563502696493700, -14.11391193182829600, 294.5497800031058700 ) ) ;
#2594 = VECTOR ( 'NONE', #3476, 1000.000000000000100 ) ;
#2595 = EDGE_CURVE ( 'NONE', #501, #39, #767, .T. ) ;
#2596 = CARTESIAN_POINT ( 'NONE',  ( 58.47681860511351500, 7.967394963849284500, 286.6682164598797700 ) ) ;
#2597 = ORIENTED_EDGE ( 'NONE', *, *, #2433, .T. ) ;
#2598 = CARTESIAN_POINT ( 'NONE',  ( 91.97688151489479900, 9.919678688075430600, 286.3725829574655100 ) ) ;
#2599 = CARTESIAN_POINT ( 'NONE',  ( 58.47688225561728400, 9.919678688075015000, 286.3655382100000100 ) ) ;
#2600 =( BOUNDED_SURFACE ( )  B_SPLINE_SURFACE ( 3, 1, ( 
 ( #4466, #3396 ),
 ( #5109, #174 ),
 ( #2669, #2938 ),
 ( #4177, #885 ) ),
 .UNSPECIFIED., .F., .F., .T. ) 
 B_SPLINE_SURFACE_WITH_KNOTS ( ( 4, 4 ),
 ( 2, 2 ),
 ( 0.0000000000000000000, 1.000000000000000000 ),
 ( 0.0000000000000000000, 1.000000000000000000 ),
 .UNSPECIFIED. ) 
 GEOMETRIC_REPRESENTATION_ITEM ( )  RATIONAL_B_SPLINE_SURFACE ( (
 ( 1.000000000000000000, 1.000000000000000000),
 ( 0.3333333333333335400, 0.3333333333333335400),
 ( 0.3333333333333335400, 0.3333333333333335400),
 ( 1.000000000000000000, 1.000000000000000000) ) ) 
 REPRESENTATION_ITEM ( '' )  SURFACE ( )  );
#2601 = EDGE_LOOP ( 'NONE', ( #1913, #1412, #4841, #3950 ) ) ;
#2602 = CARTESIAN_POINT ( 'NONE',  ( 69.63706891762630800, -4.707236568528478500, 293.0738644547340600 ) ) ;
#2603 = CARTESIAN_POINT ( 'NONE',  ( 91.97707516784895200, 8.522425086099449500, 285.4517019941249600 ) ) ;
#2604 = CARTESIAN_POINT ( 'NONE',  ( 91.97709175770728500, -11.22532242267668300, 285.3728119777718500 ) ) ;
#2605 = CARTESIAN_POINT ( 'NONE',  ( 74.16138979560177800, -5.847173228999538200, 294.5713913064781200 ) ) ;
#2606 = ORIENTED_EDGE ( 'NONE', *, *, #3092, .F. ) ;
#2607 = VECTOR ( 'NONE', #3493, 1000.000000000000200 ) ;
#2608 = CARTESIAN_POINT ( 'NONE',  ( 56.97756302528325300, 6.429368322625279600, 283.1281057055288700 ) ) ;
#2609 = CARTESIAN_POINT ( 'NONE',  ( 90.47756093845416100, -8.937830090797909600, 283.1415516148155100 ) ) ;
#2610 = CARTESIAN_POINT ( 'NONE',  ( 90.47689452472992900, -10.58022843615732200, 286.3105593554861300 ) ) ;
#2611 = CARTESIAN_POINT ( 'NONE',  ( 91.97748494573079400, 10.96949373572818800, 283.5030787353035200 ) ) ;
#2612 = APPROVAL_PERSON_ORGANIZATION ( #4778, #1804, #368 ) ;
#2613 = ORIENTED_EDGE ( 'NONE', *, *, #4359, .T. ) ;
#2614 = CARTESIAN_POINT ( 'NONE',  ( 56.97680947435501500, 7.982510876383655000, 286.7114783823116700 ) ) ;
#2615 = EDGE_LOOP ( 'NONE', ( #4644, #1128, #1266, #84 ) ) ;
#2616 = CARTESIAN_POINT ( 'NONE',  ( 58.47738580197150800, 11.15210257191574300, 283.9710162477941800 ) ) ;
#2617 = CARTESIAN_POINT ( 'NONE',  ( 91.97681981180916500, 9.874912940922307300, 286.6660006189606500 ) ) ;
#2618 = CARTESIAN_POINT ( 'NONE',  ( 90.47697869753754700, -10.66235307640717000, 285.9102910773561300 ) ) ;
#2619 = CARTESIAN_POINT ( 'NONE',  ( 74.55165577424696700, 6.739211332227169400, 294.6093605103035300 ) ) ;
#2620 = CARTESIAN_POINT ( 'NONE',  ( 56.97668560844672200, -11.58323406011993500, 287.3004999009158400 ) ) ;
#2621 = CARTESIAN_POINT ( 'NONE',  ( 56.97669039209779400, -11.36522851611723400, 287.2777521291033100 ) ) ;
#2622 = CARTESIAN_POINT ( 'NONE',  ( 91.97635553013368800, -4.588898982892994000, 288.8738066318530900 ) ) ;
#2623 = CARTESIAN_POINT ( 'NONE',  ( 91.97689449156500500, -10.58022843615999900, 286.3108747919530400 ) ) ;
#2624 = CARTESIAN_POINT ( 'NONE',  ( 56.97737047526746300, -13.82344086436001400, 284.0437418495469000 ) ) ;
#2625 = EDGE_CURVE ( 'NONE', #3482, #4326, #1975, .T. ) ;
#2626 = ORIENTED_EDGE ( 'NONE', *, *, #2803, .T. ) ;
#2627 = ORIENTED_EDGE ( 'NONE', *, *, #1957, .T. ) ;
#2628 = CARTESIAN_POINT ( 'NONE',  ( 56.97742298655146700, 5.726035592883113700, 283.7940341071760000 ) ) ;
#2629 = CARTESIAN_POINT ( 'NONE',  ( 72.20368591929734200, 4.697879031927308300, 294.6027219998903800 ) ) ;
#2630 = CARTESIAN_POINT ( 'NONE',  ( 90.47757717602336000, -9.320451097236997400, 283.0643368445000200 ) ) ;
#2631 = CARTESIAN_POINT ( 'NONE',  ( 91.97754433365634000, 10.60792122201895700, 283.2206703913100200 ) ) ;
#2632 = ORIENTED_EDGE ( 'NONE', *, *, #1781, .T. ) ;
#2633 = CARTESIAN_POINT ( 'NONE',  ( 56.97672439628206600, 8.258969377426456800, 287.1160514915222300 ) ) ;
#2634 = EDGE_CURVE ( 'NONE', #199, #4393, #33, .T. ) ;
#2635 = ORIENTED_EDGE ( 'NONE', *, *, #3472, .F. ) ;
#2636 = CARTESIAN_POINT ( 'NONE',  ( 91.97669365560544500, 9.363546237881418900, 287.2659132148033300 ) ) ;
#2637 = CARTESIAN_POINT ( 'NONE',  ( 56.97754632864506900, 10.61039322882915700, 283.2075034936169700 ) ) ;
#2638 = CARTESIAN_POINT ( 'NONE',  ( 58.47698667183504300, 9.800333475974891700, 285.8690061141392700 ) ) ;
#2639 = CARTESIAN_POINT ( 'NONE',  ( 91.97634962917133800, 1.911348295905848500, 288.9018675716503700 ) ) ;
#2640 = CARTESIAN_POINT ( 'NONE',  ( 56.97671070566697400, -11.08670195328131700, 287.1811546914720500 ) ) ;
#2641 = CARTESIAN_POINT ( 'NONE',  ( 91.97697504960369500, -10.65513832261456900, 285.9277958731715300 ) ) ;
#2642 = ORIENTED_EDGE ( 'NONE', *, *, #3077, .F. ) ;
#2643 = CARTESIAN_POINT ( 'NONE',  ( 56.97744160530874100, -13.76354698579191200, 283.7054960364679300 ) ) ;
#2644 = ORIENTED_EDGE ( 'NONE', *, *, #3767, .T. ) ;
#2645 = CARTESIAN_POINT ( 'NONE',  ( 58.47736696055501700, -8.323465782246996600, 284.0606131353000000 ) ) ;
#2646 = LINE ( 'NONE', #991, #3620 ) ;
#2647 = CARTESIAN_POINT ( 'NONE',  ( 58.47695633606288400, 9.856855560818580400, 286.0132622924385300 ) ) ;
#2648 = CARTESIAN_POINT ( 'NONE',  ( 76.12133497431119600, 2.223047749465177200, 293.0960893587304700 ) ) ;
#2649 = CARTESIAN_POINT ( 'NONE',  ( 90.47655828882207600, 5.665032097855005900, 287.9094673078390100 ) ) ;
#2650 = EDGE_LOOP ( 'NONE', ( #5067, #4599 ) ) ;
#2651 = CARTESIAN_POINT ( 'NONE',  ( 91.97755936635546400, -8.920684477411366900, 283.1491851589435700 ) ) ;
#2652 = CARTESIAN_POINT ( 'NONE',  ( 89.81374640366478000, 11.14935401346566500, 293.1258384323820100 ) ) ;
#2653 = VECTOR ( 'NONE', #2692, 1000.000000000000100 ) ;
#2654 = DIRECTION ( 'NONE',  ( -6.330083025208640200E-007, 0.9999954694747276200, 0.003010154417688565300 ) ) ;
#2655 = FACE_BOUND ( 'NONE', #4913, .T. ) ;
#2656 = CARTESIAN_POINT ( 'NONE',  ( 91.97681038485353600, 9.859784809509379900, 286.7108287705489100 ) ) ;
#2657 = EDGE_LOOP ( 'NONE', ( #3663, #1207, #3838, #3549 ) ) ;
#2658 = CARTESIAN_POINT ( 'NONE',  ( 91.97681038485353600, 9.859784809509379900, 286.7108287705489100 ) ) ;
#2659 = CARTESIAN_POINT ( 'NONE',  ( 56.97747512597740600, 10.99831975145546400, 283.5460946680606200 ) ) ;
#2660 = DIRECTION ( 'NONE',  ( 6.330082965733998400E-007, -0.9999954694747810200, -0.003010154400009262400 ) ) ;
#2661 = CARTESIAN_POINT ( 'NONE',  ( 91.97603902584751300, -4.591694100804323500, 290.3788844821722800 ) ) ;
#2662 = EDGE_CURVE ( 'NONE', #4307, #585, #3730, .T. ) ;
#2663 = CARTESIAN_POINT ( 'NONE',  ( 58.96029133585414400, 11.14484008038911300, 294.6193434706439100 ) ) ;
#2664 = EDGE_CURVE ( 'NONE', #1976, #4745, #766, .T. ) ;
#2665 = CARTESIAN_POINT ( 'NONE',  ( 56.97706544945769700, -12.18747135848785000, 285.4942359189338400 ) ) ;
#2666 = VECTOR ( 'NONE', #2038, 999.9999999999998900 ) ;
#2667 = CARTESIAN_POINT ( 'NONE',  ( 90.47709247108582500, 8.922693373086016100, 285.3692619192000300 ) ) ;
#2668 = CARTESIAN_POINT ( 'NONE',  ( 90.47653364690822300, 2.409408506659126200, 288.0266473915114000 ) ) ;
#2669 = CARTESIAN_POINT ( 'NONE',  ( 83.74630685187172200, -0.4141074450482752400, 294.5897613697818000 ) ) ;
#2670 = CARTESIAN_POINT ( 'NONE',  ( 58.47589358471213900, 11.15458339890047400, 291.0676781133877900 ) ) ;
#2671 = CARTESIAN_POINT ( 'NONE',  ( 56.97698670500175700, 9.800333475974875700, 285.8686906776861700 ) ) ;
#2672 = CARTESIAN_POINT ( 'NONE',  ( 58.47710615531201500, -11.57721375114999800, 285.3008244426999900 ) ) ;
#2673 = CARTESIAN_POINT ( 'NONE',  ( 81.39865243194255100, -2.450924513621779400, 293.0831296883230800 ) ) ;
#2674 = CARTESIAN_POINT ( 'NONE',  ( 56.97709714628695100, -11.87089560420829800, 285.3435074841745500 ) ) ;
#2675 = CARTESIAN_POINT ( 'NONE',  ( 90.47686819634950000, 9.919487567657739600, 286.4357591289352700 ) ) ;
#2676 = VERTEX_POINT ( 'NONE', #4309 ) ;
#2677 = CC_DESIGN_APPROVAL ( #1833, ( #3516 ) ) ;
#2678 = CARTESIAN_POINT ( 'NONE',  ( 56.97677893382267900, 9.789715220158658600, 286.8567082598647200 ) ) ;
#2679 = EDGE_CURVE ( 'NONE', #2137, #2235, #402, .T. ) ;
#2680 = VECTOR ( 'NONE', #4318, 1000.000000000000100 ) ;
#2681 = CARTESIAN_POINT ( 'NONE',  ( 58.76714919769821700, 11.14485843420503000, 294.6193029098441200 ) ) ;
#2682 = VERTEX_POINT ( 'NONE', #5173 ) ;
#2683 = CARTESIAN_POINT ( 'NONE',  ( 58.47737044210131800, -13.82344086435735900, 284.0440572860000000 ) ) ;
#2684 = FACE_OUTER_BOUND ( 'NONE', #14, .T. ) ;
#2685 = CARTESIAN_POINT ( 'NONE',  ( 58.47706765639159700, 9.399589373076061300, 285.4838989684756700 ) ) ;
#2686 = CARTESIAN_POINT ( 'NONE',  ( 90.47690928849598900, 7.925917713316807500, 286.2403529931389700 ) ) ;
#2687 = ORIENTED_EDGE ( 'NONE', *, *, #2939, .T. ) ;
#2688 = CARTESIAN_POINT ( 'NONE',  ( 56.97635630433443800, -4.589390389994028900, 288.8664449669314500 ) ) ;
#2689 = CARTESIAN_POINT ( 'NONE',  ( 58.47702356395112800, -10.77395535316179200, 285.6935724505783000 ) ) ;
#2690 = CARTESIAN_POINT ( 'NONE',  ( 90.47561902078220400, 11.15244577932965900, 292.3759835104615400 ) ) ;
#2691 = ORIENTED_EDGE ( 'NONE', *, *, #4052, .F. ) ;
#2692 = DIRECTION ( 'NONE',  ( -0.9999999778888539700, -0.0000000000000000000, -0.0002102909687305672200 ) ) ;
#2693 = CARTESIAN_POINT ( 'NONE',  ( 58.47667374930757900, 9.042602510625428600, 287.3570515705021600 ) ) ;
#2694 = CARTESIAN_POINT ( 'NONE',  ( 90.27846225430693000, -13.85481693409175600, 294.5018778794918700 ) ) ;
#2695 = CARTESIAN_POINT ( 'NONE',  ( 90.47670510528554600, -11.15173330818496200, 287.2113086512863400 ) ) ;
#2696 = CARTESIAN_POINT ( 'NONE',  ( 90.47742230038790000, -13.79928441540825400, 283.8008194094961100 ) ) ;
#2697 = EDGE_LOOP ( 'NONE', ( #4740, #3158, #4193, #4333 ) ) ;
#2698 = DIRECTION ( 'NONE',  ( -0.0002102900160117933700, -0.003010154484985754400, 0.9999954473636795100 ) ) ;
#2699 = ORIENTED_EDGE ( 'NONE', *, *, #1480, .T. ) ;
#2700 = CARTESIAN_POINT ( 'NONE',  ( 90.47708770775602700, 8.672585281352750600, 285.3919130569820500 ) ) ;
#2701 = B_SPLINE_SURFACE_WITH_KNOTS ( 'NONE', 1, 3, ( 
 ( #2126, #4615, #5019, #2548, #4570, #2569, #1302, #5002, #3762, #2105, #513, #4173, #1281, #3413, #4133, #1345, #3374, #881, #2166, #4547, #922, #1709 ),
 ( #4212, #4965, #1748, #455, #3351, #3783, #4268, #1807, #2604, #3450, #4232, #3034, #4252, #4686, #1363, #955, #2215, #3854, #2641, #1377, #1788, #2623 ) ),
 .UNSPECIFIED., .F., .F., .F.,
 ( 2, 2 ),
 ( 4, 2, 2, 2, 2, 2, 2, 2, 2, 2, 4 ),
 ( 0.0000000000000000000, 1.000000000000000000 ),
 ( 0.0000000000000000000, 0.1250000000000000000, 0.1875000000000000000, 0.2187500000000000000, 0.2500000000000000000, 0.5000000000000000000, 0.6250000000000000000, 0.6875000000000000000, 0.7187500000000000000, 0.7500000000000000000, 1.000000000000000000 ),
 .UNSPECIFIED. ) ;
#2702 = EDGE_CURVE ( 'NONE', #4090, #3786, #3243, .T. ) ;
#2703 = DIRECTION ( 'NONE',  ( 1.521661853743625700E-006, -0.9999954694743328200, -0.003010154230811558400 ) ) ;
#2704 = CARTESIAN_POINT ( 'NONE',  ( 56.97706226587769200, 9.443357864545220100, 285.5093748463338000 ) ) ;
#2705 = CARTESIAN_POINT ( 'NONE',  ( 58.47669037511078500, 8.516906444287798200, 287.2779906250082100 ) ) ;
#2706 = ORIENTED_EDGE ( 'NONE', *, *, #3472, .T. ) ;
#2707 = CARTESIAN_POINT ( 'NONE',  ( 90.47745887144247900, 11.04517534744189600, 283.6269124937640000 ) ) ;
#2708 = CARTESIAN_POINT ( 'NONE',  ( 90.47669859847613300, 9.408932071251094000, 287.2422505852166500 ) ) ;
#2709 = CARTESIAN_POINT ( 'NONE',  ( 56.97710618847874300, -11.57721375114988400, 285.3005090061994900 ) ) ;
#2710 = CARTESIAN_POINT ( 'NONE',  ( 89.99001695565986800, -13.85504775433174100, 294.5506148747005000 ) ) ;
#2711 = ORIENTED_EDGE ( 'NONE', *, *, #3571, .T. ) ;
#2712 = CARTESIAN_POINT ( 'NONE',  ( 90.47756618041611900, -13.17271116574919400, 283.1166244299440700 ) ) ;
#2713 = VECTOR ( 'NONE', #4594, 1000.000000000000200 ) ;
#2714 = VECTOR ( 'NONE', #4225, 1000.000000000000100 ) ;
#2715 = CARTESIAN_POINT ( 'NONE',  ( 91.97736970137799500, -13.82344086436001100, 284.0511020334569700 ) ) ;
#2716 = CARTESIAN_POINT ( 'NONE',  ( 65.35732013164269500, -0.1029546587215862500, 293.0868241251415600 ) ) ;
#2717 = CARTESIAN_POINT ( 'NONE',  ( 65.18358718579362700, -5.215444817307695000, 293.0713981354326200 ) ) ;
#2718 = AXIS2_PLACEMENT_3D ( 'NONE', #4679, #1384, #4222 ) ;
#2719 = CARTESIAN_POINT ( 'NONE',  ( 58.47677910541615600, 8.039032961216840100, 286.8560499970371300 ) ) ;
#2720 = CARTESIAN_POINT ( 'NONE',  ( 90.47745019628681000, -13.74622609235210300, 283.6681655990268500 ) ) ;
#2721 = CARTESIAN_POINT ( 'NONE',  ( 90.47688154806152700, 9.919678688075015000, 286.3722675210000300 ) ) ;
#2722 = ADVANCED_FACE ( 'NONE', ( #3174 ), #322, .T. ) ;
#2723 = CARTESIAN_POINT ( 'NONE',  ( 72.60627953624431500, -8.122465448455283600, 293.0642084395875600 ) ) ;
#2724 = CARTESIAN_POINT ( 'NONE',  ( 58.76714919769821700, -13.85502810185598900, 294.5440490466784800 ) ) ;
#2725 = VECTOR ( 'NONE', #3269, 1000.000000000000100 ) ;
#2726 = EDGE_CURVE ( 'NONE', #3548, #3021, #2061, .T. ) ;
#2727 = CARTESIAN_POINT ( 'NONE',  ( 90.47756704788929500, 6.679476414358924300, 283.1124993152258800 ) ) ;
#2728 = CARTESIAN_POINT ( 'NONE',  ( 66.44484916835391200, -4.484227437874079000, 293.0738644547340100 ) ) ;
#2729 = ORIENTED_EDGE ( 'NONE', *, *, #987, .T. ) ;
#2730 = CARTESIAN_POINT ( 'NONE',  ( 91.97667847469858800, 8.668423860212819000, 287.3381032218476900 ) ) ;
#2731 = CARTESIAN_POINT ( 'NONE',  ( 90.47756704789051700, 6.679476414359006000, 283.1124993152000100 ) ) ;
#2732 = CARTESIAN_POINT ( 'NONE',  ( 90.47695394411940100, 7.979581627691956700, 286.0280013990994800 ) ) ;
#2733 = ORIENTED_EDGE ( 'NONE', *, *, #487, .T. ) ;
#2734 = CARTESIAN_POINT ( 'NONE',  ( 58.47688352163347500, 7.919687749126104800, 286.3595179011938400 ) ) ;
#2735 = ORIENTED_EDGE ( 'NONE', *, *, #3363, .F. ) ;
#2736 = CARTESIAN_POINT ( 'NONE',  ( 91.97743866114676300, 11.09336376458559800, 283.7231765517333300 ) ) ;
#2737 = LINE ( 'NONE', #2645, #2083 ) ;
#2738 = B_SPLINE_SURFACE_WITH_KNOTS ( 'NONE', 1, 3, ( 
 ( #371, #1235, #1982, #2810 ),
 ( #3270, #4923, #4858, #2866 ) ),
 .UNSPECIFIED., .F., .F., .F.,
 ( 2, 2 ),
 ( 4, 4 ),
 ( 0.0000000000000000000, 1.000000000000000000 ),
 ( 0.0000000000000000000, 1.000000000000000000 ),
 .UNSPECIFIED. ) ;
#2739 = CARTESIAN_POINT ( 'NONE',  ( 58.47667738226065400, 9.134678608117155800, 287.3397757311552700 ) ) ;
#2740 = ORGANIZATION ( '未指定', '未指定', '' ) ;
#2741 = EDGE_CURVE ( 'NONE', #4013, #4208, #3694, .T. ) ;
#2742 = CARTESIAN_POINT ( 'NONE',  ( 91.47736623088729900, -8.323465782246986000, 284.0675527372686700 ) ) ;
#2743 = EDGE_LOOP ( 'NONE', ( #2202, #2541, #724, #3407 ) ) ;
#2744 = CARTESIAN_POINT ( 'NONE',  ( 72.82897323209083100, 4.964734005914933400, 294.6036567705201600 ) ) ;
#2745 = ADVANCED_FACE ( 'NONE', ( #5028 ), #3657, .F. ) ;
#2746 = CARTESIAN_POINT ( 'NONE',  ( 58.47560116290019700, 11.15215365616895800, 292.4575387197204500 ) ) ;
#2747 = CARTESIAN_POINT ( 'NONE',  ( 56.97689526545441700, -10.58022843615724500, 286.3035146079745300 ) ) ;
#2748 = ADVANCED_FACE ( 'NONE', ( #3452 ), #2772, .T. ) ;
#2749 = CARTESIAN_POINT ( 'NONE',  ( 90.47708817768585700, -11.97748203812561500, 285.3896783921352900 ) ) ;
#2750 = CARTESIAN_POINT ( 'NONE',  ( 56.97709321180832400, 8.922693373086012500, 285.3622171717593700 ) ) ;
#2751 = CARTESIAN_POINT ( 'NONE',  ( 58.47680944118830100, 7.982510876383670100, 286.7117938187647600 ) ) ;
#2752 = CARTESIAN_POINT ( 'NONE',  ( 91.97756472949650700, 10.28956640858130100, 283.1236817292732400 ) ) ;
#2753 = ORIENTED_EDGE ( 'NONE', *, *, #4235, .T. ) ;
#2754 = ADVANCED_FACE ( 'NONE', ( #4958 ), #2757, .T. ) ;
#2755 = CARTESIAN_POINT ( 'NONE',  ( 56.97698059878079100, -12.49568649526844900, 285.8977276881682900 ) ) ;
#2756 = CARTESIAN_POINT ( 'NONE',  ( 90.47706755305381400, 8.445075355710409700, 285.4877550318898900 ) ) ;
#2757 = B_SPLINE_SURFACE_WITH_KNOTS ( 'NONE', 1, 3, ( 
 ( #4832, #2408, #359, #2429, #3995, #4430, #1583, #5294, #1972, #721, #5238, #2801, #4059, #3239, #1939, #4042, #5271, #3259, #1599, #4886, #2855, #3187 ),
 ( #705, #1533, #2354, #303, #3201, #399, #4077, #782, #3279, #1614, #2448, #4488, #3298, #2032, #803, #3713, #4909, #3691, #1197, #5316, #2876, #1221 ) ),
 .UNSPECIFIED., .F., .F., .F.,
 ( 2, 2 ),
 ( 4, 2, 2, 2, 2, 2, 2, 2, 2, 2, 4 ),
 ( 0.0000000000000000000, 1.000000000000000000 ),
 ( 0.0000000000000000000, 0.1250000000000000000, 0.1875000000000000000, 0.2187500000000000000, 0.2500000000000000000, 0.5000000000000000000, 0.6250000000000000000, 0.6875000000000000000, 0.7187500000000000000, 0.7500000000000000000, 1.000000000000000000 ),
 .UNSPECIFIED. ) ;
#2758 = CARTESIAN_POINT ( 'NONE',  ( 91.97745016312009600, -13.74622609235210300, 283.6684810354799400 ) ) ;
#2759 = VERTEX_POINT ( 'NONE', #4849 ) ;
#2760 =( BOUNDED_CURVE ( )  B_SPLINE_CURVE ( 3, ( #2398, #330, #1964, #4439 ),
 .UNSPECIFIED., .F., .F. ) 
 B_SPLINE_CURVE_WITH_KNOTS ( ( 4, 4 ),
 ( 3.141592653589792700, 6.283185307179586200 ),
 .UNSPECIFIED. ) 
 CURVE ( )  GEOMETRIC_REPRESENTATION_ITEM ( )  RATIONAL_B_SPLINE_CURVE ( ( 1.000000000000000000, 0.3333333333333332000, 0.3333333333333332000, 1.000000000000000000 ) ) 
 REPRESENTATION_ITEM ( '' )  );
#2761 = CARTESIAN_POINT ( 'NONE',  ( 90.47667189105365500, 8.916673064116004400, 287.3692528139874300 ) ) ;
#2762 = ORIENTED_EDGE ( 'NONE', *, *, #4743, .T. ) ;
#2763 = B_SPLINE_SURFACE_WITH_KNOTS ( 'NONE', 1, 3, ( 
 ( #871, #3877, #576, #4710, #559, #2204, #1403, #3513, #178, #964 ),
 ( #2690, #3056, #1814, #3842, #1012, #998, #1778, #3491, #2652, #213 ) ),
 .UNSPECIFIED., .F., .F., .F.,
 ( 2, 2 ),
 ( 4, 2, 2, 2, 4 ),
 ( 0.0000000000000000000, 1.000000000000000000 ),
 ( 0.0000000000000000000, 0.2500000000000000000, 0.5000000000000000000, 0.7500000000000000000, 1.000000000000000000 ),
 .UNSPECIFIED. ) ;
#2764 = EDGE_CURVE ( 'NONE', #1237, #4248, #4097, .T. ) ;
#2765 = VERTEX_POINT ( 'NONE', #3325 ) ;
#2766 = CARTESIAN_POINT ( 'NONE',  ( 58.47667259861057700, 8.916673064116082500, 287.3625235029690000 ) ) ;
#2767 = CARTESIAN_POINT ( 'NONE',  ( 56.97625080002648400, -4.589656637567667700, 289.3681512753462900 ) ) ;
#2768 = B_SPLINE_SURFACE_WITH_KNOTS ( 'NONE', 1, 3, ( 
 ( #4345, #278, #710, #1132, #261, #694, #3956, #4001, #2307, #3986, #312, #4016 ),
 ( #5227, #1103, #3967, #4392, #3618, #3206, #723, #4770, #1929, #4836, #5177, #3570 ) ),
 .UNSPECIFIED., .F., .F., .F.,
 ( 2, 2 ),
 ( 4, 2, 2, 2, 2, 4 ),
 ( 0.0000000000000000000, 1.000000000000000000 ),
 ( 0.0000000000000000000, 0.2500000000000000000, 0.5000000000000000000, 0.6250000000000000000, 0.7500000000000000000, 1.000000000000000000 ),
 .UNSPECIFIED. ) ;
#2769 = AXIS2_PLACEMENT_3D ( 'NONE', #4279, #3044, #1358 ) ;
#2770 = ORIENTED_EDGE ( 'NONE', *, *, #837, .F. ) ;
#2771 = B_SPLINE_CURVE_WITH_KNOTS ( 'NONE', 3,
 ( #3708, #2444, #2027, #1217, #1173, #3670, #3688, #2006, #4880, #4904 ),
 .UNSPECIFIED., .F., .F.,
 ( 4, 2, 2, 2, 4 ),
 ( 0.0000000000000000000, 0.2500000000000000000, 0.5000000000000000000, 0.7500000000000000000, 1.000000000000000000 ),
 .UNSPECIFIED. ) ;
#2772 = B_SPLINE_SURFACE_WITH_KNOTS ( 'NONE', 1, 3, ( 
 ( #4814, #3612, #2782, #1176 ),
 ( #1990, #2010, #4415, #1956 ) ),
 .UNSPECIFIED., .F., .F., .F.,
 ( 2, 2 ),
 ( 4, 4 ),
 ( 0.0000000000000000000, 1.000000000000000000 ),
 ( 0.0000000000000000000, 1.000000000000000000 ),
 .UNSPECIFIED. ) ;
#2773 = DIRECTION ( 'NONE',  ( 0.0002102900136559410600, 0.003010154484246530600, -0.9999954473636822900 ) ) ;
#2774 = CARTESIAN_POINT ( 'NONE',  ( 58.47699678522615600, -12.45885301215623500, 285.8209137461408300 ) ) ;
#2775 = CARTESIAN_POINT ( 'NONE',  ( 59.13717692013920400, 11.14935531211548000, 293.1193874307064700 ) ) ;
#2776 = CARTESIAN_POINT ( 'NONE',  ( 91.97744797494699800, 5.775302801721137400, 283.6788864897168300 ) ) ;
#2777 = B_SPLINE_CURVE_WITH_KNOTS ( 'NONE', 3,
 ( #3032, #2180, #2211, #917 ),
 .UNSPECIFIED., .F., .F.,
 ( 4, 4 ),
 ( 0.0000000000000000000, 0.9999996544643616800 ),
 .UNSPECIFIED. ) ;
#2778 = CARTESIAN_POINT ( 'NONE',  ( 91.97670663227563600, -11.13636088638107300, 287.2042050492209500 ) ) ;
#2779 = VECTOR ( 'NONE', #4502, 1000.000000000000200 ) ;
#2780 = CARTESIAN_POINT ( 'NONE',  ( 90.47707516155310300, -12.09875473779142800, 285.4515742146246600 ) ) ;
#2781 = CARTESIAN_POINT ( 'NONE',  ( 58.47756454326695800, 10.28850966753051900, 283.1210449315920000 ) ) ;
#2782 = CARTESIAN_POINT ( 'NONE',  ( 58.47624521715610500, 1.910303492928346900, 289.3948573053004300 ) ) ;
#2783 = CARTESIAN_POINT ( 'NONE',  ( 58.47682241785872000, -12.51739624785339400, 286.6500856531599200 ) ) ;
#2784 = ORIENTED_EDGE ( 'NONE', *, *, #1442, .T. ) ;
#2785 = B_SPLINE_CURVE_WITH_KNOTS ( 'NONE', 3,
 ( #1341, #838, #4565, #2082, #4977, #2954, #1297, #4210, #4190, #2973, #4961, #1705, #4942, #3802, #2146, #2994, #511, #21 ),
 .UNSPECIFIED., .F., .F.,
 ( 4, 1, 1, 2, 2, 2, 1, 1, 2, 2, 4 ),
 ( 0.0000000000000000000, 0.1249999999999386000, 0.1874999999999079100, 0.2187499999998925600, 0.2499999999998772100, 0.4999999999999498200, 0.6249999999999503700, 0.6874999999999926700, 0.7187500000000138800, 0.7500000000000350800, 1.000000000000000000 ),
 .UNSPECIFIED. ) ;
#2786 = DIRECTION ( 'NONE',  ( -0.0002102900159831502400, -0.003010182248441230000, 0.9999954472801065900 ) ) ;
#2787 = ORIENTED_EDGE ( 'NONE', *, *, #3768, .F. ) ;
#2788 = CARTESIAN_POINT ( 'NONE',  ( 91.97746354183921400, -13.71709740248852700, 283.6048610003526800 ) ) ;
#2789 = CARTESIAN_POINT ( 'NONE',  ( 58.47692327674823800, -12.57983606041810800, 286.1704697766815600 ) ) ;
#2790 = LINE ( 'NONE', #2888, #2251 ) ;
#2791 = EDGE_CURVE ( 'NONE', #2111, #328, #4378, .T. ) ;
#2792 = CARTESIAN_POINT ( 'NONE',  ( 91.97668551476913000, 8.564781735654163300, 287.3046254628066000 ) ) ;
#2793 = B_SPLINE_SURFACE_WITH_KNOTS ( 'NONE', 1, 3, ( 
 ( #2232, #2616, #5161, #1617 ),
 ( #4819, #2962, #1755, #769 ) ),
 .UNSPECIFIED., .F., .F., .F.,
 ( 2, 2 ),
 ( 4, 4 ),
 ( 0.0000000000000000000, 1.000000000000000000 ),
 ( 0.0000000000000000000, 1.000000000000000000 ),
 .UNSPECIFIED. ) ;
#2794 = CARTESIAN_POINT ( 'NONE',  ( 90.47744145819255800, 5.761003670240627100, 283.7097179971994500 ) ) ;
#2795 = CARTESIAN_POINT ( 'NONE',  ( 58.47603975842918100, -4.590189132714892900, 290.3718793285735800 ) ) ;
#2796 = CARTESIAN_POINT ( 'NONE',  ( 56.97653430904554700, 2.408862206649123200, 288.0199763415024600 ) ) ;
#2797 = CARTESIAN_POINT ( 'NONE',  ( 90.47561902078220400, 11.15244577932965300, 292.3759835104615400 ) ) ;
#2798 = B_SPLINE_SURFACE_WITH_KNOTS ( 'NONE', 1, 3, ( 
 ( #2831, #5307, #1190, #2402, #3313, #4113, #332, #4876, #2422, #2848 ),
 ( #1623, #2441, #3232, #1984, #817, #797, #3652, #3705, #375, #1606 ) ),
 .UNSPECIFIED., .F., .F., .F.,
 ( 2, 2 ),
 ( 4, 2, 2, 2, 4 ),
 ( 0.0000000000000000000, 1.000000000000000000 ),
 ( 0.0000000000000000000, 0.2500000000000000000, 0.5000000000000000000, 0.7500000000000000000, 1.000000000000000000 ),
 .UNSPECIFIED. ) ;
#2799 = EDGE_LOOP ( 'NONE', ( #1764, #2860, #2597, #4687 ) ) ;
#2800 = CARTESIAN_POINT ( 'NONE',  ( 90.47690914246035700, -12.58002825469235800, 286.2410474386665600 ) ) ;
#2801 = CARTESIAN_POINT ( 'NONE',  ( 58.47675692314229000, -10.82638501659430800, 286.9615337165664100 ) ) ;
#2802 = FACE_OUTER_BOUND ( 'NONE', #4629, .T. ) ;
#2803 = EDGE_CURVE ( 'NONE', #4058, #1938, #3629, .T. ) ;
#2804 = CARTESIAN_POINT ( 'NONE',  ( 91.97667189807798100, 8.853181454771474900, 287.3693771300364700 ) ) ;
#2805 = DATE_AND_TIME ( #4729, #725 ) ;
#2806 = ORIENTED_EDGE ( 'NONE', *, *, #1110, .F. ) ;
#2807 = B_SPLINE_SURFACE_WITH_KNOTS ( 'NONE', 1, 3, ( 
 ( #4807, #1492, #3945, #4364, #1510, #2346, #1460, #653, #4775, #1867, #3557, #2282, #2309, #5181, #4790, #1056, #4762, #266, #1477, #3163, #1886, #1090 ),
 ( #3973, #2294, #5169, #2330, #2730, #5200, #2401, #2440, #2792, #4440, #3271, #4053, #1983, #4875, #316, #4826, #4460, #3621, #1153, #4018, #2847, #4407 ) ),
 .UNSPECIFIED., .F., .F., .F.,
 ( 2, 2 ),
 ( 4, 2, 2, 2, 2, 2, 2, 2, 2, 2, 4 ),
 ( 0.0000000000000000000, 1.000000000000000000 ),
 ( 0.0000000000000000000, 0.1250000000000000000, 0.1875000000000000000, 0.2187500000000000000, 0.2500000000000000000, 0.5000000000000000000, 0.6250000000000000000, 0.6875000000000000000, 0.7187500000000000000, 0.7500000000000000000, 1.000000000000000000 ),
 .UNSPECIFIED. ) ;
#2808 = ORIENTED_EDGE ( 'NONE', *, *, #2277, .T. ) ;
#2809 = CARTESIAN_POINT ( 'NONE',  ( 91.97708966171671800, -11.96029267838510500, 285.3827790749554700 ) ) ;
#2810 = CARTESIAN_POINT ( 'NONE',  ( 90.47740066123199700, 11.15210565859012900, 283.9037204305880100 ) ) ;
#2811 = CARTESIAN_POINT ( 'NONE',  ( 91.97689449156500500, -10.58022843615732000, 286.3108747919392300 ) ) ;
#2812 = CARTESIAN_POINT ( 'NONE',  ( 56.97756557308395000, 10.17946055751997600, 283.1159901082573400 ) ) ;
#2813 = CARTESIAN_POINT ( 'NONE',  ( 66.22152460289162000, 2.218532517951326900, 294.5940007553737100 ) ) ;
#2814 = CARTESIAN_POINT ( 'NONE',  ( 56.97641844303141300, 1.965211534036466200, 288.5709558356705300 ) ) ;
#2815 = B_SPLINE_CURVE_WITH_KNOTS ( 'NONE', 3,
 ( #4104, #4515, #461, #2986, #110, #2113, #3024, #482, #4183, #3360, #52, #3772, #3004, #4141, #1289, #523, #3419, #2589 ),
 .UNSPECIFIED., .F., .F.,
 ( 4, 1, 1, 2, 2, 2, 1, 1, 2, 2, 4 ),
 ( 0.0000000000000000000, 0.1249999999999435200, 0.1874999999999258400, 0.2187499999999186800, 0.2499999999999115200, 0.4999999999998973000, 0.6249999999998555600, 0.6874999999998786500, 0.7187499999998902000, 0.7499999999999016300, 1.000000000000000000 ),
 .UNSPECIFIED. ) ;
#2816 = EDGE_LOOP ( 'NONE', ( #4446, #480, #2644, #1652 ) ) ;
#2817 = CARTESIAN_POINT ( 'NONE',  ( 90.47589273041242600, 11.15471084262002300, 291.0744077660018000 ) ) ;
#2818 = B_SPLINE_SURFACE_WITH_KNOTS ( 'NONE', 1, 3, ( 
 ( #4242, #3424, #3408, #543, #3847, #915, #2596, #935, #3478, #5070, #1389, #4650, #3879, #4663, #2207, #5029, #562, #1338, #527, #2178, #131, #1407 ),
 ( #507, #1782, #4259, #1796, #2193, #5051, #4681, #3443, #2614, #117, #950, #2633, #149, #166, #1725, #2560, #4607, #2142, #5014, #96, #1742, #4631 ) ),
 .UNSPECIFIED., .F., .F., .F.,
 ( 2, 2 ),
 ( 4, 2, 2, 2, 2, 2, 2, 2, 2, 2, 4 ),
 ( 0.0000000000000000000, 1.000000000000000000 ),
 ( 0.0000000000000000000, 0.1250000000000000000, 0.1875000000000000000, 0.2187500000000000000, 0.2500000000000000000, 0.5000000000000000000, 0.6250000000000000000, 0.6875000000000000000, 0.7187500000000000000, 0.7500000000000000000, 1.000000000000000000 ),
 .UNSPECIFIED. ) ;
#2819 = ORIENTED_EDGE ( 'NONE', *, *, #1949, .F. ) ;
#2820 = CARTESIAN_POINT ( 'NONE',  ( 90.47656591855930200, -5.584916907359994000, 287.8756030708342500 ) ) ;
#2821 = CARTESIAN_POINT ( 'NONE',  ( 58.47670181284922100, -11.96585506655639500, 287.2236005670828300 ) ) ;
#2822 = CARTESIAN_POINT ( 'NONE',  ( 58.47685065370728100, -12.55747160276637500, 286.5158152747797000 ) ) ;
#2823 = CARTESIAN_POINT ( 'NONE',  ( 58.47745770126616800, -8.419701781497105100, 283.6291123928857000 ) ) ;
#2824 = EDGE_CURVE ( 'NONE', #2281, #3567, #2312, .T. ) ;
#2825 = VERTEX_POINT ( 'NONE', #4111 ) ;
#2826 = CARTESIAN_POINT ( 'NONE',  ( 57.24431589338743000, -13.85090425876876300, 293.4013076650148800 ) ) ;
#2827 = CARTESIAN_POINT ( 'NONE',  ( 58.47603975842918100, -4.590189132714892900, 290.3718793285735800 ) ) ;
#2828 = CARTESIAN_POINT ( 'NONE',  ( 56.97690861716645800, -10.58003731574239700, 286.2400230000142200 ) ) ;
#2829 = CARTESIAN_POINT ( 'NONE',  ( 91.97670058742990300, -11.20015513289250500, 287.2329502000251300 ) ) ;
#2830 = EDGE_LOOP ( 'NONE', ( #2564, #5208, #2632, #1167 ) ) ;
#2831 = CARTESIAN_POINT ( 'NONE',  ( 89.72516171057024800, -13.85504769844680500, 294.5505591782020400 ) ) ;
#2832 = CARTESIAN_POINT ( 'NONE',  ( 74.39865243194256500, 4.549075486328781900, 293.1027288288448200 ) ) ;
#2833 = FACE_OUTER_BOUND ( 'NONE', #3682, .T. ) ;
#2834 = CARTESIAN_POINT ( 'NONE',  ( 56.97699988643236000, -12.45025590719535000, 285.8060088128529500 ) ) ;
#2835 = CARTESIAN_POINT ( 'NONE',  ( 83.13982327545089400, -6.469871177238672100, 293.0713981354326200 ) ) ;
#2836 = CARTESIAN_POINT ( 'NONE',  ( 58.47641887056621400, 1.964400305660302500, 288.5690804908642800 ) ) ;
#2837 = LINE ( 'NONE', #22, #3566 ) ;
#2838 = ORIENTED_EDGE ( 'NONE', *, *, #2841, .T. ) ;
#2839 = CARTESIAN_POINT ( 'NONE',  ( 58.47672375278477100, -12.16225654023525700, 287.1192692436984000 ) ) ;
#2840 = CARTESIAN_POINT ( 'NONE',  ( 90.47744033344466200, -8.386288909502562600, 283.7150665287380800 ) ) ;
#2841 = EDGE_CURVE ( 'NONE', #4477, #627, #87, .T. ) ;
#2842 = CARTESIAN_POINT ( 'NONE',  ( 57.41571626908928700, -13.85179615057002200, 293.6661203124506300 ) ) ;
#2843 = CARTESIAN_POINT ( 'NONE',  ( 56.97668568905433500, -11.71057402189258300, 287.3001165862564200 ) ) ;
#2844 = PERSON_AND_ORGANIZATION_ROLE ( 'design_owner' ) ;
#2845 = CARTESIAN_POINT ( 'NONE',  ( 72.60596410122383300, -8.126980680181656400, 294.5642016106331200 ) ) ;
#2846 = VECTOR ( 'NONE', #1150, 1000.000000000000200 ) ;
#2847 = CARTESIAN_POINT ( 'NONE',  ( 91.97685600246748500, 7.919304434434785400, 286.4939026075864500 ) ) ;
#2848 = CARTESIAN_POINT ( 'NONE',  ( 91.97563481283741300, -13.84746364092661800, 292.3010450181914700 ) ) ;
#2849 = CARTESIAN_POINT ( 'NONE',  ( 72.20368591929731400, 4.697879031927296700, 294.6027219998903200 ) ) ;
#2850 = CARTESIAN_POINT ( 'NONE',  ( 58.47637782920129700, 1.917468018600420700, 288.7642451442364400 ) ) ;
#2851 = CARTESIAN_POINT ( 'NONE',  ( 91.97706671253861500, 9.418497989914445900, 285.4919096654116400 ) ) ;
#2852 = CARTESIAN_POINT ( 'NONE',  ( 58.47740347787152600, -13.81419147828170500, 283.8869617614109300 ) ) ;
#2853 = CARTESIAN_POINT ( 'NONE',  ( 91.92670459138058400, 11.15089651398896800, 292.9295764219415900 ) ) ;
#2854 = VERTEX_POINT ( 'NONE', #3388 ) ;
#2855 = CARTESIAN_POINT ( 'NONE',  ( 58.47686845384379200, -10.58061175085062000, 286.4311700033293800 ) ) ;
#2856 = CARTESIAN_POINT ( 'NONE',  ( 89.90989482923429000, 11.14948314087544600, 293.1095929245890900 ) ) ;
#2857 = CARTESIAN_POINT ( 'NONE',  ( 56.97756425986403200, -8.968559768775001800, 283.1222348846939700 ) ) ;
#2858 = B_SPLINE_CURVE_WITH_KNOTS ( 'NONE', 1,
 ( #2863, #3321 ),
 .UNSPECIFIED., .F., .F.,
 ( 2, 2 ),
 ( 0.0000000000000000000, 1.000000000000000000 ),
 .UNSPECIFIED. ) ;
#2859 = B_SPLINE_SURFACE_WITH_KNOTS ( 'NONE', 1, 3, ( 
 ( #3645, #3244, #809, #2826, #2842, #790, #4935, #1161, #3305, #4046 ),
 ( #1228, #4893, #1588, #1977, #1601, #2435, #4853, #770, #4456, #1636 ) ),
 .UNSPECIFIED., .F., .F., .F.,
 ( 2, 2 ),
 ( 4, 2, 2, 2, 4 ),
 ( 0.0000000000000000000, 1.000000000000000000 ),
 ( 0.0000000000000000000, 0.2500000000000000000, 0.5000000000000000000, 0.7500000000000000000, 1.000000000000000000 ),
 .UNSPECIFIED. ) ;
#2860 = ORIENTED_EDGE ( 'NONE', *, *, #4991, .T. ) ;
#2861 = ORIENTED_EDGE ( 'NONE', *, *, #1761, .T. ) ;
#2862 = CARTESIAN_POINT ( 'NONE',  ( 91.97708814451914300, -11.97748203812561500, 285.3899938285883900 ) ) ;
#2863 = CARTESIAN_POINT ( 'NONE',  ( 56.97589347120668900, 11.15458339890047400, 291.0673626769038300 ) ) ;
#2864 = FACE_OUTER_BOUND ( 'NONE', #1121, .T. ) ;
#2865 = CARTESIAN_POINT ( 'NONE',  ( 56.97655902954450400, 5.665032203355990800, 287.9024225607468600 ) ) ;
#2866 = CARTESIAN_POINT ( 'NONE',  ( 91.97740062806528300, 11.15210565859012900, 283.9040358670411000 ) ) ;
#2867 = VERTEX_POINT ( 'NONE', #5015 ) ;
#2868 = EDGE_CURVE ( 'NONE', #3917, #855, #3311, .T. ) ;
#2869 = DIRECTION ( 'NONE',  ( 0.0000000000000000000, 0.9999954694745273300, 0.003010154550803893100 ) ) ;
#2870 = ORIENTED_EDGE ( 'NONE', *, *, #3633, .T. ) ;
#2871 = CARTESIAN_POINT ( 'NONE',  ( 58.47752916820078200, -13.47960894009180400, 283.2892645458244900 ) ) ;
#2872 = CARTESIAN_POINT ( 'NONE',  ( 91.97686681529322100, 11.15302790282751600, 286.4424842059218600 ) ) ;
#2873 = B_SPLINE_SURFACE_WITH_KNOTS ( 'NONE', 1, 3, ( 
 ( #3355, #520, #5006, #906, #867, #926, #4596, #4620, #4969, #90, #848, #2941, #1691, #4985, #4120, #1306, #3809, #4575, #3753, #1265, #4552, #1331 ),
 ( #2983, #108, #4179, #1287, #443, #70, #3397, #2512, #2150, #2109, #1651, #5022, #2572, #3001, #2074, #2490, #31, #49, #2920, #2588, #4236, #2187 ) ),
 .UNSPECIFIED., .F., .F., .F.,
 ( 2, 2 ),
 ( 4, 2, 2, 2, 2, 2, 2, 2, 2, 2, 4 ),
 ( 0.0000000000000000000, 1.000000000000000000 ),
 ( 0.0000000000000000000, 0.1250000000000000000, 0.1875000000000000000, 0.2187500000000000000, 0.2500000000000000000, 0.5000000000000000000, 0.6250000000000000000, 0.6875000000000000000, 0.7187500000000000000, 0.7500000000000000000, 1.000000000000000000 ),
 .UNSPECIFIED. ) ;
#2874 = PLANE ( 'NONE',  #4039 ) ;
#2875 = CARTESIAN_POINT ( 'NONE',  ( 58.47746728022120500, 11.02283256137810600, 283.5835614351561300 ) ) ;
#2876 = CARTESIAN_POINT ( 'NONE',  ( 56.97686848701050600, -10.58061175085063400, 286.4308545668761200 ) ) ;
#2877 = CARTESIAN_POINT ( 'NONE',  ( 58.47737145015067000, 5.676661910816339000, 284.0392636892655100 ) ) ;
#2878 = CARTESIAN_POINT ( 'NONE',  ( 91.97696061252771900, -12.53065457262396100, 285.9964487294951700 ) ) ;
#2879 = CARTESIAN_POINT ( 'NONE',  ( 91.97668445302883800, 8.578427243548063100, 287.3096743731953800 ) ) ;
#2880 = DIRECTION ( 'NONE',  ( 1.000000000000000000, 0.0000000000000000000, 0.0000000000000000000 ) ) ;
#2881 = CARTESIAN_POINT ( 'NONE',  ( 56.97695702409579600, -10.62322691505831100, 286.0098327613882800 ) ) ;
#2882 = CARTESIAN_POINT ( 'NONE',  ( 79.31355472368180400, -7.899456317702722600, 293.0662902139909000 ) ) ;
#2883 = ORIENTED_EDGE ( 'NONE', *, *, #403, .T. ) ;
#2884 = CARTESIAN_POINT ( 'NONE',  ( 90.47752630886947100, 6.069218806997950500, 283.3062262279562400 ) ) ;
#2885 = CARTESIAN_POINT ( 'NONE',  ( 65.20368591929731400, -2.302120968072715300, 294.5801787857740200 ) ) ;
#2886 = ORIENTED_EDGE ( 'NONE', *, *, #1798, .F. ) ;
#2887 = CARTESIAN_POINT ( 'NONE',  ( 90.47603768503849200, -2.425036951705678200, 290.3851027343770900 ) ) ;
#2888 = CARTESIAN_POINT ( 'NONE',  ( 79.53656385423801100, 5.192258368083181500, 293.1057453738769100 ) ) ;
#2889 = CARTESIAN_POINT ( 'NONE',  ( 90.47675717247250300, -12.33802681699143600, 286.9637127317129200 ) ) ;
#2890 = CARTESIAN_POINT ( 'NONE',  ( 90.38591948070485700, -13.84852837965467200, 292.6698997181005100 ) ) ;
#2891 = CARTESIAN_POINT ( 'NONE',  ( 58.47603564353068600, 1.909781422477209600, 290.3914453323022300 ) ) ;
#2892 = CARTESIAN_POINT ( 'NONE',  ( 72.35732013166880000, -7.102954658721576400, 293.0672249846196600 ) ) ;
#2893 = B_SPLINE_CURVE_WITH_KNOTS ( 'NONE', 1,
 ( #250, #5199 ),
 .UNSPECIFIED., .F., .F.,
 ( 2, 2 ),
 ( 0.0000000000000000000, 1.000000000000000000 ),
 .UNSPECIFIED. ) ;
#2894 = B_SPLINE_SURFACE_WITH_KNOTS ( 'NONE', 1, 3, ( 
 ( #1030, #4024, #2781, #5268, #719, #5252, #321, #3627, #4884, #1125, #8, #67, #3748, #1283, #4096, #2087, #2875, #4930, #3729, #1650 ),
 ( #3333, #862, #2936, #2959, #397, #2507, #478, #3296, #4136, #2470, #4531, #2050, #3690, #823, #3712, #47, #1668, #4510, #5315, #457 ) ),
 .UNSPECIFIED., .F., .F., .F.,
 ( 2, 2 ),
 ( 4, 2, 2, 2, 2, 2, 2, 2, 2, 4 ),
 ( 0.0000000000000000000, 1.000000000000000000 ),
 ( 0.0000000000000000000, 0.1250000000000000000, 0.1875000000000000000, 0.2500000000000000000, 0.5000000000000000000, 0.6250000000000000000, 0.6875000000000000000, 0.7187500000000000000, 0.7500000000000000000, 1.000000000000000000 ),
 .UNSPECIFIED. ) ;
#2895 = EDGE_CURVE ( 'NONE', #627, #4058, #2358, .T. ) ;
#2896 = ORIENTED_EDGE ( 'NONE', *, *, #768, .F. ) ;
#2897 = VECTOR ( 'NONE', #726, 999.9999999999998900 ) ;
#2898 = CARTESIAN_POINT ( 'NONE',  ( 91.97684228699942800, -10.61169346546909000, 286.5591239903562800 ) ) ;
#2899 = CARTESIAN_POINT ( 'NONE',  ( 58.47705439080625200, -10.91951006447953200, 285.5469810176555300 ) ) ;
#2900 = CARTESIAN_POINT ( 'NONE',  ( 56.97668560844672200, -11.58323406011993500, 287.3004999009158400 ) ) ;
#2901 = CARTESIAN_POINT ( 'NONE',  ( 90.47700908137413500, 9.720243215848722000, 285.7658063373767700 ) ) ;
#2902 = ORIENTED_EDGE ( 'NONE', *, *, #4727, .T. ) ;
#2903 = CARTESIAN_POINT ( 'NONE',  ( 91.97676822426899400, -12.38078390289602400, 286.9113156666555800 ) ) ;
#2904 = ORIENTED_EDGE ( 'NONE', *, *, #1877, .T. ) ;
#2905 = FACE_OUTER_BOUND ( 'NONE', #3097, .T. ) ;
#2906 = DIRECTION ( 'NONE',  ( 6.330082965733998400E-007, -0.9999954694747810200, -0.003010154400009262400 ) ) ;
#2907 = CARTESIAN_POINT ( 'NONE',  ( 58.47698380855575800, 8.041054112078446900, 285.8826219117204900 ) ) ;
#2908 = CARTESIAN_POINT ( 'NONE',  ( 90.47745767780465100, 5.797837153357535000, 283.6325886187092400 ) ) ;
#2909 = B_SPLINE_SURFACE_WITH_KNOTS ( 'NONE', 1, 3, ( 
 ( #4320, #4175, #5004, #4733 ),
 ( #2267, #1810, #1397, #3089 ) ),
 .UNSPECIFIED., .F., .F., .F.,
 ( 2, 2 ),
 ( 4, 4 ),
 ( 0.0000000000000000000, 1.000000000000000000 ),
 ( 0.0000000000000000000, 0.8966639841821701900 ),
 .UNSPECIFIED. ) ;
#2910 = ORIENTED_EDGE ( 'NONE', *, *, #2451, .T. ) ;
#2911 = CARTESIAN_POINT ( 'NONE',  ( 91.97603765171290000, -2.424786439250877100, 290.3854189262659100 ) ) ;
#2912 = CARTESIAN_POINT ( 'NONE',  ( 79.53624841921752900, 5.187743136356812300, 294.6057385449224700 ) ) ;
#2913 = DIRECTION ( 'NONE',  ( -6.330083025208640200E-007, 0.9999954694747276200, 0.003010154417688565300 ) ) ;
#2914 = CARTESIAN_POINT ( 'NONE',  ( 58.47710137166093600, -11.79521929513829700, 285.3235722145240600 ) ) ;
#2915 = CARTESIAN_POINT ( 'NONE',  ( 90.47656715093823700, -8.334904369289997600, 287.8673251463000600 ) ) ;
#2916 = CARTESIAN_POINT ( 'NONE',  ( 58.47755986154692900, -13.25193599234848200, 283.1433079901877900 ) ) ;
#2917 = CARTESIAN_POINT ( 'NONE',  ( 57.02431725791152700, -13.84916129994758400, 292.8469822963971300 ) ) ;
#2918 = CARTESIAN_POINT ( 'NONE',  ( 90.47755639254398800, -8.889537532789557200, 283.1631688536556300 ) ) ;
#2919 = ORIENTED_EDGE ( 'NONE', *, *, #5146, .F. ) ;
#2920 = CARTESIAN_POINT ( 'NONE',  ( 56.97696401654272300, 7.996902521131355400, 285.9765814667550200 ) ) ;
#2921 = CARTESIAN_POINT ( 'NONE',  ( 58.47738457285650100, 5.682700754589756500, 283.9768610781551400 ) ) ;
#2922 = CARTESIAN_POINT ( 'NONE',  ( 56.97668584291258000, 9.268948989472816500, 287.2993849406707300 ) ) ;
#2923 = ORIENTED_EDGE ( 'NONE', *, *, #5155, .T. ) ;
#2924 = CARTESIAN_POINT ( 'NONE',  ( 91.97668551476913000, 8.564781735654163300, 287.3046254628066000 ) ) ;
#2925 = VERTEX_POINT ( 'NONE', #2539 ) ;
#2926 = ADVANCED_FACE ( 'NONE', ( #1093 ), #521, .F. ) ;
#2927 = CARTESIAN_POINT ( 'NONE',  ( 91.97669742969904400, -11.92147988067903700, 287.2479662075941200 ) ) ;
#2928 = CARTESIAN_POINT ( 'NONE',  ( 86.97546080752002200, 11.14935558064986800, 293.1252415712653500 ) ) ;
#2929 = CARTESIAN_POINT ( 'NONE',  ( 58.47708314624522800, 8.613994807570366100, 285.4102398218759000 ) ) ;
#2930 = CARTESIAN_POINT ( 'NONE',  ( 90.47709243089495600, 8.986184982413115900, 285.3694530396166400 ) ) ;
#2931 = ORIENTED_EDGE ( 'NONE', *, *, #3151, .F. ) ;
#2932 = CARTESIAN_POINT ( 'NONE',  ( 74.39865243196867100, -9.450924513671221700, 293.0605864742065000 ) ) ;
#2933 = B_SPLINE_CURVE_WITH_KNOTS ( 'NONE', 3,
 ( #1844, #1481, #1827, #2670 ),
 .UNSPECIFIED., .F., .F.,
 ( 4, 4 ),
 ( 2.044800265517237200E-006, 1.000000000000000000 ),
 .UNSPECIFIED. ) ;
#2934 = CARTESIAN_POINT ( 'NONE',  ( 58.47589358471213900, 11.15458339890047400, 291.0676781133877900 ) ) ;
#2935 = CARTESIAN_POINT ( 'NONE',  ( 56.97755833455682500, -13.26730841415323600, 283.1504115922529600 ) ) ;
#2936 = CARTESIAN_POINT ( 'NONE',  ( 56.97756457643367200, 10.28850966753050500, 283.1207294951389000 ) ) ;
#2937 =( BOUNDED_CURVE ( )  B_SPLINE_CURVE ( 3, ( #1304, #2978, #1026, #5094 ),
 .UNSPECIFIED., .F., .F. ) 
 B_SPLINE_CURVE_WITH_KNOTS ( ( 4, 4 ),
 ( 5.975432427903119900E-015, 3.141592653589798900 ),
 .UNSPECIFIED. ) 
 CURVE ( )  GEOMETRIC_REPRESENTATION_ITEM ( )  RATIONAL_B_SPLINE_CURVE ( ( 1.000000000000000000, 0.3333333333333333700, 0.3333333333333333700, 1.000000000000000000 ) ) 
 REPRESENTATION_ITEM ( '' )  );
#2938 = CARTESIAN_POINT ( 'NONE',  ( 83.74662228689221900, -0.4095922133219053700, 293.0897681987362400 ) ) ;
#2939 = EDGE_CURVE ( 'NONE', #151, #700, #2015, .T. ) ;
#2940 = EDGE_CURVE ( 'NONE', #1717, #2317, #2140, .T. ) ;
#2941 = CARTESIAN_POINT ( 'NONE',  ( 58.47702183077931400, 8.165844329561867500, 285.7018142290382900 ) ) ;
#2942 = ORIENTED_EDGE ( 'NONE', *, *, #286, .T. ) ;
#2943 = B_SPLINE_CURVE_WITH_KNOTS ( 'NONE', 1,
 ( #4962, #2464 ),
 .UNSPECIFIED., .F., .F.,
 ( 2, 2 ),
 ( 0.0000000000000000000, 1.000000000000000000 ),
 .UNSPECIFIED. ) ;
#2944 = CARTESIAN_POINT ( 'NONE',  ( 58.47669769582984100, 9.413205170963593100, 287.2431782935198000 ) ) ;
#2945 = FACE_OUTER_BOUND ( 'NONE', #2526, .T. ) ;
#2946 = CARTESIAN_POINT ( 'NONE',  ( 86.97516246542072300, -13.86381572795803600, 294.5499544849469100 ) ) ;
#2947 = CARTESIAN_POINT ( 'NONE',  ( 91.97740062773273500, 11.15210601405078400, 283.9040374484354200 ) ) ;
#2948 = CARTESIAN_POINT ( 'NONE',  ( 91.97681519954291200, -12.50530948862423000, 286.6879334018219100 ) ) ;
#2949 = ORIENTED_EDGE ( 'NONE', *, *, #4887, .F. ) ;
#2950 = CARTESIAN_POINT ( 'NONE',  ( 56.97754755105155100, 6.247975662398071800, 283.2016905648768600 ) ) ;
#2951 = CARTESIAN_POINT ( 'NONE',  ( 91.97648907192756000, 2.160231504527176900, 288.2387732220189500 ) ) ;
#2952 = CARTESIAN_POINT ( 'NONE',  ( 90.47744800811375400, 5.775302801721139200, 283.6785710532639100 ) ) ;
#2953 = FACE_BOUND ( 'NONE', #2248, .T. ) ;
#2954 = CARTESIAN_POINT ( 'NONE',  ( 90.47668448619555200, 8.578427243548064900, 287.3093589367423400 ) ) ;
#2955 = CARTESIAN_POINT ( 'NONE',  ( 91.97742226722117200, -13.79928441540825400, 283.8011348459492100 ) ) ;
#2956 = CARTESIAN_POINT ( 'NONE',  ( 56.97740142871694500, 11.15207704320854500, 283.8965484192043500 ) ) ;
#2957 = EDGE_CURVE ( 'NONE', #2235, #3902, #3281, .T. ) ;
#2958 = CARTESIAN_POINT ( 'NONE',  ( 56.97737047526746300, -13.82344086435737300, 284.0437418495469000 ) ) ;
#2959 = CARTESIAN_POINT ( 'NONE',  ( 56.97756174279119500, 10.36872870694376500, 283.1342043601522400 ) ) ;
#2960 = ADVANCED_FACE ( 'NONE', ( #148 ), #18, .F. ) ;
#2961 = CARTESIAN_POINT ( 'NONE',  ( 91.97742797847371300, -8.366464261145566200, 283.7739760361791900 ) ) ;
#2962 = CARTESIAN_POINT ( 'NONE',  ( 56.97738583513822900, 11.15210257191572700, 283.9707008113406300 ) ) ;
#2963 = CARTESIAN_POINT ( 'NONE',  ( 58.47668580974587400, 9.268948989472832500, 287.2997003771238800 ) ) ;
#2964 = CARTESIAN_POINT ( 'NONE',  ( 58.47755048537617700, 6.279208127372152500, 283.1878946426719500 ) ) ;
#2965 = VERTEX_POINT ( 'NONE', #3880 ) ;
#2966 = CARTESIAN_POINT ( 'NONE',  ( 56.97679822147424700, 9.835145808234377900, 286.7649893845441500 ) ) ;
#2967 = CARTESIAN_POINT ( 'NONE',  ( 90.47680505003720000, -12.48398337586427000, 286.7360397890074100 ) ) ;
#2968 = DIRECTION ( 'NONE',  ( 0.0002102900160020170600, 0.003010154487108463500, -0.9999954473636731800 ) ) ;
#2969 = EDGE_LOOP ( 'NONE', ( #2896, #1351, #2389, #4178 ) ) ;
#2970 = CARTESIAN_POINT ( 'NONE',  ( 91.97655825565536200, 5.665032097855005900, 287.9097827442921000 ) ) ;
#2971 = CARTESIAN_POINT ( 'NONE',  ( 58.47688352163347500, 7.919687749126104800, 286.3595179011938400 ) ) ;
#2972 = CARTESIAN_POINT ( 'NONE',  ( 58.47707694107240400, 9.305314379529125500, 285.4397473785160700 ) ) ;
#2973 = CARTESIAN_POINT ( 'NONE',  ( 90.47674419580225400, 8.161880307247631800, 287.0254208973221900 ) ) ;
#2974 = CARTESIAN_POINT ( 'NONE',  ( 91.97755426116542300, -13.31696734722095400, 283.1734619499775400 ) ) ;
#2975 = B_SPLINE_CURVE_WITH_KNOTS ( 'NONE', 3,
 ( #2575, #1641, #509, #42, #2929, #1702, #4149, #1679, #2521, #452, #4563, #2907, #1255, #3344, #2121, #875, #2098, #2971 ),
 .UNSPECIFIED., .F., .F.,
 ( 4, 1, 1, 2, 2, 2, 1, 1, 2, 2, 4 ),
 ( 0.0000000000000000000, 0.1250000000000875400, 0.1875000000001415500, 0.2187500000001669200, 0.2500000000001922400, 0.5000000000002596800, 0.6250000000002933200, 0.6875000000003112000, 0.7187500000003207400, 0.7500000000003302900, 1.000000000000000000 ),
 .UNSPECIFIED. ) ;
#2976 = CARTESIAN_POINT ( 'NONE',  ( 72.35700469664831800, -7.107469890447947400, 294.5672181556652200 ) ) ;
#2977 = CARTESIAN_POINT ( 'NONE',  ( 58.47743214518638400, -13.77867511720521800, 283.7506396245087200 ) ) ;
#2978 = CARTESIAN_POINT ( 'NONE',  ( 76.59330350956732000, 4.395756709003896000, 293.1027288288448200 ) ) ;
#2979 = CARTESIAN_POINT ( 'NONE',  ( 58.47656785849417100, -8.334904369289997600, 287.8605958352999900 ) ) ;
#2980 = B_SPLINE_SURFACE_WITH_KNOTS ( 'NONE', 1, 3, ( 
 ( #2797, #3625, #5250, #2817 ),
 ( #1987, #336, #4861, #6 ) ),
 .UNSPECIFIED., .F., .F., .F.,
 ( 2, 2 ),
 ( 4, 4 ),
 ( 0.0000000000000000000, 1.000000000000000000 ),
 ( 0.1033359426890642800, 1.000000000000000000 ),
 .UNSPECIFIED. ) ;
#2981 = CARTESIAN_POINT ( 'NONE',  ( 91.97743742441089400, -8.381322240300246300, 283.7290576213624100 ) ) ;
#2982 = VERTEX_POINT ( 'NONE', #545 ) ;
#2983 = CARTESIAN_POINT ( 'NONE',  ( 56.97709321180832400, 8.922693373086000100, 285.3622171717468600 ) ) ;
#2984 = B_SPLINE_CURVE_WITH_KNOTS ( 'NONE', 3,
 ( #2934, #3825, #3747, #1686 ),
 .UNSPECIFIED., .F., .F.,
 ( 4, 4 ),
 ( 0.0000000000000000000, 0.8966639841821701900 ),
 .UNSPECIFIED. ) ;
#2985 = VECTOR ( 'NONE', #4194, 1000.000000000000100 ) ;
#2986 = CARTESIAN_POINT ( 'NONE',  ( 58.47757048814300900, -9.057009614041621900, 283.0927751692257700 ) ) ;
#2987 = CARTESIAN_POINT ( 'NONE',  ( 90.47669746286577200, -11.92147988067903700, 287.2476507711410800 ) ) ;
#2988 = EDGE_CURVE ( 'NONE', #788, #2461, #974, .T. ) ;
#2989 = ADVANCED_FACE ( 'NONE', ( #4258 ), #4244, .T. ) ;
#2990 = B_SPLINE_SURFACE_WITH_KNOTS ( 'NONE', 1, 3, ( 
 ( #1258, #1626, #4928, #2445 ),
 ( #5311, #1610, #2872, #3331 ) ),
 .UNSPECIFIED., .F., .F., .F.,
 ( 2, 2 ),
 ( 4, 4 ),
 ( 0.0000000000000000000, 1.000000000000000000 ),
 ( 0.0000000000000000000, 1.000000000000000000 ),
 .UNSPECIFIED. ) ;
#2991 = CARTESIAN_POINT ( 'NONE',  ( 90.47637978843553700, 11.15386937445255300, 288.7582930261538100 ) ) ;
#2992 = CARTESIAN_POINT ( 'NONE',  ( 90.47699496348731400, -10.69872155142481800, 285.8329413486718000 ) ) ;
#2993 = CARTESIAN_POINT ( 'NONE',  ( 91.97752627570274300, 6.069218806997949600, 283.3065416644093900 ) ) ;
#2994 = CARTESIAN_POINT ( 'NONE',  ( 90.47683021860524400, 7.942338887403376900, 286.6163552984058400 ) ) ;
#2995 = EDGE_CURVE ( 'NONE', #2189, #3213, #2432, .T. ) ;
#2996 = DIRECTION ( 'NONE',  ( 0.0002102900136559410600, 0.003010154484246530600, -0.9999954473636822900 ) ) ;
#2997 = CARTESIAN_POINT ( 'NONE',  ( 90.47635562167383200, -4.588604123341788500, 288.8734920829784300 ) ) ;
#2998 = CARTESIAN_POINT ( 'NONE',  ( 58.47747470533391800, -13.70110855190332800, 283.5482526801283700 ) ) ;
#2999 = VECTOR ( 'NONE', #3776, 1000.000000000000200 ) ;
#3000 = CARTESIAN_POINT ( 'NONE',  ( 56.97636405034717200, 1.910765118614898200, 288.8296102294579600 ) ) ;
#3001 = CARTESIAN_POINT ( 'NONE',  ( 56.97699304584092800, 8.066845426960826500, 285.8385379847611600 ) ) ;
#3002 = ORIENTED_EDGE ( 'NONE', *, *, #1880, .F. ) ;
#3003 = CARTESIAN_POINT ( 'NONE',  ( 56.97748621568277400, 5.873868119365887700, 283.4933596165904500 ) ) ;
#3004 = CARTESIAN_POINT ( 'NONE',  ( 58.47745770126616800, -8.419701781497105100, 283.6291123928857600 ) ) ;
#3005 = CARTESIAN_POINT ( 'NONE',  ( 58.47756775544634400, 6.679476414359006000, 283.1057700042000000 ) ) ;
#3006 = CARTESIAN_POINT ( 'NONE',  ( 74.39833699692208300, 4.544560254602411800, 294.6027219998903800 ) ) ;
#3007 = CARTESIAN_POINT ( 'NONE',  ( 91.97669525758763600, -11.89163982049176100, 287.2582952834488900 ) ) ;
#3008 = CARTESIAN_POINT ( 'NONE',  ( 91.97752616795030200, 10.75706356541850500, 283.3070540613704200 ) ) ;
#3009 = CARTESIAN_POINT ( 'NONE',  ( 58.47675692314229000, -10.82638501659430700, 286.9615337165663500 ) ) ;
#3010 = CARTESIAN_POINT ( 'NONE',  ( 56.97750327939158400, 10.88937994248481400, 283.4122162912438500 ) ) ;
#3011 = ORIENTED_EDGE ( 'NONE', *, *, #3115, .F. ) ;
#3012 = CARTESIAN_POINT ( 'NONE',  ( 58.47695633606289100, 9.856855560818582200, 286.0132622924384700 ) ) ;
#3013 =( BOUNDED_CURVE ( )  B_SPLINE_CURVE ( 3, ( #977, #557, #3873, #4202 ),
 .UNSPECIFIED., .F., .F. ) 
 B_SPLINE_CURVE_WITH_KNOTS ( ( 4, 4 ),
 ( 3.141592653589792700, 6.283185307179586200 ),
 .UNSPECIFIED. ) 
 CURVE ( )  GEOMETRIC_REPRESENTATION_ITEM ( )  RATIONAL_B_SPLINE_CURVE ( ( 1.000000000000000000, 0.3333333333333332000, 0.3333333333333332000, 1.000000000000000000 ) ) 
 REPRESENTATION_ITEM ( '' )  );
#3014 = CARTESIAN_POINT ( 'NONE',  ( 90.47689452472992900, -10.58022843615732200, 286.3105593554861300 ) ) ;
#3015 = EDGE_CURVE ( 'NONE', #3425, #4087, #4079, .T. ) ;
#3016 = PLANE ( 'NONE',  #1429 ) ;
#3017 = LINE ( 'NONE', #2681, #621 ) ;
#3018 = ORIENTED_EDGE ( 'NONE', *, *, #4874, .F. ) ;
#3019 = ADVANCED_FACE ( 'NONE', ( #3887 ), #4542, .T. ) ;
#3020 =( BOUNDED_SURFACE ( )  B_SPLINE_SURFACE ( 3, 1, ( 
 ( #419, #1666 ),
 ( #3350, #1708 ),
 ( #3726, #2465 ),
 ( #4546, #3314 ) ),
 .UNSPECIFIED., .F., .F., .T. ) 
 B_SPLINE_SURFACE_WITH_KNOTS ( ( 4, 4 ),
 ( 2, 2 ),
 ( 0.0000000000000000000, 1.000000000000000000 ),
 ( 0.0000000000000000000, 1.000000000000000000 ),
 .UNSPECIFIED. ) 
 GEOMETRIC_REPRESENTATION_ITEM ( )  RATIONAL_B_SPLINE_SURFACE ( (
 ( 1.000000000000000000, 1.000000000000000000),
 ( 0.3333333333333335400, 0.3333333333333335400),
 ( 0.3333333333333335400, 0.3333333333333335400),
 ( 1.000000000000000000, 1.000000000000000000) ) ) 
 REPRESENTATION_ITEM ( '' )  SURFACE ( )  );
#3021 = VERTEX_POINT ( 'NONE', #3030 ) ;
#3022 = DIRECTION ( 'NONE',  ( -0.0002102900159831502600, -0.003010182248441230400, 0.9999954472801065900 ) ) ;
#3023 = CARTESIAN_POINT ( 'NONE',  ( 56.97708842815725200, 8.704687829084246400, 285.3849649435914000 ) ) ;
#3024 = CARTESIAN_POINT ( 'NONE',  ( 58.47756422669732500, -8.968559768774984100, 283.1225503211471200 ) ) ;
#3025 = CARTESIAN_POINT ( 'NONE',  ( 56.97635003705596500, 1.910564528153687400, 288.8962478553246500 ) ) ;
#3026 = CARTESIAN_POINT ( 'NONE',  ( 90.47757943174329400, -12.88392684973505100, 283.0536101836820500 ) ) ;
#3027 = FACE_BOUND ( 'NONE', #4250, .T. ) ;
#3028 = CARTESIAN_POINT ( 'NONE',  ( 90.47686684645864800, 11.15302790628507700, 286.4421782863058800 ) ) ;
#3029 = ORIENTED_EDGE ( 'NONE', *, *, #2291, .F. ) ;
#3030 = CARTESIAN_POINT ( 'NONE',  ( 69.41405978697190400, -7.899456317800882300, 293.0642084395875600 ) ) ;
#3031 = CARTESIAN_POINT ( 'NONE',  ( 56.97755775017384400, 10.44807675019334800, 283.1531905167457800 ) ) ;
#3032 = CARTESIAN_POINT ( 'NONE',  ( 56.97563558683636100, -13.84763676216988800, 292.2936843132335400 ) ) ;
#3033 = CARTESIAN_POINT ( 'NONE',  ( 56.97757791674606400, -9.320451097237040000, 283.0572920970573700 ) ) ;
#3034 = CARTESIAN_POINT ( 'NONE',  ( 91.97703310984087500, -10.82242099424684600, 285.6517011068035000 ) ) ;
#3035 = EDGE_CURVE ( 'NONE', #2171, #3548, #1410, .T. ) ;
#3036 = CARTESIAN_POINT ( 'NONE',  ( 56.97757536894535200, -13.07054333211703300, 283.0694076944054100 ) ) ;
#3037 = CARTESIAN_POINT ( 'NONE',  ( 56.97708416961654600, 8.629011520014717700, 285.4052156497020300 ) ) ;
#3038 = CARTESIAN_POINT ( 'NONE',  ( 90.47742801164044100, -8.366464261145566200, 283.7736605997261600 ) ) ;
#3039 = CARTESIAN_POINT ( 'NONE',  ( 56.97688355480062200, 7.919687749126103100, 286.3592024647407500 ) ) ;
#3040 = CARTESIAN_POINT ( 'NONE',  ( 58.47655899637779000, 5.665032203356187100, 287.9027379972000100 ) ) ;
#3041 = CARTESIAN_POINT ( 'NONE',  ( 56.97708382540911700, -11.13097270819609900, 285.4068524657337800 ) ) ;
#3042 = EDGE_LOOP ( 'NONE', ( #5280, #1285 ) ) ;
#3043 = FACE_OUTER_BOUND ( 'NONE', #2615, .T. ) ;
#3044 = DIRECTION ( 'NONE',  ( -0.9999999778890549300, 6.330054415950438800E-007, -0.0002102890609316775700 ) ) ;
#3045 = CARTESIAN_POINT ( 'NONE',  ( 56.97756557308395000, 10.17946055751997600, 283.1159901082573400 ) ) ;
#3046 = CARTESIAN_POINT ( 'NONE',  ( 58.47708809875855700, 9.172660566087124300, 285.3866890566290000 ) ) ;
#3047 = CARTESIAN_POINT ( 'NONE',  ( 56.97747051134521700, -8.450468013831539300, 283.5680387026006900 ) ) ;
#3048 = ORIENTED_EDGE ( 'NONE', *, *, #3119, .T. ) ;
#3049 = CARTESIAN_POINT ( 'NONE',  ( 56.97668675914472700, -11.45730461360916600, 287.2950279684498000 ) ) ;
#3050 = EDGE_LOOP ( 'NONE', ( #2861, #190, #180, #4560 ) ) ;
#3051 = CARTESIAN_POINT ( 'NONE',  ( 74.39833699694818800, -9.455439745397590900, 294.5605796452520600 ) ) ;
#3052 = LINE ( 'NONE', #2115, #965 ) ;
#3053 = CARTESIAN_POINT ( 'NONE',  ( 91.97698523227612100, -10.67646443537518400, 285.8793740495236200 ) ) ;
#3054 = CARTESIAN_POINT ( 'NONE',  ( 56.97754108119075800, 6.187217407223041500, 283.2324567965307000 ) ) ;
#3055 = CARTESIAN_POINT ( 'NONE',  ( 91.97752537835087600, -8.662747410552972500, 283.3108088559751500 ) ) ;
#3056 = CARTESIAN_POINT ( 'NONE',  ( 90.47560045525428100, 11.15229214171114300, 292.4642684597368400 ) ) ;
#3057 = CARTESIAN_POINT ( 'NONE',  ( 91.97753291122710100, 10.70922522403405700, 283.2749876503239100 ) ) ;
#3058 = CARTESIAN_POINT ( 'NONE',  ( 56.97708540499932900, -11.14630018671759300, 285.3993410153561300 ) ) ;
#3059 = CARTESIAN_POINT ( 'NONE',  ( 58.47668732142245300, -11.42608569502489700, 287.2925118784481800 ) ) ;
#3060 = CARTESIAN_POINT ( 'NONE',  ( 56.97748966987163000, 10.94628907755139300, 283.4769338572752400 ) ) ;
#3061 = CARTESIAN_POINT ( 'NONE',  ( 58.47735461514641700, 11.15215327385497100, 284.1193194516288800 ) ) ;
#3062 = ORIENTED_EDGE ( 'NONE', *, *, #2244, .T. ) ;
#3063 = CARTESIAN_POINT ( 'NONE',  ( 56.97757787655517300, -9.256959487901045900, 283.0574832174633600 ) ) ;
#3064 = CARTESIAN_POINT ( 'NONE',  ( 56.97668556825581700, -11.51974245077765800, 287.3006910213591700 ) ) ;
#3065 = CARTESIAN_POINT ( 'NONE',  ( 56.97755989471365000, -13.25193599234849800, 283.1429925537346400 ) ) ;
#3066 = VERTEX_POINT ( 'NONE', #1834 ) ;
#3067 = CARTESIAN_POINT ( 'NONE',  ( 58.47698667183505000, 9.800333475974893500, 285.8690061141392700 ) ) ;
#3068 = CARTESIAN_POINT ( 'NONE',  ( 56.97656077031737000, 2.915044662301103700, 287.8941446360469200 ) ) ;
#3069 = FACE_OUTER_BOUND ( 'NONE', #2217, .T. ) ;
#3070 = CARTESIAN_POINT ( 'NONE',  ( 74.16170523062226000, -5.842657997273168900, 293.0713981354326200 ) ) ;
#3071 = CARTESIAN_POINT ( 'NONE',  ( 56.97692813338103700, 9.896930915732356800, 286.1472172343781000 ) ) ;
#3072 = CARTESIAN_POINT ( 'NONE',  ( 91.97756090528744700, -8.937830090797909600, 283.1418670512686000 ) ) ;
#3073 = CARTESIAN_POINT ( 'NONE',  ( 81.55165577424695300, -0.2607886677233905400, 294.5897613697817400 ) ) ;
#3074 = CARTESIAN_POINT ( 'NONE',  ( 91.97754918481918200, 10.55492450465882100, 283.1976015797528100 ) ) ;
#3075 = LOCAL_TIME ( 18, 20, 55.00000000000000000, #616 ) ;
#3076 = ORIENTED_EDGE ( 'NONE', *, *, #925, .T. ) ;
#3077 = EDGE_CURVE ( 'NONE', #1656, #5325, #4800, .T. ) ;
#3078 = CARTESIAN_POINT ( 'NONE',  ( 57.97656612827248800, -5.584916828234006500, 287.8687686144155000 ) ) ;
#3079 = FACE_BOUND ( 'NONE', #444, .T. ) ;
#3080 = CARTESIAN_POINT ( 'NONE',  ( 58.47669560767640500, -11.27453549460349300, 287.2531081237253300 ) ) ;
#3081 = CARTESIAN_POINT ( 'NONE',  ( 56.97709321180832400, 8.922693373086012500, 285.3622171717593700 ) ) ;
#3082 = CARTESIAN_POINT ( 'NONE',  ( 56.97705050530323200, 9.527942922030682400, 285.5653000925285000 ) ) ;
#3083 = ORIENTED_EDGE ( 'NONE', *, *, #269, .T. ) ;
#3084 = CARTESIAN_POINT ( 'NONE',  ( 56.97736699372173800, -8.323465782247000200, 284.0602976988429900 ) ) ;
#3085 = CARTESIAN_POINT ( 'NONE',  ( 56.97669564084311100, -11.27453549460350700, 287.2527926872722300 ) ) ;
#3086 = CARTESIAN_POINT ( 'NONE',  ( 58.67186658490131600, 11.14505898072898500, 294.5704851375691600 ) ) ;
#3087 = CARTESIAN_POINT ( 'NONE',  ( 83.13950784043042600, -6.474386408965043100, 294.5713913064781200 ) ) ;
#3088 = VECTOR ( 'NONE', #4137, 1000.000000000000000 ) ;
#3089 = CARTESIAN_POINT ( 'NONE',  ( 56.97561976159401100, 11.15230452577105200, 292.3689383378836600 ) ) ;
#3090 = CARTESIAN_POINT ( 'NONE',  ( 65.20368591929732800, -2.302120968072702400, 294.5801787857739700 ) ) ;
#3091 = CARTESIAN_POINT ( 'NONE',  ( 90.47560043353335900, 11.15229196196119000, 292.4643717496458100 ) ) ;
#3092 = EDGE_CURVE ( 'NONE', #2399, #5253, #2474, .T. ) ;
#3093 = DIRECTION ( 'NONE',  ( 0.0002102900160020170600, 0.003010154487129745100, -0.9999954473636731800 ) ) ;
#3094 = CARTESIAN_POINT ( 'NONE',  ( 56.97694404742538400, 9.876680209176200300, 286.0715409269802800 ) ) ;
#3095 = CARTESIAN_POINT ( 'NONE',  ( 58.47706344880692300, -10.97196420219469600, 285.5039073634392300 ) ) ;
#3096 = CARTESIAN_POINT ( 'NONE',  ( 90.47669680908582300, 9.394291081491584100, 287.2507597013100200 ) ) ;
#3097 = EDGE_LOOP ( 'NONE', ( #664, #4363 ) ) ;
#3098 = CARTESIAN_POINT ( 'NONE',  ( 90.47680754849317000, 9.854735899008330700, 286.7241588416928800 ) ) ;
#3099 = EDGE_CURVE ( 'NONE', #118, #5259, #4121, .T. ) ;
#3100 = ORIENTED_EDGE ( 'NONE', *, *, #987, .F. ) ;
#3101 = CARTESIAN_POINT ( 'NONE',  ( 58.47685547717336600, 9.919295373383723900, 286.4928781689418400 ) ) ;
#3102 = CARTESIAN_POINT ( 'NONE',  ( 58.47686755611580600, 11.15294510942332500, 286.4354389823790300 ) ) ;
#3103 = CARTESIAN_POINT ( 'NONE',  ( 90.47676644065430200, -10.77762576515668200, 286.9196395995967900 ) ) ;
#3104 = CARTESIAN_POINT ( 'NONE',  ( 57.02430144303451000, 11.15076834790157200, 292.9222363289345000 ) ) ;
#3105 = ORIENTED_EDGE ( 'NONE', *, *, #2995, .T. ) ;
#3106 = LINE ( 'NONE', #2724, #3495 ) ;
#3107 = CARTESIAN_POINT ( 'NONE',  ( 90.47640474626646800, 1.937679222943689000, 288.6396106570152300 ) ) ;
#3108 = CARTESIAN_POINT ( 'NONE',  ( 65.20400135431781100, -2.297605736346332300, 293.0801856147284100 ) ) ;
#3109 = CARTESIAN_POINT ( 'NONE',  ( 86.97546080752002200, 11.14935558064986800, 293.1252415712653500 ) ) ;
#3110 = VERTEX_POINT ( 'NONE', #4362 ) ;
#3111 = CARTESIAN_POINT ( 'NONE',  ( 58.47708379224240400, -11.13097270819608300, 285.4071679021868700 ) ) ;
#3112 = CARTESIAN_POINT ( 'NONE',  ( 58.47745957016984900, 11.04523932420650900, 283.6202251645498800 ) ) ;
#3113 = CARTESIAN_POINT ( 'NONE',  ( 90.47739651298861900, -13.82305754966806400, 283.9234466380624400 ) ) ;
#3114 = CARTESIAN_POINT ( 'NONE',  ( 72.20400135431781100, 4.702394263653678400, 293.1027288288448200 ) ) ;
#3115 = EDGE_CURVE ( 'NONE', #1658, #1961, #2893, .T. ) ;
#3116 = CARTESIAN_POINT ( 'NONE',  ( 56.97668167396807300, 9.210354917186759100, 287.3192095885914900 ) ) ;
#3117 = CARTESIAN_POINT ( 'NONE',  ( 58.47589343805458400, 11.15452878056003000, 291.0676780438790800 ) ) ;
#3118 = CARTESIAN_POINT ( 'NONE',  ( 90.47673579863170800, -10.92406036045282900, 287.0653520956487900 ) ) ;
#3119 = EDGE_CURVE ( 'NONE', #3021, #3540, #2414, .T. ) ;
#3120 = CARTESIAN_POINT ( 'NONE',  ( 91.97757935838568200, -12.82043524039999800, 283.0541167405530100 ) ) ;
#3121 = CARTESIAN_POINT ( 'NONE',  ( 86.97547800952000300, -14.10941455607825800, 293.0492084285379500 ) ) ;
#3122 = ORIENTED_EDGE ( 'NONE', *, *, #5190, .T. ) ;
#3123 = CARTESIAN_POINT ( 'NONE',  ( 90.47709255169344500, 8.795353411341803700, 285.3688786045195800 ) ) ;
#3124 = VECTOR ( 'NONE', #2194, 1000.000000000000100 ) ;
#3125 = CARTESIAN_POINT ( 'NONE',  ( 65.81048493073861000, 3.758157995794599400, 294.5985488490774200 ) ) ;
#3126 = CARTESIAN_POINT ( 'NONE',  ( 90.47748497889752200, 10.96949373572818800, 283.5027632988504300 ) ) ;
#3127 = CLOSED_SHELL ( 'NONE', ( #1923, #1319, #3337, #4802, #3364, #5204, #4882, #3423, #853, #2185, #1262, #3765, #1087, #2293, #183, #4176, #4618, #2960, #77, #2745, #2538, #4755, #4398, #1780, #2096, #1898, #3601, #4000, #116, #3575, #1894, #2350, #5013, #5008, #3888, #4147, #1724, #3453, #5069, #754, #4983, #3387, #5176, #1091, #5039, #2989, #2319, #1523, #5313, #4199, #488, #4550, #3972, #1715, #4372, #1423, #458, #3791, #2748, #4349, #2722, #2274, #3846, #5150, #709, #542, #1379, #941, #1294, #3975, #3953, #1752, #4649, #2130, #4536, #2561, #3395, #4955, #142, #1329, #2926, #3155, #3183, #2509, #1917, #2754, #3019, #1055, #251, #3930, #4376, #681, #884, #3796, #4583, #516, #89, #1356 ) ) ;
#3128 = CARTESIAN_POINT ( 'NONE',  ( 56.97675501027001800, 9.716595762807722600, 286.9704723091553500 ) ) ;
#3129 = EDGE_CURVE ( 'NONE', #4270, #1133, #4491, .T. ) ;
#3130 = CARTESIAN_POINT ( 'NONE',  ( 56.97735464831313100, 11.15215327385495500, 284.1190040151757300 ) ) ;
#3131 = CARTESIAN_POINT ( 'NONE',  ( 90.47746035177563300, -13.72460885303422600, 283.6198730420837300 ) ) ;
#3132 = LOCAL_TIME ( 18, 20, 55.00000000000000000, #97 ) ;
#3133 = ORIENTED_EDGE ( 'NONE', *, *, #3907, .T. ) ;
#3134 = CARTESIAN_POINT ( 'NONE',  ( 90.47708741152405300, 9.140558018356179200, 285.3933217335639400 ) ) ;
#3135 = CARTESIAN_POINT ( 'NONE',  ( 91.97655472390545100, 2.653960670846160100, 287.9265773306114500 ) ) ;
#3136 = CARTESIAN_POINT ( 'NONE',  ( 91.97580146070230000, 11.15395582152323500, 291.5085817839412200 ) ) ;
#3137 = FACE_OUTER_BOUND ( 'NONE', #1824, .T. ) ;
#3138 = EDGE_LOOP ( 'NONE', ( #2170, #2687, #1532, #2434 ) ) ;
#3139 = CARTESIAN_POINT ( 'NONE',  ( 74.16138979560179200, -5.847173228999539100, 294.5713913064781200 ) ) ;
#3140 = CARTESIAN_POINT ( 'NONE',  ( 56.97668886934550200, 8.534052057677010700, 287.2849932962311100 ) ) ;
#3141 = ORIENTED_EDGE ( 'NONE', *, *, #2764, .F. ) ;
#3142 = CARTESIAN_POINT ( 'NONE',  ( 90.47756476266322100, 10.28956640858129700, 283.1233662928202100 ) ) ;
#3143 = CARTESIAN_POINT ( 'NONE',  ( 74.78891841058775500, 3.135460047555467700, 293.0985556780319100 ) ) ;
#3144 = CARTESIAN_POINT ( 'NONE',  ( 58.47678841515606500, 9.813335226209755300, 286.8117792431145300 ) ) ;
#3145 = CARTESIAN_POINT ( 'NONE',  ( 91.97753861936463700, -13.43069284775173100, 283.2478436532543400 ) ) ;
#3146 = ORIENTED_EDGE ( 'NONE', *, *, #2544, .F. ) ;
#3147 = CARTESIAN_POINT ( 'NONE',  ( 56.97648366562297200, -4.790910639500934200, 288.2608018122312500 ) ) ;
#3148 = CARTESIAN_POINT ( 'NONE',  ( 58.96029133585414400, 11.14484008038911300, 294.6193434706439100 ) ) ;
#3149 = CARTESIAN_POINT ( 'NONE',  ( 90.47755488119990700, 6.340876145480321700, 283.1703557719824300 ) ) ;
#3150 = CARTESIAN_POINT ( 'NONE',  ( 91.97688278091139600, 7.919687749126012500, 286.3665626486530900 ) ) ;
#3151 = EDGE_CURVE ( 'NONE', #1142, #244, #4914, .T. ) ;
#3152 = CARTESIAN_POINT ( 'NONE',  ( 86.97516257449952100, -14.11392978780462700, 294.5492015995834500 ) ) ;
#3153 = ORIENTED_EDGE ( 'NONE', *, *, #1615, .T. ) ;
#3154 = CARTESIAN_POINT ( 'NONE',  ( 90.47746035177561900, -13.72460885303422500, 283.6198730420837300 ) ) ;
#3155 = ADVANCED_FACE ( 'NONE', ( #1930 ), #3162, .F. ) ;
#3156 = B_SPLINE_CURVE_WITH_KNOTS ( 'NONE', 3,
 ( #1473, #5091, #3104, #221, #1806, #626, #2230, #3086, #2663, #2280 ),
 .UNSPECIFIED., .F., .F.,
 ( 4, 2, 2, 2, 4 ),
 ( 0.0000000000000000000, 0.2500000000000000000, 0.5000000000000000000, 0.7500000000000000000, 1.000000000000000000 ),
 .UNSPECIFIED. ) ;
#3157 = CARTESIAN_POINT ( 'NONE',  ( 90.47695394411938700, 7.979581627691954900, 286.0280013990994800 ) ) ;
#3158 = ORIENTED_EDGE ( 'NONE', *, *, #2764, .T. ) ;
#3159 = CARTESIAN_POINT ( 'NONE',  ( 91.97756614724940500, -13.17271116574919400, 283.1169398663971600 ) ) ;
#3160 = FACE_OUTER_BOUND ( 'NONE', #1876, .T. ) ;
#3161 = CARTESIAN_POINT ( 'NONE',  ( 56.97652377009954700, -4.971754349357876600, 288.0700923588925700 ) ) ;
#3162 =( BOUNDED_SURFACE ( )  B_SPLINE_SURFACE ( 3, 1, ( 
 ( #3632, #3989 ),
 ( #714, #2728 ),
 ( #3971, #4825 ),
 ( #4806, #3591 ) ),
 .UNSPECIFIED., .F., .F., .T. ) 
 B_SPLINE_SURFACE_WITH_KNOTS ( ( 4, 4 ),
 ( 2, 2 ),
 ( 0.0000000000000000000, 1.000000000000000000 ),
 ( 0.0000000000000000000, 1.000000000000000000 ),
 .UNSPECIFIED. ) 
 GEOMETRIC_REPRESENTATION_ITEM ( )  RATIONAL_B_SPLINE_SURFACE ( (
 ( 1.000000000000000000, 1.000000000000000000),
 ( 0.3333333333333333700, 0.3333333333333333700),
 ( 0.3333333333333333700, 0.3333333333333333700),
 ( 1.000000000000000000, 1.000000000000000000) ) ) 
 REPRESENTATION_ITEM ( '' )  SURFACE ( )  );
#3163 = CARTESIAN_POINT ( 'NONE',  ( 90.47683021860523000, 7.942338887403378700, 286.6163552984058900 ) ) ;
#3164 = ORIENTED_EDGE ( 'NONE', *, *, #3035, .F. ) ;
#3165 = CARTESIAN_POINT ( 'NONE',  ( 90.47744800811372600, 5.775302801721137400, 283.6785710532637900 ) ) ;
#3166 = FACE_OUTER_BOUND ( 'NONE', #1517, .T. ) ;
#3167 = CARTESIAN_POINT ( 'NONE',  ( 90.47698707731130700, 8.042020061597899200, 285.8704426062864200 ) ) ;
#3168 = CARTESIAN_POINT ( 'NONE',  ( 91.97700002081478500, -12.45788706264350200, 285.8090498771646800 ) ) ;
#3169 = CARTESIAN_POINT ( 'NONE',  ( 56.97672439628206600, 8.258969377426456800, 287.1160514915222300 ) ) ;
#3170 = CARTESIAN_POINT ( 'NONE',  ( 58.47689649830358900, -12.58021937510677200, 286.2978097355938300 ) ) ;
#3171 = CARTESIAN_POINT ( 'NONE',  ( 91.97680751532645600, 9.854735899008330700, 286.7244742781459800 ) ) ;
#3172 = B_SPLINE_CURVE_WITH_KNOTS ( 'NONE', 3,
 ( #4911, #3714, #2856, #4119, #4099, #3280, #1632, #4931, #3091, #498 ),
 .UNSPECIFIED., .F., .F.,
 ( 4, 2, 2, 2, 4 ),
 ( 0.0000000000000000000, 0.2500000000000000000, 0.5000000000000000000, 0.7500000000000000000, 1.000000000000000000 ),
 .UNSPECIFIED. ) ;
#3173 = CARTESIAN_POINT ( 'NONE',  ( 90.47735739088280100, 5.676470790399005900, 284.1094846081999800 ) ) ;
#3174 = FACE_OUTER_BOUND ( 'NONE', #4394, .T. ) ;
#3175 = EDGE_CURVE ( 'NONE', #3110, #2137, #4418, .T. ) ;
#3176 = CARTESIAN_POINT ( 'NONE',  ( 79.53656385433620800, -4.707236568430317900, 293.0759462291373400 ) ) ;
#3177 = ORIENTED_EDGE ( 'NONE', *, *, #2400, .T. ) ;
#3178 = CARTESIAN_POINT ( 'NONE',  ( 56.97656615088804000, -5.584916828234077500, 287.8685583234689000 ) ) ;
#3179 = VERTEX_POINT ( 'NONE', #1885 ) ;
#3180 = CARTESIAN_POINT ( 'NONE',  ( 57.24430009235616300, 11.14901335498412200, 293.4765616625416000 ) ) ;
#3181 = CARTESIAN_POINT ( 'NONE',  ( 90.47743785262490200, 5.753685562404079700, 283.7268636102088500 ) ) ;
#3182 = CARTESIAN_POINT ( 'NONE',  ( 58.76746446880496000, -13.85053276294858400, 293.0440558157177400 ) ) ;
#3183 = ADVANCED_FACE ( 'NONE', ( #835 ), #1468, .F. ) ;
#3184 = CARTESIAN_POINT ( 'NONE',  ( 91.97756479919473800, 10.17946055751984800, 283.1233502921530800 ) ) ;
#3185 = CARTESIAN_POINT ( 'NONE',  ( 69.41374435216401700, 1.995523387296928000, 294.5940007553736600 ) ) ;
#3186 = ORIENTED_EDGE ( 'NONE', *, *, #2325, .F. ) ;
#3187 = CARTESIAN_POINT ( 'NONE',  ( 58.47689523228770300, -10.58022843615999900, 286.3038300444000000 ) ) ;
#3188 = EDGE_CURVE ( 'NONE', #3610, #2825, #5093, .T. ) ;
#3189 = CARTESIAN_POINT ( 'NONE',  ( 58.47688314659228600, -12.58041049552697600, 286.3613013435382300 ) ) ;
#3190 = CARTESIAN_POINT ( 'NONE',  ( 90.47696692078959300, -12.52032549654191500, 285.9662932335192500 ) ) ;
#3191 = B_SPLINE_CURVE_WITH_KNOTS ( 'NONE', 1,
 ( #3782, #4172 ),
 .UNSPECIFIED., .F., .F.,
 ( 2, 2 ),
 ( 0.0000000000000000000, 1.000000000000000000 ),
 .UNSPECIFIED. ) ;
#3192 = CARTESIAN_POINT ( 'NONE',  ( 90.47695681364648100, 7.984630538191166400, 286.0143558915090100 ) ) ;
#3193 = ORIENTED_EDGE ( 'NONE', *, *, #858, .F. ) ;
#3194 = CARTESIAN_POINT ( 'NONE',  ( 56.97656606757470900, -5.453302524873580900, 287.8689545046753400 ) ) ;
#3195 = ORIENTED_EDGE ( 'NONE', *, *, #2741, .F. ) ;
#3196 = CARTESIAN_POINT ( 'NONE',  ( 91.97668475394968400, -11.45589409839617500, 287.3082433995340900 ) ) ;
#3197 = CARTESIAN_POINT ( 'NONE',  ( 58.47707694107240400, 9.305314379529125500, 285.4397473785161300 ) ) ;
#3198 = CARTESIAN_POINT ( 'NONE',  ( 56.97635003705596500, 1.910564528153687400, 288.8962478553246500 ) ) ;
#3199 = CARTESIAN_POINT ( 'NONE',  ( 69.41374435195142200, -7.903971549527252400, 294.5642016106331200 ) ) ;
#3200 = CARTESIAN_POINT ( 'NONE',  ( 90.47756538624322800, 10.17946055751960800, 283.1230348558413500 ) ) ;
#3201 = CARTESIAN_POINT ( 'NONE',  ( 56.97669191085210400, -11.33479992666339200, 287.2705299726574100 ) ) ;
#3202 = CARTESIAN_POINT ( 'NONE',  ( 58.47671290542357500, -12.07471955729035800, 287.1708518723278300 ) ) ;
#3203 = B_SPLINE_CURVE_WITH_KNOTS ( 'NONE', 3,
 ( #447, #407, #4870, #3697, #3306, #37, #4894, #2057, #3661, #5300, #4126, #387, #2478, #2495, #810, #791, #2412, #4535, #1205, #1230, #2843, #2900 ),
 .UNSPECIFIED., .F., .F.,
 ( 4, 2, 2, 2, 2, 2, 2, 2, 2, 2, 4 ),
 ( 0.0000000000000000000, 0.1250000000000000000, 0.1875000000000000000, 0.2187500000000000000, 0.2500000000000000000, 0.5000000000000000000, 0.6250000000000000000, 0.6875000000000000000, 0.7187500000000000000, 0.7500000000000000000, 1.000000000000000000 ),
 .UNSPECIFIED. ) ;
#3204 = EDGE_CURVE ( 'NONE', #4404, #2676, #2760, .T. ) ;
#3205 = EDGE_CURVE ( 'NONE', #4029, #464, #3993, .T. ) ;
#3206 = CARTESIAN_POINT ( 'NONE',  ( 56.97649427602087300, -4.832151746525581400, 288.2103460188240500 ) ) ;
#3207 = ORIENTED_EDGE ( 'NONE', *, *, #4359, .F. ) ;
#3208 = ORIENTED_EDGE ( 'NONE', *, *, #2553, .T. ) ;
#3209 = CARTESIAN_POINT ( 'NONE',  ( 91.97614452695808000, -4.590260702427652700, 289.8771933782839500 ) ) ;
#3210 = CARTESIAN_POINT ( 'NONE',  ( 91.97673576546498000, -10.92406036045282700, 287.0656675321017700 ) ) ;
#3211 = CARTESIAN_POINT ( 'NONE',  ( 90.47754195067024300, 6.182944307535197300, 283.2318445246627300 ) ) ;
#3212 = DIRECTION ( 'NONE',  ( 0.0000000000000000000, 0.9999954694745272200, 0.003010154550803893100 ) ) ;
#3213 = VERTEX_POINT ( 'NONE', #4497 ) ;
#3214 = CARTESIAN_POINT ( 'NONE',  ( 91.97707878103707900, 9.274584701550834300, 285.4345201433025600 ) ) ;
#3215 = CARTESIAN_POINT ( 'NONE',  ( 90.47710552836365100, -11.70455371289807400, 285.3071704390074500 ) ) ;
#3216 = ORIENTED_EDGE ( 'NONE', *, *, #3849, .F. ) ;
#3217 = DIRECTION ( 'NONE',  ( -6.330083149572723800E-007, 0.9999954694746713300, 0.003010154436358282100 ) ) ;
#3218 = FACE_OUTER_BOUND ( 'NONE', #121, .T. ) ;
#3219 = CC_DESIGN_APPROVAL ( #1804, ( #691 ) ) ;
#3220 = CARTESIAN_POINT ( 'NONE',  ( 56.97682245102543400, -12.51739624785341000, 286.6497702167067700 ) ) ;
#3221 = EDGE_CURVE ( 'NONE', #1148, #2177, #3334, .T. ) ;
#3222 = ORIENTED_EDGE ( 'NONE', *, *, #323, .F. ) ;
#3223 = FACE_OUTER_BOUND ( 'NONE', #772, .T. ) ;
#3224 = B_SPLINE_CURVE_WITH_KNOTS ( 'NONE', 1,
 ( #1931, #1901 ),
 .UNSPECIFIED., .F., .F.,
 ( 2, 2 ),
 ( 0.0000000000000000000, 1.000000000000000000 ),
 .UNSPECIFIED. ) ;
#3225 =( BOUNDED_CURVE ( )  B_SPLINE_CURVE ( 3, ( #3230, #2024, #3666, #1168 ),
 .UNSPECIFIED., .F., .T. ) 
 B_SPLINE_CURVE_WITH_KNOTS ( ( 4, 4 ),
 ( 3.141592653589798900, 6.283185307179586200 ),
 .UNSPECIFIED. ) 
 CURVE ( )  GEOMETRIC_REPRESENTATION_ITEM ( )  RATIONAL_B_SPLINE_CURVE ( ( 1.000000000000000000, 0.3333333333333353100, 0.3333333333333353100, 1.000000000000000000 ) ) 
 REPRESENTATION_ITEM ( '' )  );
#3226 = LINE ( 'NONE', #475, #2985 ) ;
#3227 = CARTESIAN_POINT ( 'NONE',  ( 86.97547793303223800, -13.85053102237735000, 293.0499877114994500 ) ) ;
#3228 = ORIENTED_EDGE ( 'NONE', *, *, #3913, .F. ) ;
#3229 = CARTESIAN_POINT ( 'NONE',  ( 56.97696018197480300, -10.62793565088278500, 285.9948160492766600 ) ) ;
#3230 = CARTESIAN_POINT ( 'NONE',  ( 74.55165577427307300, -7.260788667772832400, 294.5672181556652200 ) ) ;
#3231 =( BOUNDED_CURVE ( )  B_SPLINE_CURVE ( 3, ( #3486, #1866, #4731, #986 ),
 .UNSPECIFIED., .F., .T. ) 
 B_SPLINE_CURVE_WITH_KNOTS ( ( 4, 4 ),
 ( -8.881784197001252300E-016, 3.141592653589792700 ),
 .UNSPECIFIED. ) 
 CURVE ( )  GEOMETRIC_REPRESENTATION_ITEM ( )  RATIONAL_B_SPLINE_CURVE ( ( 1.000000000000000000, 0.3333333333333332000, 0.3333333333333332000, 1.000000000000000000 ) ) 
 REPRESENTATION_ITEM ( '' )  );
#3232 = CARTESIAN_POINT ( 'NONE',  ( 89.90991066013424400, -13.85039962896251400, 293.0343390759039200 ) ) ;
#3233 = CARTESIAN_POINT ( 'NONE',  ( 91.97667847469858800, 8.668423860212819000, 287.3381032218476900 ) ) ;
#3234 = B_SPLINE_CURVE_WITH_KNOTS ( 'NONE', 3,
 ( #1793, #4678, #4274, #4641, #5078, #92, #2628, #5042, #5063, #3859, #3003, #3401, #927, #4220, #3054, #2172, #573, #908, #4661, #2608, #3812, #1400 ),
 .UNSPECIFIED., .F., .F.,
 ( 4, 2, 2, 2, 2, 2, 2, 2, 2, 2, 4 ),
 ( 0.0000000000000000000, 0.1250000000000000000, 0.1875000000000000000, 0.2187500000000000000, 0.2500000000000000000, 0.5000000000000000000, 0.6250000000000000000, 0.6875000000000000000, 0.7187500000000000000, 0.7500000000000000000, 1.000000000000000000 ),
 .UNSPECIFIED. ) ;
#3235 = CARTESIAN_POINT ( 'NONE',  ( 56.97702380998502700, -12.37713644984316600, 285.6922447635687900 ) ) ;
#3236 = CARTESIAN_POINT ( 'NONE',  ( 91.97561898761549100, 11.15244577932965200, 292.3762989469145200 ) ) ;
#3237 = CARTESIAN_POINT ( 'NONE',  ( 91.97757935838569700, -12.82043524039992600, 283.0541167405289100 ) ) ;
#3238 = EDGE_CURVE ( 'NONE', #4321, #3988, #4014, .T. ) ;
#3239 = CARTESIAN_POINT ( 'NONE',  ( 58.47678574124739700, -10.72738611399328300, 286.8244945243917500 ) ) ;
#3240 = CARTESIAN_POINT ( 'NONE',  ( 91.97748494573079400, 10.96949373572818800, 283.5030787353035200 ) ) ;
#3241 = ORIENTED_EDGE ( 'NONE', *, *, #217, .F. ) ;
#3242 = CARTESIAN_POINT ( 'NONE',  ( 58.47756746054901800, -9.012045336856845200, 283.1071723349027100 ) ) ;
#3243 = LINE ( 'NONE', #3152, #262 ) ;
#3244 = CARTESIAN_POINT ( 'NONE',  ( 56.97557989040357300, -13.84831359138237900, 292.5585384431523700 ) ) ;
#3245 = ORIENTED_EDGE ( 'NONE', *, *, #4369, .T. ) ;
#3246 = DATE_TIME_ROLE ( 'classification_date' ) ;
#3247 = CARTESIAN_POINT ( 'NONE',  ( 90.47668486772401800, -11.58323406011999900, 287.3075446483999800 ) ) ;
#3248 = CARTESIAN_POINT ( 'NONE',  ( 56.97708382540911700, -11.13097270819609900, 285.4068524657337800 ) ) ;
#3249 = EDGE_CURVE ( 'NONE', #2965, #5131, #3318, .T. ) ;
#3250 = CARTESIAN_POINT ( 'NONE',  ( 56.97635630433443800, -4.589390389994028900, 288.8664449669314500 ) ) ;
#3251 = CARTESIAN_POINT ( 'NONE',  ( 65.35732013164269500, -0.1029546587215858400, 293.0868241251416200 ) ) ;
#3252 = CARTESIAN_POINT ( 'NONE',  ( 56.97709988607334000, -11.82564788459197100, 285.3304789345140800 ) ) ;
#3253 = PERSON_AND_ORGANIZATION ( #3617, #2740 ) ;
#3254 = CARTESIAN_POINT ( 'NONE',  ( 91.97698503251827200, 9.792676456487392000, 285.8803239611988800 ) ) ;
#3255 = CARTESIAN_POINT ( 'NONE',  ( 58.47709612291561900, -11.88591231665303200, 285.3485316563470600 ) ) ;
#3256 = CARTESIAN_POINT ( 'NONE',  ( 91.09758876030531400, 11.14661741225005500, 294.1857352767924600 ) ) ;
#3257 = EDGE_LOOP ( 'NONE', ( #695, #1490, #693, #126 ) ) ;
#3258 = DIRECTION ( 'NONE',  ( 0.0002102909687407822200, 0.0000000000000000000, -0.9999999778888539700 ) ) ;
#3259 = CARTESIAN_POINT ( 'NONE',  ( 58.47681116497795300, -10.66476131599817200, 286.7035966553986600 ) ) ;
#3260 = EDGE_CURVE ( 'NONE', #2825, #4632, #1870, .T. ) ;
#3261 = CARTESIAN_POINT ( 'NONE',  ( 90.47752541151764700, -8.662747410552974300, 283.3104934195221700 ) ) ;
#3262 = CARTESIAN_POINT ( 'NONE',  ( 90.47753631603218600, 10.68530605334183100, 283.2586390083475300 ) ) ;
#3263 = ORIENTED_EDGE ( 'NONE', *, *, #4630, .T. ) ;
#3264 = EDGE_LOOP ( 'NONE', ( #3011, #850, #1252, #3193 ) ) ;
#3265 = CARTESIAN_POINT ( 'NONE',  ( 90.47635562167383200, -4.588604123341788500, 288.8734920829784300 ) ) ;
#3266 = CARTESIAN_POINT ( 'NONE',  ( 91.97669758326759400, 8.420868447262158400, 287.2472359406692700 ) ) ;
#3267 = PERSON_AND_ORGANIZATION_ROLE ( 'creator' ) ;
#3268 = CARTESIAN_POINT ( 'NONE',  ( 90.47686805031384000, -10.58645840036212200, 286.4364535745472700 ) ) ;
#3269 = DIRECTION ( 'NONE',  ( 0.0002102900160117933700, 0.003010154484985754400, -0.9999954473636795100 ) ) ;
#3270 = CARTESIAN_POINT ( 'NONE',  ( 91.97735387431697500, 11.15218643293125700, 284.1263647076551100 ) ) ;
#3271 = CARTESIAN_POINT ( 'NONE',  ( 91.97671336876264500, 8.307592806509859400, 287.1721709258209800 ) ) ;
#3272 = B_SPLINE_CURVE_WITH_KNOTS ( 'NONE', 3,
 ( #1598, #1989, #801, #2447 ),
 .UNSPECIFIED., .F., .F.,
 ( 4, 4 ),
 ( 0.0000000000000000000, 1.000000000000000000 ),
 .UNSPECIFIED. ) ;
#3273 = ORIENTED_EDGE ( 'NONE', *, *, #3571, .F. ) ;
#3274 = CARTESIAN_POINT ( 'NONE',  ( 56.97700602251134700, -12.43306169727357800, 285.7768298191835500 ) ) ;
#3275 = DIRECTION ( 'NONE',  ( -6.330083104511876500E-007, 0.9999954694747810200, 0.003010154399993402200 ) ) ;
#3276 = CARTESIAN_POINT ( 'NONE',  ( 86.97516253625565200, -13.85504610589303300, 294.5499808829991900 ) ) ;
#3277 = ORIENTED_EDGE ( 'NONE', *, *, #1514, .F. ) ;
#3278 = CARTESIAN_POINT ( 'NONE',  ( 58.47645726404355300, 2.040586744323289900, 288.3865073793872400 ) ) ;
#3279 = CARTESIAN_POINT ( 'NONE',  ( 56.97669881958300000, -11.23095813476116000, 287.2376767750720300 ) ) ;
#3280 = CARTESIAN_POINT ( 'NONE',  ( 90.32873304984457300, 11.15095235803640400, 292.8334001369381100 ) ) ;
#3281 = B_SPLINE_CURVE_WITH_KNOTS ( 'NONE', 3,
 ( #185, #4261, #3059, #134, #3080, #3864, #1409, #4226, #2209, #3009, #5053, #3850, #1783, #600, #3463, #982, #581, #2160 ),
 .UNSPECIFIED., .F., .F.,
 ( 4, 1, 1, 2, 2, 2, 1, 1, 2, 2, 4 ),
 ( 0.0000000000000000000, 0.1250000000001377800, 0.1875000000002169100, 0.2187500000002564900, 0.2500000000002960400, 0.5000000000006096200, 0.6250000000007652800, 0.6875000000008003600, 0.7187500000007719400, 0.7500000000007435200, 1.000000000000000000 ),
 .UNSPECIFIED. ) ;
#3282 = EDGE_CURVE ( 'NONE', #1309, #4837, #5149, .T. ) ;
#3283 = CARTESIAN_POINT ( 'NONE',  ( 91.97668912795727200, 9.316941351102453700, 287.2874436119812500 ) ) ;
#3284 = EDGE_LOOP ( 'NONE', ( #159, #4522, #4201, #3999 ) ) ;
#3285 = CARTESIAN_POINT ( 'NONE',  ( 56.97758013227515800, -12.82043524040001400, 283.0467565566469300 ) ) ;
#3286 = CARTESIAN_POINT ( 'NONE',  ( 91.97688278091139600, 7.919687749126165200, 286.3665626486592800 ) ) ;
#3287 = CARTESIAN_POINT ( 'NONE',  ( 56.97563558683635400, -13.84763676216988800, 292.2936843132335400 ) ) ;
#3288 = CARTESIAN_POINT ( 'NONE',  ( 90.47672680720268100, -10.97677286312594800, 287.1081091806065600 ) ) ;
#3289 = CARTESIAN_POINT ( 'NONE',  ( 90.47656715093825100, -8.334904369289789700, 287.8673251463000600 ) ) ;
#3290 = CARTESIAN_POINT ( 'NONE',  ( 90.47696572086734100, 9.837554047794661500, 285.9719992428667900 ) ) ;
#3291 = ORIENTED_EDGE ( 'NONE', *, *, #1790, .F. ) ;
#3292 = VECTOR ( 'NONE', #3507, 1000.000000000000100 ) ;
#3293 = CARTESIAN_POINT ( 'NONE',  ( 69.63675348260582600, -4.711751800254848600, 294.5738576257795700 ) ) ;
#3294 = CARTESIAN_POINT ( 'NONE',  ( 58.47754265534430100, -13.40054018607875500, 283.2251289183873800 ) ) ;
#3295 = CARTESIAN_POINT ( 'NONE',  ( 58.47651916314496400, 2.300568511890143800, 288.0921576009685100 ) ) ;
#3296 = CARTESIAN_POINT ( 'NONE',  ( 56.97754632864506900, 10.61039322882915700, 283.2075034936169700 ) ) ;
#3297 = ORIENTED_EDGE ( 'NONE', *, *, #3115, .T. ) ;
#3298 = CARTESIAN_POINT ( 'NONE',  ( 56.97676798694043800, -10.78331136142241100, 286.9087641435585300 ) ) ;
#3299 = CARTESIAN_POINT ( 'NONE',  ( 90.47749458466249500, -8.517192699261304500, 283.4570848524429000 ) ) ;
#3300 = EDGE_LOOP ( 'NONE', ( #4470, #3959, #4794, #4382 ) ) ;
#3301 = CARTESIAN_POINT ( 'NONE',  ( 58.47757657347414600, -9.194556875413145000, 283.0638374975594600 ) ) ;
#3302 = EDGE_CURVE ( 'NONE', #2676, #5050, #1750, .T. ) ;
#3303 = CARTESIAN_POINT ( 'NONE',  ( 58.47737020855895900, 11.15212792288535800, 284.0451678497115600 ) ) ;
#3304 = CARTESIAN_POINT ( 'NONE',  ( 91.97673576546498000, -10.92406036045282700, 287.0656675321017700 ) ) ;
#3305 = CARTESIAN_POINT ( 'NONE',  ( 58.96030716957923100, -13.85504799460357000, 294.5440896061754800 ) ) ;
#3306 = CARTESIAN_POINT ( 'NONE',  ( 56.97684428801645100, -12.55024944616143000, 286.5459284271068400 ) ) ;
#3307 = CARTESIAN_POINT ( 'NONE',  ( 0.0000000000000000000, 0.0000000000000000000, 0.0000000000000000000 ) ) ;
#3308 = CARTESIAN_POINT ( 'NONE',  ( 56.97699968167217600, -10.69957364826646700, 285.8069825121016800 ) ) ;
#3309 = CARTESIAN_POINT ( 'NONE',  ( 79.53624841931572600, -4.711751800156687200, 294.5759394001829000 ) ) ;
#3310 = CARTESIAN_POINT ( 'NONE',  ( 56.97707524254810400, -11.05654925968133100, 285.4476666807987000 ) ) ;
#3311 = LINE ( 'NONE', #2928, #711 ) ;
#3312 = CARTESIAN_POINT ( 'NONE',  ( 90.47749570002822800, 5.922627370839428800, 283.4517809360296500 ) ) ;
#3313 = CARTESIAN_POINT ( 'NONE',  ( 91.09760467303284800, -13.85325172273240600, 294.1104814070578800 ) ) ;
#3314 = CARTESIAN_POINT ( 'NONE',  ( 74.78891841058775500, 3.135460047555467700, 293.0985556780319100 ) ) ;
#3315 = CARTESIAN_POINT ( 'NONE',  ( 74.78860297556727200, 3.130944815829098000, 294.5985488490774200 ) ) ;
#3316 = PLANE ( 'NONE',  #3978 ) ;
#3317 = ORIENTED_EDGE ( 'NONE', *, *, #785, .F. ) ;
#3318 = B_SPLINE_CURVE_WITH_KNOTS ( 'NONE', 1,
 ( #1590, #4458 ),
 .UNSPECIFIED., .F., .F.,
 ( 2, 2 ),
 ( 0.0000000000000000000, 1.000000000000000000 ),
 .UNSPECIFIED. ) ;
#3319 = CARTESIAN_POINT ( 'NONE',  ( 57.97735462321416800, 11.15215327871240300, 284.1192285141500000 ) ) ;
#3320 = CARTESIAN_POINT ( 'NONE',  ( 69.74630685187172200, -0.4141074450977259000, 294.5868172961871200 ) ) ;
#3321 = CARTESIAN_POINT ( 'NONE',  ( 58.47589358471213900, 11.15458339890047400, 291.0676781133877900 ) ) ;
#3322 = LINE ( 'NONE', #530, #610 ) ;
#3323 = CARTESIAN_POINT ( 'NONE',  ( 91.97681519954291200, -12.50530948862423000, 286.6879334018219100 ) ) ;
#3324 = APPROVAL_PERSON_ORGANIZATION ( #3398, #1833, #2457 ) ;
#3325 = CARTESIAN_POINT ( 'NONE',  ( 67.55165577424696700, -0.2607886677728409900, 294.5868172961871200 ) ) ;
#3326 = EDGE_LOOP ( 'NONE', ( #1050, #2119, #1584, #2416 ) ) ;
#3327 = CARTESIAN_POINT ( 'NONE',  ( 90.47756530174807200, 6.522328049280218900, 283.1208027741525400 ) ) ;
#3328 = FACE_OUTER_BOUND ( 'NONE', #894, .T. ) ;
#3329 = DIRECTION ( 'NONE',  ( 6.330083025208640200E-007, -0.9999954694747276200, -0.003010154417688565300 ) ) ;
#3330 = CARTESIAN_POINT ( 'NONE',  ( 58.47635000310968700, 1.910564528153695600, 288.8965632917776200 ) ) ;
#3331 = CARTESIAN_POINT ( 'NONE',  ( 91.97735387431697500, 11.15218643293125700, 284.1263647076551100 ) ) ;
#3332 = CARTESIAN_POINT ( 'NONE',  ( 56.97635630433443100, -4.589390389994001400, 288.8664449669469100 ) ) ;
#3333 = CARTESIAN_POINT ( 'NONE',  ( 56.97756557308395700, 10.17946055751999900, 283.1159901082468800 ) ) ;
#3334 =( BOUNDED_CURVE ( )  B_SPLINE_CURVE ( 3, ( #1475, #4049, #3700, #4873 ),
 .UNSPECIFIED., .F., .F. ) 
 B_SPLINE_CURVE_WITH_KNOTS ( ( 4, 4 ),
 ( 3.141592653589792700, 6.283185307179586200 ),
 .UNSPECIFIED. ) 
 CURVE ( )  GEOMETRIC_REPRESENTATION_ITEM ( )  RATIONAL_B_SPLINE_CURVE ( ( 1.000000000000000000, 0.3333333333333332000, 0.3333333333333332000, 1.000000000000000000 ) ) 
 REPRESENTATION_ITEM ( '' )  );
#3335 = ORIENTED_EDGE ( 'NONE', *, *, #2023, .F. ) ;
#3336 = CARTESIAN_POINT ( 'NONE',  ( 74.55197120929355500, -7.256273436046462200, 293.0672249846196600 ) ) ;
#3337 = ADVANCED_FACE ( 'NONE', ( #534 ), #831, .F. ) ;
#3338 = CARTESIAN_POINT ( 'NONE',  ( 69.63675348260582600, -4.711751800254848600, 294.5738576257795700 ) ) ;
#3339 = PLANE ( 'NONE',  #2489 ) ;
#3340 = CARTESIAN_POINT ( 'NONE',  ( 90.47740066089959000, 11.15210601405076900, 283.9037220119823200 ) ) ;
#3341 = B_SPLINE_SURFACE_WITH_KNOTS ( 'NONE', 1, 3, ( 
 ( #4494, #1163, #4473, #409 ),
 ( #3287, #5302, #4436, #792 ) ),
 .UNSPECIFIED., .F., .F., .F.,
 ( 2, 2 ),
 ( 4, 4 ),
 ( 0.0000000000000000000, 1.000000000000000000 ),
 ( 0.1088859573613967700, 1.000000000000000000 ),
 .UNSPECIFIED. ) ;
#3342 = CARTESIAN_POINT ( 'NONE',  ( 59.22516238495966700, -13.85504799458651900, 294.5441453028358900 ) ) ;
#3343 = CARTESIAN_POINT ( 'NONE',  ( 76.12101953929070000, 2.218532517738808400, 294.5960825297760300 ) ) ;
#3344 = CARTESIAN_POINT ( 'NONE',  ( 58.47696758894365800, 8.004220628965631700, 285.9597512902036000 ) ) ;
#3345 = ORIENTED_EDGE ( 'NONE', *, *, #5146, .T. ) ;
#3346 = DIRECTION ( 'NONE',  ( 0.9999999778890548100, -6.330054422787938600E-007, 0.0002102890608719697700 ) ) ;
#3347 = AXIS2_PLACEMENT_3D ( 'NONE', #3505, #3870, #1823 ) ;
#3348 = CARTESIAN_POINT ( 'NONE',  ( 90.47655483751761100, 2.654892624540647500, 287.9258793507292500 ) ) ;
#3349 = VERTEX_POINT ( 'NONE', #3650 ) ;
#3350 = CARTESIAN_POINT ( 'NONE',  ( 83.13950784043041200, -6.474386408965034300, 294.5713913064781200 ) ) ;
#3351 = CARTESIAN_POINT ( 'NONE',  ( 91.97709879777782800, -11.32896454724546800, 285.3393342187365500 ) ) ;
#3352 = CARTESIAN_POINT ( 'NONE',  ( 57.24431589338743000, -13.85090425876876300, 293.4013076650148800 ) ) ;
#3353 = CARTESIAN_POINT ( 'NONE',  ( 91.97563497721486700, -14.10713908438849600, 292.3002633514669200 ) ) ;
#3354 = CARTESIAN_POINT ( 'NONE',  ( 79.31355472358360700, 2.000038618810778200, 293.0960893587304100 ) ) ;
#3355 = CARTESIAN_POINT ( 'NONE',  ( 58.47709317864161000, 8.922693373086016100, 285.3625326082000100 ) ) ;
#3356 = ORIENTED_EDGE ( 'NONE', *, *, #4611, .T. ) ;
#3357 = B_SPLINE_CURVE_WITH_KNOTS ( 'NONE', 3,
 ( #5210, #4493, #3319, #869 ),
 .UNSPECIFIED., .F., .F.,
 ( 4, 4 ),
 ( 0.0000000000000000000, 1.000000000000000000 ),
 .UNSPECIFIED. ) ;
#3358 = ORIENTED_EDGE ( 'NONE', *, *, #1992, .F. ) ;
#3359 = CYLINDRICAL_SURFACE ( 'NONE', #3386, 2.249999999999987100 ) ;
#3360 = CARTESIAN_POINT ( 'NONE',  ( 58.47750557883092200, -8.565658340370994500, 283.4014394501784300 ) ) ;
#3361 = CARTESIAN_POINT ( 'NONE',  ( 58.47741030300420600, 5.707935819687784300, 283.8545060987893300 ) ) ;
#3362 = CARTESIAN_POINT ( 'NONE',  ( 91.97708737835732500, 9.140558018356179200, 285.3936371700169700 ) ) ;
#3363 = EDGE_CURVE ( 'NONE', #1905, #5131, #460, .T. ) ;
#3364 = ADVANCED_FACE ( 'NONE', ( #3526 ), #5269, .F. ) ;
#3365 = CARTESIAN_POINT ( 'NONE',  ( 91.97675713930576100, -12.33802681699143700, 286.9640281681659500 ) ) ;
#3366 = EDGE_LOOP ( 'NONE', ( #2787, #1792, #3473, #1249 ) ) ;
#3367 = VECTOR ( 'NONE', #5025, 1000.000000000000200 ) ;
#3368 = CARTESIAN_POINT ( 'NONE',  ( 91.97634962917133800, 1.911348295905848500, 288.9018675716503700 ) ) ;
#3369 = FACE_BOUND ( 'NONE', #4354, .T. ) ;
#3370 = CARTESIAN_POINT ( 'NONE',  ( 59.04105116313225200, -13.85041375902978400, 293.0278475945193600 ) ) ;
#3371 = EDGE_CURVE ( 'NONE', #3610, #623, #1687, .T. ) ;
#3372 = CARTESIAN_POINT ( 'NONE',  ( 91.97745376868775200, -13.73890798451520600, 283.6513354224710500 ) ) ;
#3373 = CARTESIAN_POINT ( 'NONE',  ( 61.97546113082999100, 11.14935351546609300, 293.1199842908409900 ) ) ;
#3374 = CARTESIAN_POINT ( 'NONE',  ( 90.47698526544284900, -10.67646443537518400, 285.8790586130705800 ) ) ;
#3375 = CARTESIAN_POINT ( 'NONE',  ( 58.47741625706805700, -13.79938104947373600, 283.8261926455394900 ) ) ;
#3376 = CARTESIAN_POINT ( 'NONE',  ( 90.47667189105365500, 8.916673064116004400, 287.3692528139874300 ) ) ;
#3377 = DIRECTION ( 'NONE',  ( -6.330083073874088100E-007, 0.9999954694747809100, 0.003010154400002758900 ) ) ;
#3378 = CARTESIAN_POINT ( 'NONE',  ( 58.47679163838637400, 9.820846676754825900, 286.7964517649306200 ) ) ;
#3379 = CARTESIAN_POINT ( 'NONE',  ( 74.55197120926745000, 6.743726563953539500, 293.1093673392579700 ) ) ;
#3380 = CARTESIAN_POINT ( 'NONE',  ( 58.47696931273330300, -10.64305156341533600, 285.9515541268543200 ) ) ;
#3381 = ORIENTED_EDGE ( 'NONE', *, *, #4998, .F. ) ;
#3382 = CARTESIAN_POINT ( 'NONE',  ( 91.97668989411909000, -11.80109870538921700, 287.2838002704882000 ) ) ;
#3383 = CARTESIAN_POINT ( 'NONE',  ( 91.97702013317066900, 9.677486129948958300, 285.7134092723258600 ) ) ;
#3384 = B_SPLINE_SURFACE_WITH_KNOTS ( 'NONE', 1, 3, ( 
 ( #4319, #3885, #1854, #4744, #3928, #1411, #1037, #1838, #2712, #4285, #5137, #604, #2265, #1822, #5105, #3502, #3131, #1428, #4301, #2696, #4716, #2249 ),
 ( #3120, #637, #4331, #3572, #4361, #313, #249, #3589, #3159, #3969, #3145, #295, #3958, #280, #1946, #2788, #5198, #4003, #2758, #2308, #1914, #3987 ) ),
 .UNSPECIFIED., .F., .F., .F.,
 ( 2, 2 ),
 ( 4, 2, 2, 2, 2, 2, 2, 2, 2, 2, 4 ),
 ( 0.0000000000000000000, 1.000000000000000000 ),
 ( 0.0000000000000000000, 0.1250000000000000000, 0.1875000000000000000, 0.2187500000000000000, 0.2500000000000000000, 0.5000000000000000000, 0.6250000000000000000, 0.6875000000000000000, 0.7187500000000000000, 0.7500000000000000000, 1.000000000000000000 ),
 .UNSPECIFIED. ) ;
#3385 = VECTOR ( 'NONE', #5245, 1000.000000000000100 ) ;
#3386 = AXIS2_PLACEMENT_3D ( 'NONE', #233, #583, #3915 ) ;
#3387 = ADVANCED_FACE ( 'NONE', ( #549 ), #2798, .T. ) ;
#3388 = CARTESIAN_POINT ( 'NONE',  ( 74.39865243194256500, 4.549075486328781900, 293.1027288288448200 ) ) ;
#3389 = CARTESIAN_POINT ( 'NONE',  ( 90.47709285261426300, -11.23896793057363300, 285.3674476309299700 ) ) ;
#3390 = CARTESIAN_POINT ( 'NONE',  ( 56.97693453223859400, 9.889708759127509900, 286.1167886455968400 ) ) ;
#3391 = ORIENTED_EDGE ( 'NONE', *, *, #2995, .F. ) ;
#3392 = B_SPLINE_CURVE_WITH_KNOTS ( 'NONE', 3,
 ( #3777, #834, #2540, #78, #492, #3389, #4188, #897, #3798, #2143, #99, #2992, #3865, #2618, #1784, #937, #564, #582 ),
 .UNSPECIFIED., .F., .F.,
 ( 4, 1, 1, 2, 2, 2, 1, 1, 2, 2, 4 ),
 ( 0.0000000000000000000, 0.1250000000000504000, 0.1875000000000756100, 0.2187500000000726100, 0.2500000000000696100, 0.4999999999999393800, 0.6249999999998385700, 0.6874999999998311400, 0.7187499999998273600, 0.7499999999998237000, 1.000000000000000000 ),
 .UNSPECIFIED. ) ;
#3393 = CARTESIAN_POINT ( 'NONE',  ( 58.47749852617815200, -13.62604353539310300, 283.4349770418782600 ) ) ;
#3394 = FACE_OUTER_BOUND ( 'NONE', #3698, .T. ) ;
#3395 = ADVANCED_FACE ( 'NONE', ( #160 ), #2345, .F. ) ;
#3396 = CARTESIAN_POINT ( 'NONE',  ( 81.39865243194255100, -2.450924513621779400, 293.0831296883230800 ) ) ;
#3397 = CARTESIAN_POINT ( 'NONE',  ( 56.97708317941193500, 8.613994807570348300, 285.4099243854228100 ) ) ;
#3398 = PERSON_AND_ORGANIZATION ( #3617, #2740 ) ;
#3399 = ORIENTED_EDGE ( 'NONE', *, *, #4619, .T. ) ;
#3400 = B_SPLINE_CURVE_WITH_KNOTS ( 'NONE', 1,
 ( #3724, #2065 ),
 .UNSPECIFIED., .F., .F.,
 ( 2, 2 ),
 ( 0.0000000000000000000, 1.000000000000000000 ),
 .UNSPECIFIED. ) ;
#3401 = CARTESIAN_POINT ( 'NONE',  ( 56.97751685770539600, 6.020302714655859000, 283.3476471205332200 ) ) ;
#3402 = CARTESIAN_POINT ( 'NONE',  ( 58.47674394647185600, 9.673522107637094100, 287.0232418821636900 ) ) ;
#3403 = FACE_OUTER_BOUND ( 'NONE', #671, .T. ) ;
#3404 = CARTESIAN_POINT ( 'NONE',  ( 58.47689523228815000, -10.58022843615723300, 286.3038300444276800 ) ) ;
#3405 = CARTESIAN_POINT ( 'NONE',  ( 91.97678608222230400, -12.43619891097185400, 286.8263954581590800 ) ) ;
#3406 = CARTESIAN_POINT ( 'NONE',  ( 90.47697552145413600, 9.816023650138308900, 285.9253943571145600 ) ) ;
#3407 = ORIENTED_EDGE ( 'NONE', *, *, #2523, .F. ) ;
#3408 = CARTESIAN_POINT ( 'NONE',  ( 58.47685703980860700, 7.925159681742220700, 286.4854473449145800 ) ) ;
#3409 = CARTESIAN_POINT ( 'NONE',  ( 91.97647851946588600, 2.118711444289816700, 288.2889535103130400 ) ) ;
#3410 =( BOUNDED_CURVE ( )  B_SPLINE_CURVE ( 3, ( #813, #2845, #5304, #4086 ),
 .UNSPECIFIED., .F., .F. ) 
 B_SPLINE_CURVE_WITH_KNOTS ( ( 4, 4 ),
 ( -8.881784197001252300E-016, 3.141592653589792700 ),
 .UNSPECIFIED. ) 
 CURVE ( )  GEOMETRIC_REPRESENTATION_ITEM ( )  RATIONAL_B_SPLINE_CURVE ( ( 1.000000000000000000, 0.3333333333333332000, 0.3333333333333332000, 1.000000000000000000 ) ) 
 REPRESENTATION_ITEM ( '' )  );
#3411 = CARTESIAN_POINT ( 'NONE',  ( 90.47631554557787600, 1.911348295905841400, 288.9015521280229000 ) ) ;
#3412 = DIRECTION ( 'NONE',  ( 3.165040831134886500E-007, -0.9999988673710940000, -0.001505076884784042800 ) ) ;
#3413 = CARTESIAN_POINT ( 'NONE',  ( 90.47700420009103100, -10.72424890026728200, 285.7890183803618200 ) ) ;
#3414 = EDGE_CURVE ( 'NONE', #627, #1818, #5319, .T. ) ;
#3415 = CARTESIAN_POINT ( 'NONE',  ( 58.47561972842729000, 11.15230452577106700, 292.3692537743368100 ) ) ;
#3416 = CARTESIAN_POINT ( 'NONE',  ( 58.47656073715064900, 2.915044662301007800, 287.8944600725000100 ) ) ;
#3417 = CARTESIAN_POINT ( 'NONE',  ( 56.97745773443288200, -8.419701781497121100, 283.6287969564325500 ) ) ;
#3418 = VERTEX_POINT ( 'NONE', #2812 ) ;
#3419 = CARTESIAN_POINT ( 'NONE',  ( 58.47739373899893400, -8.323082467555629200, 283.9332731763527700 ) ) ;
#3420 = CARTESIAN_POINT ( 'NONE',  ( 56.97742926164663400, 5.736364668964930600, 283.7641940476512400 ) ) ;
#3421 = CARTESIAN_POINT ( 'NONE',  ( 58.47689523228770300, -10.58022843615999900, 286.3038300444000000 ) ) ;
#3422 = CARTESIAN_POINT ( 'NONE',  ( 91.97679223995814400, -12.45321714353362100, 286.7971134792884400 ) ) ;
#3423 = ADVANCED_FACE ( 'NONE', ( #408 ), #448, .F. ) ;
#3424 = CARTESIAN_POINT ( 'NONE',  ( 58.47687016992186700, 7.919496628708718500, 286.4230095091310200 ) ) ;
#3425 = VERTEX_POINT ( 'NONE', #454 ) ;
#3426 = CARTESIAN_POINT ( 'NONE',  ( 56.97751164050068700, 10.84772359631661100, 283.3724565765592700 ) ) ;
#3427 = CARTESIAN_POINT ( 'NONE',  ( 56.97689564049603900, 9.919869808492288500, 286.3017311656158800 ) ) ;
#3428 = CARTESIAN_POINT ( 'NONE',  ( 83.74662228689219000, -0.4095922133219059300, 293.0897681987361800 ) ) ;
#3429 = CARTESIAN_POINT ( 'NONE',  ( 91.97705049844046200, 8.316232176057059900, 285.5690128234779200 ) ) ;
#3430 = CARTESIAN_POINT ( 'NONE',  ( 91.97697866437081900, -10.66235307640717200, 285.9106065138092300 ) ) ;
#3431 = EDGE_CURVE ( 'NONE', #1818, #4321, #4389, .T. ) ;
#3432 = ORIENTED_EDGE ( 'NONE', *, *, #3302, .T. ) ;
#3433 = FACE_OUTER_BOUND ( 'NONE', #5270, .T. ) ;
#3434 = CARTESIAN_POINT ( 'NONE',  ( 90.47748497889755000, 10.96949373572818800, 283.5027632988504800 ) ) ;
#3435 = ORIENTED_EDGE ( 'NONE', *, *, #2726, .T. ) ;
#3436 = CARTESIAN_POINT ( 'NONE',  ( 56.97706811458806400, 8.426161266238121800, 285.4815623812268700 ) ) ;
#3437 = CARTESIAN_POINT ( 'NONE',  ( 58.47679818830753400, 9.835145808234397400, 286.7653048209971900 ) ) ;
#3438 = EDGE_LOOP ( 'NONE', ( #3241, #4690, #4260, #2088 ) ) ;
#3439 = CARTESIAN_POINT ( 'NONE',  ( 58.47710607470439500, -11.44987378940434700, 285.3012077573764600 ) ) ;
#3440 = CARTESIAN_POINT ( 'NONE',  ( 58.47745488109489300, 11.05757018685353000, 283.6425231970923700 ) ) ;
#3441 = DIRECTION ( 'NONE',  ( -6.330083163991168500E-007, 0.9999954694746947500, 0.003010154428575169800 ) ) ;
#3442 = EDGE_CURVE ( 'NONE', #918, #4627, #2785, .T. ) ;
#3443 = CARTESIAN_POINT ( 'NONE',  ( 56.97681235022206200, 7.977544207179514400, 286.6978027261342300 ) ) ;
#3444 = CARTESIAN_POINT ( 'NONE',  ( 91.97681665994869600, 9.870113885591170100, 286.6809887110245000 ) ) ;
#3445 = CARTESIAN_POINT ( 'NONE',  ( 56.97742401650348400, 11.12791810203411900, 283.7891363597684600 ) ) ;
#3446 = CARTESIAN_POINT ( 'NONE',  ( 76.74630685187172200, 6.585892554902285300, 294.6093605103035300 ) ) ;
#3447 = CARTESIAN_POINT ( 'NONE',  ( 56.97757285718428500, -9.102586451953454700, 283.0813519114105900 ) ) ;
#3448 = AXIS2_PLACEMENT_3D ( 'NONE', #3480, #5086, #4651 ) ;
#3449 = CARTESIAN_POINT ( 'NONE',  ( 90.47638318636906300, -4.588503577985924200, 288.7421347789926400 ) ) ;
#3450 = CARTESIAN_POINT ( 'NONE',  ( 91.97707968920882100, -11.08140913428388300, 285.4302014998957000 ) ) ;
#3451 = CARTESIAN_POINT ( 'NONE',  ( 56.97743533021357400, -13.77387606187396500, 283.7353360959920700 ) ) ;
#3452 = FACE_OUTER_BOUND ( 'NONE', #3646, .T. ) ;
#3453 = ADVANCED_FACE ( 'NONE', ( #4668 ), #80, .T. ) ;
#3454 = CARTESIAN_POINT ( 'NONE',  ( 58.47710619550291300, -11.64070536048505200, 285.3006333222820100 ) ) ;
#3455 = ORIENTED_EDGE ( 'NONE', *, *, #3, .F. ) ;
#3456 = ORIENTED_EDGE ( 'NONE', *, *, #2183, .F. ) ;
#3457 = CARTESIAN_POINT ( 'NONE',  ( 56.97698690976194800, 8.049651217039228300, 285.8677169784319300 ) ) ;
#3458 = CARTESIAN_POINT ( 'NONE',  ( 58.47708991774280900, -11.19459274471914700, 285.3780392129771700 ) ) ;
#3459 = CARTESIAN_POINT ( 'NONE',  ( 79.20400135431781100, -2.297605736296895800, 293.0831296883230300 ) ) ;
#3460 = CARTESIAN_POINT ( 'NONE',  ( 56.97589347120668900, 11.15458339890047400, 291.0673626769038300 ) ) ;
#3461 = CARTESIAN_POINT ( 'NONE',  ( 56.97707885833516900, -11.08572825399585100, 285.4304724712590100 ) ) ;
#3462 = ORIENTED_EDGE ( 'NONE', *, *, #2016, .T. ) ;
#3463 = CARTESIAN_POINT ( 'NONE',  ( 58.47681477054561600, -10.65744320816391700, 286.6864510423933400 ) ) ;
#3464 = CARTESIAN_POINT ( 'NONE',  ( 58.76746446880496000, -13.85053276294858400, 293.0440558157177400 ) ) ;
#3465 = CARTESIAN_POINT ( 'NONE',  ( 74.39865243194256500, 4.549075486328781900, 293.1027288288448200 ) ) ;
#3466 = CARTESIAN_POINT ( 'NONE',  ( 56.97750561199761400, -8.565658340371006900, 283.4011240137252800 ) ) ;
#3467 = CYLINDRICAL_SURFACE ( 'NONE', #2009, 0.7499999999999772400 ) ;
#3468 = CARTESIAN_POINT ( 'NONE',  ( 91.97707064020077900, 8.475820199320544600, 285.4732323913028700 ) ) ;
#3469 = VECTOR ( 'NONE', #4823, 1000.000000000000100 ) ;
#3470 = CARTESIAN_POINT ( 'NONE',  ( 91.97710541458931700, -11.57721375114995200, 285.3078691901241100 ) ) ;
#3471 = ORIENTED_EDGE ( 'NONE', *, *, #4164, .T. ) ;
#3472 = EDGE_CURVE ( 'NONE', #1013, #1658, #806, .T. ) ;
#3473 = ORIENTED_EDGE ( 'NONE', *, *, #2430, .T. ) ;
#3474 = ORIENTED_EDGE ( 'NONE', *, *, #4375, .F. ) ;
#3475 = CARTESIAN_POINT ( 'NONE',  ( 91.97736621983233400, -8.323465782246986000, 284.0676578827530500 ) ) ;
#3476 = DIRECTION ( 'NONE',  ( -0.0002102900160117933700, -0.003010154484985754400, 0.9999954473636795100 ) ) ;
#3477 = CARTESIAN_POINT ( 'NONE',  ( 91.97756095063630300, 10.39653443709583800, 283.1416514030540300 ) ) ;
#3478 = CARTESIAN_POINT ( 'NONE',  ( 58.47680944118830100, 7.982510876383670100, 286.7117938187647600 ) ) ;
#3479 = EDGE_CURVE ( 'NONE', #3349, #4627, #445, .T. ) ;
#3480 = CARTESIAN_POINT ( 'NONE',  ( 61.97546113082999100, 11.14935351546609300, 293.1199842908409900 ) ) ;
#3481 = CARTESIAN_POINT ( 'NONE',  ( 58.47756720156567700, 6.679476414359351500, 283.1057700041018800 ) ) ;
#3482 = VERTEX_POINT ( 'NONE', #2229 ) ;
#3483 = CARTESIAN_POINT ( 'NONE',  ( 56.97686758928252700, 11.15294510942330900, 286.4351235459256500 ) ) ;
#3484 = CARTESIAN_POINT ( 'NONE',  ( 56.97745116652756500, -8.405590422526367800, 283.6600294207162800 ) ) ;
#3485 = CARTESIAN_POINT ( 'NONE',  ( 56.97676798694043800, -10.78331136142241100, 286.9087641435585300 ) ) ;
#3486 = CARTESIAN_POINT ( 'NONE',  ( 69.41374435216401700, 1.995523387296928000, 294.5940007553736600 ) ) ;
#3487 = CARTESIAN_POINT ( 'NONE',  ( 56.97741629023477800, -13.79938104947375200, 283.8258772090863400 ) ) ;
#3488 = ORIENTED_EDGE ( 'NONE', *, *, #1406, .F. ) ;
#3489 = EDGE_LOOP ( 'NONE', ( #3551, #192, #404, #3968 ) ) ;
#3490 = CARTESIAN_POINT ( 'NONE',  ( 90.47755939952217800, -8.920684477411366900, 283.1488697224904700 ) ) ;
#3491 = CARTESIAN_POINT ( 'NONE',  ( 89.90989482923427500, 11.14948314087544500, 293.1095929245889800 ) ) ;
#3492 = VERTEX_POINT ( 'NONE', #4230 ) ;
#3493 = DIRECTION ( 'NONE',  ( -0.0002102907305505589200, -0.001505076918063018300, 0.9999988452599729600 ) ) ;
#3494 = ORIENTED_EDGE ( 'NONE', *, *, #2237, .T. ) ;
#3495 = VECTOR ( 'NONE', #4434, 1000.000000000000200 ) ;
#3496 = CARTESIAN_POINT ( 'NONE',  ( 56.97709988607334000, -11.82564788459197100, 285.3304789345140800 ) ) ;
#3497 = CARTESIAN_POINT ( 'NONE',  ( 56.97755621598128100, 10.47282258675900500, 283.1604860869711600 ) ) ;
#3498 = CARTESIAN_POINT ( 'NONE',  ( 66.44484916856649200, 5.415267498950100800, 293.1036635994745400 ) ) ;
#3499 = CARTESIAN_POINT ( 'NONE',  ( 56.97756532160431700, -8.982205276673020900, 283.1171859743042200 ) ) ;
#3500 = EDGE_CURVE ( 'NONE', #3677, #4026, #3322, .T. ) ;
#3501 = ORIENTED_EDGE ( 'NONE', *, *, #3077, .T. ) ;
#3502 = CARTESIAN_POINT ( 'NONE',  ( 90.47746357500592800, -13.71709740248852700, 283.6045455638996500 ) ) ;
#3503 = EDGE_CURVE ( 'NONE', #3492, #1320, #4732, .T. ) ;
#3504 = LINE ( 'NONE', #3285, #4561 ) ;
#3505 = CARTESIAN_POINT ( 'NONE',  ( 58.76714919769821700, -14.11391193197826900, 294.5432697628085600 ) ) ;
#3506 = ORIENTED_EDGE ( 'NONE', *, *, #886, .F. ) ;
#3507 = DIRECTION ( 'NONE',  ( 6.330083013934003800E-007, -0.9999954694747190700, -0.003010154420550499100 ) ) ;
#3508 = CARTESIAN_POINT ( 'NONE',  ( 65.35700469662221200, -0.1074698904479562000, 294.5868172961871200 ) ) ;
#3509 = CARTESIAN_POINT ( 'NONE',  ( 79.53624841931572600, -4.711751800156687200, 294.5759394001829000 ) ) ;
#3510 = DIRECTION ( 'NONE',  ( -6.330083025208640200E-007, 0.9999954694747276200, 0.003010154417688565300 ) ) ;
#3511 = CARTESIAN_POINT ( 'NONE',  ( 79.35732013164269500, -0.1029546586721362300, 293.0897681987362400 ) ) ;
#3512 = CARTESIAN_POINT ( 'NONE',  ( 58.47710607470439500, -11.44987378940434800, 285.3012077573764000 ) ) ;
#3513 = CARTESIAN_POINT ( 'NONE',  ( 90.27844641201711800, 11.14506583574509000, 294.5771317285455100 ) ) ;
#3514 = CARTESIAN_POINT ( 'NONE',  ( 90.47589299669620300, -13.84561602430808200, 291.0731415025974200 ) ) ;
#3515 = CARTESIAN_POINT ( 'NONE',  ( 90.47689579074973700, -12.58021937510688400, 286.3045390466124300 ) ) ;
#3516 = SECURITY_CLASSIFICATION ( '', '', #1184 ) ;
#3517 = ORIENTED_EDGE ( 'NONE', *, *, #3539, .F. ) ;
#3518 = CARTESIAN_POINT ( 'NONE',  ( 56.97678844832277900, 9.813335226209739300, 286.8114638066613800 ) ) ;
#3519 = EDGE_CURVE ( 'NONE', #4058, #4321, #3983, .T. ) ;
#3520 = CARTESIAN_POINT ( 'NONE',  ( 58.47656785849417100, -8.334904369289958500, 287.8605958352865200 ) ) ;
#3521 = CARTESIAN_POINT ( 'NONE',  ( 58.47698711553523800, -12.48138736379005900, 285.8668961806898200 ) ) ;
#3522 = CARTESIAN_POINT ( 'NONE',  ( 58.76746469666802100, -13.85927542843618100, 293.0440294988720800 ) ) ;
#3523 = ORIENTED_EDGE ( 'NONE', *, *, #234, .T. ) ;
#3524 = CARTESIAN_POINT ( 'NONE',  ( 90.47647855263259900, 2.118711444289816700, 288.2886380738599400 ) ) ;
#3525 = CARTESIAN_POINT ( 'NONE',  ( 90.47693501864368700, 7.951152778414829000, 286.1179980137745200 ) ) ;
#3526 = FACE_OUTER_BOUND ( 'NONE', #5095, .T. ) ;
#3527 = CARTESIAN_POINT ( 'NONE',  ( 56.97614046358968700, 1.910042457702665600, 289.8928358823467300 ) ) ;
#3528 = CARTESIAN_POINT ( 'NONE',  ( 58.47676816664090900, -12.38649245809535900, 286.9080673294617400 ) ) ;
#3529 = CARTESIAN_POINT ( 'NONE',  ( 90.47681041802023600, 9.859784809509379900, 286.7105133340958800 ) ) ;
#3530 = DATE_AND_TIME ( #4597, #4139 ) ;
#3531 = VERTEX_POINT ( 'NONE', #4669 ) ;
#3532 = EDGE_CURVE ( 'NONE', #3418, #501, #1225, .T. ) ;
#3533 = CARTESIAN_POINT ( 'NONE',  ( 90.47681984497587800, 9.874912940922307300, 286.6656851825075600 ) ) ;
#3534 = FACE_BOUND ( 'NONE', #1554, .T. ) ;
#3535 = CARTESIAN_POINT ( 'NONE',  ( 58.47680179387518300, 9.842463916069775100, 286.7481592079908500 ) ) ;
#3536 = LINE ( 'NONE', #3176, #3469 ) ;
#3537 = CARTESIAN_POINT ( 'NONE',  ( 91.97689449156500500, -10.58022843615732000, 286.3108747919392300 ) ) ;
#3538 = VERTEX_POINT ( 'NONE', #5056 ) ;
#3539 = EDGE_CURVE ( 'NONE', #2099, #446, #4834, .T. ) ;
#3540 = VERTEX_POINT ( 'NONE', #2602 ) ;
#3541 = CARTESIAN_POINT ( 'NONE',  ( 58.76804277235876800, 11.15020035494292500, 292.9725217734367700 ) ) ;
#3542 = CARTESIAN_POINT ( 'NONE',  ( 58.47561972842729000, 11.15230452577106700, 292.3692537743368100 ) ) ;
#3543 = CARTESIAN_POINT ( 'NONE',  ( 91.97693498547697300, 7.951152778414829000, 286.1183134502276200 ) ) ;
#3544 = EDGE_CURVE ( 'NONE', #184, #1836, #274, .T. ) ;
#3545 = CARTESIAN_POINT ( 'NONE',  ( 56.97696762211037200, 8.004220628965617500, 285.9594358537505100 ) ) ;
#3546 = CARTESIAN_POINT ( 'NONE',  ( 58.47688314659230000, -12.58041049552697800, 286.3613013435384600 ) ) ;
#3547 = CARTESIAN_POINT ( 'NONE',  ( 90.47753865253137900, -13.43069284775173200, 283.2475282168012400 ) ) ;
#3548 = VERTEX_POINT ( 'NONE', #205 ) ;
#3549 = ORIENTED_EDGE ( 'NONE', *, *, #2237, .F. ) ;
#3550 = EDGE_CURVE ( 'NONE', #4087, #4208, #1440, .T. ) ;
#3551 = ORIENTED_EDGE ( 'NONE', *, *, #1469, .F. ) ;
#3552 = CARTESIAN_POINT ( 'NONE',  ( 56.97671337079733400, 9.526930671471340900, 287.1684811538020800 ) ) ;
#3553 = B_SPLINE_CURVE_WITH_KNOTS ( 'NONE', 1,
 ( #3687, #2387 ),
 .UNSPECIFIED., .F., .F.,
 ( 2, 2 ),
 ( 0.0000000000000000000, 1.000000000000000000 ),
 .UNSPECIFIED. ) ;
#3554 = CARTESIAN_POINT ( 'NONE',  ( 56.97695636922960500, 9.856855560818566200, 286.0129468559853200 ) ) ;
#3555 = DIRECTION ( 'NONE',  ( -0.9999999778890221700, 8.886763753789868100E-007, -0.0002102882913191590800 ) ) ;
#3556 = ORIENTED_EDGE ( 'NONE', *, *, #3092, .T. ) ;
#3557 = CARTESIAN_POINT ( 'NONE',  ( 90.47671340192935900, 8.307592806509859400, 287.1718554893678900 ) ) ;
#3558 = CARTESIAN_POINT ( 'NONE',  ( 91.97644395727117200, 2.015744723720975400, 288.4533076628449100 ) ) ;
#3559 = CARTESIAN_POINT ( 'NONE',  ( 91.97706215171619700, 8.401152386431883600, 285.5135978166233600 ) ) ;
#3560 = PLANE ( 'NONE',  #1662 ) ;
#3561 = CARTESIAN_POINT ( 'NONE',  ( 56.97707543530713500, 9.322459992902411200, 285.4467500497307800 ) ) ;
#3562 = ORIENTED_EDGE ( 'NONE', *, *, #4324, .F. ) ;
#3563 = CARTESIAN_POINT ( 'NONE',  ( 56.97667271238390900, 8.789333102358877900, 287.3618247518570000 ) ) ;
#3564 = CARTESIAN_POINT ( 'NONE',  ( 90.47667189105365500, 8.916673064116004400, 287.3692528139874300 ) ) ;
#3565 = CARTESIAN_POINT ( 'NONE',  ( 74.39865243194256500, 4.549075486328781900, 293.1027288288448200 ) ) ;
#3566 = VECTOR ( 'NONE', #1646, 1000.000000000000100 ) ;
#3567 = VERTEX_POINT ( 'NONE', #1856 ) ;
#3568 = LINE ( 'NONE', #3514, #2653 ) ;
#3569 = CARTESIAN_POINT ( 'NONE',  ( 58.47677890065595800, 9.789715220158672800, 286.8570236963178100 ) ) ;
#3570 = CARTESIAN_POINT ( 'NONE',  ( 56.97635630433443100, -4.589390389994008500, 288.8664449669469100 ) ) ;
#3571 = EDGE_CURVE ( 'NONE', #2765, #1498, #4334, .T. ) ;
#3572 = CARTESIAN_POINT ( 'NONE',  ( 91.97757457473461800, -13.03844078438830100, 283.0768645123771400 ) ) ;
#3573 = CARTESIAN_POINT ( 'NONE',  ( 58.47694906414749000, -12.55606292615828900, 286.0478425481152800 ) ) ;
#3574 =( BOUNDED_CURVE ( )  B_SPLINE_CURVE ( 3, ( #114, #147, #1355, #932 ),
 .UNSPECIFIED., .F., .T. ) 
 B_SPLINE_CURVE_WITH_KNOTS ( ( 4, 4 ),
 ( 3.141592653589792700, 6.283185307179586200 ),
 .UNSPECIFIED. ) 
 CURVE ( )  GEOMETRIC_REPRESENTATION_ITEM ( )  RATIONAL_B_SPLINE_CURVE ( ( 1.000000000000000000, 0.3333333333333332000, 0.3333333333333332000, 1.000000000000000000 ) ) 
 REPRESENTATION_ITEM ( '' )  );
#3575 = ADVANCED_FACE ( 'NONE', ( #4438 ), #989, .T. ) ;
#3576 = CARTESIAN_POINT ( 'NONE',  ( 91.97667185788709800, 8.916673064116018600, 287.3695682504405200 ) ) ;
#3577 = CARTESIAN_POINT ( 'NONE',  ( 90.47735390540890400, 11.16431616000719300, 284.1260591396060700 ) ) ;
#3578 = CARTESIAN_POINT ( 'NONE',  ( 91.97701086498881300, 8.117085078091690800, 285.7574824044973500 ) ) ;
#3579 = CARTESIAN_POINT ( 'NONE',  ( 90.47694799531390700, -12.54875434581975200, 286.0562898481985600 ) ) ;
#3580 = CARTESIAN_POINT ( 'NONE',  ( 58.47672436311535200, 8.258969377426469200, 287.1163669279753800 ) ) ;
#3581 = EDGE_CURVE ( 'NONE', #780, #72, #4122, .T. ) ;
#3582 = CARTESIAN_POINT ( 'NONE',  ( 90.47670933481798300, 9.496778009808151600, 287.1911958886557800 ) ) ;
#3583 = ORIENTED_EDGE ( 'NONE', *, *, #1239, .F. ) ;
#3584 = EDGE_LOOP ( 'NONE', ( #3358, #1186, #1918, #69 ) ) ;
#3585 = CARTESIAN_POINT ( 'NONE',  ( 56.97708109125846900, -12.07374585797162900, 285.4198542156715900 ) ) ;
#3586 = EDGE_CURVE ( 'NONE', #1362, #5131, #1267, .T. ) ;
#3587 = CARTESIAN_POINT ( 'NONE',  ( 90.47708770775602700, 8.672585281352750600, 285.3919130569820500 ) ) ;
#3588 = ORIENTED_EDGE ( 'NONE', *, *, #4864, .T. ) ;
#3589 = CARTESIAN_POINT ( 'NONE',  ( 91.97756719169508700, -13.15903550927113800, 283.1119731973041700 ) ) ;
#3590 = FACE_BOUND ( 'NONE', #2816, .T. ) ;
#3591 = CARTESIAN_POINT ( 'NONE',  ( 69.41405978697190400, -7.899456317800884100, 293.0642084395875600 ) ) ;
#3592 = VECTOR ( 'NONE', #802, 1000.000000000000100 ) ;
#3593 = CARTESIAN_POINT ( 'NONE',  ( 91.97756701472380300, 6.679476414359006000, 283.1128147516530500 ) ) ;
#3594 = VECTOR ( 'NONE', #3555, 1000.000000000000000 ) ;
#3595 = ORIENTED_EDGE ( 'NONE', *, *, #85, .F. ) ;
#3596 = CARTESIAN_POINT ( 'NONE',  ( 91.97692223199948100, -12.57398941091858500, 286.1789602640116600 ) ) ;
#3597 = FACE_OUTER_BOUND ( 'NONE', #589, .T. ) ;
#3598 = CARTESIAN_POINT ( 'NONE',  ( 56.97683161495065500, -12.53251216038545100, 286.6061928578324100 ) ) ;
#3599 = B_SPLINE_CURVE_WITH_KNOTS ( 'NONE', 3,
 ( #5126, #268, #3136, #4720 ),
 .UNSPECIFIED., .F., .F.,
 ( 4, 4 ),
 ( 0.0000000000000000000, 1.000000000000000000 ),
 .UNSPECIFIED. ) ;
#3600 = CARTESIAN_POINT ( 'NONE',  ( 56.97703484061646200, -12.33406279466943000, 285.6397906270167900 ) ) ;
#3601 = ADVANCED_FACE ( 'NONE', ( #1941 ), #4621, .T. ) ;
#3602 = CARTESIAN_POINT ( 'NONE',  ( 90.47705502732166800, 8.342588427393833300, 285.5473188445441800 ) ) ;
#3603 = PLANE ( 'NONE',  #2341 ) ;
#3604 = ORIENTED_EDGE ( 'NONE', *, *, #4665, .F. ) ;
#3605 = CARTESIAN_POINT ( 'NONE',  ( 58.47709294417574500, -11.92948967649912700, 285.3636475685440800 ) ) ;
#3606 = CARTESIAN_POINT ( 'NONE',  ( 57.41570047103287800, 11.14811551931686800, 293.7413742815938300 ) ) ;
#3607 = CARTESIAN_POINT ( 'NONE',  ( 91.97754191750353000, 6.182944307535197300, 283.2321599611157700 ) ) ;
#3608 = VERTEX_POINT ( 'NONE', #3577 ) ;
#3609 = CARTESIAN_POINT ( 'NONE',  ( 91.97668475394968400, -11.45589409839617500, 287.3082433995340900 ) ) ;
#3610 = VERTEX_POINT ( 'NONE', #1075 ) ;
#3611 = CARTESIAN_POINT ( 'NONE',  ( 56.97656789166089200, -8.334904369290011800, 287.8602803988469000 ) ) ;
#3612 = CARTESIAN_POINT ( 'NONE',  ( 58.47614043042297300, 1.910042457702681100, 289.8931513187995400 ) ) ;
#3613 = ORIENTED_EDGE ( 'NONE', *, *, #4302, .F. ) ;
#3614 = CARTESIAN_POINT ( 'NONE',  ( 58.47683473966294100, -12.53722089620993400, 286.5914915821737200 ) ) ;
#3615 = CARTESIAN_POINT ( 'NONE',  ( 90.47705451684835500, -12.23638745084209800, 285.5497463064282900 ) ) ;
#3616 = ORIENTED_EDGE ( 'NONE', *, *, #4867, .F. ) ;
#3617 = PERSON ( '未指定', '未指定', '未指定', ('未指定'), ('未指定'), ('未指定') ) ;
#3618 = CARTESIAN_POINT ( 'NONE',  ( 56.97652377009954700, -4.971754349357876600, 288.0700923588925700 ) ) ;
#3619 = CARTESIAN_POINT ( 'NONE',  ( 76.74630685187172200, 6.585892554902285300, 294.6093605103034700 ) ) ;
#3620 = VECTOR ( 'NONE', #2128, 1000.000000000000100 ) ;
#3621 = CARTESIAN_POINT ( 'NONE',  ( 91.97679860810558200, 8.001812389404365800, 286.7668309267838800 ) ) ;
#3622 = EDGE_LOOP ( 'NONE', ( #2413, #976, #1448, #4295 ) ) ;
#3623 = CARTESIAN_POINT ( 'NONE',  ( 58.76804277235876100, 11.15020035494292600, 292.9725217734367700 ) ) ;
#3624 = FACE_OUTER_BOUND ( 'NONE', #4831, .T. ) ;
#3625 = CARTESIAN_POINT ( 'NONE',  ( 90.47571025732560200, 11.15320080042644300, 291.9421249289749200 ) ) ;
#3626 = CARTESIAN_POINT ( 'NONE',  ( 91.97708517702780300, -12.00871450309872300, 285.4041051872439400 ) ) ;
#3627 = CARTESIAN_POINT ( 'NONE',  ( 58.47754629547834800, 10.61039322882917300, 283.2078189300700600 ) ) ;
#3628 = CARTESIAN_POINT ( 'NONE',  ( 58.47683158178393400, -12.53251216038543500, 286.6065082942855000 ) ) ;
#3629 = B_SPLINE_CURVE_WITH_KNOTS ( 'NONE', 3,
 ( #4974, #3797, #4586, #2520 ),
 .UNSPECIFIED., .F., .F.,
 ( 4, 4 ),
 ( 9.896615062720616800E-008, 0.9999991675251150800 ),
 .UNSPECIFIED. ) ;
#3630 = DESIGN_CONTEXT ( 'detailed design', #3681, 'design' ) ;
#3631 = CARTESIAN_POINT ( 'NONE',  ( 72.60596410143642700, 1.772514256642529400, 294.5940007553736600 ) ) ;
#3632 = CARTESIAN_POINT ( 'NONE',  ( 69.63675348260582600, -4.711751800254848600, 294.5738576257795700 ) ) ;
#3633 = EDGE_CURVE ( 'NONE', #4228, #3902, #1673, .T. ) ;
#3634 = CARTESIAN_POINT ( 'NONE',  ( 89.72516171057024800, -13.85504769844680500, 294.5505591782019800 ) ) ;
#3635 = CARTESIAN_POINT ( 'NONE',  ( 91.97748463623007400, 5.879553715669967300, 283.5045505090348000 ) ) ;
#3636 = DIRECTION ( 'NONE',  ( -6.330083149572723800E-007, 0.9999954694746713300, 0.003010154436358282100 ) ) ;
#3637 = DIRECTION ( 'NONE',  ( -0.9999999778888543100, -1.930802155177498400E-010, -0.0002102909669656826800 ) ) ;
#3638 = CARTESIAN_POINT ( 'NONE',  ( 58.47589358471213900, 11.15458339890047400, 291.0676781133877900 ) ) ;
#3639 = CARTESIAN_POINT ( 'NONE',  ( 91.97694157254893800, -12.55615956022373500, 286.0869898425870000 ) ) ;
#3640 = VERTEX_POINT ( 'NONE', #1154 ) ;
#3641 = CARTESIAN_POINT ( 'NONE',  ( 91.97561898761549100, 11.15244577932965200, 292.3762989469145200 ) ) ;
#3642 = EDGE_CURVE ( 'NONE', #253, #3425, #4004, .T. ) ;
#3643 = CARTESIAN_POINT ( 'NONE',  ( 91.97745883827576600, 11.04517534744189600, 283.6272279302170300 ) ) ;
#3644 = AXIS2_PLACEMENT_3D ( 'NONE', #2201, #1791, #3022 ) ;
#3645 = CARTESIAN_POINT ( 'NONE',  ( 56.97563558683636100, -13.84763676216988800, 292.2936843132335400 ) ) ;
#3646 = EDGE_LOOP ( 'NONE', ( #4995, #5099, #951, #4916 ) ) ;
#3647 = DATE_TIME_ROLE ( 'creation_date' ) ;
#3648 = FACE_OUTER_BOUND ( 'NONE', #429, .T. ) ;
#3649 = APPROVAL_DATE_TIME ( #2805, #1804 ) ;
#3650 = CARTESIAN_POINT ( 'NONE',  ( 91.97688278091139600, 7.919687749126165200, 286.3665626486592800 ) ) ;
#3651 = EDGE_LOOP ( 'NONE', ( #241, #1945, #4433, #1932 ) ) ;
#3652 = CARTESIAN_POINT ( 'NONE',  ( 90.38591948070487100, -13.84852837965467400, 292.6698997181005700 ) ) ;
#3653 = VERTEX_POINT ( 'NONE', #999 ) ;
#3654 = B_SPLINE_CURVE_WITH_KNOTS ( 'NONE', 1,
 ( #4287, #4271 ),
 .UNSPECIFIED., .F., .F.,
 ( 2, 2 ),
 ( 0.0000000000000000000, 1.000000000000000000 ),
 .UNSPECIFIED. ) ;
#3655 = CARTESIAN_POINT ( 'NONE',  ( 91.97699119025411100, 9.775658223924462900, 285.8510419823265400 ) ) ;
#3656 = CARTESIAN_POINT ( 'NONE',  ( 91.97710541458931700, -11.57721375114995200, 285.3078691901241100 ) ) ;
#3657 = PLANE ( 'NONE',  #1485 ) ;
#3658 = CARTESIAN_POINT ( 'NONE',  ( 58.47679208208656800, -12.46087416299742800, 286.7943418314710600 ) ) ;
#3659 = B_SPLINE_CURVE_WITH_KNOTS ( 'NONE', 3,
 ( #2577, #3026, #658, #1467, #4711, #1014, #202, #674, #3547, #5116, #1452, #644, #3154, #214, #2720, #1421, #3113, #1893 ),
 .UNSPECIFIED., .F., .F.,
 ( 4, 1, 1, 2, 2, 2, 1, 1, 2, 2, 4 ),
 ( 0.0000000000000000000, 0.1249999999998514200, 0.1874999999997754300, 0.2187499999997374000, 0.2499999999996994100, 0.4999999999996189700, 0.6249999999995787800, 0.6874999999995578000, 0.7187499999995916600, 0.7499999999996255200, 1.000000000000000000 ),
 .UNSPECIFIED. ) ;
#3660 = EDGE_CURVE ( 'NONE', #2299, #2682, #2328, .T. ) ;
#3661 = CARTESIAN_POINT ( 'NONE',  ( 56.97682245102543400, -12.51739624785341000, 286.6497702167067700 ) ) ;
#3662 = VERTEX_POINT ( 'NONE', #3143 ) ;
#3663 = ORIENTED_EDGE ( 'NONE', *, *, #4835, .F. ) ;
#3664 = CARTESIAN_POINT ( 'NONE',  ( 90.47676644065431600, -10.77762576515668300, 286.9196395995967900 ) ) ;
#3665 = CARTESIAN_POINT ( 'NONE',  ( 56.97710610787111600, -11.44987378940436100, 285.3008923209232500 ) ) ;
#3666 = CARTESIAN_POINT ( 'NONE',  ( 72.20368591932343300, -9.302120968072694400, 294.5605796452520600 ) ) ;
#3667 = CARTESIAN_POINT ( 'NONE',  ( 91.47656000748287400, 2.915044662301010900, 287.9013996744686800 ) ) ;
#3668 = ORIENTED_EDGE ( 'NONE', *, *, #3500, .F. ) ;
#3669 = CARTESIAN_POINT ( 'NONE',  ( 91.97705092704357800, 9.531773630701858100, 285.5669746802954000 ) ) ;
#3670 = CARTESIAN_POINT ( 'NONE',  ( 91.97652304089280100, -4.971788499441965200, 288.0772400629712100 ) ) ;
#3671 = CARTESIAN_POINT ( 'NONE',  ( 91.97556329117377100, 11.15176063865238900, 292.6411531193332400 ) ) ;
#3672 = CARTESIAN_POINT ( 'NONE',  ( 90.47646081131377100, -4.713377145713602400, 288.3730036485499700 ) ) ;
#3673 = CARTESIAN_POINT ( 'NONE',  ( 89.87546380981001400, 11.14935397439821000, 293.1258514108775400 ) ) ;
#3674 = CARTESIAN_POINT ( 'NONE',  ( 90.47743745757763600, -8.381322240300246300, 283.7287421849094400 ) ) ;
#3675 = CARTESIAN_POINT ( 'NONE',  ( 58.47757282401757100, -9.102586451953438700, 283.0816673478637400 ) ) ;
#3676 = EDGE_CURVE ( 'NONE', #3662, #5050, #4885, .T. ) ;
#3677 = VERTEX_POINT ( 'NONE', #5117 ) ;
#3678 = VECTOR ( 'NONE', #3346, 1000.000000000000100 ) ;
#3679 = CARTESIAN_POINT ( 'NONE',  ( 76.34434410506379700, -4.484227437775916600, 293.0759462291373400 ) ) ;
#3680 = FACE_OUTER_BOUND ( 'NONE', #4566, .T. ) ;
#3681 = APPLICATION_CONTEXT ( 'configuration controlled 3d designs of mechanical parts and assemblies' ) ;
#3682 = EDGE_LOOP ( 'NONE', ( #1693, #4380, #3076, #2483 ) ) ;
#3683 = CARTESIAN_POINT ( 'NONE',  ( 90.47683282164608400, -10.62499418333614400, 286.6039770169932700 ) ) ;
#3684 = DIRECTION ( 'NONE',  ( 0.0002102900160026601300, 0.003010154484988449300, -0.9999954473636795100 ) ) ;
#3685 = CARTESIAN_POINT ( 'NONE',  ( 91.97688113985296400, -10.58041955658339200, 286.3743663998907300 ) ) ;
#3686 = B_SPLINE_CURVE_WITH_KNOTS ( 'NONE', 1,
 ( #3792, #928 ),
 .UNSPECIFIED., .F., .F.,
 ( 2, 2 ),
 ( 0.0000000000000000000, 1.000000000000000000 ),
 .UNSPECIFIED. ) ;
#3687 = CARTESIAN_POINT ( 'NONE',  ( 91.97603902396231500, -4.591693627211337300, 290.3788934469539000 ) ) ;
#3688 = CARTESIAN_POINT ( 'NONE',  ( 91.97653827969050200, -5.079517487764674900, 288.0047747666549800 ) ) ;
#3689 = CARTESIAN_POINT ( 'NONE',  ( 90.47756476266320600, 10.28956640858129400, 283.1233662928202100 ) ) ;
#3690 = CARTESIAN_POINT ( 'NONE',  ( 56.97748495538892400, 10.96432955854263000, 283.4993527116197900 ) ) ;
#3691 = CARTESIAN_POINT ( 'NONE',  ( 56.97681119814466700, -10.66476131599818800, 286.7032812189455100 ) ) ;
#3692 = CARTESIAN_POINT ( 'NONE',  ( 90.47736625299721400, -8.323465782246577400, 284.0673424463000200 ) ) ;
#3693 = CARTESIAN_POINT ( 'NONE',  ( 58.47744751859374200, -8.398375668731116400, 283.6775342165329900 ) ) ;
#3694 = B_SPLINE_CURVE_WITH_KNOTS ( 'NONE', 1,
 ( #3641, #341 ),
 .UNSPECIFIED., .F., .F.,
 ( 2, 2 ),
 ( 0.0000000000000000000, 1.000000000000000000 ),
 .UNSPECIFIED. ) ;
#3695 = CARTESIAN_POINT ( 'NONE',  ( 91.97667177727947800, 9.044013025859831200, 287.3699515651335300 ) ) ;
#3696 = CARTESIAN_POINT ( 'NONE',  ( 91.97694796214717900, -12.54875434581975200, 286.0566052846516500 ) ) ;
#3697 = CARTESIAN_POINT ( 'NONE',  ( 56.97685068687399500, -12.55747160276639100, 286.5154998383266000 ) ) ;
#3698 = EDGE_LOOP ( 'NONE', ( #223, #154, #3739, #3100 ) ) ;
#3699 = APPROVAL_STATUS ( 'not_yet_approved' ) ;
#3700 = CARTESIAN_POINT ( 'NONE',  ( 76.12101953929072800, 2.218532517738807600, 294.5960825297759700 ) ) ;
#3701 = CARTESIAN_POINT ( 'NONE',  ( 56.97705442397297300, -10.91951006447955000, 285.5466655812023800 ) ) ;
#3702 = EDGE_CURVE ( 'NONE', #4270, #4026, #2321, .T. ) ;
#3703 = CARTESIAN_POINT ( 'NONE',  ( 58.56519565582527800, -13.84868161760142500, 292.6632076669946500 ) ) ;
#3704 = ORIENTED_EDGE ( 'NONE', *, *, #4721, .T. ) ;
#3705 = CARTESIAN_POINT ( 'NONE',  ( 90.45933005764830200, -13.84786997151328500, 292.4851556937554700 ) ) ;
#3706 = ORIENTED_EDGE ( 'NONE', *, *, #2169, .T. ) ;
#3707 = CARTESIAN_POINT ( 'NONE',  ( 91.97738504348251400, 11.15213258337050600, 283.9781454805794900 ) ) ;
#3708 = CARTESIAN_POINT ( 'NONE',  ( 91.97635552994702800, -4.588604123341780500, 288.8738075194191300 ) ) ;
#3709 = CARTESIAN_POINT ( 'NONE',  ( 90.47668486772373300, -11.58323406011994000, 287.3075446483874200 ) ) ;
#3710 = CARTESIAN_POINT ( 'NONE',  ( 58.47572160383408100, -13.84696318311601500, 291.8848040383290900 ) ) ;
#3711 = CARTESIAN_POINT ( 'NONE',  ( 90.47736949195559900, 11.15215950834240900, 284.0519401848384900 ) ) ;
#3712 = CARTESIAN_POINT ( 'NONE',  ( 56.97747512597740600, 10.99831975145546400, 283.5460946680606200 ) ) ;
#3713 = CARTESIAN_POINT ( 'NONE',  ( 56.97680142499319800, -10.68657189802154200, 286.7497556410634700 ) ) ;
#3714 = CARTESIAN_POINT ( 'NONE',  ( 89.81384969340760400, 11.14935401340028200, 293.1258384541027300 ) ) ;
#3715 = EDGE_LOOP ( 'NONE', ( #1444, #599, #3588, #349 ) ) ;
#3716 = VERTEX_POINT ( 'NONE', #182 ) ;
#3717 = CARTESIAN_POINT ( 'NONE',  ( 90.47696979031665900, -12.51527658604147700, 285.9526477259249200 ) ) ;
#3718 = CARTESIAN_POINT ( 'NONE',  ( 91.97689449156500500, -10.58022843615999900, 286.3108747919530400 ) ) ;
#3719 = CARTESIAN_POINT ( 'NONE',  ( 91.97695746066725100, -12.53545362795522800, 286.0114368215581100 ) ) ;
#3720 = CARTESIAN_POINT ( 'NONE',  ( 91.97668228091743000, 8.608267303728677400, 287.3200034490500300 ) ) ;
#3721 = CARTESIAN_POINT ( 'NONE',  ( 74.39833699694818800, -9.455439745397590900, 294.5605796452520600 ) ) ;
#3722 = CARTESIAN_POINT ( 'NONE',  ( 56.97692174727971800, -10.58570036877570600, 286.1775851642308900 ) ) ;
#3723 = CARTESIAN_POINT ( 'NONE',  ( 91.97756223107271000, 6.461470870370306800, 283.1355625234974100 ) ) ;
#3724 = CARTESIAN_POINT ( 'NONE',  ( 91.97710541458931700, -11.57721375114995200, 285.3078691901241100 ) ) ;
#3725 = B_SPLINE_CURVE_WITH_KNOTS ( 'NONE', 1,
 ( #3576, #2761 ),
 .UNSPECIFIED., .F., .F.,
 ( 2, 2 ),
 ( 0.0000000000000000000, 1.000000000000000000 ),
 .UNSPECIFIED. ) ;
#3726 = CARTESIAN_POINT ( 'NONE',  ( 83.76672102039590600, 2.503731635863598800, 294.5985488490774200 ) ) ;
#3727 = CARTESIAN_POINT ( 'NONE',  ( 90.47672637859957900, -12.19231431771558900, 287.1101473237821400 ) ) ;
#3728 = CARTESIAN_POINT ( 'NONE',  ( 90.32874890705412000, -13.84891210507001300, 292.7581463031348200 ) ) ;
#3729 = CARTESIAN_POINT ( 'NONE',  ( 58.47742398333677000, 11.12791810203408200, 283.7894517962213300 ) ) ;
#3730 =( BOUNDED_CURVE ( )  B_SPLINE_CURVE ( 3, ( #287, #4340, #1513, #1873 ),
 .UNSPECIFIED., .F., .F. ) 
 B_SPLINE_CURVE_WITH_KNOTS ( ( 4, 4 ),
 ( 5.975432427903119900E-015, 3.141592653589798900 ),
 .UNSPECIFIED. ) 
 CURVE ( )  GEOMETRIC_REPRESENTATION_ITEM ( )  RATIONAL_B_SPLINE_CURVE ( ( 1.000000000000000000, 0.3333333333333333700, 0.3333333333333333700, 1.000000000000000000 ) ) 
 REPRESENTATION_ITEM ( '' )  );
#3731 = CARTESIAN_POINT ( 'NONE',  ( 79.31323928856312500, 1.995523387084408200, 294.5960825297759700 ) ) ;
#3732 = CARTESIAN_POINT ( 'NONE',  ( 58.47756528843759600, -8.982205276673004900, 283.1175014107573700 ) ) ;
#3733 = ORIENTED_EDGE ( 'NONE', *, *, #305, .T. ) ;
#3734 = ORIENTED_EDGE ( 'NONE', *, *, #217, .T. ) ;
#3735 = CARTESIAN_POINT ( 'NONE',  ( 56.97682972294082800, 9.895522239124737500, 286.6151899610605900 ) ) ;
#3736 = CARTESIAN_POINT ( 'NONE',  ( 91.97674416263554100, 8.161880307247628300, 287.0257363337752300 ) ) ;
#3737 = CARTESIAN_POINT ( 'NONE',  ( 91.97709239772822800, 8.986184982413110600, 285.3697684760696800 ) ) ;
#3738 = CARTESIAN_POINT ( 'NONE',  ( 91.97668487474818700, -11.64672566944655700, 287.3076689644361700 ) ) ;
#3739 = ORIENTED_EDGE ( 'NONE', *, *, #3188, .T. ) ;
#3740 = DIRECTION ( 'NONE',  ( 0.9999999778888766200, 8.886635735929742600E-007, 0.0002102889832483654200 ) ) ;
#3741 = CARTESIAN_POINT ( 'NONE',  ( 91.97756586402577700, 6.553546967862123700, 283.1182866841506900 ) ) ;
#3742 = ORIENTED_EDGE ( 'NONE', *, *, #2791, .F. ) ;
#3743 = EDGE_CURVE ( 'NONE', #5167, #2854, #3801, .T. ) ;
#3744 = CARTESIAN_POINT ( 'NONE',  ( 76.74662228691831000, -7.409592213371347200, 293.0672249846196600 ) ) ;
#3745 = CARTESIAN_POINT ( 'NONE',  ( 90.47589299669624600, -13.84561602431000100, 291.0731415024000100 ) ) ;
#3746 = CARTESIAN_POINT ( 'NONE',  ( 90.47669746286575800, -11.92147988067903900, 287.2476507711410200 ) ) ;
#3747 = CARTESIAN_POINT ( 'NONE',  ( 58.47571096496972100, 11.15304594403405500, 291.9353951975175500 ) ) ;
#3748 = CARTESIAN_POINT ( 'NONE',  ( 58.47748492222220300, 10.96432955854264600, 283.4996681480729400 ) ) ;
#3749 = ORIENTED_EDGE ( 'NONE', *, *, #1790, .T. ) ;
#3750 = CARTESIAN_POINT ( 'NONE',  ( 91.97753443635154700, -8.715201548263451100, 283.2677352017568100 ) ) ;
#3751 = ORIENTED_EDGE ( 'NONE', *, *, #3926, .T. ) ;
#3752 = LINE ( 'NONE', #1760, #201 ) ;
#3753 = CARTESIAN_POINT ( 'NONE',  ( 58.47696398337600200, 7.996902521131370500, 285.9768969032081700 ) ) ;
#3754 = CARTESIAN_POINT ( 'NONE',  ( 58.47742922847991300, 5.736364668964945700, 283.7645094841043400 ) ) ;
#3755 = DIRECTION ( 'NONE',  ( 0.0002102900136559410600, 0.003010154484246530600, -0.9999954473636822900 ) ) ;
#3756 = CARTESIAN_POINT ( 'NONE',  ( 90.47736625299721400, -8.323465782246577400, 284.0673424463000200 ) ) ;
#3757 = CARTESIAN_POINT ( 'NONE',  ( 91.97672634543283700, -12.19231431771558900, 287.1104627602352400 ) ) ;
#3758 = FACE_OUTER_BOUND ( 'NONE', #1892, .T. ) ;
#3759 = CARTESIAN_POINT ( 'NONE',  ( 90.47755383675424000, 6.327200488998802700, 283.1753224410775800 ) ) ;
#3760 = CARTESIAN_POINT ( 'NONE',  ( 91.97735387224175000, 11.16431616000720500, 284.1263745760591600 ) ) ;
#3761 = B_SPLINE_CURVE_WITH_KNOTS ( 'NONE', 3,
 ( #731, #4023, #4352, #2335 ),
 .UNSPECIFIED., .F., .F.,
 ( 4, 4 ),
 ( 0.0000000000000000000, 1.000000000000000000 ),
 .UNSPECIFIED. ) ;
#3762 = CARTESIAN_POINT ( 'NONE',  ( 90.47709179087399900, -11.22532242267668300, 285.3724965413188100 ) ) ;
#3763 = CARTESIAN_POINT ( 'NONE',  ( 56.97561976159401100, 11.15230452577106700, 292.3689383378836600 ) ) ;
#3764 = CARTESIAN_POINT ( 'NONE',  ( 58.47703480744974100, -12.33406279466941600, 285.6401060634698900 ) ) ;
#3765 = ADVANCED_FACE ( 'NONE', ( #5215 ), #4554, .T. ) ;
#3766 = CARTESIAN_POINT ( 'NONE',  ( 91.97667316799228800, 8.790778842279303600, 287.3633382863934600 ) ) ;
#3767 = EDGE_CURVE ( 'NONE', #5253, #808, #5212, .T. ) ;
#3768 = EDGE_CURVE ( 'NONE', #3653, #414, #3357, .T. ) ;
#3769 = CARTESIAN_POINT ( 'NONE',  ( 56.97745116652756500, -8.405590422526367800, 283.6600294207162800 ) ) ;
#3770 = B_SPLINE_CURVE_WITH_KNOTS ( 'NONE', 3,
 ( #1753, #4640, #5041, #125, #535, #5059, #3434, #942, #1774, #3262, #5297, #3828, #4881, #2467, #3689, #1648 ),
 .UNSPECIFIED., .F., .F.,
 ( 4, 1, 2, 2, 2, 1, 2, 2, 4 ),
 ( 0.0000000000000000000, 0.1250000000000556800, 0.1875000000000835200, 0.2500000000001113600, 0.5000000000001207900, 0.6250000000000880400, 0.6875000000000733900, 0.7500000000000587300, 1.000000000000000000 ),
 .UNSPECIFIED. ) ;
#3771 = ORIENTED_EDGE ( 'NONE', *, *, #5036, .F. ) ;
#3772 = CARTESIAN_POINT ( 'NONE',  ( 58.47746739931057600, -8.441958897550197300, 283.5829951284895300 ) ) ;
#3773 = CARTESIAN_POINT ( 'NONE',  ( 56.97667741542736800, 9.134678608117139800, 287.3394602947021200 ) ) ;
#3774 = CARTESIAN_POINT ( 'NONE',  ( 90.47668490791491500, -11.64672566944655700, 287.3073535279830800 ) ) ;
#3775 = CARTESIAN_POINT ( 'NONE',  ( 56.97694111005145600, -10.60297620850207200, 286.0855090687806000 ) ) ;
#3776 = DIRECTION ( 'NONE',  ( 6.330083128766396000E-007, -0.9999954694747276200, -0.003010154417688563600 ) ) ;
#3777 = CARTESIAN_POINT ( 'NONE',  ( 90.47710544775628700, -11.57721375114995300, 285.3075537536710700 ) ) ;
#3778 = ORIENTED_EDGE ( 'NONE', *, *, #2359, .F. ) ;
#3779 = CARTESIAN_POINT ( 'NONE',  ( 58.76805859094541500, -13.84970080068666000, 292.8972678651150500 ) ) ;
#3780 = PRODUCT_DEFINITION_FORMATION_WITH_SPECIFIED_SOURCE ( '任何', '', #1522, .NOT_KNOWN. ) ;
#3781 = CARTESIAN_POINT ( 'NONE',  ( 91.97753861936463700, -13.43069284775173100, 283.2478436532543400 ) ) ;
#3782 = CARTESIAN_POINT ( 'NONE',  ( 56.97689653147104100, -12.58021937510678400, 286.2974942991406800 ) ) ;
#3783 = CARTESIAN_POINT ( 'NONE',  ( 91.97709600075697300, -11.28379608315172800, 285.3526349363056100 ) ) ;
#3784 = VECTOR ( 'NONE', #4569, 1000.000000000000200 ) ;
#3785 = CARTESIAN_POINT ( 'NONE',  ( 58.47603975824386400, -4.590189132714986200, 290.3718793286000200 ) ) ;
#3786 = VERTEX_POINT ( 'NONE', #2946 ) ;
#3787 = CARTESIAN_POINT ( 'NONE',  ( 58.76746463271869900, -14.10939670025189900, 293.0432765917630000 ) ) ;
#3788 = CARTESIAN_POINT ( 'NONE',  ( 91.97752537835087600, -8.662747410552972500, 283.3108088559751500 ) ) ;
#3789 = ORIENTED_EDGE ( 'NONE', *, *, #902, .F. ) ;
#3790 = CARTESIAN_POINT ( 'NONE',  ( 56.97747666908106400, -8.467486246394193100, 283.5387567237290200 ) ) ;
#3791 = ADVANCED_FACE ( 'NONE', ( #219 ), #2301, .T. ) ;
#3792 = CARTESIAN_POINT ( 'NONE',  ( 56.97563558683636100, -13.84763676216988800, 292.2936843132335400 ) ) ;
#3793 = CARTESIAN_POINT ( 'NONE',  ( 58.47603975824386400, -4.590189132714993300, 290.3718793286000200 ) ) ;
#3794 = CARTESIAN_POINT ( 'NONE',  ( 91.97669849143933600, -11.93512538858316000, 287.2429172972026700 ) ) ;
#3795 = CARTESIAN_POINT ( 'NONE',  ( 91.97690829333872400, 9.920062002766398400, 286.2452429985054900 ) ) ;
#3796 = ADVANCED_FACE ( 'NONE', ( #27, #4135, #3069 ), #3339, .F. ) ;
#3797 = CARTESIAN_POINT ( 'NONE',  ( 91.97624472067168700, 1.910380397309346900, 289.4007406233578800 ) ) ;
#3798 = CARTESIAN_POINT ( 'NONE',  ( 90.47706393688046900, -10.96813349352117900, 285.5049510782944300 ) ) ;
#3799 = ORIENTED_EDGE ( 'NONE', *, *, #1316, .F. ) ;
#3800 = CARTESIAN_POINT ( 'NONE',  ( 91.97735735771608700, 5.676470790398994400, 284.1098000446569400 ) ) ;
#3801 =( BOUNDED_CURVE ( )  B_SPLINE_CURVE ( 3, ( #3923, #215, #3114, #3565 ),
 .UNSPECIFIED., .F., .F. ) 
 B_SPLINE_CURVE_WITH_KNOTS ( ( 4, 4 ),
 ( 3.141592653589798900, 6.283185307179586200 ),
 .UNSPECIFIED. ) 
 CURVE ( )  GEOMETRIC_REPRESENTATION_ITEM ( )  RATIONAL_B_SPLINE_CURVE ( ( 1.000000000000000000, 0.3333333333333353100, 0.3333333333333353100, 1.000000000000000000 ) ) 
 REPRESENTATION_ITEM ( '' )  );
#3802 = CARTESIAN_POINT ( 'NONE',  ( 90.47679864127232500, 8.001812389404371100, 286.7665154903309000 ) ) ;
#3803 = ORIENTED_EDGE ( 'NONE', *, *, #3743, .T. ) ;
#3804 = CARTESIAN_POINT ( 'NONE',  ( 91.97709243791911100, 8.922693373085950300, 285.3695773556842100 ) ) ;
#3805 = CARTESIAN_POINT ( 'NONE',  ( 58.47753815962978800, -13.42689643741644200, 283.2465074608663300 ) ) ;
#3806 = PLANE ( 'NONE',  #4892 ) ;
#3807 = EDGE_CURVE ( 'NONE', #879, #253, #4593, .T. ) ;
#3808 = CARTESIAN_POINT ( 'NONE',  ( 91.97744030027793400, -8.386288909502557200, 283.7153819651910000 ) ) ;
#3809 = CARTESIAN_POINT ( 'NONE',  ( 58.47697413886481900, 8.018519760444323900, 285.9286043462710200 ) ) ;
#3810 = ORIENTED_EDGE ( 'NONE', *, *, #372, .F. ) ;
#3811 = B_SPLINE_CURVE_WITH_KNOTS ( 'NONE', 3,
 ( #1700, #3738, #1272, #40, #854, #1317, #1678, #2927, #4539, #1639, #3757, #3365, #2903, #893, #1657, #2079, #4937, #411, #3323, #4921, #4956, #4559 ),
 .UNSPECIFIED., .F., .F.,
 ( 4, 2, 2, 2, 2, 2, 2, 2, 2, 2, 4 ),
 ( 0.0000000000000000000, 0.1250000000000000000, 0.1875000000000000000, 0.2187500000000000000, 0.2500000000000000000, 0.5000000000000000000, 0.6250000000000000000, 0.6875000000000000000, 0.7187500000000000000, 0.7500000000000000000, 1.000000000000000000 ),
 .UNSPECIFIED. ) ;
#3812 = CARTESIAN_POINT ( 'NONE',  ( 56.97756786922067800, 6.552136452614333500, 283.1050712530664600 ) ) ;
#3813 = CARTESIAN_POINT ( 'NONE',  ( 58.47668476530019900, 9.255273332998317700, 287.3046670462169900 ) ) ;
#3814 = DIRECTION ( 'NONE',  ( 0.0002102900160122052500, 0.003010154480265721400, -0.9999954473636938300 ) ) ;
#3815 = CARTESIAN_POINT ( 'NONE',  ( 56.97678844832277900, 9.813335226209739300, 286.8114638066613800 ) ) ;
#3816 = CARTESIAN_POINT ( 'NONE',  ( 91.97686897913770600, -12.58060268980056400, 286.4321944419793900 ) ) ;
#3817 = EDGE_CURVE ( 'NONE', #4938, #5167, #329, .T. ) ;
#3818 = CARTESIAN_POINT ( 'NONE',  ( 56.97706348197364400, -10.97196420219471100, 285.5035919269860800 ) ) ;
#3819 = ORIENTED_EDGE ( 'NONE', *, *, #3151, .T. ) ;
#3820 = CARTESIAN_POINT ( 'NONE',  ( 91.97667177727947800, 9.044013025859831200, 287.3699515651335300 ) ) ;
#3821 = CARTESIAN_POINT ( 'NONE',  ( 74.39833699692208300, 4.544560254602411800, 294.6027219998903800 ) ) ;
#3822 = LINE ( 'NONE', #418, #4756 ) ;
#3823 = ORIENTED_EDGE ( 'NONE', *, *, #4339, .T. ) ;
#3824 = EDGE_CURVE ( 'NONE', #1013, #308, #4577, .T. ) ;
#3825 = CARTESIAN_POINT ( 'NONE',  ( 58.47580220151215300, 11.15378736229704300, 291.5015366206983500 ) ) ;
#3826 = CARTESIAN_POINT ( 'NONE',  ( 56.97747473850063900, -13.70110855190334400, 283.5479372436752200 ) ) ;
#3827 = CARTESIAN_POINT ( 'NONE',  ( 56.97640503355133000, 1.945504015001763700, 288.6347221489164700 ) ) ;
#3828 = CARTESIAN_POINT ( 'NONE',  ( 90.47754927532271600, 10.55508081908232600, 283.1970134887699300 ) ) ;
#3829 = CARTESIAN_POINT ( 'NONE',  ( 56.97735813160534900, 5.676470790398990800, 284.1024398607469300 ) ) ;
#3830 = CARTESIAN_POINT ( 'NONE',  ( 90.47754984587979300, -8.828965600064234900, 283.1943003095662400 ) ) ;
#3831 = CARTESIAN_POINT ( 'NONE',  ( 58.47641048334296700, -4.613529375685876800, 288.6089643869124200 ) ) ;
#3832 = CARTESIAN_POINT ( 'NONE',  ( 56.97710610787111600, -11.44987378940436100, 285.3008923209232500 ) ) ;
#3833 = CARTESIAN_POINT ( 'NONE',  ( 56.97756457643367200, 10.28850966753050500, 283.1207294951389000 ) ) ;
#3834 = CARTESIAN_POINT ( 'NONE',  ( 58.47692810021432300, 9.896930915732371000, 286.1475326708312000 ) ) ;
#3835 = ORIENTED_EDGE ( 'NONE', *, *, #3099, .T. ) ;
#3836 = CARTESIAN_POINT ( 'NONE',  ( 56.97753640587051600, -8.711370839625432800, 283.2546894216769100 ) ) ;
#3837 = CARTESIAN_POINT ( 'NONE',  ( 91.97694708703790000, -10.60287957441438200, 286.0607667057474300 ) ) ;
#3838 = ORIENTED_EDGE ( 'NONE', *, *, #4852, .T. ) ;
#3839 = ORIENTED_EDGE ( 'NONE', *, *, #4727, .F. ) ;
#3840 = CARTESIAN_POINT ( 'NONE',  ( 56.97701083331460800, 8.122770674389961700, 285.7539529291414600 ) ) ;
#3841 = CARTESIAN_POINT ( 'NONE',  ( 91.97739270165762100, -8.328937714863048600, 283.9417284390278300 ) ) ;
#3842 = CARTESIAN_POINT ( 'NONE',  ( 90.38590362879686800, 11.15133634570148600, 292.7451535614500200 ) ) ;
#3843 = DIRECTION ( 'NONE',  ( 0.0002102900136559410600, 0.003010154484246530600, -0.9999954473636822900 ) ) ;
#3844 = SHAPE_DEFINITION_REPRESENTATION ( #4454, #1318 ) ;
#3845 = VERTEX_POINT ( 'NONE', #4123 ) ;
#3846 = ADVANCED_FACE ( 'NONE', ( #1315 ), #4587, .T. ) ;
#3847 = CARTESIAN_POINT ( 'NONE',  ( 58.47683127817931100, 7.949657678073516600, 286.6079520291501700 ) ) ;
#3848 = ORIENTED_EDGE ( 'NONE', *, *, #5246, .F. ) ;
#3849 = EDGE_CURVE ( 'NONE', #2171, #3540, #1555, .T. ) ;
#3850 = CARTESIAN_POINT ( 'NONE',  ( 58.47679494536587400, -10.70159479911093200, 286.7807260338849500 ) ) ;
#3851 = CARTESIAN_POINT ( 'NONE',  ( 69.63706891783890300, 5.192258368295702200, 293.1036635994746000 ) ) ;
#3852 = CARTESIAN_POINT ( 'NONE',  ( 56.97755219136556100, -8.824646480383762500, 283.1796244068225400 ) ) ;
#3853 = CARTESIAN_POINT ( 'NONE',  ( 91.97638315320234900, -4.588503577985924200, 288.7424502154457300 ) ) ;
#3854 = CARTESIAN_POINT ( 'NONE',  ( 91.97697866437081900, -10.66235307640717200, 285.9106065138092300 ) ) ;
#3855 = EDGE_CURVE ( 'NONE', #3845, #2456, #1308, .T. ) ;
#3856 = CARTESIAN_POINT ( 'NONE',  ( 91.97710035502753100, -11.35934910585381100, 285.3319290044973400 ) ) ;
#3857 = ORIENTED_EDGE ( 'NONE', *, *, #1145, .T. ) ;
#3858 = EDGE_LOOP ( 'NONE', ( #2302, #3083, #4033, #3668 ) ) ;
#3859 = CARTESIAN_POINT ( 'NONE',  ( 56.97746239483854000, 5.798803102855099900, 283.6066352548494900 ) ) ;
#3860 = CARTESIAN_POINT ( 'NONE',  ( 91.97749455149576600, -8.517192699261304500, 283.4574002888959400 ) ) ;
#3861 = CARTESIAN_POINT ( 'NONE',  ( 56.97737024172568000, 11.15212792288534200, 284.0448524132588100 ) ) ;
#3862 = CARTESIAN_POINT ( 'NONE',  ( 56.97710618847874300, -11.57721375114988400, 285.3005090061994900 ) ) ;
#3863 = ORIENTED_EDGE ( 'NONE', *, *, #2291, .T. ) ;
#3864 = CARTESIAN_POINT ( 'NONE',  ( 58.47669774197060400, -11.24463379123658400, 287.2429588806186300 ) ) ;
#3865 = CARTESIAN_POINT ( 'NONE',  ( 90.47698526544287700, -10.67646443537518400, 285.8790586130705300 ) ) ;
#3866 = CARTESIAN_POINT ( 'NONE',  ( 91.97746684875639300, 5.823628468240839200, 283.5891355646545000 ) ) ;
#3867 = CARTESIAN_POINT ( 'NONE',  ( 56.97669191085210400, -11.33479992666339200, 287.2705299726574100 ) ) ;
#3868 = CARTESIAN_POINT ( 'NONE',  ( 90.47646081131378500, -4.713377145713602400, 288.3730036485500200 ) ) ;
#3869 = EDGE_LOOP ( 'NONE', ( #1201, #1229 ) ) ;
#3870 = DIRECTION ( 'NONE',  ( 0.0002102900136559410600, 0.003010154484246531000, -0.9999954473636824000 ) ) ;
#3871 = ORIENTED_EDGE ( 'NONE', *, *, #2090, .F. ) ;
#3872 = ORIENTED_EDGE ( 'NONE', *, *, #3581, .T. ) ;
#3873 = CARTESIAN_POINT ( 'NONE',  ( 76.12101953938892500, -7.680962418774692300, 294.5662833850365100 ) ) ;
#3874 = CARTESIAN_POINT ( 'NONE',  ( 58.47635000310968700, 1.910564528153695600, 288.8965632917776200 ) ) ;
#3875 = ORIENTED_EDGE ( 'NONE', *, *, #1456, .F. ) ;
#3876 = CARTESIAN_POINT ( 'NONE',  ( 91.97742797847371300, -8.366464261145566200, 283.7739760361791900 ) ) ;
#3877 = CARTESIAN_POINT ( 'NONE',  ( 91.97556329117377100, 11.15176063865238900, 292.6411531193332400 ) ) ;
#3878 = CARTESIAN_POINT ( 'NONE',  ( 91.97755252661140400, 10.51334341880960300, 283.1817103023004700 ) ) ;
#3879 = CARTESIAN_POINT ( 'NONE',  ( 58.47671530511467400, 8.311423515134036300, 287.1594405821925900 ) ) ;
#3880 = CARTESIAN_POINT ( 'NONE',  ( 59.22514655975103900, 11.14484002450417900, 294.6193991671378300 ) ) ;
#3881 = CARTESIAN_POINT ( 'NONE',  ( 56.97748495538892400, 10.96432955854263000, 283.4993527116197900 ) ) ;
#3882 = CARTESIAN_POINT ( 'NONE',  ( 61.97514569757479600, 11.14482820803683300, 294.6199774897842800 ) ) ;
#3883 = CARTESIAN_POINT ( 'NONE',  ( 90.47688281407600600, 7.919687749126153700, 286.3662472122061900 ) ) ;
#3884 = CARTESIAN_POINT ( 'NONE',  ( 56.97689526545441700, -10.58022843615724500, 286.3035146079745300 ) ) ;
#3885 = CARTESIAN_POINT ( 'NONE',  ( 90.47757943174329400, -12.88392684973504900, 283.0536101836820500 ) ) ;
#3886 = CARTESIAN_POINT ( 'NONE',  ( 56.97754984607223600, -13.34197622704102300, 283.1907770175658900 ) ) ;
#3887 = FACE_OUTER_BOUND ( 'NONE', #2743, .T. ) ;
#3888 = ADVANCED_FACE ( 'NONE', ( #3394 ), #2458, .T. ) ;
#3889 = CARTESIAN_POINT ( 'NONE',  ( 58.47704141413583300, 9.580397059750446000, 285.6086891832075600 ) ) ;
#3890 = VERTEX_POINT ( 'NONE', #3721 ) ;
#3891 = CARTESIAN_POINT ( 'NONE',  ( 91.97688151489479900, 9.919678688075430600, 286.3725829574655100 ) ) ;
#3892 =( BOUNDED_CURVE ( )  B_SPLINE_CURVE ( 3, ( #161, #3511, #960, #4722 ),
 .UNSPECIFIED., .F., .T. ) 
 B_SPLINE_CURVE_WITH_KNOTS ( ( 4, 4 ),
 ( 3.141592653589798900, 6.283185307179586200 ),
 .UNSPECIFIED. ) 
 CURVE ( )  GEOMETRIC_REPRESENTATION_ITEM ( )  RATIONAL_B_SPLINE_CURVE ( ( 1.000000000000000000, 0.3333333333333353100, 0.3333333333333353100, 1.000000000000000000 ) ) 
 REPRESENTATION_ITEM ( '' )  );
#3893 = CARTESIAN_POINT ( 'NONE',  ( 56.97693612064379900, 7.943844198076286400, 286.1092352772400300 ) ) ;
#3894 = CARTESIAN_POINT ( 'NONE',  ( 91.97757714285664600, -9.320451097236997400, 283.0646522809530600 ) ) ;
#3895 = CARTESIAN_POINT ( 'NONE',  ( 58.47756547044690500, 10.28920639717947000, 283.1166358981253700 ) ) ;
#3896 = CARTESIAN_POINT ( 'NONE',  ( 56.97571099813644200, 11.15304594403403900, 291.9350797610646300 ) ) ;
#3897 = ORIENTED_EDGE ( 'NONE', *, *, #814, .T. ) ;
#3898 = CARTESIAN_POINT ( 'NONE',  ( 69.63675348260582600, -4.711751800254848600, 294.5738576257795700 ) ) ;
#3899 = CARTESIAN_POINT ( 'NONE',  ( 91.70648871699860600, -13.85075102069508400, 293.4085551468397200 ) ) ;
#3900 = FACE_OUTER_BOUND ( 'NONE', #5187, .T. ) ;
#3901 = CARTESIAN_POINT ( 'NONE',  ( 56.97745773443288200, -8.419701781497121100, 283.6287969564325500 ) ) ;
#3902 = VERTEX_POINT ( 'NONE', #17 ) ;
#3903 = CARTESIAN_POINT ( 'NONE',  ( 91.97736970137799500, -13.82344086436001100, 284.0511020334569700 ) ) ;
#3904 = CARTESIAN_POINT ( 'NONE',  ( 90.47645589521255300, 2.046268948611719400, 288.3963812627042700 ) ) ;
#3905 = CARTESIAN_POINT ( 'NONE',  ( 91.97695391095268700, 7.979581627691956700, 286.0283168355525200 ) ) ;
#3906 = EDGE_LOOP ( 'NONE', ( #3704, #2242, #2029, #842 ) ) ;
#3907 = EDGE_CURVE ( 'NONE', #3179, #1905, #4986, .T. ) ;
#3908 = CARTESIAN_POINT ( 'NONE',  ( 58.47699964850546200, -10.69957364826645100, 285.8072979485548300 ) ) ;
#3909 = CARTESIAN_POINT ( 'NONE',  ( 58.47756553991620600, 10.17946055751997600, 283.1163055447104300 ) ) ;
#3910 = ORIENTED_EDGE ( 'NONE', *, *, #1127, .F. ) ;
#3911 = CARTESIAN_POINT ( 'NONE',  ( 90.47744389435062800, 11.08215290827814100, 283.6981332961369700 ) ) ;
#3912 = CARTESIAN_POINT ( 'NONE',  ( 74.78891841058775500, 3.135460047555467700, 293.0985556780319100 ) ) ;
#3913 = EDGE_CURVE ( 'NONE', #2867, #2399, #3811, .T. ) ;
#3914 = CARTESIAN_POINT ( 'NONE',  ( 56.97682972294082800, 9.895522239124737500, 286.6151899610605900 ) ) ;
#3915 = DIRECTION ( 'NONE',  ( 0.0000000000000000000, -0.003010154417689350200, 0.9999954694749280100 ) ) ;
#3916 = CARTESIAN_POINT ( 'NONE',  ( 90.47672231148820300, -11.00312911446252100, 287.1294877230855600 ) ) ;
#3917 = VERTEX_POINT ( 'NONE', #2040 ) ;
#3918 = ORIENTED_EDGE ( 'NONE', *, *, #1563, .T. ) ;
#3919 = CARTESIAN_POINT ( 'NONE',  ( 58.47693769850065600, 9.886097680825100700, 286.1018897876593900 ) ) ;
#3920 = CARTESIAN_POINT ( 'NONE',  ( 56.97670357770693500, 8.396008572619580300, 287.2150503919341400 ) ) ;
#3921 = ORIENTED_EDGE ( 'NONE', *, *, #4492, .F. ) ;
#3922 = CARTESIAN_POINT ( 'NONE',  ( 90.47742283638810100, 11.12388042295833800, 283.7982705592320400 ) ) ;
#3923 = CARTESIAN_POINT ( 'NONE',  ( 74.55197120926745000, 6.743726563953539500, 293.1093673392579700 ) ) ;
#3924 = CARTESIAN_POINT ( 'NONE',  ( 56.97679167155308700, 9.820846676754809900, 286.7961363284775300 ) ) ;
#3925 = CARTESIAN_POINT ( 'NONE',  ( 58.47638049708519500, 11.15373694499167800, 288.7515585131288800 ) ) ;
#3926 = EDGE_CURVE ( 'NONE', #4228, #1656, #4200, .T. ) ;
#3927 = ORIENTED_EDGE ( 'NONE', *, *, #688, .F. ) ;
#3928 = CARTESIAN_POINT ( 'NONE',  ( 90.47757308914702900, -13.06886937384195800, 283.0837712323672100 ) ) ;
#3929 = VECTOR ( 'NONE', #1825, 1000.000000000000100 ) ;
#3930 = ADVANCED_FACE ( 'NONE', ( #3590, #2469, #1160 ), #4496, .T. ) ;
#3931 = VECTOR ( 'NONE', #4114, 1000.000000000000100 ) ;
#3932 = CARTESIAN_POINT ( 'NONE',  ( 58.62231329826472900, 11.15086950917386400, 292.8267323058035500 ) ) ;
#3933 = CARTESIAN_POINT ( 'NONE',  ( 91.97640471309974000, 1.937679222943689000, 288.6399260934682600 ) ) ;
#3934 = CARTESIAN_POINT ( 'NONE',  ( 91.97695678047976700, 7.984630538191162900, 286.0146713279621600 ) ) ;
#3935 = CARTESIAN_POINT ( 'NONE',  ( 76.59298807457294300, -9.608758522722475000, 294.5605796452520600 ) ) ;
#3936 = CARTESIAN_POINT ( 'NONE',  ( 58.47669812085963100, 8.439777064093425100, 287.2411571427017000 ) ) ;
#3937 = CARTESIAN_POINT ( 'NONE',  ( 90.47753294439381500, 10.70922522403405700, 283.2746722138708200 ) ) ;
#3938 = CARTESIAN_POINT ( 'NONE',  ( 90.47683573309421900, 9.895618873190207100, 286.5901321614748000 ) ) ;
#3939 = CARTESIAN_POINT ( 'NONE',  ( 56.97710140482765000, -11.79521929513831100, 285.3232567780709100 ) ) ;
#3940 = EDGE_CURVE ( 'NONE', #4140, #3608, #1718, .T. ) ;
#3941 = CARTESIAN_POINT ( 'NONE',  ( 56.97668560844672200, -11.58323406011993500, 287.3004999009158400 ) ) ;
#3942 = CARTESIAN_POINT ( 'NONE',  ( 91.97603902537029800, -4.590941562194986500, 290.3788867514990100 ) ) ;
#3943 = CARTESIAN_POINT ( 'NONE',  ( 58.47689649830358900, -12.58021937510677200, 286.2978097355938300 ) ) ;
#3944 = ORIENTED_EDGE ( 'NONE', *, *, #4991, .F. ) ;
#3945 = CARTESIAN_POINT ( 'NONE',  ( 90.47667320115901600, 8.790778842279303600, 287.3630228499403600 ) ) ;
#3946 = CARTESIAN_POINT ( 'NONE',  ( 90.47688281407812400, 7.919687749126012500, 286.3662472121999900 ) ) ;
#3947 = CARTESIAN_POINT ( 'NONE',  ( 65.81080036575910700, 3.762673227520969100, 293.0985556780319100 ) ) ;
#3948 = CARTESIAN_POINT ( 'NONE',  ( 56.97704144730255400, 9.580397059750431800, 285.6083737467544100 ) ) ;
#3949 = CARTESIAN_POINT ( 'NONE',  ( 56.97681235022206200, 7.977544207179514400, 286.6978027261342300 ) ) ;
#3950 = ORIENTED_EDGE ( 'NONE', *, *, #4619, .F. ) ;
#3951 = CARTESIAN_POINT ( 'NONE',  ( 90.47754804819778900, 10.56829091981648400, 283.2028488552915600 ) ) ;
#3952 = CARTESIAN_POINT ( 'NONE',  ( 90.47672282196147400, 9.575846763818342200, 287.1270602612139600 ) ) ;
#3953 = ADVANCED_FACE ( 'NONE', ( #5274 ), #2818, .T. ) ;
#3954 = FACE_BOUND ( 'NONE', #2419, .T. ) ;
#3955 = CARTESIAN_POINT ( 'NONE',  ( 58.47668164080136000, 9.210354917186775100, 287.3195250250445800 ) ) ;
#3956 = CARTESIAN_POINT ( 'NONE',  ( 58.47648363245625800, -4.790910639500919100, 288.2611172486843400 ) ) ;
#3957 = ORIENTED_EDGE ( 'NONE', *, *, #1897, .T. ) ;
#3958 = CARTESIAN_POINT ( 'NONE',  ( 91.97749697989198100, -13.62035793908275100, 283.4458524978643900 ) ) ;
#3959 = ORIENTED_EDGE ( 'NONE', *, *, #3129, .T. ) ;
#3960 = CARTESIAN_POINT ( 'NONE',  ( 59.22546199477151400, 11.14935525623054600, 293.1194059960923300 ) ) ;
#3961 = CARTESIAN_POINT ( 'NONE',  ( 91.97708767458931300, 8.672585281352750600, 285.3922284934350800 ) ) ;
#3962 = CARTESIAN_POINT ( 'NONE',  ( 90.47705451684836900, -12.23638745084209700, 285.5497463064281800 ) ) ;
#3963 = CARTESIAN_POINT ( 'NONE',  ( 58.47681231705535500, 7.977544207179532200, 286.6981181625873200 ) ) ;
#3964 = CARTESIAN_POINT ( 'NONE',  ( 56.97689653147104100, -12.58021937511001400, 286.2974942991469300 ) ) ;
#3965 = ORIENTED_EDGE ( 'NONE', *, *, #1937, .F. ) ;
#3966 = CARTESIAN_POINT ( 'NONE',  ( 56.97699037193225300, -12.47387591324546300, 285.8512532660536700 ) ) ;
#3967 = CARTESIAN_POINT ( 'NONE',  ( 56.97656054294706300, -5.323931588508725300, 287.8952258540717300 ) ) ;
#3968 = ORIENTED_EDGE ( 'NONE', *, *, #4500, .F. ) ;
#3969 = CARTESIAN_POINT ( 'NONE',  ( 91.97755426116542300, -13.31696734722095400, 283.1734619499775400 ) ) ;
#3970 = ORIENTED_EDGE ( 'NONE', *, *, #3414, .T. ) ;
#3971 = CARTESIAN_POINT ( 'NONE',  ( 66.22152460267902500, -7.680962418872852900, 294.5642016106330600 ) ) ;
#3972 = ADVANCED_FACE ( 'NONE', ( #899 ), #1072, .T. ) ;
#3973 = CARTESIAN_POINT ( 'NONE',  ( 91.97667185788708400, 8.916673064116015000, 287.3695682504530900 ) ) ;
#3974 = CARTESIAN_POINT ( 'NONE',  ( 58.47708809875855700, 9.172660566087124300, 285.3866890566290500 ) ) ;
#3975 = ADVANCED_FACE ( 'NONE', ( #4040 ), #2873, .T. ) ;
#3976 = CARTESIAN_POINT ( 'NONE',  ( 90.47689579074833000, -12.58021937511000000, 286.3045390465999800 ) ) ;
#3977 = CARTESIAN_POINT ( 'NONE',  ( 56.97705050530323200, 9.527942922030682400, 285.5653000925285000 ) ) ;
#3978 = AXIS2_PLACEMENT_3D ( 'NONE', #844, #4548, #4967 ) ;
#3979 = ORIENTED_EDGE ( 'NONE', *, *, #102, .T. ) ;
#3980 = CARTESIAN_POINT ( 'NONE',  ( 56.97669499484591400, 8.470432021140352300, 287.2558646070089000 ) ) ;
#3981 = LINE ( 'NONE', #373, #2897 ) ;
#3982 = CARTESIAN_POINT ( 'NONE',  ( 56.97676819980760900, -12.38649245809537200, 286.9077518930085400 ) ) ;
#3983 = B_SPLINE_CURVE_WITH_KNOTS ( 'NONE', 3,
 ( #2639, #123, #1767, #602 ),
 .UNSPECIFIED., .F., .F.,
 ( 4, 4 ),
 ( 0.0000000000000000000, 1.000000000000000000 ),
 .UNSPECIFIED. ) ;
#3984 = ORIENTED_EDGE ( 'NONE', *, *, #85, .T. ) ;
#3985 = CARTESIAN_POINT ( 'NONE',  ( 56.97689653147104100, -12.58021937510678400, 286.2974942991406800 ) ) ;
#3986 = CARTESIAN_POINT ( 'NONE',  ( 58.47641048334296000, -4.613529375685876000, 288.6089643869123600 ) ) ;
#3987 = CARTESIAN_POINT ( 'NONE',  ( 91.97736970137799500, -13.82344086436000000, 284.0511020334530500 ) ) ;
#3988 = VERTEX_POINT ( 'NONE', #4255 ) ;
#3989 = CARTESIAN_POINT ( 'NONE',  ( 69.63706891762630800, -4.707236568528478500, 293.0738644547340600 ) ) ;
#3990 = CARTESIAN_POINT ( 'NONE',  ( 90.47709116098062100, 9.048587594896544000, 285.3754918832596000 ) ) ;
#3991 = CARTESIAN_POINT ( 'NONE',  ( 91.97746071267741300, 5.806434258318636100, 283.6183145583262900 ) ) ;
#3992 = CARTESIAN_POINT ( 'NONE',  ( 58.47698056561407800, -12.49568649526843500, 285.8980431246214400 ) ) ;
#3993 = LINE ( 'NONE', #2865, #2725 ) ;
#3994 = CARTESIAN_POINT ( 'NONE',  ( 91.97708966171671800, -11.96029267838510500, 285.3827790749554700 ) ) ;
#3995 = CARTESIAN_POINT ( 'NONE',  ( 58.47669187768539000, -11.33479992666337600, 287.2708454091105100 ) ) ;
#3996 = CARTESIAN_POINT ( 'NONE',  ( 58.47672828178510000, -12.18848360909063700, 287.0977324165899600 ) ) ;
#3997 = ORIENTED_EDGE ( 'NONE', *, *, #4759, .F. ) ;
#3998 = CARTESIAN_POINT ( 'NONE',  ( 90.47702387482574700, -12.38282204614261800, 285.6954588024708500 ) ) ;
#3999 = ORIENTED_EDGE ( 'NONE', *, *, #234, .F. ) ;
#4000 = ADVANCED_FACE ( 'NONE', ( #4871 ), #499, .T. ) ;
#4001 = CARTESIAN_POINT ( 'NONE',  ( 58.47646085358373100, -4.719014613290527300, 288.3694379823586500 ) ) ;
#4002 = VERTEX_POINT ( 'NONE', #4658 ) ;
#4003 = CARTESIAN_POINT ( 'NONE',  ( 91.97745376868775200, -13.73890798451520600, 283.6513354224710500 ) ) ;
#4004 = LINE ( 'NONE', #1682, #2607 ) ;
#4005 = CARTESIAN_POINT ( 'NONE',  ( 58.47709398862141200, -11.91581402002114800, 285.3586808994511400 ) ) ;
#4006 = AXIS2_PLACEMENT_3D ( 'NONE', #4156, #1690, #2529 ) ;
#4007 = CARTESIAN_POINT ( 'NONE',  ( 90.47745123134403400, 5.782814252266602400, 283.6632435750788700 ) ) ;
#4008 = APPROVAL_DATE_TIME ( #222, #4211 ) ;
#4009 = ORIENTED_EDGE ( 'NONE', *, *, #2064, .F. ) ;
#4010 = CARTESIAN_POINT ( 'NONE',  ( 91.97589269720188600, 11.15487469848260500, 291.0747234108877700 ) ) ;
#4011 = DIRECTION ( 'NONE',  ( 0.0002102900136559410600, 0.003010154484246530600, -0.9999954473636822900 ) ) ;
#4012 = CARTESIAN_POINT ( 'NONE',  ( 56.97688317975900700, -12.58041049552699100, 286.3609859070850800 ) ) ;
#4013 = VERTEX_POINT ( 'NONE', #4676 ) ;
#4014 = B_SPLINE_CURVE_WITH_KNOTS ( 'NONE', 3,
 ( #1, #794, #758, #775 ),
 .UNSPECIFIED., .F., .F.,
 ( 4, 4 ),
 ( 9.896615062740970800E-008, 0.9999991675251150800 ),
 .UNSPECIFIED. ) ;
#4015 = EDGE_CURVE ( 'NONE', #642, #780, #71, .T. ) ;
#4016 = CARTESIAN_POINT ( 'NONE',  ( 58.47635627116771700, -4.589390389993992500, 288.8667604034000100 ) ) ;
#4017 = LINE ( 'NONE', #3353, #1571 ) ;
#4018 = CARTESIAN_POINT ( 'NONE',  ( 91.97683018543850200, 7.942338887403378700, 286.6166707348589900 ) ) ;
#4019 = CARTESIAN_POINT ( 'NONE',  ( 91.97746684875639300, 5.823628468240839200, 283.5891355646545000 ) ) ;
#4020 = CARTESIAN_POINT ( 'NONE',  ( 72.20400135431782500, 4.702394263653666000, 293.1027288288448200 ) ) ;
#4021 = CARTESIAN_POINT ( 'NONE',  ( 57.47735812055032800, 5.676470790398995300, 284.1025450062312500 ) ) ;
#4022 = ORIENTED_EDGE ( 'NONE', *, *, #4241, .F. ) ;
#4023 = CARTESIAN_POINT ( 'NONE',  ( 57.47603566574792900, 1.909781422477205400, 290.3912350413312400 ) ) ;
#4024 = CARTESIAN_POINT ( 'NONE',  ( 58.47756550518204200, 10.23433351099073900, 283.1164707215139100 ) ) ;
#4025 = CARTESIAN_POINT ( 'NONE',  ( 58.47671109753005700, -12.06013006013288800, 287.1794489770994100 ) ) ;
#4026 = VERTEX_POINT ( 'NONE', #4219 ) ;
#4027 = CARTESIAN_POINT ( 'NONE',  ( 56.97603979141058500, -4.590189132714986200, 290.3715638921336800 ) ) ;
#4028 = EDGE_CURVE ( 'NONE', #5320, #118, #3770, .T. ) ;
#4029 = VERTEX_POINT ( 'NONE', #421 ) ;
#4030 = CARTESIAN_POINT ( 'NONE',  ( 90.47736625299721400, -8.323465782246577400, 284.0673424463000200 ) ) ;
#4031 = CARTESIAN_POINT ( 'NONE',  ( 56.97689653147104100, -12.58021937510678400, 286.2974942991406800 ) ) ;
#4032 = CARTESIAN_POINT ( 'NONE',  ( 90.47670062059661700, -11.20015513289250500, 287.2326347635720900 ) ) ;
#4033 = ORIENTED_EDGE ( 'NONE', *, *, #3702, .T. ) ;
#4034 = CARTESIAN_POINT ( 'NONE',  ( 65.35700469662221200, -0.1074698904479557100, 294.5868172961871200 ) ) ;
#4035 = CARTESIAN_POINT ( 'NONE',  ( 66.44453373354601000, 5.410752267223732500, 294.6036567705202200 ) ) ;
#4036 = CARTESIAN_POINT ( 'NONE',  ( 90.47603631074501600, -0.2578787776974338400, 290.3916379339064500 ) ) ;
#4037 = CARTESIAN_POINT ( 'NONE',  ( 56.97697699321314200, -12.50300460310208600, 285.9148733011714400 ) ) ;
#4038 = CARTESIAN_POINT ( 'NONE',  ( 90.47740066089959000, 11.15210601405076900, 283.9037220119823200 ) ) ;
#4039 = AXIS2_PLACEMENT_3D ( 'NONE', #1628, #2388, #3258 ) ;
#4040 = FACE_OUTER_BOUND ( 'NONE', #798, .T. ) ;
#4041 = EDGE_LOOP ( 'NONE', ( #3222, #2334, #1676, #3456 ) ) ;
#4042 = CARTESIAN_POINT ( 'NONE',  ( 58.47680139182648400, -10.68657189802152800, 286.7500710775166200 ) ) ;
#4043 = CARTESIAN_POINT ( 'NONE',  ( 58.47741955602792500, -8.346116920524149700, 283.8105050490802900 ) ) ;
#4044 = B_SPLINE_CURVE_WITH_KNOTS ( 'NONE', 3,
 ( #1097, #2767, #4401, #4027 ),
 .UNSPECIFIED., .F., .F.,
 ( 4, 4 ),
 ( 0.0000000000000000000, 1.000000000000000000 ),
 .UNSPECIFIED. ) ;
#4045 = EDGE_CURVE ( 'NONE', #5050, #3662, #5182, .T. ) ;
#4046 = CARTESIAN_POINT ( 'NONE',  ( 59.22516238495968100, -13.85504799458652100, 294.5441453028358900 ) ) ;
#4047 = CARTESIAN_POINT ( 'NONE',  ( 91.97680222287270600, 7.994597635610349900, 286.7496415674216900 ) ) ;
#4048 = CARTESIAN_POINT ( 'NONE',  ( 69.63706891783890300, 5.192258368295702200, 293.1036635994746000 ) ) ;
#4049 = CARTESIAN_POINT ( 'NONE',  ( 76.34402866994511800, 5.410752267011212700, 294.6057385449224700 ) ) ;
#4050 = CARTESIAN_POINT ( 'NONE',  ( 56.97702359711784900, -10.77395535316180600, 285.6932570141251500 ) ) ;
#4051 = LINE ( 'NONE', #4276, #4890 ) ;
#4052 = EDGE_CURVE ( 'NONE', #1754, #2854, #1476, .T. ) ;
#4053 = CARTESIAN_POINT ( 'NONE',  ( 91.97674416263554100, 8.161880307247628300, 287.0257363337752300 ) ) ;
#4054 = CARTESIAN_POINT ( 'NONE',  ( 90.97656001853764000, 2.915044662301010400, 287.9012945289844100 ) ) ;
#4055 = DIRECTION ( 'NONE',  ( -0.0002102909687305672200, 0.0000000000000000000, 0.9999999778888539700 ) ) ;
#4056 = CARTESIAN_POINT ( 'NONE',  ( 91.70647281166185400, 11.14911370436506400, 293.4838090885195400 ) ) ;
#4057 = CARTESIAN_POINT ( 'NONE',  ( 90.47648366983082700, -4.785633379751363500, 288.2643041800485500 ) ) ;
#4058 = VERTEX_POINT ( 'NONE', #2446 ) ;
#4059 = CARTESIAN_POINT ( 'NONE',  ( 58.47676795377371700, -10.78331136142239500, 286.9090795800116800 ) ) ;
#4060 = EDGE_CURVE ( 'NONE', #1613, #3531, #2133, .T. ) ;
#4061 = CARTESIAN_POINT ( 'NONE',  ( 58.47746236167181200, 5.798803102855115900, 283.6069506913025900 ) ) ;
#4062 = CARTESIAN_POINT ( 'NONE',  ( 56.97757660664086600, -9.194556875413159200, 283.0635220611063700 ) ) ;
#4063 = DATE_AND_TIME ( #164, #3075 ) ;
#4064 = CARTESIAN_POINT ( 'NONE',  ( 91.97690910929364300, -12.58002825469235800, 286.2413628751196500 ) ) ;
#4065 = CARTESIAN_POINT ( 'NONE',  ( 61.97547835749696100, -13.85053276232917900, 293.0447304320753700 ) ) ;
#4066 = LINE ( 'NONE', #531, #1699 ) ;
#4067 = CARTESIAN_POINT ( 'NONE',  ( 56.97696647003297700, -10.63808489421310600, 285.9649143465721300 ) ) ;
#4068 = CARTESIAN_POINT ( 'NONE',  ( 91.97670663227563600, -11.13636088638107300, 287.2042050492209500 ) ) ;
#4069 = CARTESIAN_POINT ( 'NONE',  ( 59.22546199451204500, 11.14976516255871500, 293.1194072299791700 ) ) ;
#4070 = B_SPLINE_CURVE_WITH_KNOTS ( 'NONE', 3,
 ( #1776, #1812, #4691, #3071, #1828, #3094, #593, #2238, #5112, #2671, #612, #3948, #3977, #2704, #1078, #4782, #657, #3561, #2314, #4796, #5186, #2750 ),
 .UNSPECIFIED., .F., .F.,
 ( 4, 2, 2, 2, 2, 2, 2, 2, 2, 2, 4 ),
 ( 0.0000000000000000000, 0.1250000000000000000, 0.1875000000000000000, 0.2187500000000000000, 0.2500000000000000000, 0.5000000000000000000, 0.6250000000000000000, 0.6875000000000000000, 0.7187500000000000000, 0.7500000000000000000, 1.000000000000000000 ),
 .UNSPECIFIED. ) ;
#4071 = CARTESIAN_POINT ( 'NONE',  ( 56.97735813160534900, 5.676470790399151600, 284.1024398607469300 ) ) ;
#4072 = CARTESIAN_POINT ( 'NONE',  ( 58.47738379381277700, -13.82324974394236200, 283.9805656780704900 ) ) ;
#4073 = CARTESIAN_POINT ( 'NONE',  ( 58.47709711312023700, -11.87089560420828400, 285.3438229206276400 ) ) ;
#4074 = CARTESIAN_POINT ( 'NONE',  ( 58.47580765399854400, -13.84628960406215500, 291.4756083269716100 ) ) ;
#4075 = DIRECTION ( 'NONE',  ( -6.330083073874087000E-007, 0.9999954694747809100, 0.003010154400002758900 ) ) ;
#4076 = CARTESIAN_POINT ( 'NONE',  ( 56.97737047526746300, -13.82344086435737300, 284.0437418495469000 ) ) ;
#4077 = CARTESIAN_POINT ( 'NONE',  ( 56.97669564084311100, -11.27453549460350700, 287.2527926872722300 ) ) ;
#4078 = CARTESIAN_POINT ( 'NONE',  ( 58.47750557883090000, -8.565658340370992700, 283.4014394501784300 ) ) ;
#4079 = B_SPLINE_CURVE_WITH_KNOTS ( 'NONE', 3,
 ( #4666, #4207, #1743, #5030 ),
 .UNSPECIFIED., .F., .F.,
 ( 4, 4 ),
 ( 0.0000000000000000000, 1.000000000000000000 ),
 .UNSPECIFIED. ) ;
#4080 = EDGE_CURVE ( 'NONE', #1025, #4013, #4623, .T. ) ;
#4081 = CARTESIAN_POINT ( 'NONE',  ( 90.47710544775628700, -11.57721375114995300, 285.3075537536710700 ) ) ;
#4082 = DIRECTION ( 'NONE',  ( -6.330083104511876500E-007, 0.9999954694747810200, 0.003010154399993402200 ) ) ;
#4083 = CARTESIAN_POINT ( 'NONE',  ( 61.97535598932939400, 11.14784843801970600, 293.6199820823811100 ) ) ;
#4084 = CARTESIAN_POINT ( 'NONE',  ( 90.47670666544236400, -11.13636088638107300, 287.2038896127679100 ) ) ;
#4085 = CARTESIAN_POINT ( 'NONE',  ( 82.50545903793373300, -8.126980680083489600, 294.5662833850364600 ) ) ;
#4086 = CARTESIAN_POINT ( 'NONE',  ( 69.63675348260582600, -4.711751800254848600, 294.5738576257795700 ) ) ;
#4087 = VERTEX_POINT ( 'NONE', #748 ) ;
#4088 = CARTESIAN_POINT ( 'NONE',  ( 91.97755484803319300, 6.340876145480321700, 283.1706712084354600 ) ) ;
#4089 = CARTESIAN_POINT ( 'NONE',  ( 91.97656711777152300, -8.334904369289997600, 287.8676405827531000 ) ) ;
#4090 = VERTEX_POINT ( 'NONE', #3276 ) ;
#4091 = CARTESIAN_POINT ( 'NONE',  ( 56.97656615088804000, -5.584916828234077500, 287.8685583234689000 ) ) ;
#4092 = CARTESIAN_POINT ( 'NONE',  ( 86.97514537599323600, 11.14484046365653200, 294.6252347426570300 ) ) ;
#4093 = CARTESIAN_POINT ( 'NONE',  ( 58.47755518107642600, -13.29805325776269400, 283.1655651057427600 ) ) ;
#4094 = CARTESIAN_POINT ( 'NONE',  ( 56.97686758729064100, 11.15294511266160000, 286.4351330179292700 ) ) ;
#4095 = CARTESIAN_POINT ( 'NONE',  ( 58.47640505070221200, 1.943878437620628200, 288.6347983093159500 ) ) ;
#4096 = CARTESIAN_POINT ( 'NONE',  ( 58.47747509281069300, 10.99831975145548000, 283.5464101045137700 ) ) ;
#4097 =( BOUNDED_CURVE ( )  B_SPLINE_CURVE ( 3, ( #1631, #383, #833, #432 ),
 .UNSPECIFIED., .F., .F. ) 
 B_SPLINE_CURVE_WITH_KNOTS ( ( 4, 4 ),
 ( 3.141592653589798900, 6.283185307179586200 ),
 .UNSPECIFIED. ) 
 CURVE ( )  GEOMETRIC_REPRESENTATION_ITEM ( )  RATIONAL_B_SPLINE_CURVE ( ( 1.000000000000000000, 0.3333333333333353100, 0.3333333333333353100, 1.000000000000000000 ) ) 
 REPRESENTATION_ITEM ( '' )  );
#4098 = CARTESIAN_POINT ( 'NONE',  ( 58.47700598934462600, -12.43306169727356200, 285.7771452556367000 ) ) ;
#4099 = CARTESIAN_POINT ( 'NONE',  ( 90.18294227850630300, 11.15024892337971000, 292.9791281889700400 ) ) ;
#4100 = CARTESIAN_POINT ( 'NONE',  ( 58.47757126676785300, -9.072201893345560800, 283.0890725621050600 ) ) ;
#4101 = EDGE_CURVE ( 'NONE', #3640, #4029, #381, .T. ) ;
#4102 = ORIENTED_EDGE ( 'NONE', *, *, #4330, .F. ) ;
#4103 = LINE ( 'NONE', #1711, #3929 ) ;
#4104 = CARTESIAN_POINT ( 'NONE',  ( 58.47757788358201500, -9.320451097237029400, 283.0576075335105200 ) ) ;
#4105 = DIRECTION ( 'NONE',  ( 0.0002102900136559410600, 0.003010154484246530600, -0.9999954473636822900 ) ) ;
#4106 = CARTESIAN_POINT ( 'NONE',  ( 76.12133497440939300, -7.676447187048321300, 293.0662902139909000 ) ) ;
#4107 = CARTESIAN_POINT ( 'NONE',  ( 61.97514569757479600, 11.14482820803683300, 294.6199774897842800 ) ) ;
#4108 = ORIENTED_EDGE ( 'NONE', *, *, #4151, .T. ) ;
#4109 = CARTESIAN_POINT ( 'NONE',  ( 90.47656541016547700, -5.584916933734997500, 287.8756030706389900 ) ) ;
#4110 = ORIENTED_EDGE ( 'NONE', *, *, #2957, .F. ) ;
#4111 = CARTESIAN_POINT ( 'NONE',  ( 90.47656715093825100, -8.334904369289789700, 287.8673251463000600 ) ) ;
#4112 = CARTESIAN_POINT ( 'NONE',  ( 90.47735739088139400, 5.676470790398923300, 284.1094846082077100 ) ) ;
#4113 = CARTESIAN_POINT ( 'NONE',  ( 91.53497699589696900, -13.85166609473152000, 293.6732956126501200 ) ) ;
#4114 = DIRECTION ( 'NONE',  ( 0.0002102899202728192200, 0.003157779576443323900, -0.9999949920906083800 ) ) ;
#4115 = B_SPLINE_CURVE_WITH_KNOTS ( 'NONE', 3,
 ( #1418, #3527, #4749, #242 ),
 .UNSPECIFIED., .F., .F.,
 ( 4, 4 ),
 ( 0.0000000000000000000, 1.000000000000000000 ),
 .UNSPECIFIED. ) ;
#4116 = CARTESIAN_POINT ( 'NONE',  ( 91.97692859587871800, 7.943747564011059300, 286.1486980081631400 ) ) ;
#4117 = CARTESIAN_POINT ( 'NONE',  ( 90.47677379991733900, -12.40216244584831900, 286.8846439794474500 ) ) ;
#4118 = CARTESIAN_POINT ( 'NONE',  ( 56.97756437940256500, -13.20351416763720400, 283.1216664414492400 ) ) ;
#4119 = CARTESIAN_POINT ( 'NONE',  ( 90.09467091239361000, 11.14993052619099100, 293.0362609866153900 ) ) ;
#4120 = CARTESIAN_POINT ( 'NONE',  ( 58.47698687659522700, 8.049651217039244200, 285.8680324148850800 ) ) ;
#4121 = LINE ( 'NONE', #5133, #914 ) ;
#4122 = B_SPLINE_CURVE_WITH_KNOTS ( 'NONE', 3,
 ( #1462, #1842, #2252, #3919, #4734, #2295, #2647, #3067, #590, #3889, #992, #2685, #1416, #5125, #3197, #3974, #701, #1092 ),
 .UNSPECIFIED., .F., .F.,
 ( 4, 1, 1, 2, 2, 2, 1, 1, 2, 2, 4 ),
 ( 0.0000000000000000000, 0.1250000000001612300, 0.1875000000001869100, 0.2187500000001997800, 0.2500000000002126100, 0.5000000000002272600, 0.6250000000002345900, 0.6875000000002369200, 0.7187500000002145000, 0.7500000000001920700, 1.000000000000000000 ),
 .UNSPECIFIED. ) ;
#4123 = CARTESIAN_POINT ( 'NONE',  ( 56.97758013227515800, -12.82043524039985100, 283.0467565566469300 ) ) ;
#4124 = CARTESIAN_POINT ( 'NONE',  ( 56.97677893382267900, 9.789715220158658600, 286.8567082598647200 ) ) ;
#4125 = VERTEX_POINT ( 'NONE', #4906 ) ;
#4126 = CARTESIAN_POINT ( 'NONE',  ( 56.97676819980760900, -12.38649245809537200, 286.9077518930085400 ) ) ;
#4127 = ORIENTED_EDGE ( 'NONE', *, *, #68, .F. ) ;
#4128 = CARTESIAN_POINT ( 'NONE',  ( 91.97603490392006600, 1.908276345234806400, 290.3984855491891000 ) ) ;
#4129 = CARTESIAN_POINT ( 'NONE',  ( 90.47744145819257300, 5.761003670240627100, 283.7097179971995000 ) ) ;
#4130 = ORIENTED_EDGE ( 'NONE', *, *, #2376, .T. ) ;
#4131 = CARTESIAN_POINT ( 'NONE',  ( 56.97689526545441700, -10.58022843615724500, 286.3035146079745300 ) ) ;
#4132 = CARTESIAN_POINT ( 'NONE',  ( 90.47679535199279100, -12.46172625981449400, 286.7821570534001100 ) ) ;
#4133 = CARTESIAN_POINT ( 'NONE',  ( 90.47699804235519100, -10.70723066770563900, 285.8183003592351400 ) ) ;
#4134 = CARTESIAN_POINT ( 'NONE',  ( 56.97625080002648400, -4.589656637567667700, 289.3681512753462900 ) ) ;
#4135 = FACE_BOUND ( 'NONE', #4622, .T. ) ;
#4136 = CARTESIAN_POINT ( 'NONE',  ( 56.97753458811539000, 10.71160378944055400, 283.2633334205147000 ) ) ;
#4137 = DIRECTION ( 'NONE',  ( -0.9999999778890221700, 8.886763753789868100E-007, -0.0002102882913191590800 ) ) ;
#4138 = CARTESIAN_POINT ( 'NONE',  ( 79.31323928866132200, -7.903971549429091900, 294.5662833850364600 ) ) ;
#4139 = LOCAL_TIME ( 18, 20, 55.00000000000000000, #4332 ) ;
#4140 = VERTEX_POINT ( 'NONE', #5312 ) ;
#4141 = CARTESIAN_POINT ( 'NONE',  ( 58.47745113336083700, -8.405590422526351800, 283.6603448571693800 ) ) ;
#4142 = FACE_BOUND ( 'NONE', #1461, .T. ) ;
#4143 = CARTESIAN_POINT ( 'NONE',  ( 56.97757791674606400, -9.320451097237040000, 283.0572920970573700 ) ) ;
#4144 = CARTESIAN_POINT ( 'NONE',  ( 67.39833699692206900, -2.455439745397598900, 294.5801787857739700 ) ) ;
#4145 = CARTESIAN_POINT ( 'NONE',  ( 58.47656050978034900, -5.323931588508710200, 287.8955412905249300 ) ) ;
#4146 = CARTESIAN_POINT ( 'NONE',  ( 90.47688154806152700, 9.919678688075015000, 286.3722675210000300 ) ) ;
#4147 = ADVANCED_FACE ( 'NONE', ( #1736 ), #496, .T. ) ;
#4148 = CARTESIAN_POINT ( 'NONE',  ( 56.97755203574046600, 6.296397487112634500, 283.1803644525849100 ) ) ;
#4149 = CARTESIAN_POINT ( 'NONE',  ( 58.47707996750532500, 8.570417447728933900, 285.4253557340757100 ) ) ;
#4150 = CARTESIAN_POINT ( 'NONE',  ( 90.47688154806023400, 9.919678688075418200, 286.3722675210124200 ) ) ;
#4151 = EDGE_CURVE ( 'NONE', #4477, #2759, #3226, .T. ) ;
#4152 = B_SPLINE_CURVE_WITH_KNOTS ( 'NONE', 3,
 ( #19, #4168, #3327, #2522, #2042, #453, #3759, #4924, #2884, #3312, #59, #2908, #2952, #4129, #4588, #2460, #1703, #4112 ),
 .UNSPECIFIED., .F., .F.,
 ( 4, 1, 1, 2, 2, 2, 1, 1, 2, 2, 4 ),
 ( 0.0000000000000000000, 0.1250000000000474100, 0.1875000000000719400, 0.2187500000000689200, 0.2500000000000658900, 0.5000000000001109100, 0.6250000000001334500, 0.6875000000001446600, 0.7187500000001503200, 0.7500000000001559900, 1.000000000000000000 ),
 .UNSPECIFIED. ) ;
#4153 = CARTESIAN_POINT ( 'NONE',  ( 56.97744447483581400, -13.75849807529023900, 283.6918505288696800 ) ) ;
#4154 = DIRECTION ( 'NONE',  ( 0.9999999778888539700, 1.032507388379859000E-014, 0.0002102909687407822200 ) ) ;
#4155 = CARTESIAN_POINT ( 'NONE',  ( 56.97651919631167800, 2.300568511890127300, 288.0918421645154100 ) ) ;
#4156 = CARTESIAN_POINT ( 'NONE',  ( 58.47655899637778300, 5.665032203356005900, 287.9027379972000100 ) ) ;
#4157 = EDGE_LOOP ( 'NONE', ( #2806, #51, #50, #3228 ) ) ;
#4158 = B_SPLINE_CURVE_WITH_KNOTS ( 'NONE', 3,
 ( #3760, #4526, #3707, #1607 ),
 .UNSPECIFIED., .F., .F.,
 ( 4, 4 ),
 ( 0.0000000000000000000, 0.9999928865585507900 ),
 .UNSPECIFIED. ) ;
#4159 = CARTESIAN_POINT ( 'NONE',  ( 91.97655999642812200, 2.915044662300969600, 287.9015048199696000 ) ) ;
#4160 = ORIENTED_EDGE ( 'NONE', *, *, #1456, .T. ) ;
#4161 = CARTESIAN_POINT ( 'NONE',  ( 56.97685551034008000, 9.919295373383707900, 286.4925627324887500 ) ) ;
#4162 = CARTESIAN_POINT ( 'NONE',  ( 91.97668487474818700, -11.64672566944655700, 287.3076689644361700 ) ) ;
#4163 = CARTESIAN_POINT ( 'NONE',  ( 91.97705092704357800, 9.531773630701858100, 285.5669746802954000 ) ) ;
#4164 = EDGE_CURVE ( 'NONE', #433, #1525, #2555, .T. ) ;
#4165 = CARTESIAN_POINT ( 'NONE',  ( 56.97696647003297700, -10.63808489421310600, 285.9649143465721300 ) ) ;
#4166 = ORIENTED_EDGE ( 'NONE', *, *, #2338, .F. ) ;
#4167 = CARTESIAN_POINT ( 'NONE',  ( 91.97655472390545100, 2.653960670846160100, 287.9265773306114500 ) ) ;
#4168 = CARTESIAN_POINT ( 'NONE',  ( 90.47756708808144300, 6.615984805025932200, 283.1123081947880600 ) ) ;
#4169 = VECTOR ( 'NONE', #4358, 1000.000000000000100 ) ;
#4170 = EDGE_CURVE ( 'NONE', #4730, #1362, #2984, .T. ) ;
#4171 = CARTESIAN_POINT ( 'NONE',  ( 91.97739647982192000, -13.82305754966806400, 283.9237620745154800 ) ) ;
#4172 = CARTESIAN_POINT ( 'NONE',  ( 58.47689649830358900, -12.58021937510677200, 286.2978097355938300 ) ) ;
#4173 = CARTESIAN_POINT ( 'NONE',  ( 90.47703314300758800, -10.82242099424684600, 285.6513856703504100 ) ) ;
#4174 = CARTESIAN_POINT ( 'NONE',  ( 58.47742264666631200, -13.79197583506974900, 283.7958080876036900 ) ) ;
#4175 = CARTESIAN_POINT ( 'NONE',  ( 58.47580220151215300, 11.15378736229704300, 291.5015366206984600 ) ) ;
#4176 = ADVANCED_FACE ( 'NONE', ( #522 ), #2701, .T. ) ;
#4177 = CARTESIAN_POINT ( 'NONE',  ( 81.55165577424695300, -0.2607886677233905400, 294.5897613697817400 ) ) ;
#4178 = ORIENTED_EDGE ( 'NONE', *, *, #1213, .F. ) ;
#4179 = CARTESIAN_POINT ( 'NONE',  ( 56.97709206111032600, 8.796763926576039300, 285.3676891042445600 ) ) ;
#4180 = FACE_BOUND ( 'NONE', #500, .T. ) ;
#4181 = VECTOR ( 'NONE', #3329, 1000.000000000000200 ) ;
#4182 = ORIENTED_EDGE ( 'NONE', *, *, #5068, .T. ) ;
#4183 = CARTESIAN_POINT ( 'NONE',  ( 58.47753637270382400, -8.711370839625422100, 283.2550048581301200 ) ) ;
#4184 = CARTESIAN_POINT ( 'NONE',  ( 58.47699964850544800, -10.69957364826645100, 285.8072979485547200 ) ) ;
#4185 = CARTESIAN_POINT ( 'NONE',  ( 91.97684316210872200, -12.55756823683150200, 286.5549625692515300 ) ) ;
#4186 = CARTESIAN_POINT ( 'NONE',  ( 91.97688151489479900, 9.919678688075015000, 286.3725829574531200 ) ) ;
#4187 = CARTESIAN_POINT ( 'NONE',  ( 91.97656007977438700, 2.783378296535498300, 287.9011084821548800 ) ) ;
#4188 = CARTESIAN_POINT ( 'NONE',  ( 90.47709179087402700, -11.22532242267668500, 285.3724965413188700 ) ) ;
#4189 = CARTESIAN_POINT ( 'NONE',  ( 91.97744797494699800, 5.775302801721137400, 283.6788864897168300 ) ) ;
#4190 = CARTESIAN_POINT ( 'NONE',  ( 90.47671340192937400, 8.307592806509863000, 287.1718554893679400 ) ) ;
#4191 = B_SPLINE_CURVE_WITH_KNOTS ( 'NONE', 3,
 ( #3404, #2477, #1270, #1696, #870, #2534, #3380, #4184, #13, #2899, #427, #890, #1312, #4292, #3458, #2591, #3439, #539 ),
 .UNSPECIFIED., .F., .F.,
 ( 4, 1, 1, 2, 2, 2, 1, 1, 2, 2, 4 ),
 ( 0.0000000000000000000, 0.1250000000001453300, 0.1875000000002179900, 0.2187500000002538500, 0.2500000000002897100, 0.5000000000000993600, 0.6249999999999695800, 0.6874999999999329400, 0.7187499999999397100, 0.7499999999999463800, 1.000000000000000000 ),
 .UNSPECIFIED. ) ;
#4192 = CARTESIAN_POINT ( 'NONE',  ( 91.97709251852673200, 8.795353411341803700, 285.3691940409726700 ) ) ;
#4193 = ORIENTED_EDGE ( 'NONE', *, *, #4998, .T. ) ;
#4194 = DIRECTION ( 'NONE',  ( -0.9999999778888539700, -0.0000000000000000000, -0.0002102909687305672200 ) ) ;
#4195 = FACE_OUTER_BOUND ( 'NONE', #2697, .T. ) ;
#4196 = CARTESIAN_POINT ( 'NONE',  ( 58.47645726404354600, 2.040586744323289900, 288.3865073793872400 ) ) ;
#4197 = EDGE_CURVE ( 'NONE', #2177, #1148, #1199, .T. ) ;
#4198 = CARTESIAN_POINT ( 'NONE',  ( 56.97749452703436600, -8.522901254470001600, 283.4538365152322400 ) ) ;
#4199 = ADVANCED_FACE ( 'NONE', ( #252 ), #2504, .T. ) ;
#4200 = B_SPLINE_CURVE_WITH_KNOTS ( 'NONE', 3,
 ( #2497, #2097, #4973, #3775, #56, #2881, #1295, #4165, #4585, #3308, #2118, #4992, #3818, #5084, #3461, #3041, #3058, #2578, #2158, #1370, #3832, #3862 ),
 .UNSPECIFIED., .F., .F.,
 ( 4, 2, 2, 2, 2, 2, 2, 2, 2, 2, 4 ),
 ( 0.0000000000000000000, 0.1250000000000000000, 0.1875000000000000000, 0.2187500000000000000, 0.2500000000000000000, 0.5000000000000000000, 0.6250000000000000000, 0.6875000000000000000, 0.7187500000000000000, 0.7500000000000000000, 1.000000000000000000 ),
 .UNSPECIFIED. ) ;
#4201 = ORIENTED_EDGE ( 'NONE', *, *, #211, .T. ) ;
#4202 = CARTESIAN_POINT ( 'NONE',  ( 79.31323928866132200, -7.903971549429091900, 294.5662833850364600 ) ) ;
#4203 = CARTESIAN_POINT ( 'NONE',  ( 58.47756299211653200, 6.429368322625294700, 283.1284211419820200 ) ) ;
#4204 = CARTESIAN_POINT ( 'NONE',  ( 56.97688228878399700, 9.919678688074800000, 286.3652227735745400 ) ) ;
#4205 = CARTESIAN_POINT ( 'NONE',  ( 90.47688154806023400, 9.919678688075418200, 286.3722675210124200 ) ) ;
#4206 = CARTESIAN_POINT ( 'NONE',  ( 90.47735390540890400, 11.16431616000719300, 284.1260591396060700 ) ) ;
#4207 = CARTESIAN_POINT ( 'NONE',  ( 91.47563482389298900, -13.84746364092661800, 292.3009398727071500 ) ) ;
#4208 = VERTEX_POINT ( 'NONE', #2046 ) ;
#4209 = CARTESIAN_POINT ( 'NONE',  ( 58.47705047213651100, 9.527942922030698400, 285.5656155289816500 ) ) ;
#4210 = CARTESIAN_POINT ( 'NONE',  ( 90.47669761643430800, 8.420868447262158400, 287.2469205042161800 ) ) ;
#4211 = APPROVAL ( #4920, '未指定' ) ;
#4212 = CARTESIAN_POINT ( 'NONE',  ( 91.97710541458931700, -11.57721375114999800, 285.3078691901531000 ) ) ;
#4213 = FACE_OUTER_BOUND ( 'NONE', #1552, .T. ) ;
#4214 = EDGE_CURVE ( 'NONE', #1025, #1100, #1024, .T. ) ;
#4215 = CARTESIAN_POINT ( 'NONE',  ( 91.97698846495761400, -10.68388347405839600, 285.8640016280573400 ) ) ;
#4216 = EDGE_LOOP ( 'NONE', ( #3979, #165, #4022, #3848 ) ) ;
#4217 = CARTESIAN_POINT ( 'NONE',  ( 58.47656082115889100, 2.782332562871209000, 287.8940605868031100 ) ) ;
#4218 = ORIENTED_EDGE ( 'NONE', *, *, #346, .T. ) ;
#4219 = CARTESIAN_POINT ( 'NONE',  ( 58.47656611696471200, -5.584916828234066900, 287.8688737599218800 ) ) ;
#4220 = CARTESIAN_POINT ( 'NONE',  ( 56.97753750241014400, 6.157935427703948000, 283.2494750287176500 ) ) ;
#4221 = CARTESIAN_POINT ( 'NONE',  ( 56.97742298655146700, 5.726035592883113700, 283.7940341071760000 ) ) ;
#4222 = DIRECTION ( 'NONE',  ( -0.0002102900160117933700, -0.003010154484985754400, 0.9999954473636795100 ) ) ;
#4223 = CARTESIAN_POINT ( 'NONE',  ( 90.47681161794250200, -12.49809473483235900, 286.7048073247264600 ) ) ;
#4224 = CARTESIAN_POINT ( 'NONE',  ( 91.97603490392006600, 1.908276345234806400, 290.3984855491891000 ) ) ;
#4225 = DIRECTION ( 'NONE',  ( 0.0002102900136559410600, 0.003010154484246530600, -0.9999954473636822900 ) ) ;
#4226 = CARTESIAN_POINT ( 'NONE',  ( 58.47671067250026800, -11.08670195328130100, 287.1814701279252500 ) ) ;
#4227 = PLANE ( 'NONE',  #873 ) ;
#4228 = VERTEX_POINT ( 'NONE', #4131 ) ;
#4229 = CARTESIAN_POINT ( 'NONE',  ( 91.97740992355925000, 5.700627239349100400, 283.8598328571390000 ) ) ;
#4230 = CARTESIAN_POINT ( 'NONE',  ( 81.39865243194255100, -2.450924513621779000, 293.0831296883230800 ) ) ;
#4231 = CARTESIAN_POINT ( 'NONE',  ( 74.55165577424696700, 6.739211332227169400, 294.6093605103035300 ) ) ;
#4232 = CARTESIAN_POINT ( 'NONE',  ( 91.97706390371378400, -10.96813349352117800, 285.5052665147475800 ) ) ;
#4233 = CARTESIAN_POINT ( 'NONE',  ( 56.97756286220499800, -13.22070352737549100, 283.1288811950804000 ) ) ;
#4234 = ORIENTED_EDGE ( 'NONE', *, *, #150, .T. ) ;
#4235 = EDGE_CURVE ( 'NONE', #739, #4365, #3822, .T. ) ;
#4236 = CARTESIAN_POINT ( 'NONE',  ( 56.97691033324453300, 7.920071063817280400, 286.2318625058120500 ) ) ;
#4237 = ORIENTED_EDGE ( 'NONE', *, *, #2433, .F. ) ;
#4238 = CARTESIAN_POINT ( 'NONE',  ( 56.97699304584092800, 8.066845426960826500, 285.8385379847611600 ) ) ;
#4239 = CARTESIAN_POINT ( 'NONE',  ( 58.47741268951614300, 11.13999745060547200, 283.8431574806285200 ) ) ;
#4240 = CARTESIAN_POINT ( 'NONE',  ( 91.97743866114676300, 11.09336376458559800, 283.7231765517333300 ) ) ;
#4241 = EDGE_CURVE ( 'NONE', #2423, #4264, #736, .T. ) ;
#4242 = CARTESIAN_POINT ( 'NONE',  ( 58.47688352163390100, 7.919687749126012500, 286.3595179012000400 ) ) ;
#4243 = ORIENTED_EDGE ( 'NONE', *, *, #886, .T. ) ;
#4244 = PLANE ( 'NONE',  #2769 ) ;
#4245 = CARTESIAN_POINT ( 'NONE',  ( 90.47702016633739700, 9.677486129948958300, 285.7130938358727700 ) ) ;
#4246 = CARTESIAN_POINT ( 'NONE',  ( 91.97744142502584500, 5.761003670240627100, 283.7100334336525400 ) ) ;
#4247 = CARTESIAN_POINT ( 'NONE',  ( 56.97741958919464600, -8.346116920524163900, 283.8101896126271400 ) ) ;
#4248 = VERTEX_POINT ( 'NONE', #4545 ) ;
#4249 = CARTESIAN_POINT ( 'NONE',  ( 56.97675695630901100, -10.82638501659432400, 286.9612182801132600 ) ) ;
#4250 = EDGE_LOOP ( 'NONE', ( #2949, #5289, #3391, #4895 ) ) ;
#4251 = CARTESIAN_POINT ( 'NONE',  ( 91.97640922599328000, -4.612764031998877600, 288.6184658592881600 ) ) ;
#4252 = CARTESIAN_POINT ( 'NONE',  ( 91.97702202487761300, -10.77966390834266300, 285.7044136083133600 ) ) ;
#4253 = VECTOR ( 'NONE', #1140, 999.9999999999998900 ) ;
#4254 = CARTESIAN_POINT ( 'NONE',  ( 74.78860297556727200, 3.130944815829098000, 294.5985488490774200 ) ) ;
#4255 = CARTESIAN_POINT ( 'NONE',  ( 90.47603493708669500, 1.908276345234797900, 290.3981701127360700 ) ) ;
#4256 = CARTESIAN_POINT ( 'NONE',  ( 91.97753443635154700, -8.715201548263451100, 283.2677352017568100 ) ) ;
#4257 = CARTESIAN_POINT ( 'NONE',  ( 81.39833699692206900, -2.455439745348149100, 294.5831228593685900 ) ) ;
#4258 = FACE_OUTER_BOUND ( 'NONE', #3489, .T. ) ;
#4259 = CARTESIAN_POINT ( 'NONE',  ( 56.97685707297532800, 7.925159681742205600, 286.4851319084614800 ) ) ;
#4260 = ORIENTED_EDGE ( 'NONE', *, *, #1992, .T. ) ;
#4261 = CARTESIAN_POINT ( 'NONE',  ( 58.47668553508910300, -11.51974245077764400, 287.3010064578123200 ) ) ;
#4262 = CARTESIAN_POINT ( 'NONE',  ( 91.97613981205769600, 1.909704640582679900, 289.8996142189055300 ) ) ;
#4263 = CARTESIAN_POINT ( 'NONE',  ( 58.47709317864161000, 8.922693373086016100, 285.3625326082000100 ) ) ;
#4264 = VERTEX_POINT ( 'NONE', #1215 ) ;
#4265 = CARTESIAN_POINT ( 'NONE',  ( 56.97749452703436600, -8.522901254470001600, 283.4538365152322400 ) ) ;
#4266 = CARTESIAN_POINT ( 'NONE',  ( 56.97680142499319800, -10.68657189802154200, 286.7497556410634700 ) ) ;
#4267 = CARTESIAN_POINT ( 'NONE',  ( 91.97656537699876400, -5.584916933734997500, 287.8759185070920200 ) ) ;
#4268 = CARTESIAN_POINT ( 'NONE',  ( 91.97709499155897100, -11.26880799075694400, 285.3574339915302900 ) ) ;
#4269 = CARTESIAN_POINT ( 'NONE',  ( 58.47756434623585200, -13.20351416763718800, 283.1219818779023900 ) ) ;
#4270 = VERTEX_POINT ( 'NONE', #4091 ) ;
#4271 = CARTESIAN_POINT ( 'NONE',  ( 58.47709317863989800, 8.922693373086012500, 285.3625326082124600 ) ) ;
#4272 = CARTESIAN_POINT ( 'NONE',  ( 91.97755477978702700, -8.874210054266980000, 283.1709957404884200 ) ) ;
#4273 = VECTOR ( 'NONE', #4441, 1000.000000000000100 ) ;
#4274 = CARTESIAN_POINT ( 'NONE',  ( 56.97738460602321500, 5.682700754589741400, 283.9765456417019900 ) ) ;
#4275 = CARTESIAN_POINT ( 'NONE',  ( 90.47753446951827500, -8.715201548263451100, 283.2674197653037100 ) ) ;
#4276 = CARTESIAN_POINT ( 'NONE',  ( 91.97656537699876400, -5.584916933734997500, 287.8759185070920200 ) ) ;
#4277 = ORIENTED_EDGE ( 'NONE', *, *, #4867, .T. ) ;
#4278 = CARTESIAN_POINT ( 'NONE',  ( 90.47669368877215800, 9.363546237881418900, 287.2655977783502400 ) ) ;
#4279 = CARTESIAN_POINT ( 'NONE',  ( 61.97547838216409100, -14.10939873094210400, 293.0439512019767100 ) ) ;
#4280 = CARTESIAN_POINT ( 'NONE',  ( 91.97634962928569300, 1.911056154036014500, 288.9018670278101700 ) ) ;
#4281 = CARTESIAN_POINT ( 'NONE',  ( 56.97706226587769200, 9.443357864545220100, 285.5093748463338000 ) ) ;
#4282 = ORIENTED_EDGE ( 'NONE', *, *, #3532, .F. ) ;
#4283 = CARTESIAN_POINT ( 'NONE',  ( 56.97744755176045600, -8.398375668731132400, 283.6772187800798400 ) ) ;
#4284 = CARTESIAN_POINT ( 'NONE',  ( 91.97667185788709800, 8.916673064116018600, 287.3695682504405200 ) ) ;
#4285 = CARTESIAN_POINT ( 'NONE',  ( 90.47755429433213700, -13.31696734722095400, 283.1731465135245000 ) ) ;
#4286 = CARTESIAN_POINT ( 'NONE',  ( 56.97738382697949800, -13.82324974394237800, 283.9802502416172300 ) ) ;
#4287 = CARTESIAN_POINT ( 'NONE',  ( 56.97709321180832400, 8.922693373086012500, 285.3622171717593700 ) ) ;
#4288 = CARTESIAN_POINT ( 'NONE',  ( 91.97637763090141000, 1.911456977579509400, 288.7687105006095900 ) ) ;
#4289 = CARTESIAN_POINT ( 'NONE',  ( 91.97736621983233400, -8.323465782246573900, 284.0676578827530500 ) ) ;
#4290 = CARTESIAN_POINT ( 'NONE',  ( 81.39833699692206900, -2.455439745348148700, 294.5831228593685900 ) ) ;
#4291 = CARTESIAN_POINT ( 'NONE',  ( 91.97735387224175000, 11.16431616000720500, 284.1263745760591600 ) ) ;
#4292 = CARTESIAN_POINT ( 'NONE',  ( 58.47708837881081900, -11.17744713133672500, 285.3853573206486100 ) ) ;
#4293 = DIRECTION ( 'NONE',  ( 6.330083013934003800E-007, -0.9999954694747190700, -0.003010154420550499100 ) ) ;
#4294 = CARTESIAN_POINT ( 'NONE',  ( 91.97745408938227700, 11.05765392196346800, 283.6498104186512700 ) ) ;
#4295 = ORIENTED_EDGE ( 'NONE', *, *, #305, .F. ) ;
#4296 = CARTESIAN_POINT ( 'NONE',  ( 90.47681669311541000, 9.870113885591170100, 286.6806732745714000 ) ) ;
#4297 = ORIENTED_EDGE ( 'NONE', *, *, #3431, .T. ) ;
#4298 = CARTESIAN_POINT ( 'NONE',  ( 90.83279055108931700, -13.85391912728194300, 294.2818806968875300 ) ) ;
#4299 = CARTESIAN_POINT ( 'NONE',  ( 56.97757660664086600, -9.194556875413159200, 283.0635220611063700 ) ) ;
#4300 = EDGE_CURVE ( 'NONE', #4404, #3662, #2837, .T. ) ;
#4301 = CARTESIAN_POINT ( 'NONE',  ( 90.47745019628682400, -13.74622609235210300, 283.6681655990268500 ) ) ;
#4302 = EDGE_CURVE ( 'NONE', #700, #1664, #4158, .T. ) ;
#4303 = ORIENTED_EDGE ( 'NONE', *, *, #4028, .F. ) ;
#4304 = ORIENTED_EDGE ( 'NONE', *, *, #3926, .F. ) ;
#4305 = CARTESIAN_POINT ( 'NONE',  ( 91.97667691744887000, 8.698808418819620400, 287.3455084360890600 ) ) ;
#4306 = DIRECTION ( 'NONE',  ( 0.0000000000000000000, -0.003010154417689350200, 0.9999954694749280100 ) ) ;
#4307 = VERTEX_POINT ( 'NONE', #859 ) ;
#4308 = CARTESIAN_POINT ( 'NONE',  ( 58.47705439080625900, -10.91951006447953400, 285.5469810176555300 ) ) ;
#4309 = CARTESIAN_POINT ( 'NONE',  ( 74.16138979560177800, -5.847173228999538200, 294.5713913064781200 ) ) ;
#4310 = FACE_OUTER_BOUND ( 'NONE', #4703, .T. ) ;
#4311 = CARTESIAN_POINT ( 'NONE',  ( 90.47667665438365200, 9.166781155848832800, 287.3466016762181400 ) ) ;
#4312 = CARTESIAN_POINT ( 'NONE',  ( 56.97656615088804000, -5.584916828234077500, 287.8685583234689000 ) ) ;
#4313 = ORIENTED_EDGE ( 'NONE', *, *, #3175, .F. ) ;
#4314 = CC_DESIGN_PERSON_AND_ORGANIZATION_ASSIGNMENT ( #3253, #4855, ( #3516 ) ) ;
#4315 = CARTESIAN_POINT ( 'NONE',  ( 66.22152460267904000, -7.680962418872853800, 294.5642016106331200 ) ) ;
#4316 = EDGE_CURVE ( 'NONE', #3538, #4125, #2943, .T. ) ;
#4317 = CARTESIAN_POINT ( 'NONE',  ( 56.97698670500175700, 9.800333475974875700, 285.8686906776861700 ) ) ;
#4318 = DIRECTION ( 'NONE',  ( 0.0002102900136559410600, 0.003010154484246530600, -0.9999954473636822900 ) ) ;
#4319 = CARTESIAN_POINT ( 'NONE',  ( 90.47757939155241000, -12.82043524039999800, 283.0538013040999800 ) ) ;
#4320 = CARTESIAN_POINT ( 'NONE',  ( 58.47589343805458400, 11.15452878056003000, 291.0676780438790800 ) ) ;
#4321 = VERTEX_POINT ( 'NONE', #1280 ) ;
#4322 = CARTESIAN_POINT ( 'NONE',  ( 90.47694766902424100, 7.969252551610153100, 286.0578414586201500 ) ) ;
#4323 = CARTESIAN_POINT ( 'NONE',  ( 90.47689452472992900, -10.58022843615732200, 286.3105593554861300 ) ) ;
#4324 = EDGE_CURVE ( 'NONE', #264, #808, #3400, .T. ) ;
#4325 = CARTESIAN_POINT ( 'NONE',  ( 90.47757717602336000, -9.320451097236997400, 283.0643368445000200 ) ) ;
#4326 = VERTEX_POINT ( 'NONE', #1684 ) ;
#4327 = CARTESIAN_POINT ( 'NONE',  ( 58.47674394647186300, 9.673522107637094100, 287.0232418821636300 ) ) ;
#4328 = DIRECTION ( 'NONE',  ( 0.9999999778888539700, 1.032507388379859000E-014, 0.0002102909687407822200 ) ) ;
#4329 = FACE_OUTER_BOUND ( 'NONE', #508, .T. ) ;
#4330 = EDGE_CURVE ( 'NONE', #3988, #433, #2091, .T. ) ;
#4331 = CARTESIAN_POINT ( 'NONE',  ( 91.97757820768767100, -12.94636468689900800, 283.0595886730388900 ) ) ;
#4332 = COORDINATED_UNIVERSAL_TIME_OFFSET ( 8, 0, .AHEAD. ) ;
#4333 = ORIENTED_EDGE ( 'NONE', *, *, #678, .F. ) ;
#4334 =( BOUNDED_CURVE ( )  B_SPLINE_CURVE ( 3, ( #1887, #3508, #3090, #226 ),
 .UNSPECIFIED., .F., .T. ) 
 B_SPLINE_CURVE_WITH_KNOTS ( ( 4, 4 ),
 ( 3.141592653589798900, 6.283185307179586200 ),
 .UNSPECIFIED. ) 
 CURVE ( )  GEOMETRIC_REPRESENTATION_ITEM ( )  RATIONAL_B_SPLINE_CURVE ( ( 1.000000000000000000, 0.3333333333333353100, 0.3333333333333353100, 1.000000000000000000 ) ) 
 REPRESENTATION_ITEM ( '' )  );
#4335 = CARTESIAN_POINT ( 'NONE',  ( 58.47561972842729000, 11.15230452577106100, 292.3692537743368100 ) ) ;
#4336 = CARTESIAN_POINT ( 'NONE',  ( 90.47704154017816300, 8.263519673383486400, 285.6114544719861200 ) ) ;
#4337 = VECTOR ( 'NONE', #2996, 1000.000000000000100 ) ;
#4338 = EDGE_LOOP ( 'NONE', ( #4726, #2626, #2573, #2567 ) ) ;
#4339 = EDGE_CURVE ( 'NONE', #3531, #2034, #647, .T. ) ;
#4340 = CARTESIAN_POINT ( 'NONE',  ( 69.59330350956732000, -2.604243290996113700, 293.0801856147283500 ) ) ;
#4341 = CARTESIAN_POINT ( 'NONE',  ( 90.47668916112397100, 9.316941351102455500, 287.2871281755282100 ) ) ;
#4342 = CARTESIAN_POINT ( 'NONE',  ( 91.97688151489479900, 9.919678688075015000, 286.3725829574531200 ) ) ;
#4343 = EDGE_CURVE ( 'NONE', #328, #879, #2513, .T. ) ;
#4344 = CARTESIAN_POINT ( 'NONE',  ( 58.47667259860957500, 8.916673064116015000, 287.3625235029999800 ) ) ;
#4345 = CARTESIAN_POINT ( 'NONE',  ( 58.47656611772132600, -5.584916828233997600, 287.8688737599000000 ) ) ;
#4346 = CARTESIAN_POINT ( 'NONE',  ( 58.47756775544634400, 6.679476414359006000, 283.1057700042000000 ) ) ;
#4347 = ORIENTED_EDGE ( 'NONE', *, *, #4492, .T. ) ;
#4348 = CARTESIAN_POINT ( 'NONE',  ( 56.97641051650968100, -4.613529375685891100, 288.6086489504592100 ) ) ;
#4349 = ADVANCED_FACE ( 'NONE', ( #3680 ), #913, .T. ) ;
#4350 = CARTESIAN_POINT ( 'NONE',  ( 58.47656030114195100, 2.915044662301280000, 287.8944600723904200 ) ) ;
#4351 = CARTESIAN_POINT ( 'NONE',  ( 91.97692859587871800, 7.943747564011059300, 286.1486980081631400 ) ) ;
#4352 = CARTESIAN_POINT ( 'NONE',  ( 57.97603565463931100, 1.909781422477210500, 290.3913401868155700 ) ) ;
#4353 = CARTESIAN_POINT ( 'NONE',  ( 58.47667767849264200, 8.666705871079317400, 287.3383670545712200 ) ) ;
#4354 = EDGE_LOOP ( 'NONE', ( #3048, #4970 ) ) ;
#4355 = CARTESIAN_POINT ( 'NONE',  ( 91.97740062806528300, 11.15210565859011500, 283.9040358670411000 ) ) ;
#4356 = EDGE_CURVE ( 'NONE', #3786, #4002, #1955, .T. ) ;
#4357 = CARTESIAN_POINT ( 'NONE',  ( 56.97668584291258000, 9.268948989472816500, 287.2993849406707300 ) ) ;
#4358 = DIRECTION ( 'NONE',  ( 0.0002102900136559410600, 0.003010154484246530600, -0.9999954473636822900 ) ) ;
#4359 = EDGE_CURVE ( 'NONE', #3425, #4013, #4017, .T. ) ;
#4360 = ORIENTED_EDGE ( 'NONE', *, *, #4925, .F. ) ;
#4361 = CARTESIAN_POINT ( 'NONE',  ( 91.97757305598031500, -13.06886937384195800, 283.0840866688203100 ) ) ;
#4362 = CARTESIAN_POINT ( 'NONE',  ( 58.47710615531003200, -11.57721375114987300, 285.3008244426525800 ) ) ;
#4363 = ORIENTED_EDGE ( 'NONE', *, *, #1949, .T. ) ;
#4364 = CARTESIAN_POINT ( 'NONE',  ( 90.47667695061559800, 8.698808418819620400, 287.3451929996360300 ) ) ;
#4365 = VERTEX_POINT ( 'NONE', #4573 ) ;
#4366 = CARTESIAN_POINT ( 'NONE',  ( 58.49184695551956300, 11.15187867320158500, 292.5536866975170900 ) ) ;
#4367 = CARTESIAN_POINT ( 'NONE',  ( 90.47708365003768400, -12.02408692490350000, 285.4112087893098500 ) ) ;
#4368 = CARTESIAN_POINT ( 'NONE',  ( 58.47682241785873500, -12.51739624785339800, 286.6500856531599800 ) ) ;
#4369 = EDGE_CURVE ( 'NONE', #3066, #4664, #1840, .T. ) ;
#4370 = CARTESIAN_POINT ( 'NONE',  ( 91.97750318595417700, 10.89307549724358300, 283.4163407119489200 ) ) ;
#4371 = CARTESIAN_POINT ( 'NONE',  ( 91.97672278879476000, 9.575846763818342200, 287.1273756976669900 ) ) ;
#4372 = ADVANCED_FACE ( 'NONE', ( #4848 ), #5005, .T. ) ;
#4373 = CARTESIAN_POINT ( 'NONE',  ( 91.97689575758161600, -12.58021937510688200, 286.3048544830654700 ) ) ;
#4374 = B_SPLINE_CURVE_WITH_KNOTS ( 'NONE', 3,
 ( #820, #1241, #4979, #4116, #2484, #2026, #799, #24, #1257, #900, #5018, #2182, #3429, #4614, #157, #3468, #2547, #2603, #2125, #5001, #4192, #3804 ),
 .UNSPECIFIED., .F., .F.,
 ( 4, 2, 2, 2, 2, 2, 2, 2, 2, 2, 4 ),
 ( 0.0000000000000000000, 0.1250000000000000000, 0.1875000000000000000, 0.2187500000000000000, 0.2500000000000000000, 0.5000000000000000000, 0.6250000000000000000, 0.6875000000000000000, 0.7187500000000000000, 0.7500000000000000000, 1.000000000000000000 ),
 .UNSPECIFIED. ) ;
#4375 = EDGE_CURVE ( 'NONE', #4264, #2423, #4737, .T. ) ;
#4376 = ADVANCED_FACE ( 'NONE', ( #2953, #4420, #4180, #1660, #1978, #2655, #1542, #3369, #4564, #1288 ), #3806, .T. ) ;
#4377 = CARTESIAN_POINT ( 'NONE',  ( 90.47580149386902800, 11.15395582152323500, 291.5082663474884200 ) ) ;
#4378 = LINE ( 'NONE', #1254, #1036 ) ;
#4379 = CARTESIAN_POINT ( 'NONE',  ( 58.76746463271869900, -13.85051287012962000, 293.0440558756329200 ) ) ;
#4380 = ORIENTED_EDGE ( 'NONE', *, *, #708, .T. ) ;
#4381 = CARTESIAN_POINT ( 'NONE',  ( 56.97649427602087300, -4.832151746525581400, 288.2103460188240500 ) ) ;
#4382 = ORIENTED_EDGE ( 'NONE', *, *, #2518, .F. ) ;
#4383 = CARTESIAN_POINT ( 'NONE',  ( 91.97756071231840700, 6.431042280915347600, 283.1427846799434200 ) ) ;
#4384 = CARTESIAN_POINT ( 'NONE',  ( 91.97694796214717900, -12.54875434581975200, 286.0566052846516500 ) ) ;
#4385 = EDGE_LOOP ( 'NONE', ( #5107, #1884, #2699, #1162 ) ) ;
#4386 = CARTESIAN_POINT ( 'NONE',  ( 56.97667771165934900, 8.666705871079301500, 287.3380516181179600 ) ) ;
#4387 = CARTESIAN_POINT ( 'NONE',  ( 56.97670639192612200, -12.01414762456575000, 287.2016678917870500 ) ) ;
#4388 = CARTESIAN_POINT ( 'NONE',  ( 90.47690914246035700, -12.58002825469235800, 286.2410474386666700 ) ) ;
#4389 = B_SPLINE_CURVE_WITH_KNOTS ( 'NONE', 3,
 ( #4612, #878, #3348, #61, #4997, #435, #919, #1322, #2101, #3411 ),
 .UNSPECIFIED., .F., .F.,
 ( 4, 2, 2, 2, 4 ),
 ( 0.0000000000000000000, 0.2499999474853443200, 0.4999998949706886400, 0.7499998424560330200, 0.9999997899413772800 ),
 .UNSPECIFIED. ) ;
#4390 = CARTESIAN_POINT ( 'NONE',  ( 56.97706544945769700, -12.18747135848785000, 285.4942359189338400 ) ) ;
#4391 = APPROVAL_PERSON_ORGANIZATION ( #1692, #4211, #1206 ) ;
#4392 = CARTESIAN_POINT ( 'NONE',  ( 56.97653913693050500, -5.080113767150069600, 287.9970182240012900 ) ) ;
#4393 = VERTEX_POINT ( 'NONE', #4549 ) ;
#4394 = EDGE_LOOP ( 'NONE', ( #45, #1361, #3897, #1466 ) ) ;
#4395 = CARTESIAN_POINT ( 'NONE',  ( 58.47709909352948200, -11.84086217931878500, 285.3344054491888600 ) ) ;
#4396 = ORIENTED_EDGE ( 'NONE', *, *, #4235, .F. ) ;
#4397 = CARTESIAN_POINT ( 'NONE',  ( 91.97738413616001200, 5.676854105090186000, 283.9824600857109500 ) ) ;
#4398 = ADVANCED_FACE ( 'NONE', ( #284 ), #2990, .T. ) ;
#4399 = CARTESIAN_POINT ( 'NONE',  ( 90.47695749383396400, -12.53545362795522800, 286.0111213851050100 ) ) ;
#4400 = CARTESIAN_POINT ( 'NONE',  ( 58.47656073715064900, 2.915044662301007800, 287.8944600725000100 ) ) ;
#4401 = CARTESIAN_POINT ( 'NONE',  ( 56.97614529571853100, -4.589922885141335000, 289.8698575837473200 ) ) ;
#4402 = CARTESIAN_POINT ( 'NONE',  ( 90.47708052972403400, -12.05483176851306100, 285.4260468663476900 ) ) ;
#4403 = CARTESIAN_POINT ( 'NONE',  ( 67.39833699692206900, -2.455439745397598900, 294.5801787857739700 ) ) ;
#4404 = VERTEX_POINT ( 'NONE', #3315 ) ;
#4405 = EDGE_LOOP ( 'NONE', ( #3871, #536, #4854, #5236 ) ) ;
#4406 = CARTESIAN_POINT ( 'NONE',  ( 91.97635552994702800, -4.588604123341780500, 288.8738075194191300 ) ) ;
#4407 = CARTESIAN_POINT ( 'NONE',  ( 91.97688278091139600, 7.919687749126012500, 286.3665626486530900 ) ) ;
#4408 = CARTESIAN_POINT ( 'NONE',  ( 59.04103533645787400, 11.14947628587544100, 293.1031014641906700 ) ) ;
#4409 = CARTESIAN_POINT ( 'NONE',  ( 56.97637786236801100, 1.917468018600405400, 288.7639297077832900 ) ) ;
#4410 = ORIENTED_EDGE ( 'NONE', *, *, #634, .T. ) ;
#4411 = CARTESIAN_POINT ( 'NONE',  ( 91.97709239772822800, 8.986184982413110600, 285.3697684760696800 ) ) ;
#4412 = CARTESIAN_POINT ( 'NONE',  ( 91.97690910929364300, -12.58002825469235800, 286.2413628751196500 ) ) ;
#4413 = EDGE_CURVE ( 'NONE', #446, #5253, #481, .T. ) ;
#4414 = ORIENTED_EDGE ( 'NONE', *, *, #3743, .F. ) ;
#4415 = CARTESIAN_POINT ( 'NONE',  ( 56.97624525032282600, 1.910303492928331800, 289.3945418688468900 ) ) ;
#4416 = VECTOR ( 'NONE', #4844, 1000.000000000000100 ) ;
#4417 = CARTESIAN_POINT ( 'NONE',  ( 56.97683477282966200, -12.53722089620995200, 286.5911761457206200 ) ) ;
#4418 = B_SPLINE_CURVE_WITH_KNOTS ( 'NONE', 3,
 ( #697, #1117, #5216, #4395, #1089, #4005, #3605, #2344, #1916, #4789, #2366, #2774, #2329, #1544, #5228, #3573, #2789, #3943 ),
 .UNSPECIFIED., .F., .F.,
 ( 4, 1, 1, 2, 2, 2, 1, 1, 2, 2, 4 ),
 ( 0.0000000000000000000, 0.1249999999999239500, 0.1874999999998859200, 0.2187499999998669100, 0.2499999999998479000, 0.4999999999997869500, 0.6249999999997908300, 0.6874999999997499800, 0.7187499999997755100, 0.7499999999998010500, 1.000000000000000000 ),
 .UNSPECIFIED. ) ;
#4419 = ORIENTED_EDGE ( 'NONE', *, *, #957, .F. ) ;
#4420 = FACE_BOUND ( 'NONE', #3042, .T. ) ;
#4421 = CARTESIAN_POINT ( 'NONE',  ( 91.97735387224175000, 11.16431616000720500, 284.1263745760591600 ) ) ;
#4422 = ORIENTED_EDGE ( 'NONE', *, *, #517, .T. ) ;
#4423 = CARTESIAN_POINT ( 'NONE',  ( 79.53624841931572600, -4.711751800156687200, 294.5759394001829000 ) ) ;
#4424 = EDGE_CURVE ( 'NONE', #3653, #2554, #888, .T. ) ;
#4425 = CARTESIAN_POINT ( 'NONE',  ( 91.97745119817730600, 5.782814252266602400, 283.6635590115319600 ) ) ;
#4426 = CARTESIAN_POINT ( 'NONE',  ( 58.47635627071125700, -4.589390389994021800, 288.8667604033844900 ) ) ;
#4427 = CARTESIAN_POINT ( 'NONE',  ( 56.97656085432560500, 2.782332562871191200, 287.8937451503500100 ) ) ;
#4428 = CARTESIAN_POINT ( 'NONE',  ( 91.97708737835732500, 9.140558018356179200, 285.3936371700169700 ) ) ;
#4429 = CARTESIAN_POINT ( 'NONE',  ( 89.90991066013427300, -13.85039962896251400, 293.0343390759039700 ) ) ;
#4430 = CARTESIAN_POINT ( 'NONE',  ( 58.47669461747177900, -11.28955220704781200, 287.2578168594460500 ) ) ;
#4431 = EDGE_CURVE ( 'NONE', #958, #4264, #2580, .T. ) ;
#4432 = CARTESIAN_POINT ( 'NONE',  ( 91.97755252661140400, 10.51334341880960300, 283.1817103023004700 ) ) ;
#4433 = ORIENTED_EDGE ( 'NONE', *, *, #3768, .T. ) ;
#4434 = DIRECTION ( 'NONE',  ( -0.9999999778890548100, 6.330054415950436700E-007, -0.0002102890609316775100 ) ) ;
#4435 = ORIENTED_EDGE ( 'NONE', *, *, #3363, .T. ) ;
#4436 = CARTESIAN_POINT ( 'NONE',  ( 56.97580768722471600, -13.84628960359668200, 291.4752926077347900 ) ) ;
#4437 = CARTESIAN_POINT ( 'NONE',  ( 58.47758017971606400, -12.94777520213129800, 283.0466886784075200 ) ) ;
#4438 = FACE_OUTER_BOUND ( 'NONE', #5180, .T. ) ;
#4439 = CARTESIAN_POINT ( 'NONE',  ( 74.16138979560177800, -5.847173228999538200, 294.5713913064781200 ) ) ;
#4440 = CARTESIAN_POINT ( 'NONE',  ( 91.97669758326759400, 8.420868447262158400, 287.2472359406692700 ) ) ;
#4441 = DIRECTION ( 'NONE',  ( 0.0002102900160026601300, 0.003010154484988449300, -0.9999954473636795100 ) ) ;
#4442 = CARTESIAN_POINT ( 'NONE',  ( 56.97639827849369700, 1.937275832865560800, 288.6668445815929500 ) ) ;
#4443 = CARTESIAN_POINT ( 'NONE',  ( 57.97735810949529900, 5.676470790399000600, 284.1026501517156400 ) ) ;
#4444 = CARTESIAN_POINT ( 'NONE',  ( 58.47755986154692200, -13.25193599234847900, 283.1433079901876800 ) ) ;
#4445 = CARTESIAN_POINT ( 'NONE',  ( 89.99000113520720800, 11.14483878173930300, 294.6258687345393200 ) ) ;
#4446 = ORIENTED_EDGE ( 'NONE', *, *, #3539, .T. ) ;
#4447 = DIRECTION ( 'NONE',  ( -0.9999999778890549300, 6.330054422787939700E-007, -0.0002102890608719698000 ) ) ;
#4448 = VECTOR ( 'NONE', #497, 1000.000000000000200 ) ;
#4449 = CARTESIAN_POINT ( 'NONE',  ( 90.47743116951947700, -8.371172996970010200, 283.7586438876143700 ) ) ;
#4450 = CARTESIAN_POINT ( 'NONE',  ( 58.47739373899894100, -8.323082467555627400, 283.9332731763528300 ) ) ;
#4451 = FACE_OUTER_BOUND ( 'NONE', #4405, .T. ) ;
#4452 = ORIENTED_EDGE ( 'NONE', *, *, #2055, .T. ) ;
#4453 = B_SPLINE_CURVE_WITH_KNOTS ( 'NONE', 1,
 ( #2409, #1245 ),
 .UNSPECIFIED., .F., .F.,
 ( 2, 2 ),
 ( 0.0000000000000000000, 0.9999996610707652100 ),
 .UNSPECIFIED. ) ;
#4454 = PRODUCT_DEFINITION_SHAPE ( 'NONE', 'NONE',  #691 ) ;
#4455 = EDGE_CURVE ( 'NONE', #1038, #1976, #425, .T. ) ;
#4456 = CARTESIAN_POINT ( 'NONE',  ( 59.13719274818663500, -13.85053276287719700, 293.0441335662368400 ) ) ;
#4457 = CARTESIAN_POINT ( 'NONE',  ( 90.47668486772401800, -11.58323406011999900, 287.3075446483999800 ) ) ;
#4458 = CARTESIAN_POINT ( 'NONE',  ( 59.22546199477151400, 11.14935525623054800, 293.1194059960922700 ) ) ;
#4459 = CARTESIAN_POINT ( 'NONE',  ( 56.97708995090952300, -11.19459274471916300, 285.3777237765240200 ) ) ;
#4460 = CARTESIAN_POINT ( 'NONE',  ( 91.97679204020028000, 8.015923748374143900, 286.7980633910679600 ) ) ;
#4461 = ORIENTED_EDGE ( 'NONE', *, *, #1226, .F. ) ;
#4462 = EDGE_LOOP ( 'NONE', ( #3216, #1340, #3435, #3965 ) ) ;
#4463 = CARTESIAN_POINT ( 'NONE',  ( 58.47668565588761400, -11.71057402189256700, 287.3004320227095700 ) ) ;
#4464 = CC_DESIGN_PERSON_AND_ORGANIZATION_ASSIGNMENT ( #5218, #1620, ( #3780 ) ) ;
#4465 = ORIENTED_EDGE ( 'NONE', *, *, #3913, .T. ) ;
#4466 = CARTESIAN_POINT ( 'NONE',  ( 81.39833699692206900, -2.455439745348149100, 294.5831228593685900 ) ) ;
#4467 = CARTESIAN_POINT ( 'NONE',  ( 56.97756850291373400, -9.027033429251785500, 283.1020578432239700 ) ) ;
#4468 = EDGE_CURVE ( 'NONE', #184, #739, #5277, .T. ) ;
#4469 = ORIENTED_EDGE ( 'NONE', *, *, #3824, .F. ) ;
#4470 = ORIENTED_EDGE ( 'NONE', *, *, #3702, .F. ) ;
#4471 = CARTESIAN_POINT ( 'NONE',  ( 91.97706347511065400, -12.18367494816686400, 285.5073046579250300 ) ) ;
#4472 = CARTESIAN_POINT ( 'NONE',  ( 91.97685600246748500, 7.919304434434785400, 286.4939026075864500 ) ) ;
#4473 = CARTESIAN_POINT ( 'NONE',  ( 58.47580765405800200, -13.84628960359666500, 291.4756080441878200 ) ) ;
#4474 = CARTESIAN_POINT ( 'NONE',  ( 76.34402867004330100, -4.488742669502287600, 294.5759394001829000 ) ) ;
#4475 = CARTESIAN_POINT ( 'NONE',  ( 56.97708540499932900, -11.14630018671759300, 285.3993410153561300 ) ) ;
#4476 = CARTESIAN_POINT ( 'NONE',  ( 79.53624841921752900, 5.187743136356812300, 294.6057385449224700 ) ) ;
#4477 = VERTEX_POINT ( 'NONE', #1559 ) ;
#4478 = B_SPLINE_CURVE_WITH_KNOTS ( 'NONE', 1,
 ( #2001, #2383 ),
 .UNSPECIFIED., .F., .F.,
 ( 2, 2 ),
 ( 0.0000000000000000000, 1.000000000000000000 ),
 .UNSPECIFIED. ) ;
#4479 = CARTESIAN_POINT ( 'NONE',  ( 91.97696568770064100, 9.837554047794663200, 285.9723146793198800 ) ) ;
#4480 = CARTESIAN_POINT ( 'NONE',  ( 58.47744157214199100, -13.76354698579189400, 283.7058114729210800 ) ) ;
#4481 = CARTESIAN_POINT ( 'NONE',  ( 90.47668490791493000, -11.64672566944655200, 287.3073535279831400 ) ) ;
#4482 = CARTESIAN_POINT ( 'NONE',  ( 89.72514588536282100, 11.14483883762423000, 294.6258130380398400 ) ) ;
#4483 = CARTESIAN_POINT ( 'NONE',  ( 90.47635562167383200, -4.588604123341788500, 288.8734920829784300 ) ) ;
#4484 = CARTESIAN_POINT ( 'NONE',  ( 57.47737046421207900, -13.82344086436001100, 284.0438469950312900 ) ) ;
#4485 =( BOUNDED_SURFACE ( )  B_SPLINE_SURFACE ( 3, 1, ( 
 ( #4714, #4760 ),
 ( #650, #3498 ),
 ( #1003, #1835 ),
 ( #1020, #2290 ) ),
 .UNSPECIFIED., .F., .F., .T. ) 
 B_SPLINE_SURFACE_WITH_KNOTS ( ( 4, 4 ),
 ( 2, 2 ),
 ( 0.0000000000000000000, 1.000000000000000000 ),
 ( 0.0000000000000000000, 1.000000000000000000 ),
 .UNSPECIFIED. ) 
 GEOMETRIC_REPRESENTATION_ITEM ( )  RATIONAL_B_SPLINE_SURFACE ( (
 ( 1.000000000000000000, 1.000000000000000000),
 ( 0.3333333333333333700, 0.3333333333333333700),
 ( 0.3333333333333333700, 0.3333333333333333700),
 ( 1.000000000000000000, 1.000000000000000000) ) ) 
 REPRESENTATION_ITEM ( '' )  SURFACE ( )  );
#4486 = VECTOR ( 'NONE', #5266, 1000.000000000000100 ) ;
#4487 = ORIENTED_EDGE ( 'NONE', *, *, #2064, .T. ) ;
#4488 = CARTESIAN_POINT ( 'NONE',  ( 56.97675695630901100, -10.82638501659432400, 286.9612182801132600 ) ) ;
#4489 = CARTESIAN_POINT ( 'NONE',  ( 56.97668568905433500, -11.71057402189258300, 287.3001165862564200 ) ) ;
#4490 = ORIENTED_EDGE ( 'NONE', *, *, #4925, .T. ) ;
#4491 = B_SPLINE_CURVE_WITH_KNOTS ( 'NONE', 3,
 ( #3178, #3194, #4774, #315, #3161, #4381, #3147, #5168, #665, #4348, #1073, #1947 ),
 .UNSPECIFIED., .F., .F.,
 ( 4, 2, 2, 2, 2, 4 ),
 ( 0.0000000000000000000, 0.2500000000000000000, 0.5000000000000000000, 0.6250000000000000000, 0.7500000000000000000, 1.000000000000000000 ),
 .UNSPECIFIED. ) ;
#4492 = EDGE_CURVE ( 'NONE', #1508, #347, #1959, .T. ) ;
#4493 = CARTESIAN_POINT ( 'NONE',  ( 57.47735463426974400, 11.15215327871239900, 284.1191233686656100 ) ) ;
#4494 = CARTESIAN_POINT ( 'NONE',  ( 58.47563555366963300, -13.84763676216987200, 292.2939997496866900 ) ) ;
#4495 = B_SPLINE_SURFACE_WITH_KNOTS ( 'NONE', 1, 3, ( 
 ( #514, #66, #5003, #3785 ),
 ( #3332, #4134, #843, #1282 ) ),
 .UNSPECIFIED., .F., .F., .F.,
 ( 2, 2 ),
 ( 4, 4 ),
 ( 0.0000000000000000000, 1.000000000000000000 ),
 ( 0.0000000000000000000, 1.000000000000000000 ),
 .UNSPECIFIED. ) ;
#4496 = PLANE ( 'NONE',  #1958 ) ;
#4497 = CARTESIAN_POINT ( 'NONE',  ( 91.97667185788709800, 8.916673064116018600, 287.3695682504405200 ) ) ;
#4498 = B_SPLINE_SURFACE_WITH_KNOTS ( 'NONE', 1, 3, ( 
 ( #4457, #3774, #4581, #1697, #1354, #2535, #4972, #2987, #113, #2154, #911, #75, #526, #5012, #505, #2116, #2967, #4223, #2559, #4989, #485, #1292 ),
 ( #1677, #4162, #93, #3382, #2576, #891, #3007, #5026, #3794, #2095, #465, #2517, #55, #3405, #3422, #4558, #1313, #1271, #2948, #4185, #3816, #5047 ) ),
 .UNSPECIFIED., .F., .F., .F.,
 ( 2, 2 ),
 ( 4, 2, 2, 2, 2, 2, 2, 2, 2, 2, 4 ),
 ( 0.0000000000000000000, 1.000000000000000000 ),
 ( 0.0000000000000000000, 0.1250000000000000000, 0.1875000000000000000, 0.2187500000000000000, 0.2500000000000000000, 0.5000000000000000000, 0.6250000000000000000, 0.6875000000000000000, 0.7187500000000000000, 0.7500000000000000000, 1.000000000000000000 ),
 .UNSPECIFIED. ) ;
#4499 = VECTOR ( 'NONE', #672, 1000.000000000000100 ) ;
#4500 = EDGE_CURVE ( 'NONE', #2102, #2461, #4773, .T. ) ;
#4501 = CARTESIAN_POINT ( 'NONE',  ( 91.97754191750353000, 6.182944307535197300, 283.2321599611157700 ) ) ;
#4502 = DIRECTION ( 'NONE',  ( -6.330083128766397100E-007, 0.9999954694747276200, 0.003010154417688563600 ) ) ;
#4503 = CARTESIAN_POINT ( 'NONE',  ( 89.72516187443423500, -14.11391193197805000, 294.5497799533556000 ) ) ;
#4504 = DIRECTION ( 'NONE',  ( 0.0002102900136559410600, 0.003010154484246530600, -0.9999954473636822900 ) ) ;
#4505 = DIRECTION ( 'NONE',  ( -0.9999999778888540900, 0.0000000000000000000, -0.0002102909687305672500 ) ) ;
#4506 = CARTESIAN_POINT ( 'NONE',  ( 90.47669226316037300, -11.84667554330270400, 287.2723770126729100 ) ) ;
#4507 = ORIENTED_EDGE ( 'NONE', *, *, #3302, .F. ) ;
#4508 = CARTESIAN_POINT ( 'NONE',  ( 56.97656077031737000, 2.915044662300992200, 287.8941446360469200 ) ) ;
#4509 = CARTESIAN_POINT ( 'NONE',  ( 90.47709247108419100, 8.922693373085936100, 285.3692619192311200 ) ) ;
#4510 = CARTESIAN_POINT ( 'NONE',  ( 56.97744515752847900, 11.08722131759348000, 283.6886041084059100 ) ) ;
#4511 = ORIENTED_EDGE ( 'NONE', *, *, #1067, .F. ) ;
#4512 = DIRECTION ( 'NONE',  ( -6.330083025208640200E-007, 0.9999954694747276200, 0.003010154417688565300 ) ) ;
#4513 = CARTESIAN_POINT ( 'NONE',  ( 58.47742922847989900, 5.736364668964944800, 283.7645094841043400 ) ) ;
#4514 = ORIENTED_EDGE ( 'NONE', *, *, #3633, .F. ) ;
#4515 = CARTESIAN_POINT ( 'NONE',  ( 58.47757784338846000, -9.256959487901030000, 283.0577986539166800 ) ) ;
#4516 = CARTESIAN_POINT ( 'NONE',  ( 58.47751682453868200, 6.020302714655874100, 283.3479625569863700 ) ) ;
#4517 = CARTESIAN_POINT ( 'NONE',  ( 91.97700002081478500, -12.45788706264350200, 285.8090498771646800 ) ) ;
#4518 = CARTESIAN_POINT ( 'NONE',  ( 91.97675524759878800, 8.119123221345320800, 286.9730238322686700 ) ) ;
#4519 = CARTESIAN_POINT ( 'NONE',  ( 89.72563502696493700, -14.10713908438849600, 292.2997901967872800 ) ) ;
#4520 = LINE ( 'NONE', #5235, #4980 ) ;
#4521 = B_SPLINE_SURFACE_WITH_KNOTS ( 'NONE', 1, 3, ( 
 ( #2241, #2271, #3922, #245, #3911, #5145, #2707, #3126, #615, #1436, #3937, #1060, #1874, #3951, #4753, #259, #2286, #5174, #3142, #1483 ),
 ( #4355, #4766, #2300, #2736, #1082, #4294, #3643, #3240, #4370, #1940, #2375, #751, #2356, #1515, #2339, #4799, #4432, #288, #2752, #4785 ) ),
 .UNSPECIFIED., .F., .F., .F.,
 ( 2, 2 ),
 ( 4, 2, 2, 2, 2, 2, 2, 2, 2, 4 ),
 ( 0.0000000000000000000, 1.000000000000000000 ),
 ( 0.0000000000000000000, 0.1250000000000000000, 0.1875000000000000000, 0.2500000000000000000, 0.5000000000000000000, 0.6250000000000000000, 0.6875000000000000000, 0.7187500000000000000, 0.7500000000000000000, 1.000000000000000000 ),
 .UNSPECIFIED. ) ;
#4522 = ORIENTED_EDGE ( 'NONE', *, *, #1094, .T. ) ;
#4523 = CARTESIAN_POINT ( 'NONE',  ( 59.22547781998014900, -13.85053276286015100, 293.0441521317903800 ) ) ;
#4524 = CARTESIAN_POINT ( 'NONE',  ( 79.53624841921752900, 5.187743136356813200, 294.6057385449224700 ) ) ;
#4525 = FACE_OUTER_BOUND ( 'NONE', #385, .T. ) ;
#4526 = CARTESIAN_POINT ( 'NONE',  ( 91.97736945889974400, 11.15215950815088200, 284.0522550941167300 ) ) ;
#4527 = B_SPLINE_CURVE_WITH_KNOTS ( 'NONE', 3,
 ( #5293, #380, #4907, #2890, #3728, #1243, #1562, #4429, #1971, #4847 ),
 .UNSPECIFIED., .F., .F.,
 ( 4, 2, 2, 2, 4 ),
 ( 0.0000000000000000000, 0.2500000000000000000, 0.5000000000000000000, 0.7500000000000000000, 1.000000000000000000 ),
 .UNSPECIFIED. ) ;
#4528 = CARTESIAN_POINT ( 'NONE',  ( 89.72563502696493700, -14.10939670020176400, 293.0497867988934800 ) ) ;
#4529 = CARTESIAN_POINT ( 'NONE',  ( 90.47681161794250200, -12.49809473483235700, 286.7048073247265200 ) ) ;
#4530 = CARTESIAN_POINT ( 'NONE',  ( 58.47755830139010400, -13.26730841415322000, 283.1507270287060600 ) ) ;
#4531 = CARTESIAN_POINT ( 'NONE',  ( 56.97750327939158400, 10.88937994248481400, 283.4122162912438500 ) ) ;
#4532 = CARTESIAN_POINT ( 'NONE',  ( 56.97741958919464600, -8.346116920524163900, 283.8101896126271400 ) ) ;
#4533 = B_SPLINE_CURVE_WITH_KNOTS ( 'NONE', 3,
 ( #179, #541, #5027, #5066 ),
 .UNSPECIFIED., .F., .F.,
 ( 4, 4 ),
 ( 0.0000000000000000000, 1.000000000000000000 ),
 .UNSPECIFIED. ) ;
#4534 = CARTESIAN_POINT ( 'NONE',  ( 91.97740062773273500, 11.15210601405078400, 283.9040374484354200 ) ) ;
#4535 = CARTESIAN_POINT ( 'NONE',  ( 56.97670338494791100, -11.98300067994439300, 287.2159670229533500 ) ) ;
#4536 = ADVANCED_FACE ( 'NONE', ( #1672 ), #2498, .F. ) ;
#4537 = CARTESIAN_POINT ( 'NONE',  ( 91.97708201488877900, 9.231099133458503300, 285.4191421570560000 ) ) ;
#4538 = B_SPLINE_SURFACE_WITH_KNOTS ( 'NONE', 1, 3, ( 
 ( #2582, #4699, #2210, #1372 ),
 ( #4280, #1391, #4262, #135 ) ),
 .UNSPECIFIED., .F., .F., .F.,
 ( 2, 2 ),
 ( 4, 4 ),
 ( 0.0000000000000000000, 1.000000000000000000 ),
 ( 0.0000000000000000000, 1.000000000000000000 ),
 .UNSPECIFIED. ) ;
#4539 = CARTESIAN_POINT ( 'NONE',  ( 91.97669849143933600, -11.93512538858316000, 287.2429172972026700 ) ) ;
#4540 = ORIENTED_EDGE ( 'NONE', *, *, #2164, .F. ) ;
#4541 = CARTESIAN_POINT ( 'NONE',  ( 56.97563720888506800, -16.41006971961963100, 292.2859709594012000 ) ) ;
#4542 = B_SPLINE_SURFACE_WITH_KNOTS ( 'NONE', 1, 3, ( 
 ( #4344, #247, #2693, #2739, #1047, #3955, #1438, #4758, #204, #2261, #1034, #4327, #260, #649, #3569, #3144, #4713, #5162, #3535, #1065, #3101, #1878 ),
 ( #1852, #218, #1486, #2276, #4728, #3116, #1019, #2245, #4357, #633, #3552, #5118, #3128, #5148, #2678, #3518, #3924, #2289, #1895, #3914, #1454, #620 ) ),
 .UNSPECIFIED., .F., .F., .F.,
 ( 2, 2 ),
 ( 4, 2, 2, 2, 2, 2, 2, 2, 2, 2, 4 ),
 ( 0.0000000000000000000, 1.000000000000000000 ),
 ( 0.0000000000000000000, 0.1250000000000000000, 0.1875000000000000000, 0.2187500000000000000, 0.2500000000000000000, 0.5000000000000000000, 0.6250000000000000000, 0.6875000000000000000, 0.7187500000000000000, 0.7500000000000000000, 1.000000000000000000 ),
 .UNSPECIFIED. ) ;
#4543 = EDGE_LOOP ( 'NONE', ( #1301, #4779, #2562, #132 ) ) ;
#4544 = CARTESIAN_POINT ( 'NONE',  ( 90.47698198681706600, 9.801185572768865500, 285.8946495141821100 ) ) ;
#4545 = CARTESIAN_POINT ( 'NONE',  ( 81.39833699692206900, -2.455439745348148700, 294.5831228593685900 ) ) ;
#4546 = CARTESIAN_POINT ( 'NONE',  ( 74.78860297556727200, 3.130944815829098000, 294.5985488490774200 ) ) ;
#4547 = CARTESIAN_POINT ( 'NONE',  ( 90.47694712020461300, -10.60287957441438200, 286.0604512692943300 ) ) ;
#4548 = DIRECTION ( 'NONE',  ( 6.640525261678669700E-007, -0.9999950142016441600, -0.003157779506621198900 ) ) ;
#4549 = CARTESIAN_POINT ( 'NONE',  ( 58.47667259861057700, 8.916673064116082500, 287.3625235029690000 ) ) ;
#4550 = ADVANCED_FACE ( 'NONE', ( #868 ), #1170, .T. ) ;
#4551 = AXIS2_PLACEMENT_3D ( 'NONE', #779, #4505, #4055 ) ;
#4552 = CARTESIAN_POINT ( 'NONE',  ( 58.47691030007781900, 7.920071063817295500, 286.2321779422652000 ) ) ;
#4553 = ORIENTED_EDGE ( 'NONE', *, *, #1388, .F. ) ;
#4554 = B_SPLINE_SURFACE_WITH_KNOTS ( 'NONE', 1, 3, ( 
 ( #2721, #2675, #1863, #3938, #1422, #3533, #4296, #4712, #3098, #646, #1470, #3952, #4696, #2259, #2708, #4278, #1453, #618, #4739, #2273, #4754, #5147 ),
 ( #4342, #1875, #2288, #5159, #246, #659, #2225, #2656, #3171, #4767, #1518, #4371, #789, #2357, #5192, #676, #2035, #3283, #5225, #1500, #3695, #1099 ) ),
 .UNSPECIFIED., .F., .F., .F.,
 ( 2, 2 ),
 ( 4, 2, 2, 2, 2, 2, 2, 2, 2, 2, 4 ),
 ( 0.0000000000000000000, 1.000000000000000000 ),
 ( 0.0000000000000000000, 0.1250000000000000000, 0.1875000000000000000, 0.2187500000000000000, 0.2500000000000000000, 0.5000000000000000000, 0.6250000000000000000, 0.6875000000000000000, 0.7187500000000000000, 0.7500000000000000000, 1.000000000000000000 ),
 .UNSPECIFIED. ) ;
#4555 = ORIENTED_EDGE ( 'NONE', *, *, #768, .T. ) ;
#4556 = FACE_OUTER_BOUND ( 'NONE', #1763, .T. ) ;
#4557 = CARTESIAN_POINT ( 'NONE',  ( 58.47754104802403700, 6.187217407223057500, 283.2327722329838500 ) ) ;
#4558 = CARTESIAN_POINT ( 'NONE',  ( 91.97680178418900700, -12.47656433718101500, 286.7517276469246800 ) ) ;
#4559 = CARTESIAN_POINT ( 'NONE',  ( 91.97689575758161600, -12.58021937510688200, 286.3048544830654700 ) ) ;
#4560 = ORIENTED_EDGE ( 'NONE', *, *, #2726, .F. ) ;
#4561 = VECTOR ( 'NONE', #4082, 999.9999999999998900 ) ;
#4562 = DIRECTION ( 'NONE',  ( 0.0002102899202728192200, 0.003157779576443323900, -0.9999949920906083800 ) ) ;
#4563 = CARTESIAN_POINT ( 'NONE',  ( 58.47700528483216000, 8.101233846804028400, 285.7804954338726600 ) ) ;
#4564 = FACE_BOUND ( 'NONE', #2650, .T. ) ;
#4565 = CARTESIAN_POINT ( 'NONE',  ( 90.47667383611614900, 8.759577536033218000, 287.3600034281187200 ) ) ;
#4566 = EDGE_LOOP ( 'NONE', ( #3018, #4948, #3062, #2044 ) ) ;
#4567 = CARTESIAN_POINT ( 'NONE',  ( 91.97747919241830100, -13.67628318651316700, 283.5304375534791500 ) ) ;
#4568 = B_SPLINE_CURVE_WITH_KNOTS ( 'NONE', 3,
 ( #3045, #4667, #3833, #5087, #983, #3031, #3497, #2637, #169, #3426, #3010, #3060, #3881, #5102, #2659, #1002, #1425, #2161, #3445, #5031 ),
 .UNSPECIFIED., .F., .F.,
 ( 4, 2, 2, 2, 2, 2, 2, 2, 2, 4 ),
 ( 0.0000000000000000000, 0.1249999233661659700, 0.1874998850492489700, 0.2499998467323319400, 0.4999996934646638900, 0.6249996168308298300, 0.6874995785139128600, 0.7187495593554543700, 0.7499995401969958800, 0.9999993869293277700 ),
 .UNSPECIFIED. ) ;
#4569 = DIRECTION ( 'NONE',  ( -0.0002102907305505589200, -0.001505076918063018300, 0.9999988452599729600 ) ) ;
#4570 = CARTESIAN_POINT ( 'NONE',  ( 90.47709883094454100, -11.32896454724546800, 285.3390187822834600 ) ) ;
#4571 = CARTESIAN_POINT ( 'NONE',  ( 56.97755989471365000, -13.25193599234849800, 283.1429925537346400 ) ) ;
#4572 = CARTESIAN_POINT ( 'NONE',  ( 58.96030716957923100, -13.85504799460357000, 294.5440896061754800 ) ) ;
#4573 = CARTESIAN_POINT ( 'NONE',  ( 69.41405978718449900, 2.000038619023297900, 293.0940075843281500 ) ) ;
#4574 = EDGE_CURVE ( 'NONE', #244, #1567, #2771, .T. ) ;
#4575 = CARTESIAN_POINT ( 'NONE',  ( 58.47696758894365800, 8.004220628965631700, 285.9597512902036000 ) ) ;
#4576 = B_SPLINE_SURFACE_WITH_KNOTS ( 'NONE', 1, 3, ( 
 ( #745, #4036, #1986, #1191 ),
 ( #1256, #2002, #2911, #2661 ) ),
 .UNSPECIFIED., .F., .F., .F.,
 ( 2, 2 ),
 ( 4, 4 ),
 ( 0.0000000000000000000, 1.000000000000000000 ),
 ( 0.0000000000000000000, 1.000000000000000000 ),
 .UNSPECIFIED. ) ;
#4577 = B_SPLINE_CURVE_WITH_KNOTS ( 'NONE', 3,
 ( #4143, #1720, #35, #2533 ),
 .UNSPECIFIED., .F., .F.,
 ( 4, 4 ),
 ( 0.0000000000000000000, 1.000000000000000000 ),
 .UNSPECIFIED. ) ;
#4578 = CARTESIAN_POINT ( 'NONE',  ( 69.63706891783890300, 5.192258368295702200, 293.1036635994746000 ) ) ;
#4579 = CARTESIAN_POINT ( 'NONE',  ( 58.47740391340594400, 5.700530605284011900, 283.8848906567261600 ) ) ;
#4580 = EDGE_LOOP ( 'NONE', ( #2266, #3857, #32, #3474 ) ) ;
#4581 = CARTESIAN_POINT ( 'NONE',  ( 90.47668617782922200, -11.70912828192967400, 287.3013146843398400 ) ) ;
#4582 = CARTESIAN_POINT ( 'NONE',  ( 91.97708582110762200, 9.170942576965147800, 285.4010423842583500 ) ) ;
#4583 = ADVANCED_FACE ( 'NONE', ( #1382, #3027, #1900 ), #2427, .F. ) ;
#4584 = B_SPLINE_SURFACE_WITH_KNOTS ( 'NONE', 1, 3, ( 
 ( #1402, #4645, #1353, #978, #112, #3038, #946, #4692, #525, #2222, #145, #162, #4275, #129, #3830, #1367, #4662, #3490, #2609, #2190, #963, #2630 ),
 ( #3475, #1829, #3841, #177, #5064, #3876, #997, #2203, #558, #1758, #3860, #3055, #4256, #1794, #1813, #5097, #5080, #2651, #3072, #594, #4709, #3894 ) ),
 .UNSPECIFIED., .F., .F., .F.,
 ( 2, 2 ),
 ( 4, 2, 2, 2, 2, 2, 2, 2, 2, 2, 4 ),
 ( 0.0000000000000000000, 1.000000000000000000 ),
 ( 0.0000000000000000000, 0.1250000000000000000, 0.1875000000000000000, 0.2187500000000000000, 0.2500000000000000000, 0.5000000000000000000, 0.6250000000000000000, 0.6875000000000000000, 0.7187500000000000000, 0.7500000000000000000, 1.000000000000000000 ),
 .UNSPECIFIED. ) ;
#4585 = CARTESIAN_POINT ( 'NONE',  ( 56.97696934590002400, -10.64305156341535300, 285.9512386904010600 ) ) ;
#4586 = CARTESIAN_POINT ( 'NONE',  ( 91.97613981205769600, 1.909704640582679900, 289.8996142189055300 ) ) ;
#4587 = B_SPLINE_SURFACE_WITH_KNOTS ( 'NONE', 1, 3, ( 
 ( #4602, #1695, #2921, #4579, #3361, #1634, #2557, #3754, #53, #73, #462, #4516, #1268, #1674, #4557, #2093, #1290, #2964, #1757, #4203, #4643, #3005 ),
 ( #3829, #1334, #5023, #2590, #2174, #2152, #4221, #3420, #1352, #1739, #524, #5045, #4626, #929, #2574, #111, #2950, #489, #4148, #832, #812, #449 ) ),
 .UNSPECIFIED., .F., .F., .F.,
 ( 2, 2 ),
 ( 4, 2, 2, 2, 2, 2, 2, 2, 2, 2, 4 ),
 ( 0.0000000000000000000, 1.000000000000000000 ),
 ( 0.0000000000000000000, 0.1250000000000000000, 0.1875000000000000000, 0.2187500000000000000, 0.2500000000000000000, 0.5000000000000000000, 0.6250000000000000000, 0.6875000000000000000, 0.7187500000000000000, 0.7500000000000000000, 1.000000000000000000 ),
 .UNSPECIFIED. ) ;
#4588 = CARTESIAN_POINT ( 'NONE',  ( 90.47743785262488800, 5.753685562404079700, 283.7268636102088500 ) ) ;
#4589 = ORIENTED_EDGE ( 'NONE', *, *, #4780, .T. ) ;
#4590 = CARTESIAN_POINT ( 'NONE',  ( 91.97747305633930600, -13.69347739643580800, 283.5596165471493500 ) ) ;
#4591 = EDGE_CURVE ( 'NONE', #2034, #2456, #5163, .T. ) ;
#4592 = CARTESIAN_POINT ( 'NONE',  ( 58.47744444166909300, -13.75849807529022300, 283.6921659653228300 ) ) ;
#4593 = LINE ( 'NONE', #2077, #2537 ) ;
#4594 = DIRECTION ( 'NONE',  ( -6.330083128766396000E-007, 0.9999954694747276200, 0.003010154417688563600 ) ) ;
#4595 = AXIS2_PLACEMENT_3D ( 'NONE', #1427, #5089, #2660 ) ;
#4596 = CARTESIAN_POINT ( 'NONE',  ( 58.47708314624521400, 8.613994807570364300, 285.4102398218759000 ) ) ;
#4597 = CALENDAR_DATE ( 2022, 25, 4 ) ;
#4598 = B_SPLINE_SURFACE_WITH_KNOTS ( 'NONE', 1, 3, ( 
 ( #2667, #607, #3990, #3134, #469, #5088, #1068, #5242, #389, #2382, #120, #4245, #2901, #466, #872, #3406, #2496, #2536, #1337, #38, #2139, #4146 ),
 ( #506, #3737, #94, #3362, #4582, #892, #4537, #1293, #2078, #4954, #4163, #3383, #1314, #912, #2058, #1698, #486, #1638, #2117, #4990, #3795, #4186 ) ),
 .UNSPECIFIED., .F., .F., .F.,
 ( 2, 2 ),
 ( 4, 2, 2, 2, 2, 2, 2, 2, 2, 2, 4 ),
 ( 0.0000000000000000000, 1.000000000000000000 ),
 ( 0.0000000000000000000, 0.1250000000000000000, 0.1875000000000000000, 0.2187500000000000000, 0.2500000000000000000, 0.5000000000000000000, 0.6250000000000000000, 0.6875000000000000000, 0.7187500000000000000, 0.7500000000000000000, 1.000000000000000000 ),
 .UNSPECIFIED. ) ;
#4599 = ORIENTED_EDGE ( 'NONE', *, *, #1514, .T. ) ;
#4600 = CARTESIAN_POINT ( 'NONE',  ( 56.97709206111032600, 8.796763926576039300, 285.3676891042445600 ) ) ;
#4601 = CARTESIAN_POINT ( 'NONE',  ( 67.55197120926743500, -0.2562734360464710700, 293.0868241251415600 ) ) ;
#4602 = CARTESIAN_POINT ( 'NONE',  ( 58.47735809843863600, 5.676470790399005900, 284.1027552972000200 ) ) ;
#4603 = CARTESIAN_POINT ( 'NONE',  ( 56.97710618847874300, -11.57721375114988400, 285.3005090061994900 ) ) ;
#4604 = CARTESIAN_POINT ( 'NONE',  ( 58.47667259861057700, 8.916673064116082500, 287.3625235029690000 ) ) ;
#4605 = ORIENTED_EDGE ( 'NONE', *, *, #4060, .T. ) ;
#4606 = B_SPLINE_SURFACE_WITH_KNOTS ( 'NONE', 1, 3, ( 
 ( #105, #2506, #2486, #3375, #4174, #2977, #46, #456, #4592, #2998, #3393, #1649, #3805, #2070, #1326, #4530, #2916, #439, #4269, #5037, #1396, #570 ),
 ( #2624, #4286, #2216, #3487, #1365, #588, #3451, #2643, #1749, #4673, #2184, #988, #2167, #3886, #1789, #1809, #3065, #4233, #124, #3036, #956, #5106 ) ),
 .UNSPECIFIED., .F., .F., .F.,
 ( 2, 2 ),
 ( 4, 2, 2, 2, 2, 2, 2, 2, 2, 2, 4 ),
 ( 0.0000000000000000000, 1.000000000000000000 ),
 ( 0.0000000000000000000, 0.1250000000000000000, 0.1875000000000000000, 0.2187500000000000000, 0.2500000000000000000, 0.5000000000000000000, 0.6250000000000000000, 0.6875000000000000000, 0.7187500000000000000, 0.7500000000000000000, 1.000000000000000000 ),
 .UNSPECIFIED. ) ;
#4607 = CARTESIAN_POINT ( 'NONE',  ( 56.97669341525570300, 8.485759499663824800, 287.2633760573890500 ) ) ;
#4608 = ORIENTED_EDGE ( 'NONE', *, *, #5255, .F. ) ;
#4609 = CARTESIAN_POINT ( 'NONE',  ( 91.97640471309974000, 1.937679222943689000, 288.6399260934682600 ) ) ;
#4610 = CARTESIAN_POINT ( 'NONE',  ( 76.59298807454683800, 4.391241477277527700, 294.6027219998903200 ) ) ;
#4611 = EDGE_CURVE ( 'NONE', #3716, #347, #1066, .T. ) ;
#4612 = CARTESIAN_POINT ( 'NONE',  ( 90.47656002959239200, 2.915044662300960700, 287.9011893835165700 ) ) ;
#4613 = B_SPLINE_CURVE_WITH_KNOTS ( 'NONE', 1,
 ( #2, #741 ),
 .UNSPECIFIED., .F., .F.,
 ( 2, 2 ),
 ( 0.0000000000000000000, 1.000000000000000000 ),
 .UNSPECIFIED. ) ;
#4614 = CARTESIAN_POINT ( 'NONE',  ( 91.97706215171619700, 8.401152386431883600, 285.5135978166233600 ) ) ;
#4615 = CARTESIAN_POINT ( 'NONE',  ( 90.47710540756513400, -11.51372214180816300, 285.3077448741099100 ) ) ;
#4616 = CARTESIAN_POINT ( 'NONE',  ( 56.97752920136749600, -13.47960894009182000, 283.2889491093712900 ) ) ;
#4617 = CARTESIAN_POINT ( 'NONE',  ( 56.97639827849369700, 1.937275832865560800, 288.6668445815929500 ) ) ;
#4618 = ADVANCED_FACE ( 'NONE', ( #3900 ), #1179, .T. ) ;
#4619 = EDGE_CURVE ( 'NONE', #1498, #4307, #755, .T. ) ;
#4620 = CARTESIAN_POINT ( 'NONE',  ( 58.47708101195100000, 8.584093104203327900, 285.4203890649827100 ) ) ;
#4621 = B_SPLINE_SURFACE_WITH_KNOTS ( 'NONE', 1, 3, ( 
 ( #2731, #1511, #1493, #4827, #668, #2369, #282, #3149, #267, #3211, #4791, #715, #5230, #4843, #1119, #4007, #3165, #2794, #3181, #1903, #2310, #683 ),
 ( #3593, #727, #1137, #4809, #4383, #4776, #1106, #1934, #2331, #3607, #5201, #1558, #3635, #4019, #3991, #4425, #2776, #1965, #1529, #5170, #4397, #2347 ) ),
 .UNSPECIFIED., .F., .F., .F.,
 ( 2, 2 ),
 ( 4, 2, 2, 2, 2, 2, 2, 2, 2, 2, 4 ),
 ( 0.0000000000000000000, 1.000000000000000000 ),
 ( 0.0000000000000000000, 0.1250000000000000000, 0.1875000000000000000, 0.2187500000000000000, 0.2500000000000000000, 0.5000000000000000000, 0.6250000000000000000, 0.6875000000000000000, 0.7187500000000000000, 0.7500000000000000000, 1.000000000000000000 ),
 .UNSPECIFIED. ) ;
#4622 = EDGE_LOOP ( 'NONE', ( #1516, #4127, #4659, #60 ) ) ;
#4623 = B_SPLINE_CURVE_WITH_KNOTS ( 'NONE', 3,
 ( #4482, #4445, #358, #2069, #3256, #2007, #4056, #2853, #3671, #3236 ),
 .UNSPECIFIED., .F., .F.,
 ( 4, 2, 2, 2, 4 ),
 ( 0.0000000000000000000, 0.2500000000000000000, 0.5000000000000000000, 0.7500000000000000000, 1.000000000000000000 ),
 .UNSPECIFIED. ) ;
#4624 = CARTESIAN_POINT ( 'NONE',  ( 56.97709321180832400, 8.922693373086012500, 285.3622171717593700 ) ) ;
#4625 = CARTESIAN_POINT ( 'NONE',  ( 58.47680179387519000, 9.842463916069776900, 286.7481592079908500 ) ) ;
#4626 = CARTESIAN_POINT ( 'NONE',  ( 56.97752584913440900, 6.073015217329127000, 283.3048900355722100 ) ) ;
#4627 = VERTEX_POINT ( 'NONE', #29 ) ;
#4628 = CARTESIAN_POINT ( 'NONE',  ( 58.47652373693283300, -4.971754349357860600, 288.0704077953457200 ) ) ;
#4629 = EDGE_LOOP ( 'NONE', ( #5124, #4166, #1851, #5234, #1621, #2081, #4964, #228, #3944, #3506 ) ) ;
#4630 = EDGE_CURVE ( 'NONE', #1656, #3110, #5196, .T. ) ;
#4631 = CARTESIAN_POINT ( 'NONE',  ( 56.97667263177628900, 8.916673064115999000, 287.3622080665468300 ) ) ;
#4632 = VERTEX_POINT ( 'NONE', #3756 ) ;
#4633 = CARTESIAN_POINT ( 'NONE',  ( 56.97694720530439100, 9.871971473351761600, 286.0565242148673500 ) ) ;
#4634 = EDGE_CURVE ( 'NONE', #1374, #2235, #2306, .T. ) ;
#4635 = CARTESIAN_POINT ( 'NONE',  ( 90.47648366983081300, -4.785633379751362600, 288.2643041800485500 ) ) ;
#4636 = CARTESIAN_POINT ( 'NONE',  ( 90.47614456009064600, -4.590260702648142100, 289.8768781042987800 ) ) ;
#4637 = CARTESIAN_POINT ( 'NONE',  ( 91.97709281944756300, -11.23896793057363100, 285.3677630673831200 ) ) ;
#4638 = CARTESIAN_POINT ( 'NONE',  ( 58.47641840986469200, 1.965211534036481700, 288.5712712721236800 ) ) ;
#4639 = EDGE_LOOP ( 'NONE', ( #450, #2733, #4605, #3823, #4856, #2902, #5096, #1061, #5151, #1616, #4347, #3523, #279, #4218, #1451, #5247, #1276, #1136, #2260, #713, #4234 ) ) ;
#4640 = CARTESIAN_POINT ( 'NONE',  ( 90.47741192068599500, 11.14007031447398400, 283.8501781705620600 ) ) ;
#4641 = CARTESIAN_POINT ( 'NONE',  ( 56.97740394657266400, 5.700530605283995900, 283.8845752202730600 ) ) ;
#4642 = CARTESIAN_POINT ( 'NONE',  ( 58.47667255841867000, 8.980164673457464300, 287.3627146234117600 ) ) ;
#4643 = CARTESIAN_POINT ( 'NONE',  ( 58.47756783605396400, 6.552136452614345100, 283.1053866895195500 ) ) ;
#4644 = ORIENTED_EDGE ( 'NONE', *, *, #2430, .F. ) ;
#4645 = CARTESIAN_POINT ( 'NONE',  ( 90.47737960471110300, -8.323274661829611200, 284.0038508383618100 ) ) ;
#4646 = CARTESIAN_POINT ( 'NONE',  ( 58.47635627071125700, -4.589390389994021800, 288.8667604033844900 ) ) ;
#4647 = LINE ( 'NONE', #3464, #1286 ) ;
#4648 = CARTESIAN_POINT ( 'NONE',  ( 56.97738583513822900, 11.15210257191572700, 283.9707008113406300 ) ) ;
#4649 = ADVANCED_FACE ( 'NONE', ( #4329 ), #1189, .T. ) ;
#4650 = CARTESIAN_POINT ( 'NONE',  ( 58.47672436311535200, 8.258969377426471000, 287.1163669279753800 ) ) ;
#4651 = DIRECTION ( 'NONE',  ( -0.9999999778890548100, 6.330054419449608200E-007, -0.0002102890609358143400 ) ) ;
#4652 = DIRECTION ( 'NONE',  ( 0.0002102900160020119900, 0.003010154495133136400, -0.9999954473636490900 ) ) ;
#4653 = CARTESIAN_POINT ( 'NONE',  ( 58.47756553991620600, 10.17946055751997600, 283.1163055447104300 ) ) ;
#4654 = CARTESIAN_POINT ( 'NONE',  ( 90.47656532615296500, -5.452198063623773900, 287.8760025767167600 ) ) ;
#4655 = CARTESIAN_POINT ( 'NONE',  ( 91.97709499155897100, -11.26880799075694400, 285.3574339915302900 ) ) ;
#4656 = LINE ( 'NONE', #163, #2594 ) ;
#4657 = EDGE_CURVE ( 'NONE', #1142, #433, #3553, .T. ) ;
#4658 = CARTESIAN_POINT ( 'NONE',  ( 61.97516258105104500, -13.86379351104842100, 294.5446972775720300 ) ) ;
#4659 = ORIENTED_EDGE ( 'NONE', *, *, #708, .F. ) ;
#4660 = ORIENTED_EDGE ( 'NONE', *, *, #3544, .F. ) ;
#4661 = CARTESIAN_POINT ( 'NONE',  ( 56.97755203574046600, 6.296397487112634500, 283.1803644525849100 ) ) ;
#4662 = CARTESIAN_POINT ( 'NONE',  ( 90.47755639254396000, -8.889537532789557200, 283.1631688536556300 ) ) ;
#4663 = CARTESIAN_POINT ( 'NONE',  ( 58.47670354454021400, 8.396008572619596300, 287.2153658283872300 ) ) ;
#4664 = VERTEX_POINT ( 'NONE', #1122 ) ;
#4665 = EDGE_CURVE ( 'NONE', #328, #2682, #1487, .T. ) ;
#4666 = CARTESIAN_POINT ( 'NONE',  ( 91.97563481283741300, -13.84746364092661800, 292.3010450181915300 ) ) ;
#4667 = CARTESIAN_POINT ( 'NONE',  ( 56.97756553834876300, 10.23433351099072300, 283.1161552850608100 ) ) ;
#4668 = FACE_OUTER_BOUND ( 'NONE', #3326, .T. ) ;
#4669 = CARTESIAN_POINT ( 'NONE',  ( 58.47589369069881100, -13.84561602493257800, 291.0664126156113400 ) ) ;
#4670 = CARTESIAN_POINT ( 'NONE',  ( 56.97668560844672200, -11.58323406011993500, 287.3004999009158400 ) ) ;
#4671 = CARTESIAN_POINT ( 'NONE',  ( 91.97652304089280100, -4.971788499441965200, 288.0772400629712100 ) ) ;
#4672 = LINE ( 'NONE', #1344, #1325 ) ;
#4673 = CARTESIAN_POINT ( 'NONE',  ( 56.97747473850063900, -13.70110855190334400, 283.5479372436752200 ) ) ;
#4674 = ORIENTED_EDGE ( 'NONE', *, *, #3414, .F. ) ;
#4675 = ORIENTED_EDGE ( 'NONE', *, *, #2841, .F. ) ;
#4676 = CARTESIAN_POINT ( 'NONE',  ( 91.97561898761549100, 11.15244577932965200, 292.3762989469145200 ) ) ;
#4677 =( BOUNDED_CURVE ( )  B_SPLINE_CURVE ( 3, ( #4144, #1250, #3320, #2558 ),
 .UNSPECIFIED., .F., .F. ) 
 B_SPLINE_CURVE_WITH_KNOTS ( ( 4, 4 ),
 ( 5.975432427903119900E-015, 3.141592653589798900 ),
 .UNSPECIFIED. ) 
 CURVE ( )  GEOMETRIC_REPRESENTATION_ITEM ( )  RATIONAL_B_SPLINE_CURVE ( ( 1.000000000000000000, 0.3333333333333333700, 0.3333333333333333700, 1.000000000000000000 ) ) 
 REPRESENTATION_ITEM ( '' )  );
#4678 = CARTESIAN_POINT ( 'NONE',  ( 56.97737148331738400, 5.676661910816323000, 284.0389482528123000 ) ) ;
#4679 = CARTESIAN_POINT ( 'NONE',  ( 58.47736696055501700, -8.323465782246996600, 284.0606131353000000 ) ) ;
#4680 = CARTESIAN_POINT ( 'NONE',  ( 91.97754165005940800, 10.63371616579324700, 283.2334317424735600 ) ) ;
#4681 = CARTESIAN_POINT ( 'NONE',  ( 56.97681863828023600, 7.967394963849268500, 286.6679010234266800 ) ) ;
#4682 = CARTESIAN_POINT ( 'NONE',  ( 91.97668912795727200, 9.316941351102453700, 287.2874436119812500 ) ) ;
#4683 = CARTESIAN_POINT ( 'NONE',  ( 58.47694401425866300, 9.876680209176214500, 286.0718563634334300 ) ) ;
#4684 = CARTESIAN_POINT ( 'NONE',  ( 56.97756425986403200, -8.968559768775001800, 283.1222348846939700 ) ) ;
#4685 = PLANE ( 'NONE',  #5166 ) ;
#4686 = CARTESIAN_POINT ( 'NONE',  ( 91.97700416692430300, -10.72424890026728200, 285.7893338168148600 ) ) ;
#4687 = ORIENTED_EDGE ( 'NONE', *, *, #4771, .F. ) ;
#4688 = ORIENTED_EDGE ( 'NONE', *, *, #3586, .F. ) ;
#4689 = CARTESIAN_POINT ( 'NONE',  ( 69.74630685187172200, -0.4141074450977252400, 294.5868172961871200 ) ) ;
#4690 = ORIENTED_EDGE ( 'NONE', *, *, #968, .T. ) ;
#4691 = CARTESIAN_POINT ( 'NONE',  ( 56.97690877060929900, 9.914206755458787200, 286.2392933298323200 ) ) ;
#4692 = CARTESIAN_POINT ( 'NONE',  ( 90.47743745757760800, -8.381322240300246300, 283.7287421849093200 ) ) ;
#4693 = CARTESIAN_POINT ( 'NONE',  ( 79.35700469662219800, -0.1074698903985056900, 294.5897613697818500 ) ) ;
#4694 = VERTEX_POINT ( 'NONE', #5219 ) ;
#4695 = CARTESIAN_POINT ( 'NONE',  ( 56.97580223467887400, 11.15378736229702700, 291.5012211842449100 ) ) ;
#4696 = CARTESIAN_POINT ( 'NONE',  ( 90.47671383053247500, 9.523134261144880600, 287.1698173461751400 ) ) ;
#4697 = ORIENTED_EDGE ( 'NONE', *, *, #4045, .T. ) ;
#4698 = CARTESIAN_POINT ( 'NONE',  ( 91.97670214409002700, 9.438214050770112000, 287.2255477894827900 ) ) ;
#4699 = CARTESIAN_POINT ( 'NONE',  ( 90.47624475383840100, 1.910380397309346900, 289.4004251869047800 ) ) ;
#4700 = CARTESIAN_POINT ( 'NONE',  ( 56.97709313120071100, 9.050033334807624300, 285.3626004864366900 ) ) ;
#4701 = CARTESIAN_POINT ( 'NONE',  ( 56.97756557308395000, 10.17946055751997600, 283.1159901082573400 ) ) ;
#4702 = CARTESIAN_POINT ( 'NONE',  ( 56.97672634746776100, -10.97297645276757400, 287.1067729882020100 ) ) ;
#4703 = EDGE_LOOP ( 'NONE', ( #3984, #382, #1716, #3381 ) ) ;
#4704 = CARTESIAN_POINT ( 'NONE',  ( 91.97625002854589100, -4.589579842660319800, 289.3755000050682000 ) ) ;
#4705 = DIRECTION ( 'NONE',  ( 0.0000000000000000000, -0.003010154417689424400, 0.9999954694749280100 ) ) ;
#4706 = CARTESIAN_POINT ( 'NONE',  ( 91.97656007977438700, 2.783378296535498300, 287.9011084821548800 ) ) ;
#4707 = CARTESIAN_POINT ( 'NONE',  ( 91.97755936635546400, -8.920684477411366900, 283.1491851589435700 ) ) ;
#4708 = CARTESIAN_POINT ( 'NONE',  ( 74.39833699694818800, -9.455439745397590900, 294.5605796452520600 ) ) ;
#4709 = CARTESIAN_POINT ( 'NONE',  ( 91.97757706224902600, -9.193111135479815800, 283.0650355956427100 ) ) ;
#4710 = CARTESIAN_POINT ( 'NONE',  ( 91.70647281166185400, 11.14911370436506400, 293.4838090885195400 ) ) ;
#4711 = CARTESIAN_POINT ( 'NONE',  ( 90.47756935915602100, -13.12913380590302900, 283.1015085177469900 ) ) ;
#4712 = CARTESIAN_POINT ( 'NONE',  ( 90.47681041802025000, 9.859784809509379900, 286.7105133340958800 ) ) ;
#4713 = CARTESIAN_POINT ( 'NONE',  ( 58.47679163838637400, 9.820846676754825900, 286.7964517649306200 ) ) ;
#4714 = CARTESIAN_POINT ( 'NONE',  ( 69.63675348281842000, 5.187743136569332100, 294.6036567705201600 ) ) ;
#4715 = CARTESIAN_POINT ( 'NONE',  ( 90.47679026149855000, -10.70256074865789800, 286.8063639613639600 ) ) ;
#4716 = CARTESIAN_POINT ( 'NONE',  ( 90.47739651298863400, -13.82305754966806400, 283.9234466380623900 ) ) ;
#4717 = ORIENTED_EDGE ( 'NONE', *, *, #517, .F. ) ;
#4718 = CARTESIAN_POINT ( 'NONE',  ( 59.22516400660429500, -16.41684256720916200, 294.5364338706490300 ) ) ;
#4719 = CARTESIAN_POINT ( 'NONE',  ( 91.97645586204583900, 2.046268948611719400, 288.3966966991573600 ) ) ;
#4720 = CARTESIAN_POINT ( 'NONE',  ( 91.97589269720188600, 11.15487469848260500, 291.0747234108877700 ) ) ;
#4721 = EDGE_CURVE ( 'NONE', #4694, #2189, #4820, .T. ) ;
#4722 = CARTESIAN_POINT ( 'NONE',  ( 81.39865243194255100, -2.450924513621779000, 293.0831296883230800 ) ) ;
#4723 = CARTESIAN_POINT ( 'NONE',  ( 58.47694747574228600, -10.61019836510691200, 286.0553959164543600 ) ) ;
#4724 = CARTESIAN_POINT ( 'NONE',  ( 58.47755233363597700, 10.52637939134123500, 283.1791055833450600 ) ) ;
#4725 = CARTESIAN_POINT ( 'NONE',  ( 90.47669212861534000, 9.348173816076334600, 287.2730168168704400 ) ) ;
#4726 = ORIENTED_EDGE ( 'NONE', *, *, #3519, .F. ) ;
#4727 = EDGE_CURVE ( 'NONE', #2456, #308, #1278, .T. ) ;
#4728 = CARTESIAN_POINT ( 'NONE',  ( 56.97667893418168500, 9.165107197571009200, 287.3322381382561200 ) ) ;
#4729 = CALENDAR_DATE ( 2022, 25, 4 ) ;
#4730 = VERTEX_POINT ( 'NONE', #3638 ) ;
#4731 = CARTESIAN_POINT ( 'NONE',  ( 72.82897323209083100, 4.964734005914932500, 294.6036567705202200 ) ) ;
#4732 =( BOUNDED_CURVE ( )  B_SPLINE_CURVE ( 3, ( #2181, #5034, #3428, #1785 ),
 .UNSPECIFIED., .F., .F. ) 
 B_SPLINE_CURVE_WITH_KNOTS ( ( 4, 4 ),
 ( 5.975432427903119900E-015, 3.141592653589798900 ),
 .UNSPECIFIED. ) 
 CURVE ( )  GEOMETRIC_REPRESENTATION_ITEM ( )  RATIONAL_B_SPLINE_CURVE ( ( 1.000000000000000000, 0.3333333333333333700, 0.3333333333333333700, 1.000000000000000000 ) ) 
 REPRESENTATION_ITEM ( '' )  );
#4733 = CARTESIAN_POINT ( 'NONE',  ( 58.47561972842729000, 11.15230452577106700, 292.3692537743368100 ) ) ;
#4734 = CARTESIAN_POINT ( 'NONE',  ( 58.47694717213769900, 9.871971473351781200, 286.0568396513205000 ) ) ;
#4735 = CARTESIAN_POINT ( 'NONE',  ( 90.47707067336749300, 8.475820199320544600, 285.4729169548497800 ) ) ;
#4736 = CARTESIAN_POINT ( 'NONE',  ( 56.97688355480062200, 7.919687749126103100, 286.3592024647407500 ) ) ;
#4737 =( BOUNDED_CURVE ( )  B_SPLINE_CURVE ( 3, ( #3336, #2892, #2552, #88 ),
 .UNSPECIFIED., .F., .T. ) 
 B_SPLINE_CURVE_WITH_KNOTS ( ( 4, 4 ),
 ( 3.141592653589798900, 6.283185307179586200 ),
 .UNSPECIFIED. ) 
 CURVE ( )  GEOMETRIC_REPRESENTATION_ITEM ( )  RATIONAL_B_SPLINE_CURVE ( ( 1.000000000000000000, 0.3333333333333353100, 0.3333333333333353100, 1.000000000000000000 ) ) 
 REPRESENTATION_ITEM ( '' )  );
#4738 = ORIENTED_EDGE ( 'NONE', *, *, #1781, .F. ) ;
#4739 = CARTESIAN_POINT ( 'NONE',  ( 90.47668764392641100, 9.299751991362272800, 287.2943429291619300 ) ) ;
#4740 = ORIENTED_EDGE ( 'NONE', *, *, #625, .F. ) ;
#4741 = CARTESIAN_POINT ( 'NONE',  ( 69.41405978697190400, -7.899456317800882300, 293.0642084395875600 ) ) ;
#4742 = CARTESIAN_POINT ( 'NONE',  ( 91.97557911640186000, -13.84812801964212700, 292.5658991613597100 ) ) ;
#4743 = EDGE_CURVE ( 'NONE', #464, #4745, #2377, .T. ) ;
#4744 = CARTESIAN_POINT ( 'NONE',  ( 90.47757460790133200, -13.03844078438830100, 283.0765490759240500 ) ) ;
#4745 = VERTEX_POINT ( 'NONE', #1560 ) ;
#4746 = CARTESIAN_POINT ( 'NONE',  ( 56.97561976159401100, 11.15230452577105600, 292.3689383378837800 ) ) ;
#4747 = CARTESIAN_POINT ( 'NONE',  ( 90.47634966245240700, 1.911056154036007400, 288.9015515913571300 ) ) ;
#4748 = CARTESIAN_POINT ( 'NONE',  ( 90.47706576366351800, 8.430434365950901600, 285.4962641479834200 ) ) ;
#4749 = CARTESIAN_POINT ( 'NONE',  ( 56.97624525032282600, 1.910303492928331800, 289.3945418688468900 ) ) ;
#4750 = EDGE_LOOP ( 'NONE', ( #2363, #2320, #1248, #1472 ) ) ;
#4751 = CARTESIAN_POINT ( 'NONE',  ( 58.47668883617880200, 8.534052057677028500, 287.2853087326842600 ) ) ;
#4752 = FACE_OUTER_BOUND ( 'NONE', #1578, .T. ) ;
#4753 = CARTESIAN_POINT ( 'NONE',  ( 90.47754921798589600, 10.55492450465882100, 283.1972861432997800 ) ) ;
#4754 = CARTESIAN_POINT ( 'NONE',  ( 90.47667181044619200, 9.044013025859827700, 287.3696361286804400 ) ) ;
#4755 = ADVANCED_FACE ( 'NONE', ( #5024 ), #2980, .T. ) ;
#4756 = VECTOR ( 'NONE', #4926, 1000.000000000000100 ) ;
#4757 = CC_DESIGN_SECURITY_CLASSIFICATION ( #3516, ( #3780 ) ) ;
#4758 = CARTESIAN_POINT ( 'NONE',  ( 58.47668476530018500, 9.255273332998315900, 287.3046670462169300 ) ) ;
#4759 = EDGE_CURVE ( 'NONE', #4664, #3066, #596, .T. ) ;
#4760 = CARTESIAN_POINT ( 'NONE',  ( 69.63706891783890300, 5.192258368295702200, 293.1036635994746000 ) ) ;
#4761 = CARTESIAN_POINT ( 'NONE',  ( 69.41374435216401700, 1.995523387296928000, 294.5940007553736600 ) ) ;
#4762 = CARTESIAN_POINT ( 'NONE',  ( 90.47679207336699400, 8.015923748374143900, 286.7977479546148600 ) ) ;
#4763 = CARTESIAN_POINT ( 'NONE',  ( 90.47705053160717600, 8.316232176057059900, 285.5686973870248300 ) ) ;
#4764 = CARTESIAN_POINT ( 'NONE',  ( 58.47688352163347500, 7.919687749126104800, 286.3595179011938400 ) ) ;
#4765 = CARTESIAN_POINT ( 'NONE',  ( 56.97687020308858800, 7.919496628708703400, 286.4226940726778700 ) ) ;
#4766 = CARTESIAN_POINT ( 'NONE',  ( 91.97741188751926700, 11.14007031447393100, 283.8504936070149800 ) ) ;
#4767 = CARTESIAN_POINT ( 'NONE',  ( 91.97677725166163000, 9.797346375618273500, 286.8683875633516900 ) ) ;
#4768 = ORIENTED_EDGE ( 'NONE', *, *, #4771, .T. ) ;
#4769 = CARTESIAN_POINT ( 'NONE',  ( 56.97710622866963300, -11.64070536048506800, 285.3003178858288600 ) ) ;
#4770 = CARTESIAN_POINT ( 'NONE',  ( 56.97646088675045200, -4.719014613290543300, 288.3691225459055000 ) ) ;
#4771 = EDGE_CURVE ( 'NONE', #5131, #3917, #1704, .T. ) ;
#4772 = ORIENTED_EDGE ( 'NONE', *, *, #1924, .F. ) ;
#4773 = LINE ( 'NONE', #1155, #2262 ) ;
#4774 = CARTESIAN_POINT ( 'NONE',  ( 56.97656054294706300, -5.323931588508725300, 287.8952258540717300 ) ) ;
#4775 = CARTESIAN_POINT ( 'NONE',  ( 90.47668554793584400, 8.564781735654163300, 287.3043100263535600 ) ) ;
#4776 = CARTESIAN_POINT ( 'NONE',  ( 91.97755797253201100, 6.385794561296386000, 283.1558132296079900 ) ) ;
#4777 = CARTESIAN_POINT ( 'NONE',  ( 91.97709243791911100, 8.922693373086016100, 285.3695773556531200 ) ) ;
#4778 = PERSON_AND_ORGANIZATION ( #3617, #2740 ) ;
#4779 = ORIENTED_EDGE ( 'NONE', *, *, #2360, .T. ) ;
#4780 = EDGE_CURVE ( 'NONE', #151, #4140, #1896, .T. ) ;
#4781 = CARTESIAN_POINT ( 'NONE',  ( 90.47710544775603100, -11.57721375114999800, 285.3075537537000600 ) ) ;
#4782 = CARTESIAN_POINT ( 'NONE',  ( 56.97707084873871300, 9.368934416036777800, 285.4685606312676800 ) ) ;
#4783 = CARTESIAN_POINT ( 'NONE',  ( 58.47669338208898200, 8.485759499663840800, 287.2636914938422000 ) ) ;
#4784 = ORIENTED_EDGE ( 'NONE', *, *, #3532, .T. ) ;
#4785 = CARTESIAN_POINT ( 'NONE',  ( 91.97756479919473800, 10.17946055752001500, 283.1233502921530800 ) ) ;
#4786 = CARTESIAN_POINT ( 'NONE',  ( 56.97702380998502700, -12.37713644984316600, 285.6922447635687900 ) ) ;
#4787 = CARTESIAN_POINT ( 'NONE',  ( 90.47694766902422700, 7.969252551610153100, 286.0578414586201500 ) ) ;
#4788 = CARTESIAN_POINT ( 'NONE',  ( 74.55197120926745000, 6.743726563953539500, 293.1093673392579700 ) ) ;
#4789 = CARTESIAN_POINT ( 'NONE',  ( 58.47703480744975500, -12.33406279466941900, 285.6401060634699400 ) ) ;
#4790 = CARTESIAN_POINT ( 'NONE',  ( 90.47677929645465200, 8.046689980707185400, 286.8585062084471800 ) ) ;
#4791 = CARTESIAN_POINT ( 'NONE',  ( 90.47752630886945700, 6.069218806997949600, 283.3062262279563000 ) ) ;
#4792 = CARTESIAN_POINT ( 'NONE',  ( 56.97636405034717200, 1.910765118614898200, 288.8296102294579600 ) ) ;
#4793 = B_SPLINE_CURVE_WITH_KNOTS ( 'NONE', 3,
 ( #2542, #2930, #877, #1296, #4996, #4, #2100, #79, #415, #1275, #2062, #4544, #1643, #3290, #434, #815, #4976, #4150 ),
 .UNSPECIFIED., .F., .F.,
 ( 4, 1, 1, 2, 2, 2, 1, 1, 2, 2, 4 ),
 ( 0.0000000000000000000, 0.1249999999998445700, 0.1874999999997757300, 0.2187499999997413200, 0.2499999999997069000, 0.4999999999994599900, 0.6249999999993365300, 0.6874999999993186600, 0.7187499999993557400, 0.7499999999993928200, 1.000000000000000000 ),
 .UNSPECIFIED. ) ;
#4794 = ORIENTED_EDGE ( 'NONE', *, *, #688, .T. ) ;
#4795 = CARTESIAN_POINT ( 'NONE',  ( 91.97702384165901900, -12.38282204614261600, 285.6957742389238900 ) ) ;
#4796 = CARTESIAN_POINT ( 'NONE',  ( 56.97708813192527800, 9.172660566087108300, 285.3863736201759000 ) ) ;
#4797 = CARTESIAN_POINT ( 'NONE',  ( 58.47679208208658300, -12.46087416299742800, 286.7943418314710600 ) ) ;
#4798 = ORIENTED_EDGE ( 'NONE', *, *, #3824, .T. ) ;
#4799 = CARTESIAN_POINT ( 'NONE',  ( 91.97755140972185500, 10.52787904549648500, 283.1870214648291200 ) ) ;
#4800 = B_SPLINE_CURVE_WITH_KNOTS ( 'NONE', 3,
 ( #2709, #4769, #5175, #3939, #3496, #1001, #1424, #2323, #276, #3585, #4390, #3600, #4786, #1521, #1086, #3966, #5195, #2755, #1101, #1502, #1911, #3985 ),
 .UNSPECIFIED., .F., .F.,
 ( 4, 2, 2, 2, 2, 2, 2, 2, 2, 2, 4 ),
 ( 0.0000000000000000000, 0.1250000000000000000, 0.1875000000000000000, 0.2187500000000000000, 0.2500000000000000000, 0.5000000000000000000, 0.6250000000000000000, 0.6875000000000000000, 0.7187500000000000000, 0.7500000000000000000, 1.000000000000000000 ),
 .UNSPECIFIED. ) ;
#4801 = ORIENTED_EDGE ( 'NONE', *, *, #2634, .T. ) ;
#4802 = ADVANCED_FACE ( 'NONE', ( #2406 ), #1538, .F. ) ;
#4803 = CARTESIAN_POINT ( 'NONE',  ( 90.47689616579016600, 7.919878869543371300, 286.3027556042546800 ) ) ;
#4804 = ORIENTED_EDGE ( 'NONE', *, *, #470, .F. ) ;
#4805 = CARTESIAN_POINT ( 'NONE',  ( 69.41405978718449900, 2.000038619023297900, 293.0940075843281500 ) ) ;
#4806 = CARTESIAN_POINT ( 'NONE',  ( 69.41374435195142200, -7.903971549527252400, 294.5642016106331200 ) ) ;
#4807 = CARTESIAN_POINT ( 'NONE',  ( 90.47667189105381200, 8.916673064116015000, 287.3692528139999900 ) ) ;
#4808 = EDGE_LOOP ( 'NONE', ( #3875, #2340, #3153, #1536 ) ) ;
#4809 = CARTESIAN_POINT ( 'NONE',  ( 91.97756223107271000, 6.461470870370306800, 283.1355625234974100 ) ) ;
#4810 = CARTESIAN_POINT ( 'NONE',  ( 56.97737047526746300, -13.82344086435737300, 284.0437418495469000 ) ) ;
#4811 = CARTESIAN_POINT ( 'NONE',  ( 91.97688151489479900, 9.919678688075430600, 286.3725829574655100 ) ) ;
#4812 = CARTESIAN_POINT ( 'NONE',  ( 91.97670058742990300, -11.20015513289250500, 287.2329502000251300 ) ) ;
#4813 = CARTESIAN_POINT ( 'NONE',  ( 91.97696061252771900, -12.53065457262396100, 285.9964487294951700 ) ) ;
#4814 = CARTESIAN_POINT ( 'NONE',  ( 58.47603564368984100, 1.909781422477014400, 290.3914453323000100 ) ) ;
#4815 = EDGE_CURVE ( 'NONE', #2403, #39, #5226, .T. ) ;
#4816 = CARTESIAN_POINT ( 'NONE',  ( 58.47682529372576000, -12.52236291705509300, 286.6364099969903200 ) ) ;
#4817 =( BOUNDED_SURFACE ( )  B_SPLINE_SURFACE ( 3, 1, ( 
 ( #5127, #1858 ),
 ( #3125, #3947 ),
 ( #2284, #2717 ),
 ( #3139, #3070 ) ),
 .UNSPECIFIED., .F., .F., .F. ) 
 B_SPLINE_SURFACE_WITH_KNOTS ( ( 4, 4 ),
 ( 2, 2 ),
 ( 0.0000000000000000000, 1.000000000000000000 ),
 ( 0.0000000000000000000, 1.000000000000000000 ),
 .UNSPECIFIED. ) 
 GEOMETRIC_REPRESENTATION_ITEM ( )  RATIONAL_B_SPLINE_SURFACE ( (
 ( 1.000000000000000000, 1.000000000000000000),
 ( 0.3333333333333323200, 0.3333333333333323200),
 ( 0.3333333333333323200, 0.3333333333333323200),
 ( 1.000000000000000000, 1.000000000000000000) ) ) 
 REPRESENTATION_ITEM ( '' )  SURFACE ( )  );
#4818 = CARTESIAN_POINT ( 'NONE',  ( 90.47708969488346000, -11.96029267838510700, 285.3824636385024300 ) ) ;
#4819 = CARTESIAN_POINT ( 'NONE',  ( 56.97740142855077700, 11.15207722094611300, 283.8965492094238800 ) ) ;
#4820 = B_SPLINE_CURVE_WITH_KNOTS ( 'NONE', 3,
 ( #1595, #4411, #1546, #4428, #2349, #730, #1953, #2005, #3214, #2851, #3669, #1579, #4829, #3655, #3254, #762, #4879, #4479, #2426, #377, #2371, #4811 ),
 .UNSPECIFIED., .F., .F.,
 ( 4, 2, 2, 2, 2, 2, 2, 2, 2, 2, 4 ),
 ( 0.0000000000000000000, 0.1250000000000000000, 0.1875000000000000000, 0.2187500000000000000, 0.2500000000000000000, 0.5000000000000000000, 0.6250000000000000000, 0.6875000000000000000, 0.7187500000000000000, 0.7500000000000000000, 1.000000000000000000 ),
 .UNSPECIFIED. ) ;
#4821 = CARTESIAN_POINT ( 'NONE',  ( 61.97547801607153400, -13.85927827932205100, 293.0447041065265200 ) ) ;
#4822 = LINE ( 'NONE', #1182, #2666 ) ;
#4823 = DIRECTION ( 'NONE',  ( 0.0002102900136559410600, 0.003010154484246530600, -0.9999954473636822900 ) ) ;
#4824 = ORIENTED_EDGE ( 'NONE', *, *, #934, .T. ) ;
#4825 = CARTESIAN_POINT ( 'NONE',  ( 66.22184003769950800, -7.676447187146481900, 293.0642084395875000 ) ) ;
#4826 = CARTESIAN_POINT ( 'NONE',  ( 91.97678880751878700, 8.023342787058105300, 286.8134358125333800 ) ) ;
#4827 = CARTESIAN_POINT ( 'NONE',  ( 90.47756226423943800, 6.461470870370306800, 283.1352470870443800 ) ) ;
#4828 = DIRECTION ( 'NONE',  ( 6.332013765447824200E-007, -0.9999954694747277300, -0.003010154417647962800 ) ) ;
#4829 = CARTESIAN_POINT ( 'NONE',  ( 91.97700904820742100, 9.720243215848722000, 285.7661217738298100 ) ) ;
#4830 = CARTESIAN_POINT ( 'NONE',  ( 91.97710065125949100, -11.82732184288380100, 285.3305203279115900 ) ) ;
#4831 = EDGE_LOOP ( 'NONE', ( #1131, #3462, #3734, #4303 ) ) ;
#4832 = CARTESIAN_POINT ( 'NONE',  ( 58.47668557528000100, -11.58323406011999900, 287.3008153374000200 ) ) ;
#4833 = CARTESIAN_POINT ( 'NONE',  ( 56.97682532689248100, -12.52236291705510900, 286.6360945605371700 ) ) ;
#4834 = B_SPLINE_CURVE_WITH_KNOTS ( 'NONE', 3,
 ( #3014, #5073, #155, #939, #566, #1393, #1021, #4715, #3103, #3118, #3916, #2263, #2695, #2247, #5135, #220, #624, #636 ),
 .UNSPECIFIED., .F., .F.,
 ( 4, 1, 1, 2, 2, 2, 1, 1, 2, 2, 4 ),
 ( 0.0000000000000000000, 0.1250000000001171600, 0.1875000000001211800, 0.2187500000001757200, 0.2500000000002302600, 0.5000000000001060300, 0.6250000000000439600, 0.6875000000000409700, 0.7187500000000408600, 0.7500000000000406300, 1.000000000000000000 ),
 .UNSPECIFIED. ) ;
#4835 = EDGE_CURVE ( 'NONE', #1148, #777, #2790, .T. ) ;
#4836 = CARTESIAN_POINT ( 'NONE',  ( 56.97641051650968100, -4.613529375685891100, 288.6086489504592100 ) ) ;
#4837 = VERTEX_POINT ( 'NONE', #4092 ) ;
#4838 = APPLICATION_PROTOCOL_DEFINITION ( 'international standard', 'config_control_design', 1994, #2020 ) ;
#4839 = FACE_BOUND ( 'NONE', #981, .T. ) ;
#4840 = CARTESIAN_POINT ( 'NONE',  ( 58.47710615531003200, -11.57721375114987300, 285.3008244426525800 ) ) ;
#4841 = ORIENTED_EDGE ( 'NONE', *, *, #2662, .F. ) ;
#4842 = CARTESIAN_POINT ( 'NONE',  ( 91.97668483455731800, -11.58323406011993800, 287.3078600848405100 ) ) ;
#4843 = CARTESIAN_POINT ( 'NONE',  ( 90.47746688192310700, 5.823628468240839200, 283.5888201282014100 ) ) ;
#4844 = DIRECTION ( 'NONE',  ( 0.0002102900136559410600, 0.003010154484246530600, -0.9999954473636822900 ) ) ;
#4845 = EDGE_LOOP ( 'NONE', ( #2819, #3799, #2613, #829 ) ) ;
#4846 = CARTESIAN_POINT ( 'NONE',  ( 56.97698059878079100, -12.49568649526844900, 285.8977276881682900 ) ) ;
#4847 = CARTESIAN_POINT ( 'NONE',  ( 89.72547714559074400, -13.85053246672043600, 293.0505660071565300 ) ) ;
#4848 = FACE_OUTER_BOUND ( 'NONE', #3858, .T. ) ;
#4849 = CARTESIAN_POINT ( 'NONE',  ( 90.47655828882206200, 5.665032097855027300, 287.9094673078512900 ) ) ;
#4850 = CARTESIAN_POINT ( 'NONE',  ( 56.97671655437736100, -12.10389855160533800, 287.1533422263315200 ) ) ;
#4851 = CARTESIAN_POINT ( 'NONE',  ( 58.47746093394764000, -8.427120820181471600, 283.6137399714203300 ) ) ;
#4852 = EDGE_CURVE ( 'NONE', #2177, #2925, #4520, .T. ) ;
#4853 = CARTESIAN_POINT ( 'NONE',  ( 58.85630592878381900, -13.84999784760893800, 292.9544378528532900 ) ) ;
#4854 = ORIENTED_EDGE ( 'NONE', *, *, #3015, .T. ) ;
#4855 = PERSON_AND_ORGANIZATION_ROLE ( 'classification_officer' ) ;
#4856 = ORIENTED_EDGE ( 'NONE', *, *, #4591, .T. ) ;
#4857 = CARTESIAN_POINT ( 'NONE',  ( 58.47757954522671800, -12.82043524039957600, 283.0470719929519400 ) ) ;
#4858 = CARTESIAN_POINT ( 'NONE',  ( 91.97738504348251400, 11.15213258337050600, 283.9781454805794900 ) ) ;
#4859 = CARTESIAN_POINT ( 'NONE',  ( 91.97676640748760200, -10.77762576515668300, 286.9199550360498300 ) ) ;
#4860 = ORIENTED_EDGE ( 'NONE', *, *, #3676, .F. ) ;
#4861 = CARTESIAN_POINT ( 'NONE',  ( 91.97580146070230000, 11.15395582152323500, 291.5085817839412200 ) ) ;
#4862 = CARTESIAN_POINT ( 'NONE',  ( 58.47756434623585200, -13.20351416763719000, 283.1219818779023900 ) ) ;
#4863 = CARTESIAN_POINT ( 'NONE',  ( 90.47640925915999300, -4.612764031998878500, 288.6181504228351300 ) ) ;
#4864 = EDGE_CURVE ( 'NONE', #2111, #2299, #277, .T. ) ;
#4865 = CARTESIAN_POINT ( 'NONE',  ( 58.47668557528077600, -11.58323406011992200, 287.3008153373689300 ) ) ;
#4866 = B_SPLINE_CURVE_WITH_KNOTS ( 'NONE', 3,
 ( #3692, #442, #424, #1222, #4449, #3674, #2840, #847, #3299, #3261, #1198, #400, #2918, #2431, #2052, #1157, #5296, #30 ),
 .UNSPECIFIED., .F., .F.,
 ( 4, 1, 1, 2, 2, 2, 1, 1, 2, 2, 4 ),
 ( 0.0000000000000000000, 0.1250000000001123500, 0.1875000000001682000, 0.2187500000001956500, 0.2500000000002231000, 0.5000000000000742700, 0.6249999999999652500, 0.6874999999999107400, 0.7187499999999056300, 0.7499999999999005200, 1.000000000000000000 ),
 .UNSPECIFIED. ) ;
#4867 = EDGE_CURVE ( 'NONE', #5325, #2137, #3191, .T. ) ;
#4868 = EDGE_LOOP ( 'NONE', ( #431, #2075, #2762, #2579 ) ) ;
#4869 = CARTESIAN_POINT ( 'NONE',  ( 91.97708361687097100, -12.02408692490350000, 285.4115242257629500 ) ) ;
#4870 = CARTESIAN_POINT ( 'NONE',  ( 56.97687004964574000, -12.57474744249320900, 286.4234237428724400 ) ) ;
#4871 = FACE_OUTER_BOUND ( 'NONE', #1624, .T. ) ;
#4872 = CARTESIAN_POINT ( 'NONE',  ( 90.47682966978561600, -10.62979323866820500, 286.6189651090549000 ) ) ;
#4873 = CARTESIAN_POINT ( 'NONE',  ( 79.31323928856312500, 1.995523387084408200, 294.5960825297759700 ) ) ;
#4874 = EDGE_CURVE ( 'NONE', #2463, #689, #1102, .T. ) ;
#4875 = CARTESIAN_POINT ( 'NONE',  ( 91.97677310555209800, 8.063708213269510600, 286.8881036237720000 ) ) ;
#4876 = CARTESIAN_POINT ( 'NONE',  ( 91.92672044795841700, -13.84898029664027100, 292.8543224582240900 ) ) ;
#4877 = CARTESIAN_POINT ( 'NONE',  ( 72.35732013164269500, 6.897045341278425400, 293.1093673392579700 ) ) ;
#4878 = CARTESIAN_POINT ( 'NONE',  ( 91.97757935838569700, -12.82043524039992600, 283.0541167405289100 ) ) ;
#4879 = CARTESIAN_POINT ( 'NONE',  ( 91.97697225560594300, 9.823442688823034200, 285.9410822150339300 ) ) ;
#4880 = CARTESIAN_POINT ( 'NONE',  ( 91.97656529298623700, -5.452198063623773900, 287.8763180131697900 ) ) ;
#4881 = CARTESIAN_POINT ( 'NONE',  ( 90.47755162377534100, 10.52632219455557700, 283.1858458546525400 ) ) ;
#4882 = ADVANCED_FACE ( 'NONE', ( #3137 ), #3020, .F. ) ;
#4883 = CARTESIAN_POINT ( 'NONE',  ( 90.47652307405951400, -4.971788499441965200, 288.0769246265181800 ) ) ;
#4884 = CARTESIAN_POINT ( 'NONE',  ( 58.47753455494867600, 10.71160378944057000, 283.2636488569677900 ) ) ;
#4885 =( BOUNDED_CURVE ( )  B_SPLINE_CURVE ( 3, ( #3912, #1817, #203, #597 ),
 .UNSPECIFIED., .F., .T. ) 
 B_SPLINE_CURVE_WITH_KNOTS ( ( 4, 4 ),
 ( 3.141592653589792700, 6.283185307179586200 ),
 .UNSPECIFIED. ) 
 CURVE ( )  GEOMETRIC_REPRESENTATION_ITEM ( )  RATIONAL_B_SPLINE_CURVE ( ( 1.000000000000000000, 0.3333333333333332000, 0.3333333333333332000, 1.000000000000000000 ) ) 
 REPRESENTATION_ITEM ( '' )  );
#4886 = CARTESIAN_POINT ( 'NONE',  ( 58.47684266644453300, -10.60438488510915400, 286.5537972319012900 ) ) ;
#4887 = EDGE_CURVE ( 'NONE', #3349, #4694, #4374, .T. ) ;
#4888 = CARTESIAN_POINT ( 'NONE',  ( 56.97668560844671500, -11.58323406012001500, 287.3004999009469300 ) ) ;
#4889 = CARTESIAN_POINT ( 'NONE',  ( 56.97756532160431700, -8.982205276673020900, 283.1171859743042200 ) ) ;
#4890 = VECTOR ( 'NONE', #4293, 1000.000000000000100 ) ;
#4891 =( BOUNDED_CURVE ( )  B_SPLINE_CURVE ( 3, ( #1088, #1507, #3619, #2364 ),
 .UNSPECIFIED., .F., .T. ) 
 B_SPLINE_CURVE_WITH_KNOTS ( ( 4, 4 ),
 ( 5.975432427903119900E-015, 3.141592653589798900 ),
 .UNSPECIFIED. ) 
 CURVE ( )  GEOMETRIC_REPRESENTATION_ITEM ( )  RATIONAL_B_SPLINE_CURVE ( ( 1.000000000000000000, 0.3333333333333333700, 0.3333333333333333700, 1.000000000000000000 ) ) 
 REPRESENTATION_ITEM ( '' )  );
#4892 = AXIS2_PLACEMENT_3D ( 'NONE', #3787, #2129, #1630 ) ;
#4893 = CARTESIAN_POINT ( 'NONE',  ( 58.47561698814119800, -13.84778208845912700, 292.3822847014971600 ) ) ;
#4894 = CARTESIAN_POINT ( 'NONE',  ( 56.97683161495065500, -12.53251216038545100, 286.6061928578324100 ) ) ;
#4895 = ORIENTED_EDGE ( 'NONE', *, *, #4721, .F. ) ;
#4896 = CARTESIAN_POINT ( 'NONE',  ( 56.97709297734245100, -11.92948967649914000, 285.3633321320909300 ) ) ;
#4897 = DIRECTION ( 'NONE',  ( 0.0002102900136559410600, 0.003010154484246530600, -0.9999954473636822900 ) ) ;
#4898 = CARTESIAN_POINT ( 'NONE',  ( 56.97696934590002400, -10.64305156341535300, 285.9512386904010600 ) ) ;
#4899 = CARTESIAN_POINT ( 'NONE',  ( 91.97684867659768300, -10.60428825106322400, 286.5287394324225800 ) ) ;
#4900 = AXIS2_PLACEMENT_3D ( 'NONE', #3182, #4828, #3637 ) ;
#4901 = ORIENTED_EDGE ( 'NONE', *, *, #4028, .T. ) ;
#4902 = CARTESIAN_POINT ( 'NONE',  ( 79.53656385423801100, 5.192258368083182400, 293.1057453738769100 ) ) ;
#4903 = CARTESIAN_POINT ( 'NONE',  ( 91.97757305598031500, -13.06886937384195800, 283.0840866688203100 ) ) ;
#4904 = CARTESIAN_POINT ( 'NONE',  ( 91.97656537699874900, -5.584916907359969200, 287.8759185071714300 ) ) ;
#4905 = CARTESIAN_POINT ( 'NONE',  ( 56.97735464619857000, 11.16429958011620000, 284.1190140706006600 ) ) ;
#4906 = CARTESIAN_POINT ( 'NONE',  ( 90.47735739088139400, 5.676470790398923300, 284.1094846082077100 ) ) ;
#4907 = CARTESIAN_POINT ( 'NONE',  ( 90.45933005764833000, -13.84786997151328700, 292.4851556937554700 ) ) ;
#4908 = CARTESIAN_POINT ( 'NONE',  ( 90.47656591855930200, -5.584916907359994000, 287.8756030708342500 ) ) ;
#4909 = CARTESIAN_POINT ( 'NONE',  ( 56.97680464822350600, -10.67906044747684800, 286.7344281628794000 ) ) ;
#4910 = FACE_BOUND ( 'NONE', #5301, .T. ) ;
#4911 = CARTESIAN_POINT ( 'NONE',  ( 89.72546132038330300, 11.14935406935060600, 293.1258198669942200 ) ) ;
#4912 = CARTESIAN_POINT ( 'NONE',  ( 56.97753640587051600, -8.711370839625432800, 283.2546894216769100 ) ) ;
#4913 = EDGE_LOOP ( 'NONE', ( #1069, #1192 ) ) ;
#4914 = B_SPLINE_CURVE_WITH_KNOTS ( 'NONE', 3,
 ( #680, #3209, #1528, #4406 ),
 .UNSPECIFIED., .F., .F.,
 ( 4, 4 ),
 ( 0.0000000000000000000, 0.9999996761604622600 ),
 .UNSPECIFIED. ) ;
#4915 = EDGE_CURVE ( 'NONE', #1046, #4087, #2472, .T. ) ;
#4916 = ORIENTED_EDGE ( 'NONE', *, *, #742, .F. ) ;
#4917 = CARTESIAN_POINT ( 'NONE',  ( 91.97676640748760200, -10.77762576515668300, 286.9199550360498300 ) ) ;
#4918 = CARTESIAN_POINT ( 'NONE',  ( 91.97689575758161600, -12.58021937510688200, 286.3048544830654700 ) ) ;
#4919 = CARTESIAN_POINT ( 'NONE',  ( 91.97671336876264500, 8.307592806509859400, 287.1721709258209800 ) ) ;
#4920 = APPROVAL_STATUS ( 'not_yet_approved' ) ;
#4921 = CARTESIAN_POINT ( 'NONE',  ( 91.97684316210872200, -12.55756823683150200, 286.5549625692515300 ) ) ;
#4922 = CARTESIAN_POINT ( 'NONE',  ( 82.72846816858812200, -4.934760930811086700, 294.5759394001829000 ) ) ;
#4923 = CARTESIAN_POINT ( 'NONE',  ( 91.97736945889974400, 11.15215950815088200, 284.0522550941167300 ) ) ;
#4924 = CARTESIAN_POINT ( 'NONE',  ( 90.47754195067027200, 6.182944307535196400, 283.2318445246626800 ) ) ;
#4925 = EDGE_CURVE ( 'NONE', #572, #181, #5282, .T. ) ;
#4926 = DIRECTION ( 'NONE',  ( 0.0002102900136559410600, 0.003010154484246530600, -0.9999954473636822900 ) ) ;
#4927 = CARTESIAN_POINT ( 'NONE',  ( 69.41405978697190400, -7.899456317800884100, 293.0642084395875600 ) ) ;
#4928 = CARTESIAN_POINT ( 'NONE',  ( 90.47686684845994900, 11.15302790282751600, 286.4421687694686500 ) ) ;
#4929 = CARTESIAN_POINT ( 'NONE',  ( 58.47603975842918100, -4.590189132714892900, 290.3718793285735800 ) ) ;
#4930 = CARTESIAN_POINT ( 'NONE',  ( 58.47744512436175800, 11.08722131759349600, 283.6889195448590000 ) ) ;
#4931 = CARTESIAN_POINT ( 'NONE',  ( 90.45931422198820800, 11.15200683938316800, 292.5604095687038500 ) ) ;
#4932 = ORIENTED_EDGE ( 'NONE', *, *, #3817, .F. ) ;
#4933 = ORIENTED_EDGE ( 'NONE', *, *, #417, .F. ) ;
#4934 = CARTESIAN_POINT ( 'NONE',  ( 91.97686801714712600, -10.58645840036212200, 286.4367690110003700 ) ) ;
#4935 = CARTESIAN_POINT ( 'NONE',  ( 58.11764671170625700, -13.85397343179800300, 294.2750008700848500 ) ) ;
#4936 = CARTESIAN_POINT ( 'NONE',  ( 91.97679860810558200, 8.001812389404365800, 286.7668309267838800 ) ) ;
#4937 = CARTESIAN_POINT ( 'NONE',  ( 91.97680501687048600, -12.48398337586427000, 286.7363552254605000 ) ) ;
#4938 = VERTEX_POINT ( 'NONE', #4231 ) ;
#4939 = CARTESIAN_POINT ( 'NONE',  ( 76.12133497431119600, 2.223047749465177700, 293.0960893587304100 ) ) ;
#4940 = CARTESIAN_POINT ( 'NONE',  ( 89.87546380981001400, 11.14935397439821000, 293.1258514108775400 ) ) ;
#4941 = ORIENTED_EDGE ( 'NONE', *, *, #925, .F. ) ;
#4942 = CARTESIAN_POINT ( 'NONE',  ( 90.47679207336699400, 8.015923748374145700, 286.7977479546148600 ) ) ;
#4943 = FACE_OUTER_BOUND ( 'NONE', #1104, .T. ) ;
#4944 = CARTESIAN_POINT ( 'NONE',  ( 56.97635003705596500, 1.910564528153687400, 288.8962478553246500 ) ) ;
#4945 = CARTESIAN_POINT ( 'NONE',  ( 90.47689579074973700, -12.58021937510688400, 286.3045390466124300 ) ) ;
#4946 = CARTESIAN_POINT ( 'NONE',  ( 56.97758013227515800, -12.82043524039985100, 283.0467565566469300 ) ) ;
#4947 = CARTESIAN_POINT ( 'NONE',  ( 59.22516238495966700, -13.85504799458651900, 294.5441453028358900 ) ) ;
#4948 = ORIENTED_EDGE ( 'NONE', *, *, #2325, .T. ) ;
#4949 = CARTESIAN_POINT ( 'NONE',  ( 58.47755048537618400, 6.279208127372154300, 283.1878946426719500 ) ) ;
#4950 = ORIENTED_EDGE ( 'NONE', *, *, #4343, .F. ) ;
#4951 = VECTOR ( 'NONE', #3441, 1000.000000000000100 ) ;
#4952 = B_SPLINE_CURVE_WITH_KNOTS ( 'NONE', 3,
 ( #3460, #4695, #3896, #2224 ),
 .UNSPECIFIED., .F., .F.,
 ( 4, 4 ),
 ( 0.0000000000000000000, 1.000000000000000000 ),
 .UNSPECIFIED. ) ;
#4953 = CARTESIAN_POINT ( 'NONE',  ( 56.97668479846690600, 9.255273332998299900, 287.3043516097637800 ) ) ;
#4954 = CARTESIAN_POINT ( 'NONE',  ( 91.97706671253861500, 9.418497989914445900, 285.4919096654116400 ) ) ;
#4955 = ADVANCED_FACE ( 'NONE', ( #412 ), #2421, .F. ) ;
#4956 = CARTESIAN_POINT ( 'NONE',  ( 91.97686897913770600, -12.58060268980056400, 286.4321944419793900 ) ) ;
#4957 = CARTESIAN_POINT ( 'NONE',  ( 91.97589269720188600, 11.15487469848260500, 291.0747234108877700 ) ) ;
#4958 = FACE_OUTER_BOUND ( 'NONE', #737, .T. ) ;
#4959 = CARTESIAN_POINT ( 'NONE',  ( 91.97756705491470100, 6.615984805025930400, 283.1126236312410900 ) ) ;
#4960 = B_SPLINE_SURFACE_WITH_KNOTS ( 'NONE', 1, 3, ( 
 ( #1769, #3449, #921, #3868, #4635, #2165, #2568, #5035, #4654, #5057 ),
 ( #2622, #3853, #4251, #568, #1787, #4671, #2199, #5074, #1395, #4267 ) ),
 .UNSPECIFIED., .F., .F., .F.,
 ( 2, 2 ),
 ( 4, 2, 2, 2, 4 ),
 ( 0.0000000000000000000, 1.000000000000000000 ),
 ( 0.0000000000000000000, 0.2500000000000000000, 0.5000000000000000000, 0.7500000000000000000, 1.000000000000000000 ),
 .UNSPECIFIED. ) ;
#4961 = CARTESIAN_POINT ( 'NONE',  ( 90.47676082324710500, 8.097744678394152000, 286.9463521450622900 ) ) ;
#4962 = CARTESIAN_POINT ( 'NONE',  ( 91.97735735771608700, 5.676470790398994400, 284.1098000446569400 ) ) ;
#4963 = CARTESIAN_POINT ( 'NONE',  ( 91.97589269720188600, 11.15487469848260500, 291.0747234108877700 ) ) ;
#4964 = ORIENTED_EDGE ( 'NONE', *, *, #5021, .F. ) ;
#4965 = CARTESIAN_POINT ( 'NONE',  ( 91.97710537439842000, -11.51372214180816300, 285.3080603105630100 ) ) ;
#4966 = CARTESIAN_POINT ( 'NONE',  ( 90.47605850141532400, -4.591693627211344400, 290.3785780145897800 ) ) ;
#4967 = DIRECTION ( 'NONE',  ( -0.0002102899202619499800, -0.003157779576443323900, 0.9999949920906083800 ) ) ;
#4968 = CARTESIAN_POINT ( 'NONE',  ( 76.34434410496560000, 5.415267498737582000, 293.1057453738769700 ) ) ;
#4969 = CARTESIAN_POINT ( 'NONE',  ( 58.47707996750532500, 8.570417447728935700, 285.4253557340757100 ) ) ;
#4970 = ORIENTED_EDGE ( 'NONE', *, *, #1937, .T. ) ;
#4971 = CARTESIAN_POINT ( 'NONE',  ( 79.31355472358360700, 2.000038618810778200, 293.0960893587304100 ) ) ;
#4972 = CARTESIAN_POINT ( 'NONE',  ( 90.47669529075436400, -11.89163982049176100, 287.2579798469958000 ) ) ;
#4973 = CARTESIAN_POINT ( 'NONE',  ( 56.97692174727971800, -10.58570036877570600, 286.1775851642308900 ) ) ;
#4974 = CARTESIAN_POINT ( 'NONE',  ( 91.97634962917133800, 1.911348295905848500, 288.9018675716503700 ) ) ;
#4975 = ORIENTED_EDGE ( 'NONE', *, *, #2297, .F. ) ;
#4976 = CARTESIAN_POINT ( 'NONE',  ( 90.47690832650543800, 9.920062002766398400, 286.2449275620526200 ) ) ;
#4977 = CARTESIAN_POINT ( 'NONE',  ( 90.47668231408414400, 8.608267303728679200, 287.3196880125970000 ) ) ;
#4978 = CARTESIAN_POINT ( 'NONE',  ( 91.97745016312009600, -13.74622609235210300, 283.6684810354799400 ) ) ;
#4979 = CARTESIAN_POINT ( 'NONE',  ( 91.97690925532926100, 7.925917713316807500, 286.2406684295920600 ) ) ;
#4980 = VECTOR ( 'NONE', #65, 1000.000000000000100 ) ;
#4981 = CARTESIAN_POINT ( 'NONE',  ( 56.97741629023477800, -13.79938104947375200, 283.8258772090863400 ) ) ;
#4982 = CARTESIAN_POINT ( 'NONE',  ( 89.72547714534411500, -13.85014283912467400, 293.0505671800010500 ) ) ;
#4983 = ADVANCED_FACE ( 'NONE', ( #4451 ), #3016, .T. ) ;
#4984 = CARTESIAN_POINT ( 'NONE',  ( 91.97757206297359300, -9.070483904200202100, 283.0888087293817500 ) ) ;
#4985 = CARTESIAN_POINT ( 'NONE',  ( 58.47699301267420700, 8.066845426960842500, 285.8388534212143100 ) ) ;
#4986 = B_SPLINE_CURVE_WITH_KNOTS ( 'NONE', 3,
 ( #3342, #430, #1253, #2059 ),
 .UNSPECIFIED., .F., .F.,
 ( 4, 4 ),
 ( 0.0000000000000000000, 1.000000000000000000 ),
 .UNSPECIFIED. ) ;
#4987 = CARTESIAN_POINT ( 'NONE',  ( 58.47667259861057700, 8.916673064116082500, 287.3625235029690000 ) ) ;
#4988 = DIRECTION ( 'NONE',  ( 0.9999999778888540900, 1.032507388379859100E-014, 0.0002102909687407822500 ) ) ;
#4989 = CARTESIAN_POINT ( 'NONE',  ( 90.47684319527543600, -12.55756823683150200, 286.5546471327984400 ) ) ;
#4990 = CARTESIAN_POINT ( 'NONE',  ( 91.97693411036770800, 9.897027549797911700, 286.1224748712332900 ) ) ;
#4991 = EDGE_CURVE ( 'NONE', #2965, #1309, #4066, .T. ) ;
#4992 = CARTESIAN_POINT ( 'NONE',  ( 56.97705442397297300, -10.91951006447955000, 285.5466655812023800 ) ) ;
#4993 = EDGE_LOOP ( 'NONE', ( #3562, #1181, #1437, #2886 ) ) ;
#4994 = CARTESIAN_POINT ( 'NONE',  ( 76.34402866994511800, 5.410752267011211800, 294.6057385449224700 ) ) ;
#4995 = ORIENTED_EDGE ( 'NONE', *, *, #211, .F. ) ;
#4996 = CARTESIAN_POINT ( 'NONE',  ( 90.47708204805550700, 9.231099133458505100, 285.4188267206030800 ) ) ;
#4997 = CARTESIAN_POINT ( 'NONE',  ( 90.47651854003085200, 2.301197213495148800, 288.0984853650352900 ) ) ;
#4998 = EDGE_CURVE ( 'NONE', #4248, #3492, #4672, .T. ) ;
#4999 = ORIENTED_EDGE ( 'NONE', *, *, #2939, .F. ) ;
#5000 = CARTESIAN_POINT ( 'NONE',  ( 91.97756719169508700, -13.15903550927113800, 283.1119731973041700 ) ) ;
#5001 = CARTESIAN_POINT ( 'NONE',  ( 91.97708767458931300, 8.672585281352750600, 285.3922284934350800 ) ) ;
#5002 = CARTESIAN_POINT ( 'NONE',  ( 90.47709285261427700, -11.23896793057363100, 285.3674476309300900 ) ) ;
#5003 = CARTESIAN_POINT ( 'NONE',  ( 58.47614526255181000, -4.589922885141319000, 289.8701730202000700 ) ) ;
#5004 = CARTESIAN_POINT ( 'NONE',  ( 58.47571096496972100, 11.15304594403405700, 291.9353951975173800 ) ) ;
#5005 = PLANE ( 'NONE',  #1130 ) ;
#5006 = CARTESIAN_POINT ( 'NONE',  ( 58.47709202794360600, 8.796763926576055300, 285.3680045406976500 ) ) ;
#5007 = ORIENTED_EDGE ( 'NONE', *, *, #902, .T. ) ;
#5008 = ADVANCED_FACE ( 'NONE', ( #2156 ), #4960, .T. ) ;
#5009 = CARTESIAN_POINT ( 'NONE',  ( 56.97702186394603500, 8.165844329561851500, 285.7014987925851400 ) ) ;
#5010 = CARTESIAN_POINT ( 'NONE',  ( 81.55197120926743500, -0.2562734359970210200, 293.0897681987362400 ) ) ;
#5011 = CARTESIAN_POINT ( 'NONE',  ( 56.97674397963858400, 9.673522107637078100, 287.0229264457104800 ) ) ;
#5012 = CARTESIAN_POINT ( 'NONE',  ( 90.47678611538901800, -12.43619891097185400, 286.8260800217059900 ) ) ;
#5013 = ADVANCED_FACE ( 'NONE', ( #784 ), #5061, .T. ) ;
#5014 = CARTESIAN_POINT ( 'NONE',  ( 56.97668886934550200, 8.534052057677010700, 287.2849932962311100 ) ) ;
#5015 = CARTESIAN_POINT ( 'NONE',  ( 91.97668483455731800, -11.58323406011993800, 287.3078600848405100 ) ) ;
#5016 = CARTESIAN_POINT ( 'NONE',  ( 58.47690873744257800, 9.914206755458803100, 286.2396087662854700 ) ) ;
#5017 = ORIENTED_EDGE ( 'NONE', *, *, #2570, .F. ) ;
#5018 = CARTESIAN_POINT ( 'NONE',  ( 91.97701086498881300, 8.117085078091690800, 285.7574824044973500 ) ) ;
#5019 = CARTESIAN_POINT ( 'NONE',  ( 90.47710413765082600, -11.45131952931638400, 285.3137837177472400 ) ) ;
#5020 = CARTESIAN_POINT ( 'NONE',  ( 58.47648002509307500, 2.113582528522875300, 288.2782713996314800 ) ) ;
#5021 = EDGE_CURVE ( 'NONE', #4837, #1025, #3017, .T. ) ;
#5022 = CARTESIAN_POINT ( 'NONE',  ( 56.97702186394603500, 8.165844329561851500, 285.7014987925851400 ) ) ;
#5023 = CARTESIAN_POINT ( 'NONE',  ( 56.97738460602321500, 5.682700754589741400, 283.9765456417019900 ) ) ;
#5024 = FACE_OUTER_BOUND ( 'NONE', #314, .T. ) ;
#5025 = DIRECTION ( 'NONE',  ( -0.9999999778890548100, 6.330054415950436700E-007, -0.0002102890609316775100 ) ) ;
#5026 = CARTESIAN_POINT ( 'NONE',  ( 91.97669742969904400, -11.92147988067903700, 287.2479662075941200 ) ) ;
#5027 = CARTESIAN_POINT ( 'NONE',  ( 90.97756703683413100, 6.679476414359002400, 283.1126044606843900 ) ) ;
#5028 = FACE_OUTER_BOUND ( 'NONE', #2969, .T. ) ;
#5029 = CARTESIAN_POINT ( 'NONE',  ( 58.47669496167920000, 8.470432021140366500, 287.2561800434620500 ) ) ;
#5030 = CARTESIAN_POINT ( 'NONE',  ( 90.47563484600412700, -13.84746364092661800, 292.3007295817384900 ) ) ;
#5031 = CARTESIAN_POINT ( 'NONE',  ( 56.97740142871694500, 11.15207704320854500, 283.8965484192043500 ) ) ;
#5032 = CARTESIAN_POINT ( 'NONE',  ( 58.47693449907187400, 9.889708759127525900, 286.1171040820499900 ) ) ;
#5033 = EDGE_LOOP ( 'NONE', ( #2454, #3819, #4130, #1539 ) ) ;
#5034 = CARTESIAN_POINT ( 'NONE',  ( 83.59330350956730600, -2.604243290946664000, 293.0831296883230800 ) ) ;
#5035 = CARTESIAN_POINT ( 'NONE',  ( 90.47655988988880400, -5.324574400407462900, 287.9018537298449000 ) ) ;
#5036 = EDGE_CURVE ( 'NONE', #2281, #2965, #3156, .T. ) ;
#5037 = CARTESIAN_POINT ( 'NONE',  ( 58.47757533577863100, -13.07054333211701900, 283.0697231308585600 ) ) ;
#5038 = CARTESIAN_POINT ( 'NONE',  ( 56.97642530264582900, 1.977098045437452000, 288.5383362024983300 ) ) ;
#5039 = ADVANCED_FACE ( 'NONE', ( #1048 ), #4685, .T. ) ;
#5040 = EDGE_LOOP ( 'NONE', ( #503, #2642, #4304, #3778 ) ) ;
#5041 = CARTESIAN_POINT ( 'NONE',  ( 90.47742829423914700, 11.11578547720051100, 283.7723167535668800 ) ) ;
#5042 = CARTESIAN_POINT ( 'NONE',  ( 56.97742926164663400, 5.736364668964930600, 283.7641940476512400 ) ) ;
#5043 = CARTESIAN_POINT ( 'NONE',  ( 58.47682968977410700, 9.895522239124751700, 286.6155053975138600 ) ) ;
#5044 = VECTOR ( 'NONE', #4075, 1000.000000000000100 ) ;
#5045 = CARTESIAN_POINT ( 'NONE',  ( 56.97751685770539600, 6.020302714655859000, 283.3476471205332200 ) ) ;
#5046 = CARTESIAN_POINT ( 'NONE',  ( 58.47694107688474200, -10.60297620850205600, 286.0858245052337500 ) ) ;
#5047 = CARTESIAN_POINT ( 'NONE',  ( 91.97689575758161600, -12.58021937511000000, 286.3048544830530200 ) ) ;
#5048 = CARTESIAN_POINT ( 'NONE',  ( 56.97740142871694500, 11.15207704320854500, 283.8965484192043500 ) ) ;
#5049 = FACE_OUTER_BOUND ( 'NONE', #4808, .T. ) ;
#5050 = VERTEX_POINT ( 'NONE', #586 ) ;
#5051 = CARTESIAN_POINT ( 'NONE',  ( 56.97682179615924300, 7.962686228024821000, 286.6528843113136400 ) ) ;
#5052 = ORIENTED_EDGE ( 'NONE', *, *, #3817, .T. ) ;
#5053 = CARTESIAN_POINT ( 'NONE',  ( 58.47677346908943000, -10.76177453383645500, 286.8828525117343700 ) ) ;
#5054 = CARTESIAN_POINT ( 'NONE',  ( 56.97756778861306500, 6.679476414359191600, 283.1054545677469000 ) ) ;
#5055 = CARTESIAN_POINT ( 'NONE',  ( 91.97668483455731800, -11.58323406011993800, 287.3078600848405100 ) ) ;
#5056 = CARTESIAN_POINT ( 'NONE',  ( 91.97735735771608700, 5.676470790398994400, 284.1098000446569400 ) ) ;
#5057 = CARTESIAN_POINT ( 'NONE',  ( 90.47656541016547700, -5.584916933734997500, 287.8756030706389900 ) ) ;
#5058 = CARTESIAN_POINT ( 'NONE',  ( 91.97699800918847800, -10.70723066770563900, 285.8186157956881700 ) ) ;
#5059 = CARTESIAN_POINT ( 'NONE',  ( 90.47745887144249400, 11.04517534744189800, 283.6269124937640500 ) ) ;
#5060 = EDGE_LOOP ( 'NONE', ( #5139, #1156, #1327, #1530 ) ) ;
#5061 = B_SPLINE_SURFACE_WITH_KNOTS ( 'NONE', 1, 3, ( 
 ( #1458, #1053, #2214, #5121 ),
 ( #3942, #206, #4704, #189 ) ),
 .UNSPECIFIED., .F., .F., .F.,
 ( 2, 2 ),
 ( 4, 4 ),
 ( 0.0000000000000000000, 1.000000000000000000 ),
 ( 0.0000000000000000000, 1.000000000000000000 ),
 .UNSPECIFIED. ) ;
#5062 =( BOUNDED_CURVE ( )  B_SPLINE_CURVE ( 3, ( #655, #2716, #3108, #1027 ),
 .UNSPECIFIED., .F., .T. ) 
 B_SPLINE_CURVE_WITH_KNOTS ( ( 4, 4 ),
 ( 3.141592653589798900, 6.283185307179586200 ),
 .UNSPECIFIED. ) 
 CURVE ( )  GEOMETRIC_REPRESENTATION_ITEM ( )  RATIONAL_B_SPLINE_CURVE ( ( 1.000000000000000000, 0.3333333333333353100, 0.3333333333333353100, 1.000000000000000000 ) ) 
 REPRESENTATION_ITEM ( '' )  );
#5063 = CARTESIAN_POINT ( 'NONE',  ( 56.97743213117370700, 5.741413579466124500, 283.7505485400537900 ) ) ;
#5064 = CARTESIAN_POINT ( 'NONE',  ( 91.97741846328692400, -8.353435711194261900, 283.8192237547931400 ) ) ;
#5065 = CARTESIAN_POINT ( 'NONE',  ( 58.47753709084459900, 10.68472317788981800, 283.2515898709809800 ) ) ;
#5066 = CARTESIAN_POINT ( 'NONE',  ( 90.47756704788929500, 6.679476414358924300, 283.1124993152258800 ) ) ;
#5067 = ORIENTED_EDGE ( 'NONE', *, *, #2297, .T. ) ;
#5068 = EDGE_CURVE ( 'NONE', #739, #184, #3231, .T. ) ;
#5069 = ADVANCED_FACE ( 'NONE', ( #1503 ), #3384, .T. ) ;
#5070 = CARTESIAN_POINT ( 'NONE',  ( 58.47677910541615600, 8.039032961216841900, 286.8560499970370800 ) ) ;
#5071 = ORIENTED_EDGE ( 'NONE', *, *, #1406, .T. ) ;
#5072 = CARTESIAN_POINT ( 'NONE',  ( 91.97685504047694800, 9.913448723884378900, 286.4984771764989100 ) ) ;
#5073 = CARTESIAN_POINT ( 'NONE',  ( 90.47688117301969200, -10.58041955658339200, 286.3740509634377000 ) ) ;
#5074 = CARTESIAN_POINT ( 'NONE',  ( 91.97655985672207600, -5.324574400407462900, 287.9021691662979400 ) ) ;
#5075 = CARTESIAN_POINT ( 'NONE',  ( 91.97707968920882100, -11.08140913428388300, 285.4302014998957000 ) ) ;
#5076 = ORIENTED_EDGE ( 'NONE', *, *, #3205, .F. ) ;
#5077 = ORIENTED_EDGE ( 'NONE', *, *, #837, .T. ) ;
#5078 = CARTESIAN_POINT ( 'NONE',  ( 56.97741033617092700, 5.707935819687769200, 283.8541906623361800 ) ) ;
#5079 = ORIENTED_EDGE ( 'NONE', *, *, #1028, .T. ) ;
#5080 = CARTESIAN_POINT ( 'NONE',  ( 91.97755635937723200, -8.889537532789557200, 283.1634842901086700 ) ) ;
#5081 = CARTESIAN_POINT ( 'NONE',  ( 81.55197120926743500, -0.2562734359970206800, 293.0897681987362400 ) ) ;
#5082 = FACE_OUTER_BOUND ( 'NONE', #4338, .T. ) ;
#5083 = DIRECTION ( 'NONE',  ( 0.0000000000000000000, -0.003010154417689350200, 0.9999954694749280100 ) ) ;
#5084 = CARTESIAN_POINT ( 'NONE',  ( 56.97707524254810400, -11.05654925968133100, 285.4476666807987000 ) ) ;
#5085 = ORIENTED_EDGE ( 'NONE', *, *, #269, .F. ) ;
#5086 = DIRECTION ( 'NONE',  ( -3.374631142629151900E-016, -0.9999954694745273300, -0.003010154550803892600 ) ) ;
#5087 = CARTESIAN_POINT ( 'NONE',  ( 56.97756174279119500, 10.36872870694376500, 283.1342043601522400 ) ) ;
#5088 = CARTESIAN_POINT ( 'NONE',  ( 90.47708305725349500, 9.216111041062212900, 285.4140276653772600 ) ) ;
#5089 = DIRECTION ( 'NONE',  ( 0.0002102900160020301000, 0.003010154466567226800, -0.9999954473637351300 ) ) ;
#5090 = CARTESIAN_POINT ( 'NONE',  ( 56.97681480371232300, -10.65744320816392900, 286.6861356059400200 ) ) ;
#5091 = CARTESIAN_POINT ( 'NONE',  ( 56.97556406515826000, 11.15162215318384200, 292.6337924819411000 ) ) ;
#5092 = CARTESIAN_POINT ( 'NONE',  ( 82.50545903783553600, 1.772514256430006500, 294.5960825297759700 ) ) ;
#5093 = LINE ( 'NONE', #3289, #3385 ) ;
#5094 = CARTESIAN_POINT ( 'NONE',  ( 74.55197120926745000, 6.743726563953539500, 293.1093673392579700 ) ) ;
#5095 = EDGE_LOOP ( 'NONE', ( #1496, #167, #1108, #235 ) ) ;
#5096 = ORIENTED_EDGE ( 'NONE', *, *, #561, .T. ) ;
#5097 = CARTESIAN_POINT ( 'NONE',  ( 91.97755477978702700, -8.874210054266980000, 283.1709957404884200 ) ) ;
#5098 = CARTESIAN_POINT ( 'NONE',  ( 91.97745883827576600, 11.04517534744189600, 283.6272279302170300 ) ) ;
#5099 = ORIENTED_EDGE ( 'NONE', *, *, #107, .T. ) ;
#5100 = EDGE_CURVE ( 'NONE', #1569, #2102, #1566, .T. ) ;
#5101 = CARTESIAN_POINT ( 'NONE',  ( 91.97667185788709800, 8.916673064116018600, 287.3695682504405200 ) ) ;
#5102 = CARTESIAN_POINT ( 'NONE',  ( 56.97747761670079600, 10.98999643398305700, 283.5342504916377500 ) ) ;
#5103 = CARTESIAN_POINT ( 'NONE',  ( 89.72563502696493700, -14.10713908438849600, 292.2997901967872800 ) ) ;
#5104 = CARTESIAN_POINT ( 'NONE',  ( 57.47756556202803300, 10.17946055751999700, 283.1160952537312600 ) ) ;
#5105 = CARTESIAN_POINT ( 'NONE',  ( 90.47747308950603400, -13.69347739643580800, 283.5593011106962500 ) ) ;
#5106 = CARTESIAN_POINT ( 'NONE',  ( 56.97758013227515800, -12.82043524040001400, 283.0467565566469300 ) ) ;
#5107 = ORIENTED_EDGE ( 'NONE', *, *, #3188, .F. ) ;
#5108 = CARTESIAN_POINT ( 'NONE',  ( 90.47656541016547700, -5.584916933734997500, 287.8756030706389900 ) ) ;
#5109 = CARTESIAN_POINT ( 'NONE',  ( 83.59298807454683800, -2.608758522673033700, 294.5831228593686400 ) ) ;
#5110 = ORIENTED_EDGE ( 'NONE', *, *, #1187, .T. ) ;
#5111 = CARTESIAN_POINT ( 'NONE',  ( 56.97697417203153200, 8.018519760444307900, 285.9282889098179200 ) ) ;
#5112 = CARTESIAN_POINT ( 'NONE',  ( 56.97695636922960500, 9.856855560818566200, 286.0129468559853200 ) ) ;
#5113 = AXIS2_PLACEMENT_3D ( 'NONE', #776, #5287, #2869 ) ;
#5114 = CARTESIAN_POINT ( 'NONE',  ( 58.47710107542896200, -11.32724655812771400, 285.3249808911031100 ) ) ;
#5115 = CARTESIAN_POINT ( 'NONE',  ( 91.97689449156500500, -10.58022843615732000, 286.3108747919392300 ) ) ;
#5116 = CARTESIAN_POINT ( 'NONE',  ( 90.47750804369015000, -13.57728428391248900, 283.3930829248629400 ) ) ;
#5117 = CARTESIAN_POINT ( 'NONE',  ( 58.47656785849417100, -8.334904369289958500, 287.8605958352865200 ) ) ;
#5118 = CARTESIAN_POINT ( 'NONE',  ( 56.97674397963858400, 9.673522107637078100, 287.0229264457104800 ) ) ;
#5119 = CARTESIAN_POINT ( 'NONE',  ( 69.63706891783890300, 5.192258368295702200, 293.1036635994746000 ) ) ;
#5120 = EDGE_CURVE ( 'NONE', #2186, #1046, #1164, .T. ) ;
#5121 = CARTESIAN_POINT ( 'NONE',  ( 90.47635556330040200, -4.588898982892986900, 288.8734911953999900 ) ) ;
#5122 = ORIENTED_EDGE ( 'NONE', *, *, #2895, .T. ) ;
#5123 = CARTESIAN_POINT ( 'NONE',  ( 67.39833699692206900, -2.455439745397599300, 294.5801787857739700 ) ) ;
#5124 = ORIENTED_EDGE ( 'NONE', *, *, #1731, .F. ) ;
#5125 = CARTESIAN_POINT ( 'NONE',  ( 58.47707540214042200, 9.322459992902427200, 285.4470654861839300 ) ) ;
#5126 = CARTESIAN_POINT ( 'NONE',  ( 91.97561898761549100, 11.15244577932965200, 292.3762989469145200 ) ) ;
#5127 = CARTESIAN_POINT ( 'NONE',  ( 74.78860297556727200, 3.130944815829098000, 294.5985488490774200 ) ) ;
#5128 = CARTESIAN_POINT ( 'NONE',  ( 58.47635627071125700, -4.589390389994021800, 288.8667604033844900 ) ) ;
#5129 = CARTESIAN_POINT ( 'NONE',  ( 58.47696643686625600, -10.63808489421309200, 285.9652297830252200 ) ) ;
#5130 = CARTESIAN_POINT ( 'NONE',  ( 58.47750386727742000, 10.89363585308752900, 283.4095784266212400 ) ) ;
#5131 = VERTEX_POINT ( 'NONE', #1543 ) ;
#5132 = CARTESIAN_POINT ( 'NONE',  ( 90.47675346398409600, 9.722281359109555200, 286.9813477651556500 ) ) ;
#5133 = CARTESIAN_POINT ( 'NONE',  ( 90.47756483236145200, 10.17946055752001500, 283.1230348556999800 ) ) ;
#5134 = CARTESIAN_POINT ( 'NONE',  ( 56.97707697423911800, 9.305314379529109600, 285.4394319420629200 ) ) ;
#5135 = CARTESIAN_POINT ( 'NONE',  ( 90.47670062059660300, -11.20015513289250500, 287.2326347635719800 ) ) ;
#5136 = ORIENTED_EDGE ( 'NONE', *, *, #5068, .F. ) ;
#5137 = CARTESIAN_POINT ( 'NONE',  ( 90.47753865253136500, -13.43069284775173100, 283.2475282168012400 ) ) ;
#5138 = VECTOR ( 'NONE', #1174, 1000.000000000000100 ) ;
#5139 = ORIENTED_EDGE ( 'NONE', *, *, #5190, .F. ) ;
#5140 = DIRECTION ( 'NONE',  ( -6.330083128766396000E-007, 0.9999954694747276200, 0.003010154417688563100 ) ) ;
#5141 = DIRECTION ( 'NONE',  ( -6.330083025208641300E-007, 0.9999954694747276200, 0.003010154417688565700 ) ) ;
#5142 = CARTESIAN_POINT ( 'NONE',  ( 90.47707520101566600, 8.522425086099449500, 285.4513865576718700 ) ) ;
#5143 = CARTESIAN_POINT ( 'NONE',  ( 58.47709317863989800, 8.922693373086012500, 285.3625326082124600 ) ) ;
#5144 = CARTESIAN_POINT ( 'NONE',  ( 58.47687016992186700, 7.919496628708720300, 286.4230095091310800 ) ) ;
#5145 = CARTESIAN_POINT ( 'NONE',  ( 90.47745412254899100, 11.05765392196346800, 283.6494949821982300 ) ) ;
#5146 = EDGE_CURVE ( 'NONE', #553, #2188, #3536, .T. ) ;
#5147 = CARTESIAN_POINT ( 'NONE',  ( 90.47667189105381200, 8.916673064116015000, 287.3692528139999900 ) ) ;
#5148 = CARTESIAN_POINT ( 'NONE',  ( 56.97677279774369900, 9.772521010236788500, 286.8858872535357100 ) ) ;
#5149 = LINE ( 'NONE', #1603, #2846 ) ;
#5150 = ADVANCED_FACE ( 'NONE', ( #4213 ), #3603, .T. ) ;
#5151 = ORIENTED_EDGE ( 'NONE', *, *, #3500, .T. ) ;
#5152 = CARTESIAN_POINT ( 'NONE',  ( 90.47589299669620300, -13.84561602430808200, 291.0731415025974200 ) ) ;
#5153 = CARTESIAN_POINT ( 'NONE',  ( 91.97653361374149500, 2.409408506659126200, 288.0269628279645000 ) ) ;
#5154 = CARTESIAN_POINT ( 'NONE',  ( 91.97698704414459300, 8.042020061597899200, 285.8707580427394500 ) ) ;
#5155 = EDGE_CURVE ( 'NONE', #1754, #4938, #4891, .T. ) ;
#5156 = CARTESIAN_POINT ( 'NONE',  ( 58.47682807875054300, 7.953268756375938300, 286.6231663235408300 ) ) ;
#5157 = CARTESIAN_POINT ( 'NONE',  ( 90.47667181044623400, 9.044013025859834800, 287.3696361286805000 ) ) ;
#5158 = ORIENTED_EDGE ( 'NONE', *, *, #2702, .T. ) ;
#5159 = CARTESIAN_POINT ( 'NONE',  ( 91.97683569992749100, 9.895618873190207100, 286.5904475979278300 ) ) ;
#5160 = FACE_BOUND ( 'NONE', #2437, .T. ) ;
#5161 = CARTESIAN_POINT ( 'NONE',  ( 58.47737020855895900, 11.15212792288535800, 284.0451678497116200 ) ) ;
#5162 = CARTESIAN_POINT ( 'NONE',  ( 58.47679818830753400, 9.835145808234393900, 286.7653048209972400 ) ) ;
#5163 = B_SPLINE_CURVE_WITH_KNOTS ( 'NONE', 3,
 ( #5292, #4072, #2852, #1609, #1580, #4480, #378, #5310, #1596, #2871, #3294, #4093, #4444, #1988, #4862, #5265, #4437, #4857 ),
 .UNSPECIFIED., .F., .F.,
 ( 4, 1, 1, 2, 2, 2, 1, 1, 2, 2, 4 ),
 ( 0.0000000000000000000, 0.1250000000000313100, 0.1875000000001018100, 0.2187500000001375600, 0.2500000000001733100, 0.4999999999999912300, 0.6249999999999357200, 0.6874999999999347200, 0.7187499999999341600, 0.7499999999999337200, 1.000000000000000000 ),
 .UNSPECIFIED. ) ;
#5164 = FACE_OUTER_BOUND ( 'NONE', #2830, .T. ) ;
#5165 = EDGE_LOOP ( 'NONE', ( #1223, #4435, #4768, #863, #2279, #3245, #3208, #5007, #825, #374 ) ) ;
#5166 = AXIS2_PLACEMENT_3D ( 'NONE', #172, #1443, #1023 ) ;
#5167 = VERTEX_POINT ( 'NONE', #4788 ) ;
#5168 = CARTESIAN_POINT ( 'NONE',  ( 56.97646088675045200, -4.719014613290543300, 288.3691225459055000 ) ) ;
#5169 = CARTESIAN_POINT ( 'NONE',  ( 91.97667316799228800, 8.790778842279303600, 287.3633382863934600 ) ) ;
#5170 = CARTESIAN_POINT ( 'NONE',  ( 91.97740992355925000, 5.700627239349100400, 283.8598328571390000 ) ) ;
#5171 = CARTESIAN_POINT ( 'NONE',  ( 91.97707516784895200, 8.522425086099449500, 285.4517019941249600 ) ) ;
#5172 = CARTESIAN_POINT ( 'NONE',  ( 79.31355472368180400, -7.899456317702720800, 293.0662902139909000 ) ) ;
#5173 = CARTESIAN_POINT ( 'NONE',  ( 90.47757939155023600, -12.82043524039992700, 283.0538013040758800 ) ) ;
#5174 = CARTESIAN_POINT ( 'NONE',  ( 90.47756098380303100, 10.39653443709583800, 283.1413359666009300 ) ) ;
#5175 = CARTESIAN_POINT ( 'NONE',  ( 56.97710503778072400, -11.70314319764901800, 285.3059809387326600 ) ) ;
#5176 = ADVANCED_FACE ( 'NONE', ( #5049 ), #1070, .F. ) ;
#5177 = CARTESIAN_POINT ( 'NONE',  ( 56.97638402770019900, -4.588993549404392500, 288.7346116061516500 ) ) ;
#5178 = ORIENTED_EDGE ( 'NONE', *, *, #4915, .T. ) ;
#5179 = CARTESIAN_POINT ( 'NONE',  ( 90.47736973454472300, -13.82344086436000000, 284.0507865970000100 ) ) ;
#5180 = EDGE_LOOP ( 'NONE', ( #4674, #5122, #555, #416 ) ) ;
#5181 = CARTESIAN_POINT ( 'NONE',  ( 90.47677313871881200, 8.063708213269510600, 286.8877881873189000 ) ) ;
#5182 =( BOUNDED_CURVE ( )  B_SPLINE_CURVE ( 3, ( #1219, #2835, #1597, #379 ),
 .UNSPECIFIED., .F., .T. ) 
 B_SPLINE_CURVE_WITH_KNOTS ( ( 4, 4 ),
 ( -8.881784197001252300E-016, 3.141592653589792700 ),
 .UNSPECIFIED. ) 
 CURVE ( )  GEOMETRIC_REPRESENTATION_ITEM ( )  RATIONAL_B_SPLINE_CURVE ( ( 1.000000000000000000, 0.3333333333333332000, 0.3333333333333332000, 1.000000000000000000 ) ) 
 REPRESENTATION_ITEM ( '' )  );
#5183 = CARTESIAN_POINT ( 'NONE',  ( 58.85629010694697900, 11.14989873758209900, 293.0296917444293900 ) ) ;
#5184 = CARTESIAN_POINT ( 'NONE',  ( 82.50577447295420100, -8.122465448357122100, 293.0662902139909000 ) ) ;
#5185 = CARTESIAN_POINT ( 'NONE',  ( 91.97696975714995900, -12.51527658604147900, 285.9529631623780100 ) ) ;
#5186 = CARTESIAN_POINT ( 'NONE',  ( 56.97709313120071100, 9.050033334807624300, 285.3626004864366900 ) ) ;
#5187 = EDGE_LOOP ( 'NONE', ( #3146, #827, #1505, #3517 ) ) ;
#5188 = CARTESIAN_POINT ( 'NONE',  ( 58.47683158178394100, -12.53251216038543500, 286.6065082942854500 ) ) ;
#5189 = LINE ( 'NONE', #4718, #2713 ) ;
#5190 = EDGE_CURVE ( 'NONE', #3482, #199, #3224, .T. ) ;
#5191 = CARTESIAN_POINT ( 'NONE',  ( 58.47668557528000100, -11.58323406011999900, 287.3008153374000200 ) ) ;
#5192 = CARTESIAN_POINT ( 'NONE',  ( 91.97669856530942000, 9.408932071251094000, 287.2425660216696900 ) ) ;
#5193 =( GEOMETRIC_REPRESENTATION_CONTEXT ( 3 ) GLOBAL_UNCERTAINTY_ASSIGNED_CONTEXT ( ( #1383 ) ) GLOBAL_UNIT_ASSIGNED_CONTEXT ( ( #2415, #5281, #1998 ) ) REPRESENTATION_CONTEXT ( 'NONE', 'WORKASPACE' ) );
#5194 = EDGE_LOOP ( 'NONE', ( #100, #1478, #265, #4540 ) ) ;
#5195 = CARTESIAN_POINT ( 'NONE',  ( 56.97698714870195100, -12.48138736379007500, 285.8665807442367300 ) ) ;
#5196 = B_SPLINE_CURVE_WITH_KNOTS ( 'NONE', 1,
 ( #1556, #4840 ),
 .UNSPECIFIED., .F., .F.,
 ( 2, 2 ),
 ( 0.0000000000000000000, 1.000000000000000000 ),
 .UNSPECIFIED. ) ;
#5197 = CARTESIAN_POINT ( 'NONE',  ( 90.97736624194224900, -8.323465782246986000, 284.0674475917843400 ) ) ;
#5198 = CARTESIAN_POINT ( 'NONE',  ( 91.97746031860891900, -13.72460885303422600, 283.6201884785368200 ) ) ;
#5199 = CARTESIAN_POINT ( 'NONE',  ( 58.47736696055751100, -8.323465782246712400, 284.0606131352922700 ) ) ;
#5200 = CARTESIAN_POINT ( 'NONE',  ( 91.97668127171944300, 8.623255396122258900, 287.3248025042756800 ) ) ;
#5201 = CARTESIAN_POINT ( 'NONE',  ( 91.97752627570274300, 6.069218806997949600, 283.3065416644093900 ) ) ;
#5202 = CARTESIAN_POINT ( 'NONE',  ( 79.53656385433620800, -4.707236568430317900, 293.0759462291373400 ) ) ;
#5203 = B_SPLINE_CURVE_WITH_KNOTS ( 'NONE', 3,
 ( #2122, #4959, #3741, #3723, #391, #1212, #2481, #4088, #1622, #4501, #2993, #2162, #953, #3866, #510, #2583, #4189, #4246, #2565, #4229, #565, #3800 ),
 .UNSPECIFIED., .F., .F.,
 ( 4, 2, 2, 2, 2, 2, 2, 2, 2, 2, 4 ),
 ( 0.0000000000000000000, 0.1250000000000000000, 0.1875000000000000000, 0.2187500000000000000, 0.2500000000000000000, 0.5000000000000000000, 0.6250000000000000000, 0.6875000000000000000, 0.7187500000000000000, 0.7500000000000000000, 1.000000000000000000 ),
 .UNSPECIFIED. ) ;
#5204 = ADVANCED_FACE ( 'NONE', ( #2864 ), #198, .F. ) ;
#5205 = CARTESIAN_POINT ( 'NONE',  ( 91.97705448368165500, -12.23638745084209700, 285.5500617428812100 ) ) ;
#5206 = CARTESIAN_POINT ( 'NONE',  ( 58.47675518997047600, 8.113414666152197100, 286.9697754950615800 ) ) ;
#5207 = CARTESIAN_POINT ( 'NONE',  ( 58.47670635875940100, -12.01414762456573400, 287.2019833282401500 ) ) ;
#5208 = ORIENTED_EDGE ( 'NONE', *, *, #1264, .T. ) ;
#5209 =( BOUNDED_CURVE ( )  B_SPLINE_CURVE ( 3, ( #1305, #4968, #2648, #3354 ),
 .UNSPECIFIED., .F., .F. ) 
 B_SPLINE_CURVE_WITH_KNOTS ( ( 4, 4 ),
 ( 3.141592653589792700, 6.283185307179586200 ),
 .UNSPECIFIED. ) 
 CURVE ( )  GEOMETRIC_REPRESENTATION_ITEM ( )  RATIONAL_B_SPLINE_CURVE ( ( 1.000000000000000000, 0.3333333333333332000, 0.3333333333333332000, 1.000000000000000000 ) ) 
 REPRESENTATION_ITEM ( '' )  );
#5210 = CARTESIAN_POINT ( 'NONE',  ( 56.97735464619857000, 11.16429958011620000, 284.1190140706006600 ) ) ;
#5211 = EDGE_LOOP ( 'NONE', ( #720, #1171 ) ) ;
#5212 = B_SPLINE_CURVE_WITH_KNOTS ( 'NONE', 3,
 ( #3515, #4388, #1910, #2318, #290, #3190, #3717, #1484, #3998, #3615, #1535, #4402, #807, #1942, #4818, #307, #1203, #4081 ),
 .UNSPECIFIED., .F., .F.,
 ( 4, 1, 1, 2, 2, 2, 1, 1, 2, 2, 4 ),
 ( 0.0000000000000000000, 0.1250000000000658100, 0.1875000000001532700, 0.2187500000001434700, 0.2500000000001337300, 0.5000000000001467700, 0.6250000000001177900, 0.6875000000000766100, 0.7187500000000559600, 0.7500000000000353100, 1.000000000000000000 ),
 .UNSPECIFIED. ) ;
#5213 = ORIENTED_EDGE ( 'NONE', *, *, #403, .F. ) ;
#5214 = CARTESIAN_POINT ( 'NONE',  ( 72.60627953645692400, 1.777029488368899100, 293.0940075843281500 ) ) ;
#5215 = FACE_OUTER_BOUND ( 'NONE', #975, .T. ) ;
#5216 = CARTESIAN_POINT ( 'NONE',  ( 58.47710440916956300, -11.73436211623098300, 285.3091279016377900 ) ) ;
#5217 = CARTESIAN_POINT ( 'NONE',  ( 57.85288889302332600, 11.14656884381090900, 294.1787440715403400 ) ) ;
#5218 = PERSON_AND_ORGANIZATION ( #3617, #2740 ) ;
#5219 = CARTESIAN_POINT ( 'NONE',  ( 91.97709243791911100, 8.922693373085950300, 285.3695773556842100 ) ) ;
#5220 = VERTEX_POINT ( 'NONE', #1572 ) ;
#5221 = CARTESIAN_POINT ( 'NONE',  ( 91.97689575758161600, -12.58021937511000000, 286.3048544830530200 ) ) ;
#5222 = FACE_OUTER_BOUND ( 'NONE', #1968, .T. ) ;
#5223 = CARTESIAN_POINT ( 'NONE',  ( 91.97757714285664600, -9.320451097237162600, 283.0646522809530600 ) ) ;
#5224 = ORIENTED_EDGE ( 'NONE', *, *, #3479, .F. ) ;
#5225 = CARTESIAN_POINT ( 'NONE',  ( 91.97668761075969700, 9.299751991362272800, 287.2946583656150200 ) ) ;
#5226 = B_SPLINE_CURVE_WITH_KNOTS ( 'NONE', 1,
 ( #2956, #880 ),
 .UNSPECIFIED., .F., .F.,
 ( 2, 2 ),
 ( 0.0000000000000000000, 1.000000000000000000 ),
 .UNSPECIFIED. ) ;
#5227 = CARTESIAN_POINT ( 'NONE',  ( 56.97656615088804700, -5.584916828234013600, 287.8685583234469000 ) ) ;
#5228 = CARTESIAN_POINT ( 'NONE',  ( 58.47697696004642900, -12.50300460310206900, 285.9151887376244800 ) ) ;
#5229 = CARTESIAN_POINT ( 'NONE',  ( 91.97672677403596700, -10.97677286312594800, 287.1084246170596500 ) ) ;
#5230 = CARTESIAN_POINT ( 'NONE',  ( 90.47748466939678700, 5.879553715669967300, 283.5042350725817100 ) ) ;
#5231 = CARTESIAN_POINT ( 'NONE',  ( 69.41374435216401700, 1.995523387296928000, 294.5940007553736600 ) ) ;
#5232 = CARTESIAN_POINT ( 'NONE',  ( 56.97648005825979600, 2.113582528522859800, 288.2779559631783300 ) ) ;
#5233 = B_SPLINE_CURVE_WITH_KNOTS ( 'NONE', 1,
 ( #3184, #3200 ),
 .UNSPECIFIED., .F., .F.,
 ( 2, 2 ),
 ( 0.0000000000000000000, 0.9999996307454667200 ),
 .UNSPECIFIED. ) ;
#5234 = ORIENTED_EDGE ( 'NONE', *, *, #2702, .F. ) ;
#5235 = CARTESIAN_POINT ( 'NONE',  ( 79.31355472358360700, 2.000038618810778200, 293.0960893587304100 ) ) ;
#5236 = ORIENTED_EDGE ( 'NONE', *, *, #4915, .F. ) ;
#5237 = CARTESIAN_POINT ( 'NONE',  ( 91.97589296352947500, -13.84561602431045900, 291.0734569390505200 ) ) ;
#5238 = CARTESIAN_POINT ( 'NONE',  ( 58.47672631430104700, -10.97297645276755800, 287.1070884246551600 ) ) ;
#5239 = ORIENTED_EDGE ( 'NONE', *, *, #2359, .T. ) ;
#5240 = B_SPLINE_CURVE_WITH_KNOTS ( 'NONE', 3,
 ( #3198, #4792, #4409, #4442, #5249, #2814, #2332, #2370, #5232, #728, #2796, #1139, #4427, #1967 ),
 .UNSPECIFIED., .F., .F.,
 ( 4, 2, 2, 2, 2, 2, 4 ),
 ( 0.0000000000000000000, 0.1250000000000000000, 0.1875000000000000000, 0.2500000000000000000, 0.5000000000000000000, 0.7500000000000000000, 1.000000000000000000 ),
 .UNSPECIFIED. ) ;
#5241 = EDGE_LOOP ( 'NONE', ( #698, #2711, #3399, #3029 ) ) ;
#5242 = CARTESIAN_POINT ( 'NONE',  ( 90.47707987594409900, 9.260939193645628000, 285.4291557964575600 ) ) ;
#5243 = ORIENTED_EDGE ( 'NONE', *, *, #561, .F. ) ;
#5244 = APPLICATION_PROTOCOL_DEFINITION ( 'international standard', 'config_control_design', 1994, #3681 ) ;
#5245 = DIRECTION ( 'NONE',  ( -0.9999999778888539700, -0.0000000000000000000, -0.0002102909687305672200 ) ) ;
#5246 = EDGE_CURVE ( 'NONE', #3890, #2423, #670, .T. ) ;
#5247 = ORIENTED_EDGE ( 'NONE', *, *, #2664, .T. ) ;
#5248 = CARTESIAN_POINT ( 'NONE',  ( 58.47656073715064900, 2.915044662301007800, 287.8944600725000100 ) ) ;
#5249 = CARTESIAN_POINT ( 'NONE',  ( 56.97640503355133000, 1.945504015001763700, 288.6347221489164700 ) ) ;
#5250 = CARTESIAN_POINT ( 'NONE',  ( 90.47580149386902800, 11.15395582152323500, 291.5082663474884200 ) ) ;
#5251 = CARTESIAN_POINT ( 'NONE',  ( 90.47655988988879000, -5.324574400407462900, 287.9018537298449600 ) ) ;
#5252 = CARTESIAN_POINT ( 'NONE',  ( 58.47755771700713000, 10.44807675019336200, 283.1535059531988700 ) ) ;
#5253 = VERTEX_POINT ( 'NONE', #811 ) ;
#5254 = CARTESIAN_POINT ( 'NONE',  ( 69.41405978697190400, -7.899456317800882300, 293.0642084395875600 ) ) ;
#5255 = EDGE_CURVE ( 'NONE', #4365, #1836, #2322, .T. ) ;
#5256 = CARTESIAN_POINT ( 'NONE',  ( 56.97670797151633300, -12.02947510308813000, 287.1941564414067900 ) ) ;
#5257 = CARTESIAN_POINT ( 'NONE',  ( 58.47747663591434300, -8.467486246394177100, 283.5390721601821700 ) ) ;
#5258 = CARTESIAN_POINT ( 'NONE',  ( 91.97696688762287900, -12.52032549654191500, 285.9666086699723500 ) ) ;
#5259 = VERTEX_POINT ( 'NONE', #2727 ) ;
#5260 = VECTOR ( 'NONE', #3684, 1000.000000000000100 ) ;
#5261 = CARTESIAN_POINT ( 'NONE',  ( 82.50577447285603200, 1.777029488156379700, 293.0960893587304700 ) ) ;
#5262 = CARTESIAN_POINT ( 'NONE',  ( 56.97710140482765000, -11.79521929513831100, 285.3232567780709100 ) ) ;
#5263 = B_SPLINE_CURVE_WITH_KNOTS ( 'NONE', 3,
 ( #4947, #4572, #1220, #1612, #2487, #28, #3352, #2917, #440, #1261 ),
 .UNSPECIFIED., .F., .F.,
 ( 4, 2, 2, 2, 4 ),
 ( 0.0000000000000000000, 0.2500000000000000000, 0.5000000000000000000, 0.7500000000000000000, 1.000000000000000000 ),
 .UNSPECIFIED. ) ;
#5264 = CARTESIAN_POINT ( 'NONE',  ( 91.97757935838569700, -12.82043524039992600, 283.0541167405289100 ) ) ;
#5265 = CARTESIAN_POINT ( 'NONE',  ( 58.47757533577863900, -13.07054333211702300, 283.0697231308586200 ) ) ;
#5266 = DIRECTION ( 'NONE',  ( 0.0002102900136559410600, 0.003010154484246530600, -0.9999954473636822900 ) ) ;
#5267 = CARTESIAN_POINT ( 'NONE',  ( 58.47637782920128300, 1.917468018600420300, 288.7642451442364400 ) ) ;
#5268 = CARTESIAN_POINT ( 'NONE',  ( 58.47756170962447400, 10.36872870694378100, 283.1345197966053900 ) ) ;
#5269 =( BOUNDED_SURFACE ( )  B_SPLINE_SURFACE ( 3, 1, ( 
 ( #2045, #2063 ),
 ( #1214, #5261 ),
 ( #1169, #5288 ),
 ( #4524, #4902 ) ),
 .UNSPECIFIED., .F., .F., .T. ) 
 B_SPLINE_SURFACE_WITH_KNOTS ( ( 4, 4 ),
 ( 2, 2 ),
 ( 0.0000000000000000000, 1.000000000000000000 ),
 ( 0.0000000000000000000, 1.000000000000000000 ),
 .UNSPECIFIED. ) 
 GEOMETRIC_REPRESENTATION_ITEM ( )  RATIONAL_B_SPLINE_SURFACE ( (
 ( 1.000000000000000000, 1.000000000000000000),
 ( 0.3333333333333335400, 0.3333333333333335400),
 ( 0.3333333333333335400, 0.3333333333333335400),
 ( 1.000000000000000000, 1.000000000000000000) ) ) 
 REPRESENTATION_ITEM ( '' )  SURFACE ( )  );
#5270 = EDGE_LOOP ( 'NONE', ( #2502, #2735, #1183, #962 ) ) ;
#5271 = CARTESIAN_POINT ( 'NONE',  ( 58.47680461505679300, -10.67906044747683200, 286.7347435993325500 ) ) ;
#5272 = CARTESIAN_POINT ( 'NONE',  ( 58.47751682453867500, 6.020302714655872300, 283.3479625569863200 ) ) ;
#5273 = CARTESIAN_POINT ( 'NONE',  ( 56.97757787655517300, -9.256959487901045900, 283.0574832174633600 ) ) ;
#5274 = FACE_OUTER_BOUND ( 'NONE', #5060, .T. ) ;
#5275 = B_SPLINE_CURVE_WITH_KNOTS ( 'NONE', 3,
 ( #4289, #2108, #591, #196, #905, #2961, #459, #2981, #3808, #865, #1399, #3788, #3750, #1417, #1826, #4272, #1263, #4707, #2236, #4984, #1670, #2089 ),
 .UNSPECIFIED., .F., .F.,
 ( 4, 2, 2, 2, 2, 2, 2, 2, 2, 2, 4 ),
 ( 0.0000000000000000000, 0.1250000000000000000, 0.1875000000000000000, 0.2187500000000000000, 0.2500000000000000000, 0.5000000000000000000, 0.6250000000000000000, 0.6875000000000000000, 0.7187500000000000000, 0.7500000000000000000, 1.000000000000000000 ),
 .UNSPECIFIED. ) ;
#5276 = EDGE_CURVE ( 'NONE', #700, #3608, #311, .T. ) ;
#5277 =( BOUNDED_CURVE ( )  B_SPLINE_CURVE ( 3, ( #2385, #4035, #2813, #5231 ),
 .UNSPECIFIED., .F., .F. ) 
 B_SPLINE_CURVE_WITH_KNOTS ( ( 4, 4 ),
 ( 3.141592653589792700, 6.283185307179586200 ),
 .UNSPECIFIED. ) 
 CURVE ( )  GEOMETRIC_REPRESENTATION_ITEM ( )  RATIONAL_B_SPLINE_CURVE ( ( 1.000000000000000000, 0.3333333333333332000, 0.3333333333333332000, 1.000000000000000000 ) ) 
 REPRESENTATION_ITEM ( '' )  );
#5278 = CARTESIAN_POINT ( 'NONE',  ( 91.97707512838638900, -12.09875473779142800, 285.4518896510776900 ) ) ;
#5279 = CARTESIAN_POINT ( 'NONE',  ( 91.97679204020028000, 8.015923748374143900, 286.7980633910679600 ) ) ;
#5280 = ORIENTED_EDGE ( 'NONE', *, *, #3503, .T. ) ;
#5281 =( NAMED_UNIT ( * ) PLANE_ANGLE_UNIT ( ) SI_UNIT ( $, .RADIAN. ) );
#5282 = LINE ( 'NONE', #1685, #4337 ) ;
#5283 = CARTESIAN_POINT ( 'NONE',  ( 56.97603979141058500, -4.590189132714986200, 290.3715638921336800 ) ) ;
#5284 = CARTESIAN_POINT ( 'NONE',  ( 79.31323928866132200, -7.903971549429091900, 294.5662833850364600 ) ) ;
#5285 = CARTESIAN_POINT ( 'NONE',  ( 56.97710110859568300, -11.32724655812773000, 285.3246654546499600 ) ) ;
#5286 = EDGE_LOOP ( 'NONE', ( #137, #1063, #1114, #3810 ) ) ;
#5287 = DIRECTION ( 'NONE',  ( -0.9999999778890549300, 6.330054415950438800E-007, -0.0002102890609316775700 ) ) ;
#5288 = CARTESIAN_POINT ( 'NONE',  ( 82.72878360351042200, 4.969249237428783800, 293.1057453738769100 ) ) ;
#5289 = ORIENTED_EDGE ( 'NONE', *, *, #2360, .F. ) ;
#5290 = DIRECTION ( 'NONE',  ( 6.640525365251459300E-007, -0.9999950142016441600, -0.003157779506621196700 ) ) ;
#5291 = CARTESIAN_POINT ( 'NONE',  ( 90.97757938049538500, -12.82043524040000000, 283.0539064495843600 ) ) ;
#5292 = CARTESIAN_POINT ( 'NONE',  ( 58.47737044210131800, -13.82344086435735900, 284.0440572860000000 ) ) ;
#5293 = CARTESIAN_POINT ( 'NONE',  ( 90.47563484600412700, -13.84746364092661800, 292.3007295817384900 ) ) ;
#5294 = CARTESIAN_POINT ( 'NONE',  ( 58.47669774197060400, -11.24463379123658200, 287.2429588806186300 ) ) ;
#5295 = CC_DESIGN_DATE_AND_TIME_ASSIGNMENT ( #227, #3647, ( #691 ) ) ;
#5296 = CARTESIAN_POINT ( 'NONE',  ( 90.47757709541575400, -9.193111135479812300, 283.0647201591896800 ) ) ;
#5297 = CARTESIAN_POINT ( 'NONE',  ( 90.47754436682308200, 10.60792122201896100, 283.2203549548571000 ) ) ;
#5298 = VERTEX_POINT ( 'NONE', #3227 ) ;
#5299 = CARTESIAN_POINT ( 'NONE',  ( 91.97708517702780300, -12.00871450309872300, 285.4041051872439400 ) ) ;
#5300 = CARTESIAN_POINT ( 'NONE',  ( 56.97679211525328200, -12.46087416299744400, 286.7940263950179700 ) ) ;
#5301 = EDGE_LOOP ( 'NONE', ( #4801, #4410, #3872, #3749 ) ) ;
#5302 = CARTESIAN_POINT ( 'NONE',  ( 56.97572163703053900, -13.84696318288328600, 291.8844884604839600 ) ) ;
#5303 = CARTESIAN_POINT ( 'NONE',  ( 90.47682339469044200, -10.64012231475174500, 286.6488051685745400 ) ) ;
#5304 = CARTESIAN_POINT ( 'NONE',  ( 72.82897323187823700, -4.934760930909249100, 294.5738576257795700 ) ) ;
#5305 = ORIENTED_EDGE ( 'NONE', *, *, #1052, .T. ) ;
#5306 = CARTESIAN_POINT ( 'NONE',  ( 91.97670507211880400, -11.15173330818495900, 287.2116240877394400 ) ) ;
#5307 = CARTESIAN_POINT ( 'NONE',  ( 89.99001695565986800, -13.85504775433174100, 294.5506148747005000 ) ) ;
#5308 = ORIENTED_EDGE ( 'NONE', *, *, #2803, .F. ) ;
#5309 = CARTESIAN_POINT ( 'NONE',  ( 91.97757031619391900, -13.11411709345828100, 283.0971152184807200 ) ) ;
#5310 = CARTESIAN_POINT ( 'NONE',  ( 58.47747470533392500, -13.70110855190332600, 283.5482526801283700 ) ) ;
#5311 = CARTESIAN_POINT ( 'NONE',  ( 91.97589269724571200, 11.15471084262002700, 291.0747232024548900 ) ) ;
#5312 = CARTESIAN_POINT ( 'NONE',  ( 90.47589273036804500, 11.15487469848259000, 291.0744079744346800 ) ) ;
#5313 = ADVANCED_FACE ( 'NONE', ( #5164 ), #3341, .T. ) ;
#5314 = CARTESIAN_POINT ( 'NONE',  ( 58.47648002509308200, 2.113582528522875300, 288.2782713996315400 ) ) ;
#5315 = CARTESIAN_POINT ( 'NONE',  ( 56.97742401650348400, 11.12791810203411900, 283.7891363597684600 ) ) ;
#5316 = CARTESIAN_POINT ( 'NONE',  ( 56.97684269961125400, -10.60438488510917000, 286.5534817954481400 ) ) ;
#5317 = CARTESIAN_POINT ( 'NONE',  ( 58.47756720156567700, 6.679476414359351500, 283.1057700041018800 ) ) ;
#5318 = CARTESIAN_POINT ( 'NONE',  ( 58.47757788357935000, -9.320451097236997400, 283.0576075335000000 ) ) ;
#5319 = B_SPLINE_CURVE_WITH_KNOTS ( 'NONE', 3,
 ( #2384, #3667, #4054, #1594 ),
 .UNSPECIFIED., .F., .F.,
 ( 4, 4 ),
 ( 0.0000000000000000000, 1.000000000000000000 ),
 .UNSPECIFIED. ) ;
#5320 = VERTEX_POINT ( 'NONE', #351 ) ;
#5321 = VECTOR ( 'NONE', #1902, 999.9999999999998900 ) ;
#5322 = CARTESIAN_POINT ( 'NONE',  ( 56.97710622866963300, -11.64070536048506800, 285.3003178858288600 ) ) ;
#5323 = CARTESIAN_POINT ( 'NONE',  ( 91.97682963661888800, -10.62979323866820500, 286.6192805455079300 ) ) ;
#5324 = CARTESIAN_POINT ( 'NONE',  ( 90.47635562167383200, -4.588604123341788500, 288.8734920829784300 ) ) ;
#5325 = VERTEX_POINT ( 'NONE', #4031 ) ;
#5326 = CARTESIAN_POINT ( 'NONE',  ( 90.47779257160330200, -16.41359975035920000, 282.0400628279630300 ) ) ;
#5327 = ORIENTED_EDGE ( 'NONE', *, *, #1442, .F. ) ;
ENDSEC;
END-ISO-10303-21;
