solid servo_coupler - rear_bracket^servo_coupler-1
   facet normal -1.000000e+00 -0.000000e+00 -0.000000e+00
      outer loop
         vertex 5.399773e+01 3.286000e+00 3.253965e+01
         vertex 5.399773e+01 3.286000e+00 2.923965e+01
         vertex 5.399773e+01 1.386000e+00 3.253965e+01
      endloop
   endfacet
   facet normal -1.000000e+00 0.000000e+00 0.000000e+00
      outer loop
         vertex 5.399773e+01 1.386000e+00 3.253965e+01
         vertex 5.399773e+01 3.286000e+00 2.923965e+01
         vertex 5.399773e+01 3.286000e+00 2.536465e+01
      endloop
   endfacet
   facet normal -1.000000e+00 0.000000e+00 0.000000e+00
      outer loop
         vertex 5.399773e+01 1.386000e+00 3.253965e+01
         vertex 5.399773e+01 3.286000e+00 2.536465e+01
         vertex 5.399773e+01 1.386000e+00 1.353965e+01
      endloop
   endfacet
   facet normal -1.000000e+00 0.000000e+00 0.000000e+00
      outer loop
         vertex 5.399773e+01 1.386000e+00 1.353965e+01
         vertex 5.399773e+01 3.286000e+00 2.536465e+01
         vertex 5.399773e+01 3.286000e+00 1.683965e+01
      endloop
   endfacet
   facet normal -1.000000e+00 0.000000e+00 0.000000e+00
      outer loop
         vertex 5.399773e+01 1.386000e+00 1.353965e+01
         vertex 5.399773e+01 3.286000e+00 1.683965e+01
         vertex 5.399773e+01 3.286000e+00 1.353965e+01
      endloop
   endfacet
   facet normal -0.000000e+00 -0.000000e+00 -1.000000e+00
      outer loop
         vertex 6.340635e+01 3.286000e+00 8.477942e+00
         vertex 6.340635e+01 2.286000e+00 8.477942e+00
         vertex 5.452119e+01 3.286000e+00 8.477942e+00
      endloop
   endfacet
   facet normal 0.000000e+00 -0.000000e+00 -1.000000e+00
      outer loop
         vertex 5.452119e+01 3.286000e+00 8.477942e+00
         vertex 6.340635e+01 2.286000e+00 8.477942e+00
         vertex 4.044710e+01 2.286000e+00 8.477942e+00
      endloop
   endfacet
   facet normal -0.000000e+00 0.000000e+00 -1.000000e+00
      outer loop
         vertex 5.452119e+01 3.286000e+00 8.477942e+00
         vertex 4.044710e+01 2.286000e+00 8.477942e+00
         vertex 4.044710e+01 3.286000e+00 8.477942e+00
      endloop
   endfacet
   facet normal 1.000000e+00 0.000000e+00 0.000000e+00
      outer loop
         vertex 6.340635e+01 2.286000e+00 8.477942e+00
         vertex 6.340635e+01 3.286000e+00 8.477942e+00
         vertex 6.340635e+01 3.286000e+00 1.266465e+01
      endloop
   endfacet
   facet normal 1.000000e+00 0.000000e+00 -0.000000e+00
      outer loop
         vertex 6.340635e+01 3.286000e+00 3.625014e+01
         vertex 6.340635e+01 3.286000e+00 3.760135e+01
         vertex 6.340635e+01 2.286000e+00 3.760135e+01
      endloop
   endfacet
   facet normal 1.000000e+00 0.000000e+00 0.000000e+00
      outer loop
         vertex 6.340635e+01 3.286000e+00 3.625014e+01
         vertex 6.340635e+01 8.717868e-01 3.701556e+01
         vertex 6.340635e+01 5.539488e-01 3.660135e+01
      endloop
   endfacet
   facet normal 1.000000e+00 0.000000e+00 0.000000e+00
      outer loop
         vertex 6.340635e+01 2.286000e+00 3.760135e+01
         vertex 6.340635e+01 1.768362e+00 3.753320e+01
         vertex 6.340635e+01 3.286000e+00 3.625014e+01
      endloop
   endfacet
   facet normal 1.000000e+00 0.000000e+00 0.000000e+00
      outer loop
         vertex 6.340635e+01 3.286000e+00 3.625014e+01
         vertex 6.340635e+01 1.768362e+00 3.753320e+01
         vertex 6.340635e+01 1.286000e+00 3.733340e+01
      endloop
   endfacet
   facet normal 1.000000e+00 0.000000e+00 0.000000e+00
      outer loop
         vertex 6.340635e+01 3.286000e+00 3.625014e+01
         vertex 6.340635e+01 1.286000e+00 3.733340e+01
         vertex 6.340635e+01 8.717868e-01 3.701556e+01
      endloop
   endfacet
   facet normal 1.000000e+00 0.000000e+00 0.000000e+00
      outer loop
         vertex 6.340635e+01 5.539488e-01 3.660135e+01
         vertex 6.340635e+01 3.541484e-01 3.611899e+01
         vertex 6.340635e+01 3.286000e+00 3.625014e+01
      endloop
   endfacet
   facet normal 1.000000e+00 0.000000e+00 0.000000e+00
      outer loop
         vertex 6.340635e+01 3.286000e+00 3.625014e+01
         vertex 6.340635e+01 3.541484e-01 3.611899e+01
         vertex 6.340635e+01 2.859998e-01 3.560135e+01
      endloop
   endfacet
   facet normal 1.000000e+00 0.000000e+00 0.000000e+00
      outer loop
         vertex 6.340635e+01 3.286000e+00 3.625014e+01
         vertex 6.340635e+01 2.859998e-01 3.560135e+01
         vertex 6.340635e+01 3.286000e+00 3.341465e+01
      endloop
   endfacet
   facet normal 1.000000e+00 0.000000e+00 0.000000e+00
      outer loop
         vertex 6.340635e+01 3.286000e+00 3.341465e+01
         vertex 6.340635e+01 2.859998e-01 3.560135e+01
         vertex 6.340635e+01 2.859998e-01 3.341465e+01
      endloop
   endfacet
   facet normal 1.000000e+00 0.000000e+00 0.000000e+00
      outer loop
         vertex 6.340635e+01 3.286000e+00 3.341465e+01
         vertex 6.340635e+01 2.859998e-01 3.341465e+01
         vertex 6.340635e+01 3.286000e+00 2.923965e+01
      endloop
   endfacet
   facet normal 1.000000e+00 0.000000e+00 0.000000e+00
      outer loop
         vertex 6.340635e+01 3.286000e+00 2.923965e+01
         vertex 6.340635e+01 2.859998e-01 3.341465e+01
         vertex 6.340635e+01 2.859998e-01 2.923965e+01
      endloop
   endfacet
   facet normal 1.000000e+00 0.000000e+00 0.000000e+00
      outer loop
         vertex 6.340635e+01 3.286000e+00 2.923965e+01
         vertex 6.340635e+01 2.859998e-01 2.923965e+01
         vertex 6.340635e+01 3.286000e+00 2.536465e+01
      endloop
   endfacet
   facet normal 1.000000e+00 0.000000e+00 0.000000e+00
      outer loop
         vertex 6.340635e+01 3.286000e+00 2.536465e+01
         vertex 6.340635e+01 2.859998e-01 2.923965e+01
         vertex 6.340635e+01 2.859998e-01 2.536465e+01
      endloop
   endfacet
   facet normal 1.000000e+00 0.000000e+00 0.000000e+00
      outer loop
         vertex 6.340635e+01 3.286000e+00 2.536465e+01
         vertex 6.340635e+01 2.859998e-01 2.536465e+01
         vertex 6.340635e+01 3.286000e+00 1.683965e+01
      endloop
   endfacet
   facet normal 1.000000e+00 0.000000e+00 0.000000e+00
      outer loop
         vertex 6.340635e+01 3.286000e+00 1.683965e+01
         vertex 6.340635e+01 2.859998e-01 2.536465e+01
         vertex 6.340635e+01 2.859998e-01 1.683965e+01
      endloop
   endfacet
   facet normal 1.000000e+00 0.000000e+00 0.000000e+00
      outer loop
         vertex 6.340635e+01 3.286000e+00 1.683965e+01
         vertex 6.340635e+01 2.859998e-01 1.683965e+01
         vertex 6.340635e+01 3.286000e+00 1.266465e+01
      endloop
   endfacet
   facet normal 1.000000e+00 0.000000e+00 0.000000e+00
      outer loop
         vertex 6.340635e+01 3.286000e+00 1.266465e+01
         vertex 6.340635e+01 2.859998e-01 1.683965e+01
         vertex 6.340635e+01 2.859998e-01 1.266465e+01
      endloop
   endfacet
   facet normal 1.000000e+00 0.000000e+00 -0.000000e+00
      outer loop
         vertex 6.340635e+01 2.286000e+00 8.477942e+00
         vertex 6.340635e+01 3.286000e+00 1.266465e+01
         vertex 6.340635e+01 1.768362e+00 8.546091e+00
      endloop
   endfacet
   facet normal 1.000000e+00 -0.000000e+00 0.000000e+00
      outer loop
         vertex 6.340635e+01 2.859998e-01 1.266465e+01
         vertex 6.340635e+01 2.859998e-01 1.047794e+01
         vertex 6.340635e+01 3.286000e+00 1.266465e+01
      endloop
   endfacet
   facet normal 1.000000e+00 0.000000e+00 0.000000e+00
      outer loop
         vertex 6.340635e+01 3.286000e+00 1.266465e+01
         vertex 6.340635e+01 2.859998e-01 1.047794e+01
         vertex 6.340635e+01 3.541484e-01 9.960304e+00
      endloop
   endfacet
   facet normal 1.000000e+00 0.000000e+00 0.000000e+00
      outer loop
         vertex 6.340635e+01 3.286000e+00 1.266465e+01
         vertex 6.340635e+01 3.541484e-01 9.960304e+00
         vertex 6.340635e+01 5.539488e-01 9.477942e+00
      endloop
   endfacet
   facet normal 1.000000e+00 -0.000000e+00 0.000000e+00
      outer loop
         vertex 6.340635e+01 5.539488e-01 9.477942e+00
         vertex 6.340635e+01 8.717868e-01 9.063729e+00
         vertex 6.340635e+01 3.286000e+00 1.266465e+01
      endloop
   endfacet
   facet normal 1.000000e+00 0.000000e+00 0.000000e+00
      outer loop
         vertex 6.340635e+01 3.286000e+00 1.266465e+01
         vertex 6.340635e+01 8.717868e-01 9.063729e+00
         vertex 6.340635e+01 1.286000e+00 8.745892e+00
      endloop
   endfacet
   facet normal 1.000000e+00 0.000000e+00 0.000000e+00
      outer loop
         vertex 6.340635e+01 3.286000e+00 1.266465e+01
         vertex 6.340635e+01 1.286000e+00 8.745892e+00
         vertex 6.340635e+01 1.768362e+00 8.546091e+00
      endloop
   endfacet
   facet normal -0.000000e+00 0.000000e+00 1.000000e+00
      outer loop
         vertex 4.044710e+01 3.286000e+00 3.760135e+01
         vertex 4.044710e+01 2.286000e+00 3.760135e+01
         vertex 5.452119e+01 3.286000e+00 3.760135e+01
      endloop
   endfacet
   facet normal 0.000000e+00 0.000000e+00 1.000000e+00
      outer loop
         vertex 5.452119e+01 3.286000e+00 3.760135e+01
         vertex 4.044710e+01 2.286000e+00 3.760135e+01
         vertex 6.340635e+01 2.286000e+00 3.760135e+01
      endloop
   endfacet
   facet normal -0.000000e+00 0.000000e+00 1.000000e+00
      outer loop
         vertex 5.452119e+01 3.286000e+00 3.760135e+01
         vertex 6.340635e+01 2.286000e+00 3.760135e+01
         vertex 6.340635e+01 3.286000e+00 3.760135e+01
      endloop
   endfacet
   facet normal 0.000000e+00 -0.000000e+00 1.000000e+00
      outer loop
         vertex 5.399773e+01 1.386000e+00 1.353965e+01
         vertex 5.399773e+01 3.286000e+00 1.353965e+01
         vertex 4.306480e+01 1.386000e+00 1.353965e+01
      endloop
   endfacet
   facet normal 0.000000e+00 -0.000000e+00 1.000000e+00
      outer loop
         vertex 4.306480e+01 1.386000e+00 1.353965e+01
         vertex 5.399773e+01 3.286000e+00 1.353965e+01
         vertex 3.494465e+01 3.286000e+00 1.353965e+01
      endloop
   endfacet
   facet normal 0.000000e+00 0.000000e+00 1.000000e+00
      outer loop
         vertex 4.306480e+01 1.386000e+00 1.353965e+01
         vertex 3.494465e+01 3.286000e+00 1.353965e+01
         vertex 4.306480e+01 2.859998e-01 1.353965e+01
      endloop
   endfacet
   facet normal 0.000000e+00 0.000000e+00 1.000000e+00
      outer loop
         vertex 4.306480e+01 2.859998e-01 1.353965e+01
         vertex 3.494465e+01 3.286000e+00 1.353965e+01
         vertex 3.494465e+01 2.859998e-01 1.353965e+01
      endloop
   endfacet
   facet normal 1.000000e+00 0.000000e+00 0.000000e+00
      outer loop
         vertex 3.494465e+01 3.286000e+00 3.253965e+01
         vertex 3.494465e+01 2.859998e-01 3.253965e+01
         vertex 3.494465e+01 3.286000e+00 2.923965e+01
      endloop
   endfacet
   facet normal 1.000000e+00 0.000000e+00 0.000000e+00
      outer loop
         vertex 3.494465e+01 3.286000e+00 2.923965e+01
         vertex 3.494465e+01 2.859998e-01 3.253965e+01
         vertex 3.494465e+01 2.859998e-01 2.923965e+01
      endloop
   endfacet
   facet normal 1.000000e+00 0.000000e+00 0.000000e+00
      outer loop
         vertex 3.494465e+01 3.286000e+00 2.923965e+01
         vertex 3.494465e+01 2.859998e-01 2.923965e+01
         vertex 3.494465e+01 3.286000e+00 2.536465e+01
      endloop
   endfacet
   facet normal 1.000000e+00 0.000000e+00 0.000000e+00
      outer loop
         vertex 3.494465e+01 3.286000e+00 2.536465e+01
         vertex 3.494465e+01 2.859998e-01 2.923965e+01
         vertex 3.494465e+01 2.859998e-01 2.536465e+01
      endloop
   endfacet
   facet normal 1.000000e+00 0.000000e+00 0.000000e+00
      outer loop
         vertex 3.494465e+01 3.286000e+00 2.536465e+01
         vertex 3.494465e+01 2.859998e-01 2.536465e+01
         vertex 3.494465e+01 3.286000e+00 1.683965e+01
      endloop
   endfacet
   facet normal 1.000000e+00 0.000000e+00 0.000000e+00
      outer loop
         vertex 3.494465e+01 3.286000e+00 1.683965e+01
         vertex 3.494465e+01 2.859998e-01 2.536465e+01
         vertex 3.494465e+01 2.859998e-01 1.683965e+01
      endloop
   endfacet
   facet normal 1.000000e+00 0.000000e+00 0.000000e+00
      outer loop
         vertex 3.494465e+01 3.286000e+00 1.683965e+01
         vertex 3.494465e+01 2.859998e-01 1.683965e+01
         vertex 3.494465e+01 3.286000e+00 1.353965e+01
      endloop
   endfacet
   facet normal 1.000000e+00 0.000000e+00 0.000000e+00
      outer loop
         vertex 3.494465e+01 3.286000e+00 1.353965e+01
         vertex 3.494465e+01 2.859998e-01 1.683965e+01
         vertex 3.494465e+01 2.859998e-01 1.353965e+01
      endloop
   endfacet
   facet normal -1.305261e-01 0.000000e+00 -9.914449e-01
      outer loop
         vertex 3.159465e+01 2.859998e-01 3.428965e+01
         vertex 3.159465e+01 3.286000e+00 3.428965e+01
         vertex 3.185347e+01 2.859998e-01 3.425557e+01
      endloop
   endfacet
   facet normal -1.305261e-01 0.000000e+00 -9.914449e-01
      outer loop
         vertex 3.185347e+01 2.859998e-01 3.425557e+01
         vertex 3.159465e+01 3.286000e+00 3.428965e+01
         vertex 3.185347e+01 3.286000e+00 3.425557e+01
      endloop
   endfacet
   facet normal -3.826858e-01 0.000000e+00 -9.238786e-01
      outer loop
         vertex 3.185347e+01 2.859998e-01 3.425557e+01
         vertex 3.185347e+01 3.286000e+00 3.425557e+01
         vertex 3.209465e+01 2.859998e-01 3.415567e+01
      endloop
   endfacet
   facet normal -3.826858e-01 0.000000e+00 -9.238786e-01
      outer loop
         vertex 3.209465e+01 2.859998e-01 3.415567e+01
         vertex 3.185347e+01 3.286000e+00 3.425557e+01
         vertex 3.209465e+01 3.286000e+00 3.415567e+01
      endloop
   endfacet
   facet normal -6.087622e-01 0.000000e+00 -7.933527e-01
      outer loop
         vertex 3.209465e+01 2.859998e-01 3.415567e+01
         vertex 3.209465e+01 3.286000e+00 3.415567e+01
         vertex 3.230175e+01 2.859998e-01 3.399675e+01
      endloop
   endfacet
   facet normal -6.087622e-01 0.000000e+00 -7.933527e-01
      outer loop
         vertex 3.230175e+01 2.859998e-01 3.399675e+01
         vertex 3.209465e+01 3.286000e+00 3.415567e+01
         vertex 3.230175e+01 3.286000e+00 3.399675e+01
      endloop
   endfacet
   facet normal -7.933523e-01 0.000000e+00 -6.087628e-01
      outer loop
         vertex 3.230175e+01 2.859998e-01 3.399675e+01
         vertex 3.230175e+01 3.286000e+00 3.399675e+01
         vertex 3.246067e+01 2.859998e-01 3.378965e+01
      endloop
   endfacet
   facet normal -7.933523e-01 0.000000e+00 -6.087628e-01
      outer loop
         vertex 3.246067e+01 2.859998e-01 3.378965e+01
         vertex 3.230175e+01 3.286000e+00 3.399675e+01
         vertex 3.246067e+01 3.286000e+00 3.378965e+01
      endloop
   endfacet
   facet normal -9.238786e-01 0.000000e+00 -3.826858e-01
      outer loop
         vertex 3.246067e+01 2.859998e-01 3.378965e+01
         vertex 3.246067e+01 3.286000e+00 3.378965e+01
         vertex 3.256057e+01 2.859998e-01 3.354847e+01
      endloop
   endfacet
   facet normal -9.238786e-01 0.000000e+00 -3.826858e-01
      outer loop
         vertex 3.256057e+01 2.859998e-01 3.354847e+01
         vertex 3.246067e+01 3.286000e+00 3.378965e+01
         vertex 3.256057e+01 3.286000e+00 3.354847e+01
      endloop
   endfacet
   facet normal -9.914457e-01 0.000000e+00 -1.305202e-01
      outer loop
         vertex 3.256057e+01 2.859998e-01 3.354847e+01
         vertex 3.256057e+01 3.286000e+00 3.354847e+01
         vertex 3.257819e+01 2.859998e-01 3.341465e+01
      endloop
   endfacet
   facet normal -9.914457e-01 0.000000e+00 -1.305202e-01
      outer loop
         vertex 3.257819e+01 2.859998e-01 3.341465e+01
         vertex 3.256057e+01 3.286000e+00 3.354847e+01
         vertex 3.257819e+01 3.286000e+00 3.341465e+01
      endloop
   endfacet
   facet normal -9.914449e-01 0.000000e+00 -1.305262e-01
      outer loop
         vertex 3.257819e+01 2.859998e-01 3.341465e+01
         vertex 3.257819e+01 3.286000e+00 3.341465e+01
         vertex 3.259465e+01 2.859998e-01 3.328965e+01
      endloop
   endfacet
   facet normal -9.914449e-01 0.000000e+00 -1.305262e-01
      outer loop
         vertex 3.259465e+01 2.859998e-01 3.328965e+01
         vertex 3.257819e+01 3.286000e+00 3.341465e+01
         vertex 3.259465e+01 3.286000e+00 3.328965e+01
      endloop
   endfacet
   facet normal -9.914453e-01 0.000000e+00 1.305231e-01
      outer loop
         vertex 3.259465e+01 2.859998e-01 3.328965e+01
         vertex 3.259465e+01 3.286000e+00 3.328965e+01
         vertex 3.256057e+01 2.859998e-01 3.303083e+01
      endloop
   endfacet
   facet normal -9.914453e-01 0.000000e+00 1.305231e-01
      outer loop
         vertex 3.256057e+01 2.859998e-01 3.303083e+01
         vertex 3.259465e+01 3.286000e+00 3.328965e+01
         vertex 3.256057e+01 3.286000e+00 3.303083e+01
      endloop
   endfacet
   facet normal -9.238786e-01 0.000000e+00 3.826858e-01
      outer loop
         vertex 3.256057e+01 2.859998e-01 3.303083e+01
         vertex 3.256057e+01 3.286000e+00 3.303083e+01
         vertex 3.246067e+01 2.859998e-01 3.278965e+01
      endloop
   endfacet
   facet normal -9.238786e-01 0.000000e+00 3.826858e-01
      outer loop
         vertex 3.246067e+01 2.859998e-01 3.278965e+01
         vertex 3.256057e+01 3.286000e+00 3.303083e+01
         vertex 3.246067e+01 3.286000e+00 3.278965e+01
      endloop
   endfacet
   facet normal -7.933523e-01 0.000000e+00 6.087628e-01
      outer loop
         vertex 3.246067e+01 2.859998e-01 3.278965e+01
         vertex 3.246067e+01 3.286000e+00 3.278965e+01
         vertex 3.230175e+01 2.859998e-01 3.258254e+01
      endloop
   endfacet
   facet normal -7.933523e-01 0.000000e+00 6.087628e-01
      outer loop
         vertex 3.230175e+01 2.859998e-01 3.258254e+01
         vertex 3.246067e+01 3.286000e+00 3.278965e+01
         vertex 3.230175e+01 3.286000e+00 3.258254e+01
      endloop
   endfacet
   facet normal -6.087645e-01 0.000000e+00 7.933510e-01
      outer loop
         vertex 3.230175e+01 2.859998e-01 3.258254e+01
         vertex 3.230175e+01 3.286000e+00 3.258254e+01
         vertex 3.209465e+01 2.859998e-01 3.242362e+01
      endloop
   endfacet
   facet normal -6.087645e-01 0.000000e+00 7.933510e-01
      outer loop
         vertex 3.209465e+01 2.859998e-01 3.242362e+01
         vertex 3.230175e+01 3.286000e+00 3.258254e+01
         vertex 3.209465e+01 3.286000e+00 3.242362e+01
      endloop
   endfacet
   facet normal -3.826827e-01 0.000000e+00 9.238798e-01
      outer loop
         vertex 3.209465e+01 2.859998e-01 3.242362e+01
         vertex 3.209465e+01 3.286000e+00 3.242362e+01
         vertex 3.185347e+01 2.859998e-01 3.232372e+01
      endloop
   endfacet
   facet normal -3.826827e-01 0.000000e+00 9.238798e-01
      outer loop
         vertex 3.185347e+01 2.859998e-01 3.232372e+01
         vertex 3.209465e+01 3.286000e+00 3.242362e+01
         vertex 3.185347e+01 3.286000e+00 3.232372e+01
      endloop
   endfacet
   facet normal -1.305261e-01 0.000000e+00 9.914449e-01
      outer loop
         vertex 3.185347e+01 2.859998e-01 3.232372e+01
         vertex 3.185347e+01 3.286000e+00 3.232372e+01
         vertex 3.159465e+01 2.859998e-01 3.228965e+01
      endloop
   endfacet
   facet normal -1.305261e-01 0.000000e+00 9.914449e-01
      outer loop
         vertex 3.159465e+01 2.859998e-01 3.228965e+01
         vertex 3.185347e+01 3.286000e+00 3.232372e+01
         vertex 3.159465e+01 3.286000e+00 3.228965e+01
      endloop
   endfacet
   facet normal 1.305270e-01 -0.000000e+00 9.914447e-01
      outer loop
         vertex 3.159465e+01 2.859998e-01 3.228965e+01
         vertex 3.159465e+01 3.286000e+00 3.228965e+01
         vertex 3.133583e+01 2.859998e-01 3.232372e+01
      endloop
   endfacet
   facet normal 1.305270e-01 -0.000000e+00 9.914447e-01
      outer loop
         vertex 3.133583e+01 2.859998e-01 3.232372e+01
         vertex 3.159465e+01 3.286000e+00 3.228965e+01
         vertex 3.133583e+01 3.286000e+00 3.232372e+01
      endloop
   endfacet
   facet normal 3.826827e-01 -0.000000e+00 9.238798e-01
      outer loop
         vertex 3.133583e+01 2.859998e-01 3.232372e+01
         vertex 3.133583e+01 3.286000e+00 3.232372e+01
         vertex 3.109465e+01 2.859998e-01 3.242362e+01
      endloop
   endfacet
   facet normal 3.826827e-01 -0.000000e+00 9.238798e-01
      outer loop
         vertex 3.109465e+01 2.859998e-01 3.242362e+01
         vertex 3.133583e+01 3.286000e+00 3.232372e+01
         vertex 3.109465e+01 3.286000e+00 3.242362e+01
      endloop
   endfacet
   facet normal 6.087619e-01 -0.000000e+00 7.933530e-01
      outer loop
         vertex 3.109465e+01 2.859998e-01 3.242362e+01
         vertex 3.109465e+01 3.286000e+00 3.242362e+01
         vertex 3.100715e+01 2.859998e-01 3.249076e+01
      endloop
   endfacet
   facet normal 6.087619e-01 -0.000000e+00 7.933530e-01
      outer loop
         vertex 3.100715e+01 2.859998e-01 3.249076e+01
         vertex 3.109465e+01 3.286000e+00 3.242362e+01
         vertex 3.100715e+01 3.286000e+00 3.249076e+01
      endloop
   endfacet
   facet normal 6.087604e-01 -0.000000e+00 7.933541e-01
      outer loop
         vertex 3.100715e+01 2.859998e-01 3.249076e+01
         vertex 3.100715e+01 3.286000e+00 3.249076e+01
         vertex 3.088754e+01 2.859998e-01 3.258254e+01
      endloop
   endfacet
   facet normal 6.087604e-01 -0.000000e+00 7.933541e-01
      outer loop
         vertex 3.088754e+01 2.859998e-01 3.258254e+01
         vertex 3.100715e+01 3.286000e+00 3.249076e+01
         vertex 3.088754e+01 3.286000e+00 3.258254e+01
      endloop
   endfacet
   facet normal 7.933523e-01 -0.000000e+00 6.087628e-01
      outer loop
         vertex 3.088754e+01 2.859998e-01 3.258254e+01
         vertex 3.088754e+01 3.286000e+00 3.258254e+01
         vertex 3.072862e+01 2.859998e-01 3.278965e+01
      endloop
   endfacet
   facet normal 7.933523e-01 -0.000000e+00 6.087628e-01
      outer loop
         vertex 3.072862e+01 2.859998e-01 3.278965e+01
         vertex 3.088754e+01 3.286000e+00 3.258254e+01
         vertex 3.072862e+01 3.286000e+00 3.278965e+01
      endloop
   endfacet
   facet normal 9.238811e-01 -0.000000e+00 3.826797e-01
      outer loop
         vertex 3.072862e+01 2.859998e-01 3.278965e+01
         vertex 3.072862e+01 3.286000e+00 3.278965e+01
         vertex 3.062872e+01 2.859998e-01 3.303083e+01
      endloop
   endfacet
   facet normal 9.238811e-01 -0.000000e+00 3.826797e-01
      outer loop
         vertex 3.062872e+01 2.859998e-01 3.303083e+01
         vertex 3.072862e+01 3.286000e+00 3.278965e+01
         vertex 3.062872e+01 3.286000e+00 3.303083e+01
      endloop
   endfacet
   facet normal 9.914443e-01 -0.000000e+00 1.305301e-01
      outer loop
         vertex 3.062872e+01 2.859998e-01 3.303083e+01
         vertex 3.062872e+01 3.286000e+00 3.303083e+01
         vertex 3.059465e+01 2.859998e-01 3.328965e+01
      endloop
   endfacet
   facet normal 9.914443e-01 -0.000000e+00 1.305301e-01
      outer loop
         vertex 3.059465e+01 2.859998e-01 3.328965e+01
         vertex 3.062872e+01 3.286000e+00 3.303083e+01
         vertex 3.059465e+01 3.286000e+00 3.328965e+01
      endloop
   endfacet
   facet normal 9.914449e-01 0.000000e+00 -1.305262e-01
      outer loop
         vertex 3.059465e+01 2.859998e-01 3.328965e+01
         vertex 3.059465e+01 3.286000e+00 3.328965e+01
         vertex 3.061110e+01 2.859998e-01 3.341465e+01
      endloop
   endfacet
   facet normal 9.914449e-01 0.000000e+00 -1.305262e-01
      outer loop
         vertex 3.061110e+01 2.859998e-01 3.341465e+01
         vertex 3.059465e+01 3.286000e+00 3.328965e+01
         vertex 3.061110e+01 3.286000e+00 3.341465e+01
      endloop
   endfacet
   facet normal 9.914439e-01 0.000000e+00 -1.305338e-01
      outer loop
         vertex 3.061110e+01 2.859998e-01 3.341465e+01
         vertex 3.061110e+01 3.286000e+00 3.341465e+01
         vertex 3.062872e+01 2.859998e-01 3.354847e+01
      endloop
   endfacet
   facet normal 9.914439e-01 0.000000e+00 -1.305338e-01
      outer loop
         vertex 3.062872e+01 2.859998e-01 3.354847e+01
         vertex 3.061110e+01 3.286000e+00 3.341465e+01
         vertex 3.062872e+01 3.286000e+00 3.354847e+01
      endloop
   endfacet
   facet normal 9.238811e-01 0.000000e+00 -3.826797e-01
      outer loop
         vertex 3.062872e+01 2.859998e-01 3.354847e+01
         vertex 3.062872e+01 3.286000e+00 3.354847e+01
         vertex 3.072862e+01 2.859998e-01 3.378965e+01
      endloop
   endfacet
   facet normal 9.238811e-01 0.000000e+00 -3.826797e-01
      outer loop
         vertex 3.072862e+01 2.859998e-01 3.378965e+01
         vertex 3.062872e+01 3.286000e+00 3.354847e+01
         vertex 3.072862e+01 3.286000e+00 3.378965e+01
      endloop
   endfacet
   facet normal 7.933523e-01 0.000000e+00 -6.087628e-01
      outer loop
         vertex 3.072862e+01 2.859998e-01 3.378965e+01
         vertex 3.072862e+01 3.286000e+00 3.378965e+01
         vertex 3.088754e+01 2.859998e-01 3.399675e+01
      endloop
   endfacet
   facet normal 7.933523e-01 0.000000e+00 -6.087628e-01
      outer loop
         vertex 3.088754e+01 2.859998e-01 3.399675e+01
         vertex 3.072862e+01 3.286000e+00 3.378965e+01
         vertex 3.088754e+01 3.286000e+00 3.399675e+01
      endloop
   endfacet
   facet normal 6.087565e-01 0.000000e+00 -7.933571e-01
      outer loop
         vertex 3.088754e+01 2.859998e-01 3.399675e+01
         vertex 3.088754e+01 3.286000e+00 3.399675e+01
         vertex 3.100715e+01 2.859998e-01 3.408853e+01
      endloop
   endfacet
   facet normal 6.087565e-01 0.000000e+00 -7.933571e-01
      outer loop
         vertex 3.100715e+01 2.859998e-01 3.408853e+01
         vertex 3.088754e+01 3.286000e+00 3.399675e+01
         vertex 3.100715e+01 3.286000e+00 3.408853e+01
      endloop
   endfacet
   facet normal 6.087619e-01 0.000000e+00 -7.933530e-01
      outer loop
         vertex 3.100715e+01 2.859998e-01 3.408853e+01
         vertex 3.100715e+01 3.286000e+00 3.408853e+01
         vertex 3.109465e+01 2.859998e-01 3.415567e+01
      endloop
   endfacet
   facet normal 6.087619e-01 0.000000e+00 -7.933530e-01
      outer loop
         vertex 3.109465e+01 2.859998e-01 3.415567e+01
         vertex 3.100715e+01 3.286000e+00 3.408853e+01
         vertex 3.109465e+01 3.286000e+00 3.415567e+01
      endloop
   endfacet
   facet normal 3.826858e-01 0.000000e+00 -9.238786e-01
      outer loop
         vertex 3.109465e+01 2.859998e-01 3.415567e+01
         vertex 3.109465e+01 3.286000e+00 3.415567e+01
         vertex 3.133583e+01 2.859998e-01 3.425557e+01
      endloop
   endfacet
   facet normal 3.826858e-01 0.000000e+00 -9.238786e-01
      outer loop
         vertex 3.133583e+01 2.859998e-01 3.425557e+01
         vertex 3.109465e+01 3.286000e+00 3.415567e+01
         vertex 3.133583e+01 3.286000e+00 3.425557e+01
      endloop
   endfacet
   facet normal 1.305270e-01 0.000000e+00 -9.914447e-01
      outer loop
         vertex 3.133583e+01 2.859998e-01 3.425557e+01
         vertex 3.133583e+01 3.286000e+00 3.425557e+01
         vertex 3.159465e+01 2.859998e-01 3.428965e+01
      endloop
   endfacet
   facet normal 1.305270e-01 0.000000e+00 -9.914447e-01
      outer loop
         vertex 3.159465e+01 2.859998e-01 3.428965e+01
         vertex 3.133583e+01 3.286000e+00 3.425557e+01
         vertex 3.159465e+01 3.286000e+00 3.428965e+01
      endloop
   endfacet
   facet normal -1.305264e-01 0.000000e+00 -9.914448e-01
      outer loop
         vertex 2.329465e+01 2.859998e-01 2.618965e+01
         vertex 2.329465e+01 3.286000e+00 2.618965e+01
         vertex 2.410993e+01 2.859998e-01 2.608231e+01
      endloop
   endfacet
   facet normal -1.305264e-01 0.000000e+00 -9.914448e-01
      outer loop
         vertex 2.410993e+01 2.859998e-01 2.608231e+01
         vertex 2.329465e+01 3.286000e+00 2.618965e+01
         vertex 2.410993e+01 3.286000e+00 2.608231e+01
      endloop
   endfacet
   facet normal -3.826838e-01 0.000000e+00 -9.238794e-01
      outer loop
         vertex 2.410993e+01 2.859998e-01 2.608231e+01
         vertex 2.410993e+01 3.286000e+00 2.608231e+01
         vertex 2.486965e+01 2.859998e-01 2.576763e+01
      endloop
   endfacet
   facet normal -3.826838e-01 0.000000e+00 -9.238794e-01
      outer loop
         vertex 2.486965e+01 2.859998e-01 2.576763e+01
         vertex 2.410993e+01 3.286000e+00 2.608231e+01
         vertex 2.486965e+01 3.286000e+00 2.576763e+01
      endloop
   endfacet
   facet normal -6.087608e-01 0.000000e+00 -7.933538e-01
      outer loop
         vertex 2.486965e+01 2.859998e-01 2.576763e+01
         vertex 2.486965e+01 3.286000e+00 2.576763e+01
         vertex 2.539482e+01 2.859998e-01 2.536465e+01
      endloop
   endfacet
   facet normal -6.087608e-01 0.000000e+00 -7.933538e-01
      outer loop
         vertex 2.539482e+01 2.859998e-01 2.536465e+01
         vertex 2.486965e+01 3.286000e+00 2.576763e+01
         vertex 2.539482e+01 3.286000e+00 2.536465e+01
      endloop
   endfacet
   facet normal -6.087596e-01 0.000000e+00 -7.933548e-01
      outer loop
         vertex 2.539482e+01 2.859998e-01 2.536465e+01
         vertex 2.539482e+01 3.286000e+00 2.536465e+01
         vertex 2.552203e+01 2.859998e-01 2.526703e+01
      endloop
   endfacet
   facet normal -6.087596e-01 0.000000e+00 -7.933548e-01
      outer loop
         vertex 2.552203e+01 2.859998e-01 2.526703e+01
         vertex 2.539482e+01 3.286000e+00 2.536465e+01
         vertex 2.552203e+01 3.286000e+00 2.526703e+01
      endloop
   endfacet
   facet normal -7.933536e-01 0.000000e+00 -6.087611e-01
      outer loop
         vertex 2.552203e+01 2.859998e-01 2.526703e+01
         vertex 2.552203e+01 3.286000e+00 2.526703e+01
         vertex 2.602263e+01 2.859998e-01 2.461465e+01
      endloop
   endfacet
   facet normal -7.933536e-01 0.000000e+00 -6.087611e-01
      outer loop
         vertex 2.602263e+01 2.859998e-01 2.461465e+01
         vertex 2.552203e+01 3.286000e+00 2.526703e+01
         vertex 2.602263e+01 3.286000e+00 2.461465e+01
      endloop
   endfacet
   facet normal -9.238795e-01 0.000000e+00 -3.826836e-01
      outer loop
         vertex 2.602263e+01 2.859998e-01 2.461465e+01
         vertex 2.602263e+01 3.286000e+00 2.461465e+01
         vertex 2.633731e+01 2.859998e-01 2.385493e+01
      endloop
   endfacet
   facet normal -9.238795e-01 0.000000e+00 -3.826836e-01
      outer loop
         vertex 2.633731e+01 2.859998e-01 2.385493e+01
         vertex 2.602263e+01 3.286000e+00 2.461465e+01
         vertex 2.633731e+01 3.286000e+00 2.385493e+01
      endloop
   endfacet
   facet normal -9.914450e-01 0.000000e+00 -1.305255e-01
      outer loop
         vertex 2.633731e+01 2.859998e-01 2.385493e+01
         vertex 2.633731e+01 3.286000e+00 2.385493e+01
         vertex 2.644465e+01 2.859998e-01 2.303965e+01
      endloop
   endfacet
   facet normal -9.914450e-01 0.000000e+00 -1.305255e-01
      outer loop
         vertex 2.644465e+01 2.859998e-01 2.303965e+01
         vertex 2.633731e+01 3.286000e+00 2.385493e+01
         vertex 2.644465e+01 3.286000e+00 2.303965e+01
      endloop
   endfacet
   facet normal -9.914450e-01 0.000000e+00 1.305255e-01
      outer loop
         vertex 2.644465e+01 2.859998e-01 2.303965e+01
         vertex 2.644465e+01 3.286000e+00 2.303965e+01
         vertex 2.633731e+01 2.859998e-01 2.222437e+01
      endloop
   endfacet
   facet normal -9.914450e-01 0.000000e+00 1.305255e-01
      outer loop
         vertex 2.633731e+01 2.859998e-01 2.222437e+01
         vertex 2.644465e+01 3.286000e+00 2.303965e+01
         vertex 2.633731e+01 3.286000e+00 2.222437e+01
      endloop
   endfacet
   facet normal -9.238795e-01 0.000000e+00 3.826836e-01
      outer loop
         vertex 2.633731e+01 2.859998e-01 2.222437e+01
         vertex 2.633731e+01 3.286000e+00 2.222437e+01
         vertex 2.602263e+01 2.859998e-01 2.146465e+01
      endloop
   endfacet
   facet normal -9.238795e-01 0.000000e+00 3.826836e-01
      outer loop
         vertex 2.602263e+01 2.859998e-01 2.146465e+01
         vertex 2.633731e+01 3.286000e+00 2.222437e+01
         vertex 2.602263e+01 3.286000e+00 2.146465e+01
      endloop
   endfacet
   facet normal -7.933536e-01 0.000000e+00 6.087611e-01
      outer loop
         vertex 2.602263e+01 2.859998e-01 2.146465e+01
         vertex 2.602263e+01 3.286000e+00 2.146465e+01
         vertex 2.552203e+01 2.859998e-01 2.081226e+01
      endloop
   endfacet
   facet normal -7.933536e-01 0.000000e+00 6.087611e-01
      outer loop
         vertex 2.552203e+01 2.859998e-01 2.081226e+01
         vertex 2.602263e+01 3.286000e+00 2.146465e+01
         vertex 2.552203e+01 3.286000e+00 2.081226e+01
      endloop
   endfacet
   facet normal -6.087605e-01 0.000000e+00 7.933540e-01
      outer loop
         vertex 2.552203e+01 2.859998e-01 2.081226e+01
         vertex 2.552203e+01 3.286000e+00 2.081226e+01
         vertex 2.486965e+01 2.859998e-01 2.031167e+01
      endloop
   endfacet
   facet normal -6.087605e-01 0.000000e+00 7.933540e-01
      outer loop
         vertex 2.486965e+01 2.859998e-01 2.031167e+01
         vertex 2.552203e+01 3.286000e+00 2.081226e+01
         vertex 2.486965e+01 3.286000e+00 2.031167e+01
      endloop
   endfacet
   facet normal -3.826838e-01 0.000000e+00 9.238794e-01
      outer loop
         vertex 2.486965e+01 2.859998e-01 2.031167e+01
         vertex 2.486965e+01 3.286000e+00 2.031167e+01
         vertex 2.410993e+01 2.859998e-01 1.999698e+01
      endloop
   endfacet
   facet normal -3.826838e-01 0.000000e+00 9.238794e-01
      outer loop
         vertex 2.410993e+01 2.859998e-01 1.999698e+01
         vertex 2.486965e+01 3.286000e+00 2.031167e+01
         vertex 2.410993e+01 3.286000e+00 1.999698e+01
      endloop
   endfacet
   facet normal -1.305264e-01 0.000000e+00 9.914448e-01
      outer loop
         vertex 2.410993e+01 2.859998e-01 1.999698e+01
         vertex 2.410993e+01 3.286000e+00 1.999698e+01
         vertex 2.329465e+01 2.859998e-01 1.988965e+01
      endloop
   endfacet
   facet normal -1.305264e-01 0.000000e+00 9.914448e-01
      outer loop
         vertex 2.329465e+01 2.859998e-01 1.988965e+01
         vertex 2.410993e+01 3.286000e+00 1.999698e+01
         vertex 2.329465e+01 3.286000e+00 1.988965e+01
      endloop
   endfacet
   facet normal 1.305264e-01 -0.000000e+00 9.914448e-01
      outer loop
         vertex 2.329465e+01 2.859998e-01 1.988965e+01
         vertex 2.329465e+01 3.286000e+00 1.988965e+01
         vertex 2.247937e+01 2.859998e-01 1.999698e+01
      endloop
   endfacet
   facet normal 1.305264e-01 -0.000000e+00 9.914448e-01
      outer loop
         vertex 2.247937e+01 2.859998e-01 1.999698e+01
         vertex 2.329465e+01 3.286000e+00 1.988965e+01
         vertex 2.247937e+01 3.286000e+00 1.999698e+01
      endloop
   endfacet
   facet normal 3.826830e-01 -0.000000e+00 9.238797e-01
      outer loop
         vertex 2.247937e+01 2.859998e-01 1.999698e+01
         vertex 2.247937e+01 3.286000e+00 1.999698e+01
         vertex 2.171965e+01 2.859998e-01 2.031167e+01
      endloop
   endfacet
   facet normal 3.826830e-01 -0.000000e+00 9.238797e-01
      outer loop
         vertex 2.171965e+01 2.859998e-01 2.031167e+01
         vertex 2.247937e+01 3.286000e+00 1.999698e+01
         vertex 2.171965e+01 3.286000e+00 2.031167e+01
      endloop
   endfacet
   facet normal 6.087616e-01 -0.000000e+00 7.933532e-01
      outer loop
         vertex 2.171965e+01 2.859998e-01 2.031167e+01
         vertex 2.171965e+01 3.286000e+00 2.031167e+01
         vertex 2.106726e+01 2.859998e-01 2.081226e+01
      endloop
   endfacet
   facet normal 6.087616e-01 -0.000000e+00 7.933532e-01
      outer loop
         vertex 2.106726e+01 2.859998e-01 2.081226e+01
         vertex 2.171965e+01 3.286000e+00 2.031167e+01
         vertex 2.106726e+01 3.286000e+00 2.081226e+01
      endloop
   endfacet
   facet normal 7.933536e-01 -0.000000e+00 6.087611e-01
      outer loop
         vertex 2.106726e+01 2.859998e-01 2.081226e+01
         vertex 2.106726e+01 3.286000e+00 2.081226e+01
         vertex 2.056667e+01 2.859998e-01 2.146465e+01
      endloop
   endfacet
   facet normal 7.933536e-01 -0.000000e+00 6.087611e-01
      outer loop
         vertex 2.056667e+01 2.859998e-01 2.146465e+01
         vertex 2.106726e+01 3.286000e+00 2.081226e+01
         vertex 2.056667e+01 3.286000e+00 2.146465e+01
      endloop
   endfacet
   facet normal 9.238795e-01 -0.000000e+00 3.826836e-01
      outer loop
         vertex 2.056667e+01 2.859998e-01 2.146465e+01
         vertex 2.056667e+01 3.286000e+00 2.146465e+01
         vertex 2.025198e+01 2.859998e-01 2.222437e+01
      endloop
   endfacet
   facet normal 9.238795e-01 -0.000000e+00 3.826836e-01
      outer loop
         vertex 2.025198e+01 2.859998e-01 2.222437e+01
         vertex 2.056667e+01 3.286000e+00 2.146465e+01
         vertex 2.025198e+01 3.286000e+00 2.222437e+01
      endloop
   endfacet
   facet normal 9.914447e-01 -0.000000e+00 1.305277e-01
      outer loop
         vertex 2.025198e+01 2.859998e-01 2.222437e+01
         vertex 2.025198e+01 3.286000e+00 2.222437e+01
         vertex 2.014465e+01 2.859998e-01 2.303965e+01
      endloop
   endfacet
   facet normal 9.914447e-01 -0.000000e+00 1.305277e-01
      outer loop
         vertex 2.014465e+01 2.859998e-01 2.303965e+01
         vertex 2.025198e+01 3.286000e+00 2.222437e+01
         vertex 2.014465e+01 3.286000e+00 2.303965e+01
      endloop
   endfacet
   facet normal 9.914447e-01 0.000000e+00 -1.305277e-01
      outer loop
         vertex 2.014465e+01 2.859998e-01 2.303965e+01
         vertex 2.014465e+01 3.286000e+00 2.303965e+01
         vertex 2.025198e+01 2.859998e-01 2.385493e+01
      endloop
   endfacet
   facet normal 9.914447e-01 0.000000e+00 -1.305277e-01
      outer loop
         vertex 2.025198e+01 2.859998e-01 2.385493e+01
         vertex 2.014465e+01 3.286000e+00 2.303965e+01
         vertex 2.025198e+01 3.286000e+00 2.385493e+01
      endloop
   endfacet
   facet normal 9.238795e-01 0.000000e+00 -3.826836e-01
      outer loop
         vertex 2.025198e+01 2.859998e-01 2.385493e+01
         vertex 2.025198e+01 3.286000e+00 2.385493e+01
         vertex 2.056667e+01 2.859998e-01 2.461465e+01
      endloop
   endfacet
   facet normal 9.238795e-01 0.000000e+00 -3.826836e-01
      outer loop
         vertex 2.056667e+01 2.859998e-01 2.461465e+01
         vertex 2.025198e+01 3.286000e+00 2.385493e+01
         vertex 2.056667e+01 3.286000e+00 2.461465e+01
      endloop
   endfacet
   facet normal 7.933536e-01 0.000000e+00 -6.087611e-01
      outer loop
         vertex 2.056667e+01 2.859998e-01 2.461465e+01
         vertex 2.056667e+01 3.286000e+00 2.461465e+01
         vertex 2.106726e+01 2.859998e-01 2.526703e+01
      endloop
   endfacet
   facet normal 7.933536e-01 0.000000e+00 -6.087611e-01
      outer loop
         vertex 2.106726e+01 2.859998e-01 2.526703e+01
         vertex 2.056667e+01 3.286000e+00 2.461465e+01
         vertex 2.106726e+01 3.286000e+00 2.526703e+01
      endloop
   endfacet
   facet normal 6.087596e-01 0.000000e+00 -7.933548e-01
      outer loop
         vertex 2.106726e+01 2.859998e-01 2.526703e+01
         vertex 2.106726e+01 3.286000e+00 2.526703e+01
         vertex 2.119447e+01 2.859998e-01 2.536465e+01
      endloop
   endfacet
   facet normal 6.087596e-01 0.000000e+00 -7.933548e-01
      outer loop
         vertex 2.119447e+01 2.859998e-01 2.536465e+01
         vertex 2.106726e+01 3.286000e+00 2.526703e+01
         vertex 2.119447e+01 3.286000e+00 2.536465e+01
      endloop
   endfacet
   facet normal 6.087621e-01 0.000000e+00 -7.933528e-01
      outer loop
         vertex 2.119447e+01 2.859998e-01 2.536465e+01
         vertex 2.119447e+01 3.286000e+00 2.536465e+01
         vertex 2.171965e+01 2.859998e-01 2.576763e+01
      endloop
   endfacet
   facet normal 6.087621e-01 0.000000e+00 -7.933528e-01
      outer loop
         vertex 2.171965e+01 2.859998e-01 2.576763e+01
         vertex 2.119447e+01 3.286000e+00 2.536465e+01
         vertex 2.171965e+01 3.286000e+00 2.576763e+01
      endloop
   endfacet
   facet normal 3.826830e-01 0.000000e+00 -9.238797e-01
      outer loop
         vertex 2.171965e+01 2.859998e-01 2.576763e+01
         vertex 2.171965e+01 3.286000e+00 2.576763e+01
         vertex 2.247937e+01 2.859998e-01 2.608231e+01
      endloop
   endfacet
   facet normal 3.826830e-01 0.000000e+00 -9.238797e-01
      outer loop
         vertex 2.247937e+01 2.859998e-01 2.608231e+01
         vertex 2.171965e+01 3.286000e+00 2.576763e+01
         vertex 2.247937e+01 3.286000e+00 2.608231e+01
      endloop
   endfacet
   facet normal 1.305264e-01 0.000000e+00 -9.914448e-01
      outer loop
         vertex 2.247937e+01 2.859998e-01 2.608231e+01
         vertex 2.247937e+01 3.286000e+00 2.608231e+01
         vertex 2.329465e+01 2.859998e-01 2.618965e+01
      endloop
   endfacet
   facet normal 1.305264e-01 0.000000e+00 -9.914448e-01
      outer loop
         vertex 2.329465e+01 2.859998e-01 2.618965e+01
         vertex 2.247937e+01 3.286000e+00 2.608231e+01
         vertex 2.329465e+01 3.286000e+00 2.618965e+01
      endloop
   endfacet
   facet normal -1.305276e-01 0.000000e+00 -9.914447e-01
      outer loop
         vertex 3.291965e+01 2.859998e-01 7.868658e+00
         vertex 3.291965e+01 3.286000e+00 7.868658e+00
         vertex 3.330787e+01 2.859998e-01 7.817546e+00
      endloop
   endfacet
   facet normal -1.305276e-01 0.000000e+00 -9.914447e-01
      outer loop
         vertex 3.330787e+01 2.859998e-01 7.817546e+00
         vertex 3.291965e+01 3.286000e+00 7.868658e+00
         vertex 3.330787e+01 3.286000e+00 7.817546e+00
      endloop
   endfacet
   facet normal -3.826812e-01 0.000000e+00 -9.238805e-01
      outer loop
         vertex 3.330787e+01 2.859998e-01 7.817546e+00
         vertex 3.330787e+01 3.286000e+00 7.817546e+00
         vertex 3.350715e+01 2.859998e-01 7.735006e+00
      endloop
   endfacet
   facet normal -3.826812e-01 0.000000e+00 -9.238805e-01
      outer loop
         vertex 3.350715e+01 2.859998e-01 7.735006e+00
         vertex 3.330787e+01 3.286000e+00 7.817546e+00
         vertex 3.350715e+01 3.286000e+00 7.735006e+00
      endloop
   endfacet
   facet normal -3.826869e-01 0.000000e+00 -9.238781e-01
      outer loop
         vertex 3.350715e+01 2.859998e-01 7.735006e+00
         vertex 3.350715e+01 3.286000e+00 7.735006e+00
         vertex 3.366965e+01 2.859998e-01 7.667695e+00
      endloop
   endfacet
   facet normal -3.826869e-01 0.000000e+00 -9.238781e-01
      outer loop
         vertex 3.366965e+01 2.859998e-01 7.667695e+00
         vertex 3.350715e+01 3.286000e+00 7.735006e+00
         vertex 3.366965e+01 3.286000e+00 7.667695e+00
      endloop
   endfacet
   facet normal -6.087607e-01 0.000000e+00 -7.933539e-01
      outer loop
         vertex 3.366965e+01 2.859998e-01 7.667695e+00
         vertex 3.366965e+01 3.286000e+00 7.667695e+00
         vertex 3.398031e+01 2.859998e-01 7.429318e+00
      endloop
   endfacet
   facet normal -6.087607e-01 0.000000e+00 -7.933539e-01
      outer loop
         vertex 3.398031e+01 2.859998e-01 7.429318e+00
         vertex 3.366965e+01 3.286000e+00 7.667695e+00
         vertex 3.398031e+01 3.286000e+00 7.429318e+00
      endloop
   endfacet
   facet normal -7.933539e-01 0.000000e+00 -6.087607e-01
      outer loop
         vertex 3.398031e+01 2.859998e-01 7.429318e+00
         vertex 3.398031e+01 3.286000e+00 7.429318e+00
         vertex 3.421868e+01 2.859998e-01 7.118657e+00
      endloop
   endfacet
   facet normal -7.933539e-01 0.000000e+00 -6.087607e-01
      outer loop
         vertex 3.421868e+01 2.859998e-01 7.118657e+00
         vertex 3.398031e+01 3.286000e+00 7.429318e+00
         vertex 3.421868e+01 3.286000e+00 7.118657e+00
      endloop
   endfacet
   facet normal -9.238791e-01 0.000000e+00 -3.826846e-01
      outer loop
         vertex 3.421868e+01 2.859998e-01 7.118657e+00
         vertex 3.421868e+01 3.286000e+00 7.118657e+00
         vertex 3.436853e+01 2.859998e-01 6.756887e+00
      endloop
   endfacet
   facet normal -9.238791e-01 0.000000e+00 -3.826846e-01
      outer loop
         vertex 3.436853e+01 2.859998e-01 6.756887e+00
         vertex 3.421868e+01 3.286000e+00 7.118657e+00
         vertex 3.436853e+01 3.286000e+00 6.756887e+00
      endloop
   endfacet
   facet normal -9.914450e-01 0.000000e+00 -1.305253e-01
      outer loop
         vertex 3.436853e+01 2.859998e-01 6.756887e+00
         vertex 3.436853e+01 3.286000e+00 6.756887e+00
         vertex 3.441965e+01 2.859998e-01 6.368658e+00
      endloop
   endfacet
   facet normal -9.914450e-01 0.000000e+00 -1.305253e-01
      outer loop
         vertex 3.441965e+01 2.859998e-01 6.368658e+00
         vertex 3.436853e+01 3.286000e+00 6.756887e+00
         vertex 3.441965e+01 3.286000e+00 6.368658e+00
      endloop
   endfacet
   facet normal -9.914450e-01 0.000000e+00 1.305253e-01
      outer loop
         vertex 3.441965e+01 2.859998e-01 6.368658e+00
         vertex 3.441965e+01 3.286000e+00 6.368658e+00
         vertex 3.436853e+01 2.859998e-01 5.980428e+00
      endloop
   endfacet
   facet normal -9.914450e-01 0.000000e+00 1.305253e-01
      outer loop
         vertex 3.436853e+01 2.859998e-01 5.980428e+00
         vertex 3.441965e+01 3.286000e+00 6.368658e+00
         vertex 3.436853e+01 3.286000e+00 5.980428e+00
      endloop
   endfacet
   facet normal -9.238791e-01 0.000000e+00 3.826846e-01
      outer loop
         vertex 3.436853e+01 2.859998e-01 5.980428e+00
         vertex 3.436853e+01 3.286000e+00 5.980428e+00
         vertex 3.421868e+01 2.859998e-01 5.618658e+00
      endloop
   endfacet
   facet normal -9.238791e-01 0.000000e+00 3.826846e-01
      outer loop
         vertex 3.421868e+01 2.859998e-01 5.618658e+00
         vertex 3.436853e+01 3.286000e+00 5.980428e+00
         vertex 3.421868e+01 3.286000e+00 5.618658e+00
      endloop
   endfacet
   facet normal -7.933548e-01 0.000000e+00 6.087595e-01
      outer loop
         vertex 3.421868e+01 2.859998e-01 5.618658e+00
         vertex 3.421868e+01 3.286000e+00 5.618658e+00
         vertex 3.398031e+01 2.859998e-01 5.307997e+00
      endloop
   endfacet
   facet normal -7.933548e-01 0.000000e+00 6.087595e-01
      outer loop
         vertex 3.398031e+01 2.859998e-01 5.307997e+00
         vertex 3.421868e+01 3.286000e+00 5.618658e+00
         vertex 3.398031e+01 3.286000e+00 5.307997e+00
      endloop
   endfacet
   facet normal -6.087607e-01 0.000000e+00 7.933539e-01
      outer loop
         vertex 3.398031e+01 2.859998e-01 5.307997e+00
         vertex 3.398031e+01 3.286000e+00 5.307997e+00
         vertex 3.366965e+01 2.859998e-01 5.069619e+00
      endloop
   endfacet
   facet normal -6.087607e-01 0.000000e+00 7.933539e-01
      outer loop
         vertex 3.366965e+01 2.859998e-01 5.069619e+00
         vertex 3.398031e+01 3.286000e+00 5.307997e+00
         vertex 3.366965e+01 3.286000e+00 5.069619e+00
      endloop
   endfacet
   facet normal -3.826779e-01 0.000000e+00 9.238818e-01
      outer loop
         vertex 3.366965e+01 2.859998e-01 5.069619e+00
         vertex 3.366965e+01 3.286000e+00 5.069619e+00
         vertex 3.350715e+01 2.859998e-01 5.002310e+00
      endloop
   endfacet
   facet normal -3.826779e-01 0.000000e+00 9.238818e-01
      outer loop
         vertex 3.350715e+01 2.859998e-01 5.002310e+00
         vertex 3.366965e+01 3.286000e+00 5.069619e+00
         vertex 3.350715e+01 3.286000e+00 5.002310e+00
      endloop
   endfacet
   facet normal -3.826848e-01 0.000000e+00 9.238790e-01
      outer loop
         vertex 3.350715e+01 2.859998e-01 5.002310e+00
         vertex 3.350715e+01 3.286000e+00 5.002310e+00
         vertex 3.330787e+01 2.859998e-01 4.919769e+00
      endloop
   endfacet
   facet normal -3.826848e-01 0.000000e+00 9.238790e-01
      outer loop
         vertex 3.330787e+01 2.859998e-01 4.919769e+00
         vertex 3.350715e+01 3.286000e+00 5.002310e+00
         vertex 3.330787e+01 3.286000e+00 4.919769e+00
      endloop
   endfacet
   facet normal -1.305253e-01 0.000000e+00 9.914450e-01
      outer loop
         vertex 3.330787e+01 2.859998e-01 4.919769e+00
         vertex 3.330787e+01 3.286000e+00 4.919769e+00
         vertex 3.291965e+01 2.859998e-01 4.868658e+00
      endloop
   endfacet
   facet normal -1.305253e-01 0.000000e+00 9.914450e-01
      outer loop
         vertex 3.291965e+01 2.859998e-01 4.868658e+00
         vertex 3.330787e+01 3.286000e+00 4.919769e+00
         vertex 3.291965e+01 3.286000e+00 4.868658e+00
      endloop
   endfacet
   facet normal 1.305259e-01 -0.000000e+00 9.914449e-01
      outer loop
         vertex 3.291965e+01 2.859998e-01 4.868658e+00
         vertex 3.291965e+01 3.286000e+00 4.868658e+00
         vertex 3.253142e+01 2.859998e-01 4.919769e+00
      endloop
   endfacet
   facet normal 1.305259e-01 -0.000000e+00 9.914449e-01
      outer loop
         vertex 3.253142e+01 2.859998e-01 4.919769e+00
         vertex 3.291965e+01 3.286000e+00 4.868658e+00
         vertex 3.253142e+01 3.286000e+00 4.919769e+00
      endloop
   endfacet
   facet normal 3.826809e-01 -0.000000e+00 9.238806e-01
      outer loop
         vertex 3.253142e+01 2.859998e-01 4.919769e+00
         vertex 3.253142e+01 3.286000e+00 4.919769e+00
         vertex 3.216965e+01 2.859998e-01 5.069619e+00
      endloop
   endfacet
   facet normal 3.826809e-01 -0.000000e+00 9.238806e-01
      outer loop
         vertex 3.216965e+01 2.859998e-01 5.069619e+00
         vertex 3.253142e+01 3.286000e+00 4.919769e+00
         vertex 3.216965e+01 3.286000e+00 5.069619e+00
      endloop
   endfacet
   facet normal 6.087618e-01 -0.000000e+00 7.933530e-01
      outer loop
         vertex 3.216965e+01 2.859998e-01 5.069619e+00
         vertex 3.216965e+01 3.286000e+00 5.069619e+00
         vertex 3.185899e+01 2.859998e-01 5.307997e+00
      endloop
   endfacet
   facet normal 6.087618e-01 -0.000000e+00 7.933530e-01
      outer loop
         vertex 3.185899e+01 2.859998e-01 5.307997e+00
         vertex 3.216965e+01 3.286000e+00 5.069619e+00
         vertex 3.185899e+01 3.286000e+00 5.307997e+00
      endloop
   endfacet
   facet normal 7.933525e-01 -0.000000e+00 6.087625e-01
      outer loop
         vertex 3.185899e+01 2.859998e-01 5.307997e+00
         vertex 3.185899e+01 3.286000e+00 5.307997e+00
         vertex 3.162061e+01 2.859998e-01 5.618658e+00
      endloop
   endfacet
   facet normal 7.933525e-01 -0.000000e+00 6.087625e-01
      outer loop
         vertex 3.162061e+01 2.859998e-01 5.618658e+00
         vertex 3.185899e+01 3.286000e+00 5.307997e+00
         vertex 3.162061e+01 3.286000e+00 5.618658e+00
      endloop
   endfacet
   facet normal 9.238799e-01 -0.000000e+00 3.826826e-01
      outer loop
         vertex 3.162061e+01 2.859998e-01 5.618658e+00
         vertex 3.162061e+01 3.286000e+00 5.618658e+00
         vertex 3.147076e+01 2.859998e-01 5.980428e+00
      endloop
   endfacet
   facet normal 9.238799e-01 -0.000000e+00 3.826826e-01
      outer loop
         vertex 3.147076e+01 2.859998e-01 5.980428e+00
         vertex 3.162061e+01 3.286000e+00 5.618658e+00
         vertex 3.147076e+01 3.286000e+00 5.980428e+00
      endloop
   endfacet
   facet normal 9.914450e-01 -0.000000e+00 1.305253e-01
      outer loop
         vertex 3.147076e+01 2.859998e-01 5.980428e+00
         vertex 3.147076e+01 3.286000e+00 5.980428e+00
         vertex 3.141965e+01 2.859998e-01 6.368658e+00
      endloop
   endfacet
   facet normal 9.914450e-01 -0.000000e+00 1.305253e-01
      outer loop
         vertex 3.141965e+01 2.859998e-01 6.368658e+00
         vertex 3.147076e+01 3.286000e+00 5.980428e+00
         vertex 3.141965e+01 3.286000e+00 6.368658e+00
      endloop
   endfacet
   facet normal 9.914450e-01 0.000000e+00 -1.305253e-01
      outer loop
         vertex 3.141965e+01 2.859998e-01 6.368658e+00
         vertex 3.141965e+01 3.286000e+00 6.368658e+00
         vertex 3.147076e+01 2.859998e-01 6.756887e+00
      endloop
   endfacet
   facet normal 9.914450e-01 0.000000e+00 -1.305253e-01
      outer loop
         vertex 3.147076e+01 2.859998e-01 6.756887e+00
         vertex 3.141965e+01 3.286000e+00 6.368658e+00
         vertex 3.147076e+01 3.286000e+00 6.756887e+00
      endloop
   endfacet
   facet normal 9.238799e-01 0.000000e+00 -3.826826e-01
      outer loop
         vertex 3.147076e+01 2.859998e-01 6.756887e+00
         vertex 3.147076e+01 3.286000e+00 6.756887e+00
         vertex 3.162061e+01 2.859998e-01 7.118657e+00
      endloop
   endfacet
   facet normal 9.238799e-01 0.000000e+00 -3.826826e-01
      outer loop
         vertex 3.162061e+01 2.859998e-01 7.118657e+00
         vertex 3.147076e+01 3.286000e+00 6.756887e+00
         vertex 3.162061e+01 3.286000e+00 7.118657e+00
      endloop
   endfacet
   facet normal 7.933516e-01 0.000000e+00 -6.087637e-01
      outer loop
         vertex 3.162061e+01 2.859998e-01 7.118657e+00
         vertex 3.162061e+01 3.286000e+00 7.118657e+00
         vertex 3.185899e+01 2.859998e-01 7.429318e+00
      endloop
   endfacet
   facet normal 7.933516e-01 0.000000e+00 -6.087637e-01
      outer loop
         vertex 3.185899e+01 2.859998e-01 7.429318e+00
         vertex 3.162061e+01 3.286000e+00 7.118657e+00
         vertex 3.185899e+01 3.286000e+00 7.429318e+00
      endloop
   endfacet
   facet normal 6.087618e-01 0.000000e+00 -7.933530e-01
      outer loop
         vertex 3.185899e+01 2.859998e-01 7.429318e+00
         vertex 3.185899e+01 3.286000e+00 7.429318e+00
         vertex 3.216965e+01 2.859998e-01 7.667695e+00
      endloop
   endfacet
   facet normal 6.087618e-01 0.000000e+00 -7.933530e-01
      outer loop
         vertex 3.216965e+01 2.859998e-01 7.667695e+00
         vertex 3.185899e+01 3.286000e+00 7.429318e+00
         vertex 3.216965e+01 3.286000e+00 7.667695e+00
      endloop
   endfacet
   facet normal 3.826829e-01 0.000000e+00 -9.238797e-01
      outer loop
         vertex 3.216965e+01 2.859998e-01 7.667695e+00
         vertex 3.216965e+01 3.286000e+00 7.667695e+00
         vertex 3.253142e+01 2.859998e-01 7.817546e+00
      endloop
   endfacet
   facet normal 3.826829e-01 0.000000e+00 -9.238797e-01
      outer loop
         vertex 3.253142e+01 2.859998e-01 7.817546e+00
         vertex 3.216965e+01 3.286000e+00 7.667695e+00
         vertex 3.253142e+01 3.286000e+00 7.817546e+00
      endloop
   endfacet
   facet normal 1.305282e-01 0.000000e+00 -9.914446e-01
      outer loop
         vertex 3.253142e+01 2.859998e-01 7.817546e+00
         vertex 3.253142e+01 3.286000e+00 7.817546e+00
         vertex 3.291965e+01 2.859998e-01 7.868658e+00
      endloop
   endfacet
   facet normal 1.305282e-01 0.000000e+00 -9.914446e-01
      outer loop
         vertex 3.291965e+01 2.859998e-01 7.868658e+00
         vertex 3.253142e+01 3.286000e+00 7.817546e+00
         vertex 3.291965e+01 3.286000e+00 7.868658e+00
      endloop
   endfacet
   facet normal -1.305252e-01 0.000000e+00 -9.914450e-01
      outer loop
         vertex 4.044645e+00 2.859998e-01 2.453965e+01
         vertex 4.044645e+00 3.286000e+00 2.453965e+01
         vertex 4.432876e+00 2.859998e-01 2.448854e+01
      endloop
   endfacet
   facet normal -1.305252e-01 0.000000e+00 -9.914450e-01
      outer loop
         vertex 4.432876e+00 2.859998e-01 2.448854e+01
         vertex 4.044645e+00 3.286000e+00 2.453965e+01
         vertex 4.432876e+00 3.286000e+00 2.448854e+01
      endloop
   endfacet
   facet normal -3.826846e-01 0.000000e+00 -9.238791e-01
      outer loop
         vertex 4.432876e+00 2.859998e-01 2.448854e+01
         vertex 4.432876e+00 3.286000e+00 2.448854e+01
         vertex 4.794646e+00 2.859998e-01 2.433868e+01
      endloop
   endfacet
   facet normal -3.826846e-01 0.000000e+00 -9.238791e-01
      outer loop
         vertex 4.794646e+00 2.859998e-01 2.433868e+01
         vertex 4.432876e+00 3.286000e+00 2.448854e+01
         vertex 4.794646e+00 3.286000e+00 2.433868e+01
      endloop
   endfacet
   facet normal -6.087624e-01 0.000000e+00 -7.933526e-01
      outer loop
         vertex 4.794646e+00 2.859998e-01 2.433868e+01
         vertex 4.794646e+00 3.286000e+00 2.433868e+01
         vertex 5.105305e+00 2.859998e-01 2.410031e+01
      endloop
   endfacet
   facet normal -6.087624e-01 0.000000e+00 -7.933526e-01
      outer loop
         vertex 5.105305e+00 2.859998e-01 2.410031e+01
         vertex 4.794646e+00 3.286000e+00 2.433868e+01
         vertex 5.105305e+00 3.286000e+00 2.410031e+01
      endloop
   endfacet
   facet normal -7.933537e-01 0.000000e+00 -6.087610e-01
      outer loop
         vertex 5.105305e+00 2.859998e-01 2.410031e+01
         vertex 5.105305e+00 3.286000e+00 2.410031e+01
         vertex 5.343683e+00 2.859998e-01 2.378965e+01
      endloop
   endfacet
   facet normal -7.933537e-01 0.000000e+00 -6.087610e-01
      outer loop
         vertex 5.343683e+00 2.859998e-01 2.378965e+01
         vertex 5.105305e+00 3.286000e+00 2.410031e+01
         vertex 5.343683e+00 3.286000e+00 2.378965e+01
      endloop
   endfacet
   facet normal -9.238803e-01 0.000000e+00 -3.826816e-01
      outer loop
         vertex 5.343683e+00 2.859998e-01 2.378965e+01
         vertex 5.343683e+00 3.286000e+00 2.378965e+01
         vertex 5.493533e+00 2.859998e-01 2.342788e+01
      endloop
   endfacet
   facet normal -9.238803e-01 0.000000e+00 -3.826816e-01
      outer loop
         vertex 5.493533e+00 2.859998e-01 2.342788e+01
         vertex 5.343683e+00 3.286000e+00 2.378965e+01
         vertex 5.493533e+00 3.286000e+00 2.342788e+01
      endloop
   endfacet
   facet normal -9.914437e-01 0.000000e+00 -1.305348e-01
      outer loop
         vertex 5.493533e+00 2.859998e-01 2.342788e+01
         vertex 5.493533e+00 3.286000e+00 2.342788e+01
         vertex 5.544648e+00 2.859998e-01 2.303965e+01
      endloop
   endfacet
   facet normal -9.914437e-01 0.000000e+00 -1.305348e-01
      outer loop
         vertex 5.544648e+00 2.859998e-01 2.303965e+01
         vertex 5.493533e+00 3.286000e+00 2.342788e+01
         vertex 5.544648e+00 3.286000e+00 2.303965e+01
      endloop
   endfacet
   facet normal -9.914437e-01 0.000000e+00 1.305348e-01
      outer loop
         vertex 5.544648e+00 2.859998e-01 2.303965e+01
         vertex 5.544648e+00 3.286000e+00 2.303965e+01
         vertex 5.493533e+00 2.859998e-01 2.265142e+01
      endloop
   endfacet
   facet normal -9.914437e-01 0.000000e+00 1.305348e-01
      outer loop
         vertex 5.493533e+00 2.859998e-01 2.265142e+01
         vertex 5.544648e+00 3.286000e+00 2.303965e+01
         vertex 5.493533e+00 3.286000e+00 2.265142e+01
      endloop
   endfacet
   facet normal -9.238803e-01 0.000000e+00 3.826816e-01
      outer loop
         vertex 5.493533e+00 2.859998e-01 2.265142e+01
         vertex 5.493533e+00 3.286000e+00 2.265142e+01
         vertex 5.343683e+00 2.859998e-01 2.228965e+01
      endloop
   endfacet
   facet normal -9.238803e-01 0.000000e+00 3.826816e-01
      outer loop
         vertex 5.343683e+00 2.859998e-01 2.228965e+01
         vertex 5.493533e+00 3.286000e+00 2.265142e+01
         vertex 5.343683e+00 3.286000e+00 2.228965e+01
      endloop
   endfacet
   facet normal -7.933537e-01 0.000000e+00 6.087610e-01
      outer loop
         vertex 5.343683e+00 2.859998e-01 2.228965e+01
         vertex 5.343683e+00 3.286000e+00 2.228965e+01
         vertex 5.105305e+00 2.859998e-01 2.197899e+01
      endloop
   endfacet
   facet normal -7.933537e-01 0.000000e+00 6.087610e-01
      outer loop
         vertex 5.105305e+00 2.859998e-01 2.197899e+01
         vertex 5.343683e+00 3.286000e+00 2.228965e+01
         vertex 5.105305e+00 3.286000e+00 2.197899e+01
      endloop
   endfacet
   facet normal -6.087624e-01 0.000000e+00 7.933526e-01
      outer loop
         vertex 5.105305e+00 2.859998e-01 2.197899e+01
         vertex 5.105305e+00 3.286000e+00 2.197899e+01
         vertex 4.794646e+00 2.859998e-01 2.174061e+01
      endloop
   endfacet
   facet normal -6.087624e-01 0.000000e+00 7.933526e-01
      outer loop
         vertex 4.794646e+00 2.859998e-01 2.174061e+01
         vertex 5.105305e+00 3.286000e+00 2.197899e+01
         vertex 4.794646e+00 3.286000e+00 2.174061e+01
      endloop
   endfacet
   facet normal -3.826846e-01 0.000000e+00 9.238791e-01
      outer loop
         vertex 4.794646e+00 2.859998e-01 2.174061e+01
         vertex 4.794646e+00 3.286000e+00 2.174061e+01
         vertex 4.432876e+00 2.859998e-01 2.159076e+01
      endloop
   endfacet
   facet normal -3.826846e-01 0.000000e+00 9.238791e-01
      outer loop
         vertex 4.432876e+00 2.859998e-01 2.159076e+01
         vertex 4.794646e+00 3.286000e+00 2.174061e+01
         vertex 4.432876e+00 3.286000e+00 2.159076e+01
      endloop
   endfacet
   facet normal -1.305252e-01 0.000000e+00 9.914450e-01
      outer loop
         vertex 4.432876e+00 2.859998e-01 2.159076e+01
         vertex 4.432876e+00 3.286000e+00 2.159076e+01
         vertex 4.044645e+00 2.859998e-01 2.153965e+01
      endloop
   endfacet
   facet normal -1.305252e-01 0.000000e+00 9.914450e-01
      outer loop
         vertex 4.044645e+00 2.859998e-01 2.153965e+01
         vertex 4.432876e+00 3.286000e+00 2.159076e+01
         vertex 4.044645e+00 3.286000e+00 2.153965e+01
      endloop
   endfacet
   facet normal 1.305265e-01 -0.000000e+00 9.914448e-01
      outer loop
         vertex 4.044645e+00 2.859998e-01 2.153965e+01
         vertex 4.044645e+00 3.286000e+00 2.153965e+01
         vertex 3.656417e+00 2.859998e-01 2.159076e+01
      endloop
   endfacet
   facet normal 1.305265e-01 -0.000000e+00 9.914448e-01
      outer loop
         vertex 3.656417e+00 2.859998e-01 2.159076e+01
         vertex 4.044645e+00 3.286000e+00 2.153965e+01
         vertex 3.656417e+00 3.286000e+00 2.159076e+01
      endloop
   endfacet
   facet normal 3.826846e-01 -0.000000e+00 9.238791e-01
      outer loop
         vertex 3.656417e+00 2.859998e-01 2.159076e+01
         vertex 3.656417e+00 3.286000e+00 2.159076e+01
         vertex 3.294647e+00 2.859998e-01 2.174061e+01
      endloop
   endfacet
   facet normal 3.826846e-01 -0.000000e+00 9.238791e-01
      outer loop
         vertex 3.294647e+00 2.859998e-01 2.174061e+01
         vertex 3.656417e+00 3.286000e+00 2.159076e+01
         vertex 3.294647e+00 3.286000e+00 2.174061e+01
      endloop
   endfacet
   facet normal 6.087624e-01 -0.000000e+00 7.933526e-01
      outer loop
         vertex 3.294647e+00 2.859998e-01 2.174061e+01
         vertex 3.294647e+00 3.286000e+00 2.174061e+01
         vertex 2.983987e+00 2.859998e-01 2.197899e+01
      endloop
   endfacet
   facet normal 6.087624e-01 -0.000000e+00 7.933526e-01
      outer loop
         vertex 2.983987e+00 2.859998e-01 2.197899e+01
         vertex 3.294647e+00 3.286000e+00 2.174061e+01
         vertex 2.983987e+00 3.286000e+00 2.197899e+01
      endloop
   endfacet
   facet normal 7.933491e-01 -0.000000e+00 6.087670e-01
      outer loop
         vertex 2.983987e+00 2.859998e-01 2.197899e+01
         vertex 2.983987e+00 3.286000e+00 2.197899e+01
         vertex 2.745606e+00 2.859998e-01 2.228965e+01
      endloop
   endfacet
   facet normal 7.933491e-01 -0.000000e+00 6.087670e-01
      outer loop
         vertex 2.745606e+00 2.859998e-01 2.228965e+01
         vertex 2.983987e+00 3.286000e+00 2.197899e+01
         vertex 2.745606e+00 3.286000e+00 2.228965e+01
      endloop
   endfacet
   facet normal 9.238803e-01 -0.000000e+00 3.826816e-01
      outer loop
         vertex 2.745606e+00 2.859998e-01 2.228965e+01
         vertex 2.745606e+00 3.286000e+00 2.228965e+01
         vertex 2.595756e+00 2.859998e-01 2.265142e+01
      endloop
   endfacet
   facet normal 9.238803e-01 -0.000000e+00 3.826816e-01
      outer loop
         vertex 2.595756e+00 2.859998e-01 2.265142e+01
         vertex 2.745606e+00 3.286000e+00 2.228965e+01
         vertex 2.595756e+00 3.286000e+00 2.265142e+01
      endloop
   endfacet
   facet normal 9.914450e-01 -0.000000e+00 1.305255e-01
      outer loop
         vertex 2.595756e+00 2.859998e-01 2.265142e+01
         vertex 2.595756e+00 3.286000e+00 2.265142e+01
         vertex 2.544645e+00 2.859998e-01 2.303965e+01
      endloop
   endfacet
   facet normal 9.914450e-01 -0.000000e+00 1.305255e-01
      outer loop
         vertex 2.544645e+00 2.859998e-01 2.303965e+01
         vertex 2.595756e+00 3.286000e+00 2.265142e+01
         vertex 2.544645e+00 3.286000e+00 2.303965e+01
      endloop
   endfacet
   facet normal 9.914450e-01 0.000000e+00 -1.305255e-01
      outer loop
         vertex 2.544645e+00 2.859998e-01 2.303965e+01
         vertex 2.544645e+00 3.286000e+00 2.303965e+01
         vertex 2.595756e+00 2.859998e-01 2.342788e+01
      endloop
   endfacet
   facet normal 9.914450e-01 0.000000e+00 -1.305255e-01
      outer loop
         vertex 2.595756e+00 2.859998e-01 2.342788e+01
         vertex 2.544645e+00 3.286000e+00 2.303965e+01
         vertex 2.595756e+00 3.286000e+00 2.342788e+01
      endloop
   endfacet
   facet normal 9.238803e-01 0.000000e+00 -3.826816e-01
      outer loop
         vertex 2.595756e+00 2.859998e-01 2.342788e+01
         vertex 2.595756e+00 3.286000e+00 2.342788e+01
         vertex 2.745606e+00 2.859998e-01 2.378965e+01
      endloop
   endfacet
   facet normal 9.238803e-01 0.000000e+00 -3.826816e-01
      outer loop
         vertex 2.745606e+00 2.859998e-01 2.378965e+01
         vertex 2.595756e+00 3.286000e+00 2.342788e+01
         vertex 2.745606e+00 3.286000e+00 2.378965e+01
      endloop
   endfacet
   facet normal 7.933491e-01 0.000000e+00 -6.087670e-01
      outer loop
         vertex 2.745606e+00 2.859998e-01 2.378965e+01
         vertex 2.745606e+00 3.286000e+00 2.378965e+01
         vertex 2.983987e+00 2.859998e-01 2.410031e+01
      endloop
   endfacet
   facet normal 7.933491e-01 0.000000e+00 -6.087670e-01
      outer loop
         vertex 2.983987e+00 2.859998e-01 2.410031e+01
         vertex 2.745606e+00 3.286000e+00 2.378965e+01
         vertex 2.983987e+00 3.286000e+00 2.410031e+01
      endloop
   endfacet
   facet normal 6.087624e-01 0.000000e+00 -7.933526e-01
      outer loop
         vertex 2.983987e+00 2.859998e-01 2.410031e+01
         vertex 2.983987e+00 3.286000e+00 2.410031e+01
         vertex 3.294647e+00 2.859998e-01 2.433868e+01
      endloop
   endfacet
   facet normal 6.087624e-01 0.000000e+00 -7.933526e-01
      outer loop
         vertex 3.294647e+00 2.859998e-01 2.433868e+01
         vertex 2.983987e+00 3.286000e+00 2.410031e+01
         vertex 3.294647e+00 3.286000e+00 2.433868e+01
      endloop
   endfacet
   facet normal 3.826846e-01 0.000000e+00 -9.238791e-01
      outer loop
         vertex 3.294647e+00 2.859998e-01 2.433868e+01
         vertex 3.294647e+00 3.286000e+00 2.433868e+01
         vertex 3.656417e+00 2.859998e-01 2.448854e+01
      endloop
   endfacet
   facet normal 3.826846e-01 0.000000e+00 -9.238791e-01
      outer loop
         vertex 3.656417e+00 2.859998e-01 2.448854e+01
         vertex 3.294647e+00 3.286000e+00 2.433868e+01
         vertex 3.656417e+00 3.286000e+00 2.448854e+01
      endloop
   endfacet
   facet normal 1.305265e-01 0.000000e+00 -9.914448e-01
      outer loop
         vertex 3.656417e+00 2.859998e-01 2.448854e+01
         vertex 3.656417e+00 3.286000e+00 2.448854e+01
         vertex 4.044645e+00 2.859998e-01 2.453965e+01
      endloop
   endfacet
   facet normal 1.305265e-01 0.000000e+00 -9.914448e-01
      outer loop
         vertex 4.044645e+00 2.859998e-01 2.453965e+01
         vertex 3.656417e+00 3.286000e+00 2.448854e+01
         vertex 4.044645e+00 3.286000e+00 2.453965e+01
      endloop
   endfacet
   facet normal -1.305253e-01 0.000000e+00 -9.914450e-01
      outer loop
         vertex 3.291965e+01 2.859998e-01 4.121063e+01
         vertex 3.291965e+01 3.286000e+00 4.121063e+01
         vertex 3.330787e+01 2.859998e-01 4.115952e+01
      endloop
   endfacet
   facet normal -1.305253e-01 0.000000e+00 -9.914450e-01
      outer loop
         vertex 3.330787e+01 2.859998e-01 4.115952e+01
         vertex 3.291965e+01 3.286000e+00 4.121063e+01
         vertex 3.330787e+01 3.286000e+00 4.115952e+01
      endloop
   endfacet
   facet normal -3.826848e-01 0.000000e+00 -9.238790e-01
      outer loop
         vertex 3.330787e+01 2.859998e-01 4.115952e+01
         vertex 3.330787e+01 3.286000e+00 4.115952e+01
         vertex 3.350715e+01 2.859998e-01 4.107698e+01
      endloop
   endfacet
   facet normal -3.826848e-01 0.000000e+00 -9.238790e-01
      outer loop
         vertex 3.350715e+01 2.859998e-01 4.107698e+01
         vertex 3.330787e+01 3.286000e+00 4.115952e+01
         vertex 3.350715e+01 3.286000e+00 4.107698e+01
      endloop
   endfacet
   facet normal -3.826779e-01 0.000000e+00 -9.238818e-01
      outer loop
         vertex 3.350715e+01 2.859998e-01 4.107698e+01
         vertex 3.350715e+01 3.286000e+00 4.107698e+01
         vertex 3.366965e+01 2.859998e-01 4.100967e+01
      endloop
   endfacet
   facet normal -3.826779e-01 0.000000e+00 -9.238818e-01
      outer loop
         vertex 3.366965e+01 2.859998e-01 4.100967e+01
         vertex 3.350715e+01 3.286000e+00 4.107698e+01
         vertex 3.366965e+01 3.286000e+00 4.100967e+01
      endloop
   endfacet
   facet normal -6.087607e-01 0.000000e+00 -7.933539e-01
      outer loop
         vertex 3.366965e+01 2.859998e-01 4.100967e+01
         vertex 3.366965e+01 3.286000e+00 4.100967e+01
         vertex 3.398031e+01 2.859998e-01 4.077130e+01
      endloop
   endfacet
   facet normal -6.087607e-01 0.000000e+00 -7.933539e-01
      outer loop
         vertex 3.398031e+01 2.859998e-01 4.077130e+01
         vertex 3.366965e+01 3.286000e+00 4.100967e+01
         vertex 3.398031e+01 3.286000e+00 4.077130e+01
      endloop
   endfacet
   facet normal -7.933548e-01 0.000000e+00 -6.087595e-01
      outer loop
         vertex 3.398031e+01 2.859998e-01 4.077130e+01
         vertex 3.398031e+01 3.286000e+00 4.077130e+01
         vertex 3.421868e+01 2.859998e-01 4.046063e+01
      endloop
   endfacet
   facet normal -7.933548e-01 0.000000e+00 -6.087595e-01
      outer loop
         vertex 3.421868e+01 2.859998e-01 4.046063e+01
         vertex 3.398031e+01 3.286000e+00 4.077130e+01
         vertex 3.421868e+01 3.286000e+00 4.046063e+01
      endloop
   endfacet
   facet normal -9.238791e-01 0.000000e+00 -3.826846e-01
      outer loop
         vertex 3.421868e+01 2.859998e-01 4.046063e+01
         vertex 3.421868e+01 3.286000e+00 4.046063e+01
         vertex 3.436853e+01 2.859998e-01 4.009886e+01
      endloop
   endfacet
   facet normal -9.238791e-01 0.000000e+00 -3.826846e-01
      outer loop
         vertex 3.436853e+01 2.859998e-01 4.009886e+01
         vertex 3.421868e+01 3.286000e+00 4.046063e+01
         vertex 3.436853e+01 3.286000e+00 4.009886e+01
      endloop
   endfacet
   facet normal -9.914450e-01 0.000000e+00 -1.305253e-01
      outer loop
         vertex 3.436853e+01 2.859998e-01 4.009886e+01
         vertex 3.436853e+01 3.286000e+00 4.009886e+01
         vertex 3.441965e+01 2.859998e-01 3.971064e+01
      endloop
   endfacet
   facet normal -9.914450e-01 0.000000e+00 -1.305253e-01
      outer loop
         vertex 3.441965e+01 2.859998e-01 3.971064e+01
         vertex 3.436853e+01 3.286000e+00 4.009886e+01
         vertex 3.441965e+01 3.286000e+00 3.971064e+01
      endloop
   endfacet
   facet normal -9.914450e-01 0.000000e+00 1.305253e-01
      outer loop
         vertex 3.441965e+01 2.859998e-01 3.971064e+01
         vertex 3.441965e+01 3.286000e+00 3.971064e+01
         vertex 3.436853e+01 2.859998e-01 3.932241e+01
      endloop
   endfacet
   facet normal -9.914450e-01 0.000000e+00 1.305253e-01
      outer loop
         vertex 3.436853e+01 2.859998e-01 3.932241e+01
         vertex 3.441965e+01 3.286000e+00 3.971064e+01
         vertex 3.436853e+01 3.286000e+00 3.932241e+01
      endloop
   endfacet
   facet normal -9.238791e-01 0.000000e+00 3.826846e-01
      outer loop
         vertex 3.436853e+01 2.859998e-01 3.932241e+01
         vertex 3.436853e+01 3.286000e+00 3.932241e+01
         vertex 3.421868e+01 2.859998e-01 3.896064e+01
      endloop
   endfacet
   facet normal -9.238791e-01 0.000000e+00 3.826846e-01
      outer loop
         vertex 3.421868e+01 2.859998e-01 3.896064e+01
         vertex 3.436853e+01 3.286000e+00 3.932241e+01
         vertex 3.421868e+01 3.286000e+00 3.896064e+01
      endloop
   endfacet
   facet normal -7.933539e-01 0.000000e+00 6.087607e-01
      outer loop
         vertex 3.421868e+01 2.859998e-01 3.896064e+01
         vertex 3.421868e+01 3.286000e+00 3.896064e+01
         vertex 3.398031e+01 2.859998e-01 3.864998e+01
      endloop
   endfacet
   facet normal -7.933539e-01 0.000000e+00 6.087607e-01
      outer loop
         vertex 3.398031e+01 2.859998e-01 3.864998e+01
         vertex 3.421868e+01 3.286000e+00 3.896064e+01
         vertex 3.398031e+01 3.286000e+00 3.864998e+01
      endloop
   endfacet
   facet normal -6.087607e-01 0.000000e+00 7.933539e-01
      outer loop
         vertex 3.398031e+01 2.859998e-01 3.864998e+01
         vertex 3.398031e+01 3.286000e+00 3.864998e+01
         vertex 3.366965e+01 2.859998e-01 3.841160e+01
      endloop
   endfacet
   facet normal -6.087607e-01 0.000000e+00 7.933539e-01
      outer loop
         vertex 3.366965e+01 2.859998e-01 3.841160e+01
         vertex 3.398031e+01 3.286000e+00 3.864998e+01
         vertex 3.366965e+01 3.286000e+00 3.841160e+01
      endloop
   endfacet
   facet normal -3.826869e-01 0.000000e+00 9.238781e-01
      outer loop
         vertex 3.366965e+01 2.859998e-01 3.841160e+01
         vertex 3.366965e+01 3.286000e+00 3.841160e+01
         vertex 3.350715e+01 2.859998e-01 3.834429e+01
      endloop
   endfacet
   facet normal -3.826869e-01 0.000000e+00 9.238781e-01
      outer loop
         vertex 3.350715e+01 2.859998e-01 3.834429e+01
         vertex 3.366965e+01 3.286000e+00 3.841160e+01
         vertex 3.350715e+01 3.286000e+00 3.834429e+01
      endloop
   endfacet
   facet normal -3.826812e-01 0.000000e+00 9.238805e-01
      outer loop
         vertex 3.350715e+01 2.859998e-01 3.834429e+01
         vertex 3.350715e+01 3.286000e+00 3.834429e+01
         vertex 3.330787e+01 2.859998e-01 3.826175e+01
      endloop
   endfacet
   facet normal -3.826812e-01 0.000000e+00 9.238805e-01
      outer loop
         vertex 3.330787e+01 2.859998e-01 3.826175e+01
         vertex 3.350715e+01 3.286000e+00 3.834429e+01
         vertex 3.330787e+01 3.286000e+00 3.826175e+01
      endloop
   endfacet
   facet normal -1.305276e-01 0.000000e+00 9.914447e-01
      outer loop
         vertex 3.330787e+01 2.859998e-01 3.826175e+01
         vertex 3.330787e+01 3.286000e+00 3.826175e+01
         vertex 3.291965e+01 2.859998e-01 3.821064e+01
      endloop
   endfacet
   facet normal -1.305276e-01 0.000000e+00 9.914447e-01
      outer loop
         vertex 3.291965e+01 2.859998e-01 3.821064e+01
         vertex 3.330787e+01 3.286000e+00 3.826175e+01
         vertex 3.291965e+01 3.286000e+00 3.821064e+01
      endloop
   endfacet
   facet normal 1.305282e-01 -0.000000e+00 9.914446e-01
      outer loop
         vertex 3.291965e+01 2.859998e-01 3.821064e+01
         vertex 3.291965e+01 3.286000e+00 3.821064e+01
         vertex 3.253142e+01 2.859998e-01 3.826175e+01
      endloop
   endfacet
   facet normal 1.305282e-01 -0.000000e+00 9.914446e-01
      outer loop
         vertex 3.253142e+01 2.859998e-01 3.826175e+01
         vertex 3.291965e+01 3.286000e+00 3.821064e+01
         vertex 3.253142e+01 3.286000e+00 3.826175e+01
      endloop
   endfacet
   facet normal 3.826829e-01 -0.000000e+00 9.238797e-01
      outer loop
         vertex 3.253142e+01 2.859998e-01 3.826175e+01
         vertex 3.253142e+01 3.286000e+00 3.826175e+01
         vertex 3.216965e+01 2.859998e-01 3.841160e+01
      endloop
   endfacet
   facet normal 3.826829e-01 -0.000000e+00 9.238797e-01
      outer loop
         vertex 3.216965e+01 2.859998e-01 3.841160e+01
         vertex 3.253142e+01 3.286000e+00 3.826175e+01
         vertex 3.216965e+01 3.286000e+00 3.841160e+01
      endloop
   endfacet
   facet normal 6.087618e-01 -0.000000e+00 7.933530e-01
      outer loop
         vertex 3.216965e+01 2.859998e-01 3.841160e+01
         vertex 3.216965e+01 3.286000e+00 3.841160e+01
         vertex 3.185899e+01 2.859998e-01 3.864998e+01
      endloop
   endfacet
   facet normal 6.087618e-01 -0.000000e+00 7.933530e-01
      outer loop
         vertex 3.185899e+01 2.859998e-01 3.864998e+01
         vertex 3.216965e+01 3.286000e+00 3.841160e+01
         vertex 3.185899e+01 3.286000e+00 3.864998e+01
      endloop
   endfacet
   facet normal 7.933516e-01 -0.000000e+00 6.087637e-01
      outer loop
         vertex 3.185899e+01 2.859998e-01 3.864998e+01
         vertex 3.185899e+01 3.286000e+00 3.864998e+01
         vertex 3.162061e+01 2.859998e-01 3.896064e+01
      endloop
   endfacet
   facet normal 7.933516e-01 -0.000000e+00 6.087637e-01
      outer loop
         vertex 3.162061e+01 2.859998e-01 3.896064e+01
         vertex 3.185899e+01 3.286000e+00 3.864998e+01
         vertex 3.162061e+01 3.286000e+00 3.896064e+01
      endloop
   endfacet
   facet normal 9.238799e-01 -0.000000e+00 3.826826e-01
      outer loop
         vertex 3.162061e+01 2.859998e-01 3.896064e+01
         vertex 3.162061e+01 3.286000e+00 3.896064e+01
         vertex 3.147076e+01 2.859998e-01 3.932241e+01
      endloop
   endfacet
   facet normal 9.238799e-01 -0.000000e+00 3.826826e-01
      outer loop
         vertex 3.147076e+01 2.859998e-01 3.932241e+01
         vertex 3.162061e+01 3.286000e+00 3.896064e+01
         vertex 3.147076e+01 3.286000e+00 3.932241e+01
      endloop
   endfacet
   facet normal 9.914450e-01 -0.000000e+00 1.305253e-01
      outer loop
         vertex 3.147076e+01 2.859998e-01 3.932241e+01
         vertex 3.147076e+01 3.286000e+00 3.932241e+01
         vertex 3.141965e+01 2.859998e-01 3.971064e+01
      endloop
   endfacet
   facet normal 9.914450e-01 -0.000000e+00 1.305253e-01
      outer loop
         vertex 3.141965e+01 2.859998e-01 3.971064e+01
         vertex 3.147076e+01 3.286000e+00 3.932241e+01
         vertex 3.141965e+01 3.286000e+00 3.971064e+01
      endloop
   endfacet
   facet normal 9.914450e-01 0.000000e+00 -1.305253e-01
      outer loop
         vertex 3.141965e+01 2.859998e-01 3.971064e+01
         vertex 3.141965e+01 3.286000e+00 3.971064e+01
         vertex 3.147076e+01 2.859998e-01 4.009886e+01
      endloop
   endfacet
   facet normal 9.914450e-01 0.000000e+00 -1.305253e-01
      outer loop
         vertex 3.147076e+01 2.859998e-01 4.009886e+01
         vertex 3.141965e+01 3.286000e+00 3.971064e+01
         vertex 3.147076e+01 3.286000e+00 4.009886e+01
      endloop
   endfacet
   facet normal 9.238799e-01 0.000000e+00 -3.826826e-01
      outer loop
         vertex 3.147076e+01 2.859998e-01 4.009886e+01
         vertex 3.147076e+01 3.286000e+00 4.009886e+01
         vertex 3.162061e+01 2.859998e-01 4.046063e+01
      endloop
   endfacet
   facet normal 9.238799e-01 0.000000e+00 -3.826826e-01
      outer loop
         vertex 3.162061e+01 2.859998e-01 4.046063e+01
         vertex 3.147076e+01 3.286000e+00 4.009886e+01
         vertex 3.162061e+01 3.286000e+00 4.046063e+01
      endloop
   endfacet
   facet normal 7.933525e-01 0.000000e+00 -6.087625e-01
      outer loop
         vertex 3.162061e+01 2.859998e-01 4.046063e+01
         vertex 3.162061e+01 3.286000e+00 4.046063e+01
         vertex 3.185899e+01 2.859998e-01 4.077130e+01
      endloop
   endfacet
   facet normal 7.933525e-01 0.000000e+00 -6.087625e-01
      outer loop
         vertex 3.185899e+01 2.859998e-01 4.077130e+01
         vertex 3.162061e+01 3.286000e+00 4.046063e+01
         vertex 3.185899e+01 3.286000e+00 4.077130e+01
      endloop
   endfacet
   facet normal 6.087618e-01 0.000000e+00 -7.933530e-01
      outer loop
         vertex 3.185899e+01 2.859998e-01 4.077130e+01
         vertex 3.185899e+01 3.286000e+00 4.077130e+01
         vertex 3.216965e+01 2.859998e-01 4.100967e+01
      endloop
   endfacet
   facet normal 6.087618e-01 0.000000e+00 -7.933530e-01
      outer loop
         vertex 3.216965e+01 2.859998e-01 4.100967e+01
         vertex 3.185899e+01 3.286000e+00 4.077130e+01
         vertex 3.216965e+01 3.286000e+00 4.100967e+01
      endloop
   endfacet
   facet normal 3.826809e-01 0.000000e+00 -9.238806e-01
      outer loop
         vertex 3.216965e+01 2.859998e-01 4.100967e+01
         vertex 3.216965e+01 3.286000e+00 4.100967e+01
         vertex 3.253142e+01 2.859998e-01 4.115952e+01
      endloop
   endfacet
   facet normal 3.826809e-01 0.000000e+00 -9.238806e-01
      outer loop
         vertex 3.253142e+01 2.859998e-01 4.115952e+01
         vertex 3.216965e+01 3.286000e+00 4.100967e+01
         vertex 3.253142e+01 3.286000e+00 4.115952e+01
      endloop
   endfacet
   facet normal 1.305259e-01 0.000000e+00 -9.914449e-01
      outer loop
         vertex 3.253142e+01 2.859998e-01 4.115952e+01
         vertex 3.253142e+01 3.286000e+00 4.115952e+01
         vertex 3.291965e+01 2.859998e-01 4.121063e+01
      endloop
   endfacet
   facet normal 1.305259e-01 0.000000e+00 -9.914449e-01
      outer loop
         vertex 3.291965e+01 2.859998e-01 4.121063e+01
         vertex 3.253142e+01 3.286000e+00 4.115952e+01
         vertex 3.291965e+01 3.286000e+00 4.121063e+01
      endloop
   endfacet
   facet normal 7.924776e-01 0.000000e+00 6.099010e-01
      outer loop
         vertex 4.124820e+01 5.539488e-01 3.660135e+01
         vertex 4.100117e+01 7.843375e-01 3.692234e+01
         vertex 4.100117e+01 2.859998e-01 3.692234e+01
      endloop
   endfacet
   facet normal 7.411535e-01 -0.000000e+00 6.713356e-01
      outer loop
         vertex 4.044710e+01 2.286000e+00 3.760135e+01
         vertex 4.044710e+01 3.286000e+00 3.760135e+01
         vertex 3.947690e+01 3.286000e+00 3.867245e+01
      endloop
   endfacet
   facet normal 7.468517e-01 -6.801045e-03 6.649559e-01
      outer loop
         vertex 4.050473e+01 1.768362e+00 3.753320e+01
         vertex 4.046185e+01 2.022855e+00 3.758396e+01
         vertex 3.947690e+01 2.859998e-01 3.867245e+01
      endloop
   endfacet
   facet normal 7.555508e-01 -2.569773e-02 6.545858e-01
      outer loop
         vertex 4.079106e+01 1.066083e+00 3.718622e+01
         vertex 4.067103e+01 1.286000e+00 3.733340e+01
         vertex 3.947690e+01 2.859998e-01 3.867245e+01
      endloop
   endfacet
   facet normal 7.526060e-01 -1.728231e-02 6.582443e-01
      outer loop
         vertex 3.947690e+01 2.859998e-01 3.867245e+01
         vertex 4.067103e+01 1.286000e+00 3.733340e+01
         vertex 4.057618e+01 1.517795e+00 3.744793e+01
      endloop
   endfacet
   facet normal 7.497443e-01 -1.136269e-02 6.616301e-01
      outer loop
         vertex 3.947690e+01 2.859998e-01 3.867245e+01
         vertex 4.057618e+01 1.517795e+00 3.744793e+01
         vertex 4.050473e+01 1.768362e+00 3.753320e+01
      endloop
   endfacet
   facet normal 7.540874e-01 -0.000000e+00 6.567740e-01
      outer loop
         vertex 4.100117e+01 2.859998e-01 3.692234e+01
         vertex 4.100117e+01 7.843375e-01 3.692234e+01
         vertex 3.947690e+01 2.859998e-01 3.867245e+01
      endloop
   endfacet
   facet normal 7.602917e-01 -5.138416e-02 6.475462e-01
      outer loop
         vertex 3.947690e+01 2.859998e-01 3.867245e+01
         vertex 4.100117e+01 7.843375e-01 3.692234e+01
         vertex 4.092768e+01 8.717868e-01 3.701556e+01
      endloop
   endfacet
   facet normal 7.584515e-01 -3.815612e-02 6.506116e-01
      outer loop
         vertex 3.947690e+01 2.859998e-01 3.867245e+01
         vertex 4.092768e+01 8.717868e-01 3.701556e+01
         vertex 4.079106e+01 1.066083e+00 3.718622e+01
      endloop
   endfacet
   facet normal 7.397509e-01 -3.008612e-03 6.728741e-01
      outer loop
         vertex 4.044710e+01 2.286000e+00 3.760135e+01
         vertex 3.947690e+01 3.286000e+00 3.867245e+01
         vertex 4.046185e+01 2.022855e+00 3.758396e+01
      endloop
   endfacet
   facet normal 7.125306e-01 -4.732305e-01 5.180280e-01
      outer loop
         vertex 4.196156e+01 2.859998e-01 3.560135e+01
         vertex 4.178221e+01 3.033001e-01 3.586385e+01
         vertex 4.148987e+01 2.859998e-01 3.625014e+01
      endloop
   endfacet
   facet normal 7.893611e-01 -1.707036e-01 5.897197e-01
      outer loop
         vertex 4.148987e+01 2.859998e-01 3.625014e+01
         vertex 4.178221e+01 3.033001e-01 3.586385e+01
         vertex 4.160259e+01 3.541484e-01 3.611899e+01
      endloop
   endfacet
   facet normal 7.921754e-01 -2.018939e-01 5.759314e-01
      outer loop
         vertex 4.148987e+01 2.859998e-01 3.625014e+01
         vertex 4.160259e+01 3.541484e-01 3.611899e+01
         vertex 4.100117e+01 2.859998e-01 3.692234e+01
      endloop
   endfacet
   facet normal 8.015386e-01 -4.535799e-02 5.962202e-01
      outer loop
         vertex 4.100117e+01 2.859998e-01 3.692234e+01
         vertex 4.160259e+01 3.541484e-01 3.611899e+01
         vertex 4.142419e+01 4.376005e-01 3.636517e+01
      endloop
   endfacet
   facet normal 7.982909e-01 -1.471392e-02 6.020923e-01
      outer loop
         vertex 4.100117e+01 2.859998e-01 3.692234e+01
         vertex 4.142419e+01 4.376005e-01 3.636517e+01
         vertex 4.124820e+01 5.539488e-01 3.660135e+01
      endloop
   endfacet
   facet normal 7.982811e-01 -1.468857e-02 -6.021059e-01
      outer loop
         vertex 4.100117e+01 2.859998e-01 9.156954e+00
         vertex 4.124820e+01 5.539488e-01 9.477942e+00
         vertex 4.142355e+01 4.379619e-01 9.713248e+00
      endloop
   endfacet
   facet normal 8.015382e-01 -4.525822e-02 -5.962283e-01
      outer loop
         vertex 4.142355e+01 4.379619e-01 9.713248e+00
         vertex 4.160259e+01 3.541484e-01 9.960304e+00
         vertex 4.100117e+01 2.859998e-01 9.156954e+00
      endloop
   endfacet
   facet normal 7.992570e-01 -1.257024e-01 -5.876964e-01
      outer loop
         vertex 4.100117e+01 2.859998e-01 9.156954e+00
         vertex 4.160259e+01 3.541484e-01 9.960304e+00
         vertex 4.178243e+01 3.032573e-01 1.021578e+01
      endloop
   endfacet
   facet normal 7.122862e-01 -4.737929e-01 -5.178501e-01
      outer loop
         vertex 4.100117e+01 2.859998e-01 9.156954e+00
         vertex 4.178243e+01 3.032573e-01 1.021578e+01
         vertex 4.196156e+01 2.859998e-01 1.047794e+01
      endloop
   endfacet
   facet normal 7.411535e-01 0.000000e+00 -6.713356e-01
      outer loop
         vertex 3.947690e+01 3.286000e+00 7.406840e+00
         vertex 4.044710e+01 3.286000e+00 8.477942e+00
         vertex 4.044710e+01 2.286000e+00 8.477942e+00
      endloop
   endfacet
   facet normal 7.468511e-01 -6.800111e-03 -6.649566e-01
      outer loop
         vertex 4.046182e+01 2.023144e+00 8.495291e+00
         vertex 4.050473e+01 1.768362e+00 8.546091e+00
         vertex 3.947690e+01 2.859998e-01 7.406840e+00
      endloop
   endfacet
   facet normal 7.497509e-01 -1.137323e-02 -6.616224e-01
      outer loop
         vertex 3.947690e+01 2.859998e-01 7.406840e+00
         vertex 4.050473e+01 1.768362e+00 8.546091e+00
         vertex 4.057650e+01 1.516871e+00 8.631746e+00
      endloop
   endfacet
   facet normal 7.526104e-01 -1.729474e-02 -6.582390e-01
      outer loop
         vertex 3.947690e+01 2.859998e-01 7.406840e+00
         vertex 4.057650e+01 1.516871e+00 8.631746e+00
         vertex 4.067103e+01 1.286000e+00 8.745892e+00
      endloop
   endfacet
   facet normal 7.555628e-01 -2.573236e-02 -6.545707e-01
      outer loop
         vertex 4.067103e+01 1.286000e+00 8.745892e+00
         vertex 4.079195e+01 1.064664e+00 8.894170e+00
         vertex 3.947690e+01 2.859998e-01 7.406840e+00
      endloop
   endfacet
   facet normal 7.593163e-01 -4.201719e-02 -6.493638e-01
      outer loop
         vertex 3.947690e+01 2.859998e-01 7.406840e+00
         vertex 4.079195e+01 1.064664e+00 8.894170e+00
         vertex 4.093170e+01 8.774139e-01 9.069703e+00
      endloop
   endfacet
   facet normal 7.540614e-01 -8.319443e-03 -6.567513e-01
      outer loop
         vertex 3.947690e+01 2.859998e-01 7.406840e+00
         vertex 4.093170e+01 8.774139e-01 9.069703e+00
         vertex 4.100117e+01 2.859998e-01 9.156954e+00
      endloop
   endfacet
   facet normal 7.823290e-01 0.000000e+00 -6.228654e-01
      outer loop
         vertex 4.100117e+01 2.859998e-01 9.156954e+00
         vertex 4.093170e+01 8.774139e-01 9.069703e+00
         vertex 4.100117e+01 7.843375e-01 9.156954e+00
      endloop
   endfacet
   facet normal 7.924776e-01 0.000000e+00 -6.099010e-01
      outer loop
         vertex 4.100117e+01 2.859998e-01 9.156954e+00
         vertex 4.100117e+01 7.843375e-01 9.156954e+00
         vertex 4.124820e+01 5.539488e-01 9.477942e+00
      endloop
   endfacet
   facet normal 7.414937e-01 0.000000e+00 6.709598e-01
      outer loop
         vertex 4.046185e+01 2.022855e+00 3.758396e+01
         vertex 3.947690e+01 3.286000e+00 3.867245e+01
         vertex 3.947690e+01 2.859998e-01 3.867245e+01
      endloop
   endfacet
   facet normal 6.824209e-01 -0.000000e+00 7.309594e-01
      outer loop
         vertex 3.947690e+01 2.859998e-01 3.867245e+01
         vertex 3.947690e+01 3.286000e+00 3.867245e+01
         vertex 3.778046e+01 3.286000e+00 4.025624e+01
      endloop
   endfacet
   facet normal 6.824209e-01 0.000000e+00 7.309594e-01
      outer loop
         vertex 3.947690e+01 2.859998e-01 3.867245e+01
         vertex 3.778046e+01 3.286000e+00 4.025624e+01
         vertex 3.778046e+01 2.859998e-01 4.025624e+01
      endloop
   endfacet
   facet normal 6.034939e-01 -0.000000e+00 7.973676e-01
      outer loop
         vertex 3.778046e+01 2.859998e-01 4.025624e+01
         vertex 3.778046e+01 3.286000e+00 4.025624e+01
         vertex 3.592990e+01 3.286000e+00 4.165685e+01
      endloop
   endfacet
   facet normal 6.034939e-01 0.000000e+00 7.973676e-01
      outer loop
         vertex 3.778046e+01 2.859998e-01 4.025624e+01
         vertex 3.592990e+01 3.286000e+00 4.165685e+01
         vertex 3.592990e+01 2.859998e-01 4.165685e+01
      endloop
   endfacet
   facet normal 5.181459e-01 -0.000000e+00 8.552923e-01
      outer loop
         vertex 3.592990e+01 2.859998e-01 4.165685e+01
         vertex 3.592990e+01 3.286000e+00 4.165685e+01
         vertex 3.468215e+01 2.859998e-01 4.241276e+01
      endloop
   endfacet
   facet normal 5.181459e-01 -0.000000e+00 8.552923e-01
      outer loop
         vertex 3.468215e+01 2.859998e-01 4.241276e+01
         vertex 3.592990e+01 3.286000e+00 4.165685e+01
         vertex 3.468215e+01 3.286000e+00 4.241276e+01
      endloop
   endfacet
   facet normal 5.181456e-01 -0.000000e+00 8.552924e-01
      outer loop
         vertex 3.468215e+01 2.859998e-01 4.241276e+01
         vertex 3.468215e+01 3.286000e+00 4.241276e+01
         vertex 3.394491e+01 2.859998e-01 4.285938e+01
      endloop
   endfacet
   facet normal 5.181456e-01 -0.000000e+00 8.552924e-01
      outer loop
         vertex 3.394491e+01 2.859998e-01 4.285938e+01
         vertex 3.468215e+01 3.286000e+00 4.241276e+01
         vertex 3.394491e+01 3.286000e+00 4.285938e+01
      endloop
   endfacet
   facet normal 4.272821e-01 -0.000000e+00 9.041184e-01
      outer loop
         vertex 3.394491e+01 2.859998e-01 4.285938e+01
         vertex 3.394491e+01 3.286000e+00 4.285938e+01
         vertex 3.350715e+01 2.859998e-01 4.306627e+01
      endloop
   endfacet
   facet normal 4.272821e-01 -0.000000e+00 9.041184e-01
      outer loop
         vertex 3.350715e+01 2.859998e-01 4.306627e+01
         vertex 3.394491e+01 3.286000e+00 4.285938e+01
         vertex 3.350715e+01 3.286000e+00 4.306627e+01
      endloop
   endfacet
   facet normal 4.272852e-01 -0.000000e+00 9.041169e-01
      outer loop
         vertex 3.350715e+01 2.859998e-01 4.306627e+01
         vertex 3.350715e+01 3.286000e+00 4.306627e+01
         vertex 3.184660e+01 2.859998e-01 4.385104e+01
      endloop
   endfacet
   facet normal 4.272852e-01 -0.000000e+00 9.041169e-01
      outer loop
         vertex 3.184660e+01 2.859998e-01 4.385104e+01
         vertex 3.350715e+01 3.286000e+00 4.306627e+01
         vertex 3.184660e+01 3.286000e+00 4.385104e+01
      endloop
   endfacet
   facet normal 3.318772e-01 -0.000000e+00 9.433226e-01
      outer loop
         vertex 3.184660e+01 2.859998e-01 4.385104e+01
         vertex 3.184660e+01 3.286000e+00 4.385104e+01
         vertex 3.100715e+01 2.859998e-01 4.414637e+01
      endloop
   endfacet
   facet normal 3.318772e-01 -0.000000e+00 9.433226e-01
      outer loop
         vertex 3.100715e+01 2.859998e-01 4.414637e+01
         vertex 3.184660e+01 3.286000e+00 4.385104e+01
         vertex 3.100715e+01 3.286000e+00 4.414637e+01
      endloop
   endfacet
   facet normal 3.318782e-01 -0.000000e+00 9.433222e-01
      outer loop
         vertex 3.100715e+01 2.859998e-01 4.414637e+01
         vertex 3.100715e+01 3.286000e+00 4.414637e+01
         vertex 2.965731e+01 2.859998e-01 4.462127e+01
      endloop
   endfacet
   facet normal 3.318782e-01 -0.000000e+00 9.433222e-01
      outer loop
         vertex 2.965731e+01 2.859998e-01 4.462127e+01
         vertex 3.100715e+01 3.286000e+00 4.414637e+01
         vertex 2.965731e+01 3.286000e+00 4.462127e+01
      endloop
   endfacet
   facet normal 2.329383e-01 -0.000000e+00 9.724915e-01
      outer loop
         vertex 2.965731e+01 2.859998e-01 4.462127e+01
         vertex 2.965731e+01 3.286000e+00 4.462127e+01
         vertex 2.851965e+01 2.859998e-01 4.489377e+01
      endloop
   endfacet
   facet normal 2.329383e-01 -0.000000e+00 9.724915e-01
      outer loop
         vertex 2.851965e+01 2.859998e-01 4.489377e+01
         vertex 2.965731e+01 3.286000e+00 4.462127e+01
         vertex 2.851965e+01 3.286000e+00 4.489377e+01
      endloop
   endfacet
   facet normal 2.329404e-01 -0.000000e+00 9.724910e-01
      outer loop
         vertex 2.851965e+01 2.859998e-01 4.489377e+01
         vertex 2.851965e+01 3.286000e+00 4.489377e+01
         vertex 2.740031e+01 2.859998e-01 4.516189e+01
      endloop
   endfacet
   facet normal 2.329404e-01 0.000000e+00 9.724910e-01
      outer loop
         vertex 2.851965e+01 3.286000e+00 4.489377e+01
         vertex 2.740031e+01 3.286000e+00 4.516189e+01
         vertex 2.740031e+01 2.859998e-01 4.516189e+01
      endloop
   endfacet
   facet normal 1.315229e-01 -0.000000e+00 9.913131e-01
      outer loop
         vertex 2.740031e+01 2.859998e-01 4.516189e+01
         vertex 2.740031e+01 3.286000e+00 4.516189e+01
         vertex 2.509964e+01 3.286000e+00 4.546713e+01
      endloop
   endfacet
   facet normal 1.315229e-01 0.000000e+00 9.913131e-01
      outer loop
         vertex 2.740031e+01 2.859998e-01 4.516189e+01
         vertex 2.509964e+01 3.286000e+00 4.546713e+01
         vertex 2.509964e+01 2.859998e-01 4.546713e+01
      endloop
   endfacet
   facet normal 2.870730e-02 -0.000000e+00 9.995879e-01
      outer loop
         vertex 2.509964e+01 2.859998e-01 4.546713e+01
         vertex 2.509964e+01 3.286000e+00 4.546713e+01
         vertex 2.277976e+01 3.286000e+00 4.553375e+01
      endloop
   endfacet
   facet normal 2.870730e-02 0.000000e+00 9.995879e-01
      outer loop
         vertex 2.509964e+01 2.859998e-01 4.546713e+01
         vertex 2.277976e+01 3.286000e+00 4.553375e+01
         vertex 2.277976e+01 2.859998e-01 4.553375e+01
      endloop
   endfacet
   facet normal -7.441394e-02 0.000000e+00 9.972274e-01
      outer loop
         vertex 2.277976e+01 2.859998e-01 4.553375e+01
         vertex 2.277976e+01 3.286000e+00 4.553375e+01
         vertex 2.046536e+01 3.286000e+00 4.536105e+01
      endloop
   endfacet
   facet normal -7.441394e-02 0.000000e+00 9.972274e-01
      outer loop
         vertex 2.277976e+01 2.859998e-01 4.553375e+01
         vertex 2.046536e+01 3.286000e+00 4.536105e+01
         vertex 2.046536e+01 2.859998e-01 4.536105e+01
      endloop
   endfacet
   facet normal -1.767432e-01 0.000000e+00 9.842570e-01
      outer loop
         vertex 2.046536e+01 2.859998e-01 4.536105e+01
         vertex 2.046536e+01 3.286000e+00 4.536105e+01
         vertex 1.818106e+01 3.286000e+00 4.495086e+01
      endloop
   endfacet
   facet normal -1.767432e-01 0.000000e+00 9.842570e-01
      outer loop
         vertex 2.046536e+01 2.859998e-01 4.536105e+01
         vertex 1.818106e+01 3.286000e+00 4.495086e+01
         vertex 1.818106e+01 2.859998e-01 4.495086e+01
      endloop
   endfacet
   facet normal -2.771925e-01 0.000000e+00 9.608144e-01
      outer loop
         vertex 1.818106e+01 2.859998e-01 4.495086e+01
         vertex 1.818106e+01 3.286000e+00 4.495086e+01
         vertex 1.595117e+01 3.286000e+00 4.430754e+01
      endloop
   endfacet
   facet normal -2.771925e-01 0.000000e+00 9.608144e-01
      outer loop
         vertex 1.818106e+01 2.859998e-01 4.495086e+01
         vertex 1.595117e+01 3.286000e+00 4.430754e+01
         vertex 1.595117e+01 2.859998e-01 4.430754e+01
      endloop
   endfacet
   facet normal -3.746926e-01 0.000000e+00 9.271491e-01
      outer loop
         vertex 1.595117e+01 2.859998e-01 4.430754e+01
         vertex 1.595117e+01 3.286000e+00 4.430754e+01
         vertex 1.379941e+01 3.286000e+00 4.343794e+01
      endloop
   endfacet
   facet normal -3.746926e-01 0.000000e+00 9.271491e-01
      outer loop
         vertex 1.595117e+01 2.859998e-01 4.430754e+01
         vertex 1.379941e+01 3.286000e+00 4.343794e+01
         vertex 1.379941e+01 2.859998e-01 4.343794e+01
      endloop
   endfacet
   facet normal -4.682055e-01 0.000000e+00 8.836196e-01
      outer loop
         vertex 1.379941e+01 2.859998e-01 4.343794e+01
         vertex 1.379941e+01 3.286000e+00 4.343794e+01
         vertex 1.284464e+01 2.859998e-01 4.293204e+01
      endloop
   endfacet
   facet normal -4.682055e-01 0.000000e+00 8.836196e-01
      outer loop
         vertex 1.284464e+01 2.859998e-01 4.293204e+01
         vertex 1.379941e+01 3.286000e+00 4.343794e+01
         vertex 1.284464e+01 3.286000e+00 4.293204e+01
      endloop
   endfacet
   facet normal -4.682058e-01 0.000000e+00 8.836194e-01
      outer loop
         vertex 1.284464e+01 2.859998e-01 4.293204e+01
         vertex 1.284464e+01 3.286000e+00 4.293204e+01
         vertex 1.174867e+01 2.859998e-01 4.235131e+01
      endloop
   endfacet
   facet normal -4.682058e-01 0.000000e+00 8.836194e-01
      outer loop
         vertex 1.284464e+01 3.286000e+00 4.293204e+01
         vertex 1.174867e+01 3.286000e+00 4.235131e+01
         vertex 1.174867e+01 2.859998e-01 4.235131e+01
      endloop
   endfacet
   facet normal -5.567373e-01 0.000000e+00 8.306886e-01
      outer loop
         vertex 1.174867e+01 2.859998e-01 4.235131e+01
         vertex 1.174867e+01 3.286000e+00 4.235131e+01
         vertex 9.820782e+00 3.286000e+00 4.105922e+01
      endloop
   endfacet
   facet normal -5.567373e-01 0.000000e+00 8.306886e-01
      outer loop
         vertex 1.174867e+01 2.859998e-01 4.235131e+01
         vertex 9.820782e+00 3.286000e+00 4.105922e+01
         vertex 9.820782e+00 2.859998e-01 4.105922e+01
      endloop
   endfacet
   facet normal -6.393455e-01 0.000000e+00 7.689196e-01
      outer loop
         vertex 9.820782e+00 2.859998e-01 4.105922e+01
         vertex 9.820782e+00 3.286000e+00 4.105922e+01
         vertex 8.036245e+00 3.286000e+00 3.957540e+01
      endloop
   endfacet
   facet normal -6.393455e-01 0.000000e+00 7.689196e-01
      outer loop
         vertex 9.820782e+00 2.859998e-01 4.105922e+01
         vertex 8.036245e+00 3.286000e+00 3.957540e+01
         vertex 8.036245e+00 2.859998e-01 3.957540e+01
      endloop
   endfacet
   facet normal -7.151518e-01 0.000000e+00 6.989691e-01
      outer loop
         vertex 8.036245e+00 2.859998e-01 3.957540e+01
         vertex 8.036245e+00 3.286000e+00 3.957540e+01
         vertex 6.414052e+00 3.286000e+00 3.791565e+01
      endloop
   endfacet
   facet normal -7.151518e-01 0.000000e+00 6.989691e-01
      outer loop
         vertex 8.036245e+00 2.859998e-01 3.957540e+01
         vertex 6.414052e+00 3.286000e+00 3.791565e+01
         vertex 6.414052e+00 2.859998e-01 3.791565e+01
      endloop
   endfacet
   facet normal -7.833488e-01 0.000000e+00 6.215824e-01
      outer loop
         vertex 6.414052e+00 2.859998e-01 3.791565e+01
         vertex 6.414052e+00 3.286000e+00 3.791565e+01
         vertex 5.092479e+00 2.859998e-01 3.625014e+01
      endloop
   endfacet
   facet normal -7.833488e-01 0.000000e+00 6.215824e-01
      outer loop
         vertex 5.092479e+00 2.859998e-01 3.625014e+01
         vertex 6.414052e+00 3.286000e+00 3.791565e+01
         vertex 5.092479e+00 3.286000e+00 3.625014e+01
      endloop
   endfacet
   facet normal -7.833435e-01 0.000000e+00 6.215890e-01
      outer loop
         vertex 5.092479e+00 2.859998e-01 3.625014e+01
         vertex 5.092479e+00 3.286000e+00 3.625014e+01
         vertex 4.971460e+00 2.859998e-01 3.609763e+01
      endloop
   endfacet
   facet normal -7.833435e-01 0.000000e+00 6.215890e-01
      outer loop
         vertex 5.092479e+00 3.286000e+00 3.625014e+01
         vertex 4.971460e+00 3.286000e+00 3.609763e+01
         vertex 4.971460e+00 2.859998e-01 3.609763e+01
      endloop
   endfacet
   facet normal -8.432112e-01 0.000000e+00 5.375825e-01
      outer loop
         vertex 4.971460e+00 2.859998e-01 3.609763e+01
         vertex 4.971460e+00 3.286000e+00 3.609763e+01
         vertex 3.723819e+00 3.286000e+00 3.414067e+01
      endloop
   endfacet
   facet normal -8.432112e-01 0.000000e+00 5.375825e-01
      outer loop
         vertex 4.971460e+00 2.859998e-01 3.609763e+01
         vertex 3.723819e+00 3.286000e+00 3.414067e+01
         vertex 3.723819e+00 2.859998e-01 3.414067e+01
      endloop
   endfacet
   facet normal -8.941035e-01 0.000000e+00 4.478603e-01
      outer loop
         vertex 3.723819e+00 2.859998e-01 3.414067e+01
         vertex 3.723819e+00 3.286000e+00 3.414067e+01
         vertex 3.360149e+00 2.859998e-01 3.341465e+01
      endloop
   endfacet
   facet normal -8.941035e-01 0.000000e+00 4.478603e-01
      outer loop
         vertex 3.360149e+00 2.859998e-01 3.341465e+01
         vertex 3.723819e+00 3.286000e+00 3.414067e+01
         vertex 3.360149e+00 3.286000e+00 3.341465e+01
      endloop
   endfacet
   facet normal -8.941028e-01 0.000000e+00 4.478618e-01
      outer loop
         vertex 3.360149e+00 2.859998e-01 3.341465e+01
         vertex 3.360149e+00 3.286000e+00 3.341465e+01
         vertex 2.684407e+00 2.859998e-01 3.206561e+01
      endloop
   endfacet
   facet normal -8.941028e-01 0.000000e+00 4.478618e-01
      outer loop
         vertex 3.360149e+00 3.286000e+00 3.341465e+01
         vertex 2.684407e+00 3.286000e+00 3.206561e+01
         vertex 2.684407e+00 2.859998e-01 3.206561e+01
      endloop
   endfacet
   facet normal -9.354804e-01 0.000000e+00 3.533784e-01
      outer loop
         vertex 2.684407e+00 2.859998e-01 3.206561e+01
         vertex 2.684407e+00 3.286000e+00 3.206561e+01
         vertex 1.864273e+00 3.286000e+00 2.989451e+01
      endloop
   endfacet
   facet normal -9.354804e-01 0.000000e+00 3.533784e-01
      outer loop
         vertex 2.684407e+00 2.859998e-01 3.206561e+01
         vertex 1.864273e+00 3.286000e+00 2.989451e+01
         vertex 1.864273e+00 2.859998e-01 2.989451e+01
      endloop
   endfacet
   facet normal -9.669067e-01 0.000000e+00 2.551301e-01
      outer loop
         vertex 1.864273e+00 2.859998e-01 2.989451e+01
         vertex 1.864273e+00 3.286000e+00 2.989451e+01
         vertex 1.691479e+00 2.859998e-01 2.923965e+01
      endloop
   endfacet
   facet normal -9.669067e-01 0.000000e+00 2.551301e-01
      outer loop
         vertex 1.691479e+00 2.859998e-01 2.923965e+01
         vertex 1.864273e+00 3.286000e+00 2.989451e+01
         vertex 1.691479e+00 3.286000e+00 2.923965e+01
      endloop
   endfacet
   facet normal -9.669059e-01 0.000000e+00 2.551331e-01
      outer loop
         vertex 1.691479e+00 2.859998e-01 2.923965e+01
         vertex 1.691479e+00 3.286000e+00 2.923965e+01
         vertex 1.272153e+00 2.859998e-01 2.765048e+01
      endloop
   endfacet
   facet normal -9.669059e-01 0.000000e+00 2.551331e-01
      outer loop
         vertex 1.272153e+00 2.859998e-01 2.765048e+01
         vertex 1.691479e+00 3.286000e+00 2.923965e+01
         vertex 1.272153e+00 3.286000e+00 2.765048e+01
      endloop
   endfacet
   facet normal -9.880437e-01 0.000000e+00 1.541744e-01
      outer loop
         vertex 1.272153e+00 2.859998e-01 2.765048e+01
         vertex 1.272153e+00 3.286000e+00 2.765048e+01
         vertex 9.154715e-01 2.859998e-01 2.536465e+01
      endloop
   endfacet
   facet normal -9.880437e-01 0.000000e+00 1.541744e-01
      outer loop
         vertex 9.154715e-01 2.859998e-01 2.536465e+01
         vertex 1.272153e+00 3.286000e+00 2.765048e+01
         vertex 9.154715e-01 3.286000e+00 2.536465e+01
      endloop
   endfacet
   facet normal -9.881054e-01 0.000000e+00 1.537779e-01
      outer loop
         vertex 9.154715e-01 2.859998e-01 2.536465e+01
         vertex 9.154715e-01 3.286000e+00 2.536465e+01
         vertex 9.143427e-01 2.859998e-01 2.535739e+01
      endloop
   endfacet
   facet normal -9.881054e-01 0.000000e+00 1.537779e-01
      outer loop
         vertex 9.154715e-01 3.286000e+00 2.536465e+01
         vertex 9.143427e-01 3.286000e+00 2.535739e+01
         vertex 9.143427e-01 2.859998e-01 2.535739e+01
      endloop
   endfacet
   facet normal -9.986691e-01 0.000000e+00 5.157508e-02
      outer loop
         vertex 9.143427e-01 2.859998e-01 2.535739e+01
         vertex 9.143427e-01 3.286000e+00 2.535739e+01
         vertex 7.946454e-01 3.286000e+00 2.303965e+01
      endloop
   endfacet
   facet normal -9.986691e-01 0.000000e+00 5.157508e-02
      outer loop
         vertex 9.143427e-01 2.859998e-01 2.535739e+01
         vertex 7.946454e-01 3.286000e+00 2.303965e+01
         vertex 7.946454e-01 2.859998e-01 2.303965e+01
      endloop
   endfacet
   facet normal -9.986691e-01 0.000000e+00 -5.157508e-02
      outer loop
         vertex 7.946454e-01 2.859998e-01 2.303965e+01
         vertex 7.946454e-01 3.286000e+00 2.303965e+01
         vertex 9.143427e-01 3.286000e+00 2.072190e+01
      endloop
   endfacet
   facet normal -9.986691e-01 0.000000e+00 -5.157508e-02
      outer loop
         vertex 7.946454e-01 2.859998e-01 2.303965e+01
         vertex 9.143427e-01 3.286000e+00 2.072190e+01
         vertex 9.143427e-01 2.859998e-01 2.072190e+01
      endloop
   endfacet
   facet normal -9.880439e-01 0.000000e+00 -1.541731e-01
      outer loop
         vertex 9.143427e-01 2.859998e-01 2.072190e+01
         vertex 9.143427e-01 3.286000e+00 2.072190e+01
         vertex 1.272153e+00 3.286000e+00 1.842881e+01
      endloop
   endfacet
   facet normal -9.880439e-01 0.000000e+00 -1.541731e-01
      outer loop
         vertex 9.143427e-01 2.859998e-01 2.072190e+01
         vertex 1.272153e+00 3.286000e+00 1.842881e+01
         vertex 1.272153e+00 2.859998e-01 1.842881e+01
      endloop
   endfacet
   facet normal -9.669059e-01 0.000000e+00 -2.551331e-01
      outer loop
         vertex 1.272153e+00 2.859998e-01 1.842881e+01
         vertex 1.272153e+00 3.286000e+00 1.842881e+01
         vertex 1.691479e+00 2.859998e-01 1.683965e+01
      endloop
   endfacet
   facet normal -9.669059e-01 0.000000e+00 -2.551331e-01
      outer loop
         vertex 1.691479e+00 2.859998e-01 1.683965e+01
         vertex 1.272153e+00 3.286000e+00 1.842881e+01
         vertex 1.691479e+00 3.286000e+00 1.683965e+01
      endloop
   endfacet
   facet normal -9.669067e-01 0.000000e+00 -2.551301e-01
      outer loop
         vertex 1.691479e+00 2.859998e-01 1.683965e+01
         vertex 1.691479e+00 3.286000e+00 1.683965e+01
         vertex 1.864273e+00 2.859998e-01 1.618478e+01
      endloop
   endfacet
   facet normal -9.669067e-01 0.000000e+00 -2.551301e-01
      outer loop
         vertex 1.691479e+00 3.286000e+00 1.683965e+01
         vertex 1.864273e+00 3.286000e+00 1.618478e+01
         vertex 1.864273e+00 2.859998e-01 1.618478e+01
      endloop
   endfacet
   facet normal -9.354804e-01 0.000000e+00 -3.533784e-01
      outer loop
         vertex 1.864273e+00 2.859998e-01 1.618478e+01
         vertex 1.864273e+00 3.286000e+00 1.618478e+01
         vertex 2.684407e+00 3.286000e+00 1.401368e+01
      endloop
   endfacet
   facet normal -9.354804e-01 0.000000e+00 -3.533784e-01
      outer loop
         vertex 1.864273e+00 2.859998e-01 1.618478e+01
         vertex 2.684407e+00 3.286000e+00 1.401368e+01
         vertex 2.684407e+00 2.859998e-01 1.401368e+01
      endloop
   endfacet
   facet normal -8.941028e-01 0.000000e+00 -4.478618e-01
      outer loop
         vertex 2.684407e+00 2.859998e-01 1.401368e+01
         vertex 2.684407e+00 3.286000e+00 1.401368e+01
         vertex 3.360149e+00 2.859998e-01 1.266465e+01
      endloop
   endfacet
   facet normal -8.941028e-01 0.000000e+00 -4.478618e-01
      outer loop
         vertex 3.360149e+00 2.859998e-01 1.266465e+01
         vertex 2.684407e+00 3.286000e+00 1.401368e+01
         vertex 3.360149e+00 3.286000e+00 1.266465e+01
      endloop
   endfacet
   facet normal -8.941035e-01 0.000000e+00 -4.478603e-01
      outer loop
         vertex 3.360149e+00 2.859998e-01 1.266465e+01
         vertex 3.360149e+00 3.286000e+00 1.266465e+01
         vertex 3.723819e+00 2.859998e-01 1.193862e+01
      endloop
   endfacet
   facet normal -8.941035e-01 0.000000e+00 -4.478603e-01
      outer loop
         vertex 3.360149e+00 3.286000e+00 1.266465e+01
         vertex 3.723819e+00 3.286000e+00 1.193862e+01
         vertex 3.723819e+00 2.859998e-01 1.193862e+01
      endloop
   endfacet
   facet normal -8.432112e-01 0.000000e+00 -5.375825e-01
      outer loop
         vertex 3.723819e+00 2.859998e-01 1.193862e+01
         vertex 3.723819e+00 3.286000e+00 1.193862e+01
         vertex 4.971460e+00 3.286000e+00 9.981665e+00
      endloop
   endfacet
   facet normal -8.432112e-01 0.000000e+00 -5.375825e-01
      outer loop
         vertex 3.723819e+00 2.859998e-01 1.193862e+01
         vertex 4.971460e+00 3.286000e+00 9.981665e+00
         vertex 4.971460e+00 2.859998e-01 9.981665e+00
      endloop
   endfacet
   facet normal -7.833483e-01 0.000000e+00 -6.215830e-01
      outer loop
         vertex 4.971460e+00 2.859998e-01 9.981665e+00
         vertex 4.971460e+00 3.286000e+00 9.981665e+00
         vertex 6.414052e+00 3.286000e+00 8.163641e+00
      endloop
   endfacet
   facet normal -7.833483e-01 0.000000e+00 -6.215830e-01
      outer loop
         vertex 4.971460e+00 2.859998e-01 9.981665e+00
         vertex 6.414052e+00 3.286000e+00 8.163641e+00
         vertex 6.414052e+00 2.859998e-01 8.163641e+00
      endloop
   endfacet
   facet normal -7.151518e-01 0.000000e+00 -6.989691e-01
      outer loop
         vertex 6.414052e+00 2.859998e-01 8.163641e+00
         vertex 6.414052e+00 3.286000e+00 8.163641e+00
         vertex 8.036245e+00 3.286000e+00 6.503891e+00
      endloop
   endfacet
   facet normal -7.151518e-01 0.000000e+00 -6.989691e-01
      outer loop
         vertex 6.414052e+00 2.859998e-01 8.163641e+00
         vertex 8.036245e+00 3.286000e+00 6.503891e+00
         vertex 8.036245e+00 2.859998e-01 6.503891e+00
      endloop
   endfacet
   facet normal -6.393455e-01 0.000000e+00 -7.689196e-01
      outer loop
         vertex 8.036245e+00 2.859998e-01 6.503891e+00
         vertex 8.036245e+00 3.286000e+00 6.503891e+00
         vertex 9.820782e+00 3.286000e+00 5.020075e+00
      endloop
   endfacet
   facet normal -6.393455e-01 0.000000e+00 -7.689196e-01
      outer loop
         vertex 8.036245e+00 2.859998e-01 6.503891e+00
         vertex 9.820782e+00 3.286000e+00 5.020075e+00
         vertex 9.820782e+00 2.859998e-01 5.020075e+00
      endloop
   endfacet
   facet normal -5.567373e-01 0.000000e+00 -8.306886e-01
      outer loop
         vertex 9.820782e+00 2.859998e-01 5.020075e+00
         vertex 9.820782e+00 3.286000e+00 5.020075e+00
         vertex 1.174867e+01 3.286000e+00 3.727980e+00
      endloop
   endfacet
   facet normal -5.567373e-01 0.000000e+00 -8.306886e-01
      outer loop
         vertex 9.820782e+00 2.859998e-01 5.020075e+00
         vertex 1.174867e+01 3.286000e+00 3.727980e+00
         vertex 1.174867e+01 2.859998e-01 3.727980e+00
      endloop
   endfacet
   facet normal -4.682058e-01 0.000000e+00 -8.836194e-01
      outer loop
         vertex 1.174867e+01 2.859998e-01 3.727980e+00
         vertex 1.174867e+01 3.286000e+00 3.727980e+00
         vertex 1.284464e+01 2.859998e-01 3.147254e+00
      endloop
   endfacet
   facet normal -4.682058e-01 0.000000e+00 -8.836194e-01
      outer loop
         vertex 1.284464e+01 2.859998e-01 3.147254e+00
         vertex 1.174867e+01 3.286000e+00 3.727980e+00
         vertex 1.284464e+01 3.286000e+00 3.147254e+00
      endloop
   endfacet
   facet normal -4.682055e-01 0.000000e+00 -8.836196e-01
      outer loop
         vertex 1.284464e+01 2.859998e-01 3.147254e+00
         vertex 1.284464e+01 3.286000e+00 3.147254e+00
         vertex 1.379941e+01 2.859998e-01 2.641352e+00
      endloop
   endfacet
   facet normal -4.682055e-01 0.000000e+00 -8.836196e-01
      outer loop
         vertex 1.284464e+01 3.286000e+00 3.147254e+00
         vertex 1.379941e+01 3.286000e+00 2.641352e+00
         vertex 1.379941e+01 2.859998e-01 2.641352e+00
      endloop
   endfacet
   facet normal -3.746926e-01 0.000000e+00 -9.271491e-01
      outer loop
         vertex 1.379941e+01 2.859998e-01 2.641352e+00
         vertex 1.379941e+01 3.286000e+00 2.641352e+00
         vertex 1.595117e+01 3.286000e+00 1.771752e+00
      endloop
   endfacet
   facet normal -3.746926e-01 0.000000e+00 -9.271491e-01
      outer loop
         vertex 1.379941e+01 2.859998e-01 2.641352e+00
         vertex 1.595117e+01 3.286000e+00 1.771752e+00
         vertex 1.595117e+01 2.859998e-01 1.771752e+00
      endloop
   endfacet
   facet normal -2.771925e-01 0.000000e+00 -9.608144e-01
      outer loop
         vertex 1.595117e+01 2.859998e-01 1.771752e+00
         vertex 1.595117e+01 3.286000e+00 1.771752e+00
         vertex 1.818106e+01 3.286000e+00 1.128433e+00
      endloop
   endfacet
   facet normal -2.771925e-01 0.000000e+00 -9.608144e-01
      outer loop
         vertex 1.595117e+01 2.859998e-01 1.771752e+00
         vertex 1.818106e+01 3.286000e+00 1.128433e+00
         vertex 1.818106e+01 2.859998e-01 1.128433e+00
      endloop
   endfacet
   facet normal -1.767432e-01 0.000000e+00 -9.842570e-01
      outer loop
         vertex 1.818106e+01 2.859998e-01 1.128433e+00
         vertex 1.818106e+01 3.286000e+00 1.128433e+00
         vertex 2.046536e+01 3.286000e+00 7.182416e-01
      endloop
   endfacet
   facet normal -1.767432e-01 0.000000e+00 -9.842570e-01
      outer loop
         vertex 1.818106e+01 2.859998e-01 1.128433e+00
         vertex 2.046536e+01 3.286000e+00 7.182416e-01
         vertex 2.046536e+01 2.859998e-01 7.182416e-01
      endloop
   endfacet
   facet normal -7.441394e-02 0.000000e+00 -9.972274e-01
      outer loop
         vertex 2.046536e+01 2.859998e-01 7.182416e-01
         vertex 2.046536e+01 3.286000e+00 7.182416e-01
         vertex 2.277976e+01 3.286000e+00 5.455390e-01
      endloop
   endfacet
   facet normal -7.441394e-02 0.000000e+00 -9.972274e-01
      outer loop
         vertex 2.046536e+01 2.859998e-01 7.182416e-01
         vertex 2.277976e+01 3.286000e+00 5.455390e-01
         vertex 2.277976e+01 2.859998e-01 5.455390e-01
      endloop
   endfacet
   facet normal 2.870730e-02 0.000000e+00 -9.995879e-01
      outer loop
         vertex 2.277976e+01 2.859998e-01 5.455390e-01
         vertex 2.277976e+01 3.286000e+00 5.455390e-01
         vertex 2.509964e+01 3.286000e+00 6.121639e-01
      endloop
   endfacet
   facet normal 2.870730e-02 0.000000e+00 -9.995879e-01
      outer loop
         vertex 2.277976e+01 2.859998e-01 5.455390e-01
         vertex 2.509964e+01 3.286000e+00 6.121639e-01
         vertex 2.509964e+01 2.859998e-01 6.121639e-01
      endloop
   endfacet
   facet normal 1.315229e-01 0.000000e+00 -9.913131e-01
      outer loop
         vertex 2.509964e+01 2.859998e-01 6.121639e-01
         vertex 2.509964e+01 3.286000e+00 6.121639e-01
         vertex 2.740031e+01 3.286000e+00 9.174068e-01
      endloop
   endfacet
   facet normal 1.315229e-01 0.000000e+00 -9.913131e-01
      outer loop
         vertex 2.509964e+01 2.859998e-01 6.121639e-01
         vertex 2.740031e+01 3.286000e+00 9.174068e-01
         vertex 2.740031e+01 2.859998e-01 9.174068e-01
      endloop
   endfacet
   facet normal 2.329404e-01 0.000000e+00 -9.724910e-01
      outer loop
         vertex 2.740031e+01 2.859998e-01 9.174068e-01
         vertex 2.740031e+01 3.286000e+00 9.174068e-01
         vertex 2.851965e+01 2.859998e-01 1.185520e+00
      endloop
   endfacet
   facet normal 2.329404e-01 0.000000e+00 -9.724910e-01
      outer loop
         vertex 2.851965e+01 2.859998e-01 1.185520e+00
         vertex 2.740031e+01 3.286000e+00 9.174068e-01
         vertex 2.851965e+01 3.286000e+00 1.185520e+00
      endloop
   endfacet
   facet normal 2.329383e-01 0.000000e+00 -9.724915e-01
      outer loop
         vertex 2.851965e+01 2.859998e-01 1.185520e+00
         vertex 2.851965e+01 3.286000e+00 1.185520e+00
         vertex 2.965731e+01 2.859998e-01 1.458021e+00
      endloop
   endfacet
   facet normal 2.329383e-01 0.000000e+00 -9.724915e-01
      outer loop
         vertex 2.965731e+01 2.859998e-01 1.458021e+00
         vertex 2.851965e+01 3.286000e+00 1.185520e+00
         vertex 2.965731e+01 3.286000e+00 1.458021e+00
      endloop
   endfacet
   facet normal 3.318782e-01 0.000000e+00 -9.433222e-01
      outer loop
         vertex 2.965731e+01 2.859998e-01 1.458021e+00
         vertex 2.965731e+01 3.286000e+00 1.458021e+00
         vertex 3.100715e+01 2.859998e-01 1.932919e+00
      endloop
   endfacet
   facet normal 3.318782e-01 0.000000e+00 -9.433222e-01
      outer loop
         vertex 3.100715e+01 2.859998e-01 1.932919e+00
         vertex 2.965731e+01 3.286000e+00 1.458021e+00
         vertex 3.100715e+01 3.286000e+00 1.932919e+00
      endloop
   endfacet
   facet normal 3.318772e-01 0.000000e+00 -9.433226e-01
      outer loop
         vertex 3.100715e+01 2.859998e-01 1.932919e+00
         vertex 3.100715e+01 3.286000e+00 1.932919e+00
         vertex 3.184660e+01 2.859998e-01 2.228254e+00
      endloop
   endfacet
   facet normal 3.318772e-01 0.000000e+00 -9.433226e-01
      outer loop
         vertex 3.184660e+01 2.859998e-01 2.228254e+00
         vertex 3.100715e+01 3.286000e+00 1.932919e+00
         vertex 3.184660e+01 3.286000e+00 2.228254e+00
      endloop
   endfacet
   facet normal 4.272852e-01 0.000000e+00 -9.041169e-01
      outer loop
         vertex 3.184660e+01 2.859998e-01 2.228254e+00
         vertex 3.184660e+01 3.286000e+00 2.228254e+00
         vertex 3.350715e+01 2.859998e-01 3.013026e+00
      endloop
   endfacet
   facet normal 4.272852e-01 0.000000e+00 -9.041169e-01
      outer loop
         vertex 3.350715e+01 2.859998e-01 3.013026e+00
         vertex 3.184660e+01 3.286000e+00 2.228254e+00
         vertex 3.350715e+01 3.286000e+00 3.013026e+00
      endloop
   endfacet
   facet normal 4.272821e-01 0.000000e+00 -9.041184e-01
      outer loop
         vertex 3.350715e+01 2.859998e-01 3.013026e+00
         vertex 3.350715e+01 3.286000e+00 3.013026e+00
         vertex 3.394491e+01 2.859998e-01 3.219912e+00
      endloop
   endfacet
   facet normal 4.272821e-01 0.000000e+00 -9.041184e-01
      outer loop
         vertex 3.394491e+01 2.859998e-01 3.219912e+00
         vertex 3.350715e+01 3.286000e+00 3.013026e+00
         vertex 3.394491e+01 3.286000e+00 3.219912e+00
      endloop
   endfacet
   facet normal 5.181456e-01 0.000000e+00 -8.552924e-01
      outer loop
         vertex 3.394491e+01 2.859998e-01 3.219912e+00
         vertex 3.394491e+01 3.286000e+00 3.219912e+00
         vertex 3.468215e+01 2.859998e-01 3.666537e+00
      endloop
   endfacet
   facet normal 5.181456e-01 0.000000e+00 -8.552924e-01
      outer loop
         vertex 3.468215e+01 2.859998e-01 3.666537e+00
         vertex 3.394491e+01 3.286000e+00 3.219912e+00
         vertex 3.468215e+01 3.286000e+00 3.666537e+00
      endloop
   endfacet
   facet normal 5.181459e-01 0.000000e+00 -8.552923e-01
      outer loop
         vertex 3.468215e+01 2.859998e-01 3.666537e+00
         vertex 3.468215e+01 3.286000e+00 3.666537e+00
         vertex 3.592990e+01 2.859998e-01 4.422443e+00
      endloop
   endfacet
   facet normal 5.181459e-01 0.000000e+00 -8.552923e-01
      outer loop
         vertex 3.468215e+01 3.286000e+00 3.666537e+00
         vertex 3.592990e+01 3.286000e+00 4.422443e+00
         vertex 3.592990e+01 2.859998e-01 4.422443e+00
      endloop
   endfacet
   facet normal 6.034939e-01 0.000000e+00 -7.973676e-01
      outer loop
         vertex 3.592990e+01 2.859998e-01 4.422443e+00
         vertex 3.592990e+01 3.286000e+00 4.422443e+00
         vertex 3.778046e+01 3.286000e+00 5.823053e+00
      endloop
   endfacet
   facet normal 6.034939e-01 0.000000e+00 -7.973676e-01
      outer loop
         vertex 3.592990e+01 2.859998e-01 4.422443e+00
         vertex 3.778046e+01 3.286000e+00 5.823053e+00
         vertex 3.778046e+01 2.859998e-01 5.823053e+00
      endloop
   endfacet
   facet normal 6.824209e-01 0.000000e+00 -7.309594e-01
      outer loop
         vertex 3.778046e+01 2.859998e-01 5.823053e+00
         vertex 3.778046e+01 3.286000e+00 5.823053e+00
         vertex 3.947690e+01 3.286000e+00 7.406840e+00
      endloop
   endfacet
   facet normal 6.824209e-01 0.000000e+00 -7.309594e-01
      outer loop
         vertex 3.778046e+01 2.859998e-01 5.823053e+00
         vertex 3.947690e+01 3.286000e+00 7.406840e+00
         vertex 3.947690e+01 2.859998e-01 7.406840e+00
      endloop
   endfacet
   facet normal 7.411535e-01 0.000000e+00 -6.713356e-01
      outer loop
         vertex 3.947690e+01 2.859998e-01 7.406840e+00
         vertex 3.947690e+01 3.286000e+00 7.406840e+00
         vertex 4.044710e+01 2.286000e+00 8.477942e+00
      endloop
   endfacet
   facet normal 7.434893e-01 -2.521615e-03 -6.687430e-01
      outer loop
         vertex 3.947690e+01 2.859998e-01 7.406840e+00
         vertex 4.044710e+01 2.286000e+00 8.477942e+00
         vertex 4.046182e+01 2.023144e+00 8.495291e+00
      endloop
   endfacet
   facet normal -1.305266e-01 0.000000e+00 -9.914448e-01
      outer loop
         vertex 5.604465e+01 2.859998e-01 3.428965e+01
         vertex 5.604465e+01 3.286000e+00 3.428965e+01
         vertex 5.630346e+01 2.859998e-01 3.425557e+01
      endloop
   endfacet
   facet normal -1.305266e-01 0.000000e+00 -9.914448e-01
      outer loop
         vertex 5.630346e+01 2.859998e-01 3.425557e+01
         vertex 5.604465e+01 3.286000e+00 3.428965e+01
         vertex 5.630346e+01 3.286000e+00 3.425557e+01
      endloop
   endfacet
   facet normal -3.826858e-01 0.000000e+00 -9.238786e-01
      outer loop
         vertex 5.630346e+01 2.859998e-01 3.425557e+01
         vertex 5.630346e+01 3.286000e+00 3.425557e+01
         vertex 5.654465e+01 2.859998e-01 3.415567e+01
      endloop
   endfacet
   facet normal -3.826858e-01 0.000000e+00 -9.238786e-01
      outer loop
         vertex 5.654465e+01 2.859998e-01 3.415567e+01
         vertex 5.630346e+01 3.286000e+00 3.425557e+01
         vertex 5.654465e+01 3.286000e+00 3.415567e+01
      endloop
   endfacet
   facet normal -6.087605e-01 0.000000e+00 -7.933540e-01
      outer loop
         vertex 5.654465e+01 2.859998e-01 3.415567e+01
         vertex 5.654465e+01 3.286000e+00 3.415567e+01
         vertex 5.675175e+01 2.859998e-01 3.399675e+01
      endloop
   endfacet
   facet normal -6.087605e-01 0.000000e+00 -7.933540e-01
      outer loop
         vertex 5.675175e+01 2.859998e-01 3.399675e+01
         vertex 5.654465e+01 3.286000e+00 3.415567e+01
         vertex 5.675175e+01 3.286000e+00 3.399675e+01
      endloop
   endfacet
   facet normal -7.933523e-01 0.000000e+00 -6.087628e-01
      outer loop
         vertex 5.675175e+01 2.859998e-01 3.399675e+01
         vertex 5.675175e+01 3.286000e+00 3.399675e+01
         vertex 5.691067e+01 2.859998e-01 3.378965e+01
      endloop
   endfacet
   facet normal -7.933523e-01 0.000000e+00 -6.087628e-01
      outer loop
         vertex 5.691067e+01 2.859998e-01 3.378965e+01
         vertex 5.675175e+01 3.286000e+00 3.399675e+01
         vertex 5.691067e+01 3.286000e+00 3.378965e+01
      endloop
   endfacet
   facet normal -9.238798e-01 0.000000e+00 -3.826827e-01
      outer loop
         vertex 5.691067e+01 2.859998e-01 3.378965e+01
         vertex 5.691067e+01 3.286000e+00 3.378965e+01
         vertex 5.701057e+01 2.859998e-01 3.354847e+01
      endloop
   endfacet
   facet normal -9.238798e-01 0.000000e+00 -3.826827e-01
      outer loop
         vertex 5.701057e+01 2.859998e-01 3.354847e+01
         vertex 5.691067e+01 3.286000e+00 3.378965e+01
         vertex 5.701057e+01 3.286000e+00 3.354847e+01
      endloop
   endfacet
   facet normal -9.914448e-01 0.000000e+00 -1.305270e-01
      outer loop
         vertex 5.701057e+01 2.859998e-01 3.354847e+01
         vertex 5.701057e+01 3.286000e+00 3.354847e+01
         vertex 5.702819e+01 2.859998e-01 3.341465e+01
      endloop
   endfacet
   facet normal -9.914448e-01 0.000000e+00 -1.305270e-01
      outer loop
         vertex 5.702819e+01 2.859998e-01 3.341465e+01
         vertex 5.701057e+01 3.286000e+00 3.354847e+01
         vertex 5.702819e+01 3.286000e+00 3.341465e+01
      endloop
   endfacet
   facet normal -9.914449e-01 0.000000e+00 -1.305262e-01
      outer loop
         vertex 5.702819e+01 2.859998e-01 3.341465e+01
         vertex 5.702819e+01 3.286000e+00 3.341465e+01
         vertex 5.704465e+01 2.859998e-01 3.328965e+01
      endloop
   endfacet
   facet normal -9.914449e-01 0.000000e+00 -1.305262e-01
      outer loop
         vertex 5.704465e+01 2.859998e-01 3.328965e+01
         vertex 5.702819e+01 3.286000e+00 3.341465e+01
         vertex 5.704465e+01 3.286000e+00 3.328965e+01
      endloop
   endfacet
   facet normal -9.914448e-01 0.000000e+00 1.305266e-01
      outer loop
         vertex 5.704465e+01 2.859998e-01 3.328965e+01
         vertex 5.704465e+01 3.286000e+00 3.328965e+01
         vertex 5.701057e+01 2.859998e-01 3.303083e+01
      endloop
   endfacet
   facet normal -9.914448e-01 0.000000e+00 1.305266e-01
      outer loop
         vertex 5.701057e+01 2.859998e-01 3.303083e+01
         vertex 5.704465e+01 3.286000e+00 3.328965e+01
         vertex 5.701057e+01 3.286000e+00 3.303083e+01
      endloop
   endfacet
   facet normal -9.238798e-01 0.000000e+00 3.826827e-01
      outer loop
         vertex 5.701057e+01 2.859998e-01 3.303083e+01
         vertex 5.701057e+01 3.286000e+00 3.303083e+01
         vertex 5.691067e+01 2.859998e-01 3.278965e+01
      endloop
   endfacet
   facet normal -9.238798e-01 0.000000e+00 3.826827e-01
      outer loop
         vertex 5.691067e+01 2.859998e-01 3.278965e+01
         vertex 5.701057e+01 3.286000e+00 3.303083e+01
         vertex 5.691067e+01 3.286000e+00 3.278965e+01
      endloop
   endfacet
   facet normal -7.933523e-01 0.000000e+00 6.087628e-01
      outer loop
         vertex 5.691067e+01 2.859998e-01 3.278965e+01
         vertex 5.691067e+01 3.286000e+00 3.278965e+01
         vertex 5.675175e+01 2.859998e-01 3.258254e+01
      endloop
   endfacet
   facet normal -7.933523e-01 0.000000e+00 6.087628e-01
      outer loop
         vertex 5.675175e+01 2.859998e-01 3.258254e+01
         vertex 5.691067e+01 3.286000e+00 3.278965e+01
         vertex 5.675175e+01 3.286000e+00 3.258254e+01
      endloop
   endfacet
   facet normal -6.087628e-01 0.000000e+00 7.933523e-01
      outer loop
         vertex 5.675175e+01 2.859998e-01 3.258254e+01
         vertex 5.675175e+01 3.286000e+00 3.258254e+01
         vertex 5.654465e+01 2.859998e-01 3.242362e+01
      endloop
   endfacet
   facet normal -6.087628e-01 0.000000e+00 7.933523e-01
      outer loop
         vertex 5.654465e+01 2.859998e-01 3.242362e+01
         vertex 5.675175e+01 3.286000e+00 3.258254e+01
         vertex 5.654465e+01 3.286000e+00 3.242362e+01
      endloop
   endfacet
   facet normal -3.826827e-01 0.000000e+00 9.238798e-01
      outer loop
         vertex 5.654465e+01 2.859998e-01 3.242362e+01
         vertex 5.654465e+01 3.286000e+00 3.242362e+01
         vertex 5.630346e+01 2.859998e-01 3.232372e+01
      endloop
   endfacet
   facet normal -3.826827e-01 0.000000e+00 9.238798e-01
      outer loop
         vertex 5.630346e+01 2.859998e-01 3.232372e+01
         vertex 5.654465e+01 3.286000e+00 3.242362e+01
         vertex 5.630346e+01 3.286000e+00 3.232372e+01
      endloop
   endfacet
   facet normal -1.305266e-01 0.000000e+00 9.914448e-01
      outer loop
         vertex 5.630346e+01 2.859998e-01 3.232372e+01
         vertex 5.630346e+01 3.286000e+00 3.232372e+01
         vertex 5.604465e+01 2.859998e-01 3.228965e+01
      endloop
   endfacet
   facet normal -1.305266e-01 0.000000e+00 9.914448e-01
      outer loop
         vertex 5.604465e+01 2.859998e-01 3.228965e+01
         vertex 5.630346e+01 3.286000e+00 3.232372e+01
         vertex 5.604465e+01 3.286000e+00 3.228965e+01
      endloop
   endfacet
   facet normal 1.305268e-01 -0.000000e+00 9.914448e-01
      outer loop
         vertex 5.604465e+01 2.859998e-01 3.228965e+01
         vertex 5.604465e+01 3.286000e+00 3.228965e+01
         vertex 5.578583e+01 2.859998e-01 3.232372e+01
      endloop
   endfacet
   facet normal 1.305268e-01 -0.000000e+00 9.914448e-01
      outer loop
         vertex 5.578583e+01 2.859998e-01 3.232372e+01
         vertex 5.604465e+01 3.286000e+00 3.228965e+01
         vertex 5.578583e+01 3.286000e+00 3.232372e+01
      endloop
   endfacet
   facet normal 3.826827e-01 -0.000000e+00 9.238798e-01
      outer loop
         vertex 5.578583e+01 2.859998e-01 3.232372e+01
         vertex 5.578583e+01 3.286000e+00 3.232372e+01
         vertex 5.554465e+01 2.859998e-01 3.242362e+01
      endloop
   endfacet
   facet normal 3.826827e-01 -0.000000e+00 9.238798e-01
      outer loop
         vertex 5.554465e+01 2.859998e-01 3.242362e+01
         vertex 5.578583e+01 3.286000e+00 3.232372e+01
         vertex 5.554465e+01 3.286000e+00 3.242362e+01
      endloop
   endfacet
   facet normal 6.087619e-01 -0.000000e+00 7.933530e-01
      outer loop
         vertex 5.554465e+01 2.859998e-01 3.242362e+01
         vertex 5.554465e+01 3.286000e+00 3.242362e+01
         vertex 5.533754e+01 2.859998e-01 3.258254e+01
      endloop
   endfacet
   facet normal 6.087619e-01 -0.000000e+00 7.933530e-01
      outer loop
         vertex 5.533754e+01 2.859998e-01 3.258254e+01
         vertex 5.554465e+01 3.286000e+00 3.242362e+01
         vertex 5.533754e+01 3.286000e+00 3.258254e+01
      endloop
   endfacet
   facet normal 7.933532e-01 -0.000000e+00 6.087616e-01
      outer loop
         vertex 5.533754e+01 2.859998e-01 3.258254e+01
         vertex 5.533754e+01 3.286000e+00 3.258254e+01
         vertex 5.517862e+01 2.859998e-01 3.278965e+01
      endloop
   endfacet
   facet normal 7.933532e-01 -0.000000e+00 6.087616e-01
      outer loop
         vertex 5.517862e+01 2.859998e-01 3.278965e+01
         vertex 5.533754e+01 3.286000e+00 3.258254e+01
         vertex 5.517862e+01 3.286000e+00 3.278965e+01
      endloop
   endfacet
   facet normal 9.238798e-01 -0.000000e+00 3.826827e-01
      outer loop
         vertex 5.517862e+01 2.859998e-01 3.278965e+01
         vertex 5.517862e+01 3.286000e+00 3.278965e+01
         vertex 5.507872e+01 2.859998e-01 3.303083e+01
      endloop
   endfacet
   facet normal 9.238798e-01 -0.000000e+00 3.826827e-01
      outer loop
         vertex 5.507872e+01 2.859998e-01 3.303083e+01
         vertex 5.517862e+01 3.286000e+00 3.278965e+01
         vertex 5.507872e+01 3.286000e+00 3.303083e+01
      endloop
   endfacet
   facet normal 9.914448e-01 -0.000000e+00 1.305266e-01
      outer loop
         vertex 5.507872e+01 2.859998e-01 3.303083e+01
         vertex 5.507872e+01 3.286000e+00 3.303083e+01
         vertex 5.504465e+01 2.859998e-01 3.328965e+01
      endloop
   endfacet
   facet normal 9.914448e-01 -0.000000e+00 1.305266e-01
      outer loop
         vertex 5.504465e+01 2.859998e-01 3.328965e+01
         vertex 5.507872e+01 3.286000e+00 3.303083e+01
         vertex 5.504465e+01 3.286000e+00 3.328965e+01
      endloop
   endfacet
   facet normal 9.914449e-01 0.000000e+00 -1.305262e-01
      outer loop
         vertex 5.504465e+01 2.859998e-01 3.328965e+01
         vertex 5.504465e+01 3.286000e+00 3.328965e+01
         vertex 5.506110e+01 2.859998e-01 3.341465e+01
      endloop
   endfacet
   facet normal 9.914449e-01 0.000000e+00 -1.305262e-01
      outer loop
         vertex 5.506110e+01 2.859998e-01 3.341465e+01
         vertex 5.504465e+01 3.286000e+00 3.328965e+01
         vertex 5.506110e+01 3.286000e+00 3.341465e+01
      endloop
   endfacet
   facet normal 9.914448e-01 0.000000e+00 -1.305270e-01
      outer loop
         vertex 5.506110e+01 2.859998e-01 3.341465e+01
         vertex 5.506110e+01 3.286000e+00 3.341465e+01
         vertex 5.507872e+01 2.859998e-01 3.354847e+01
      endloop
   endfacet
   facet normal 9.914448e-01 0.000000e+00 -1.305270e-01
      outer loop
         vertex 5.507872e+01 2.859998e-01 3.354847e+01
         vertex 5.506110e+01 3.286000e+00 3.341465e+01
         vertex 5.507872e+01 3.286000e+00 3.354847e+01
      endloop
   endfacet
   facet normal 9.238798e-01 0.000000e+00 -3.826827e-01
      outer loop
         vertex 5.507872e+01 2.859998e-01 3.354847e+01
         vertex 5.507872e+01 3.286000e+00 3.354847e+01
         vertex 5.517862e+01 2.859998e-01 3.378965e+01
      endloop
   endfacet
   facet normal 9.238798e-01 0.000000e+00 -3.826827e-01
      outer loop
         vertex 5.517862e+01 2.859998e-01 3.378965e+01
         vertex 5.507872e+01 3.286000e+00 3.354847e+01
         vertex 5.517862e+01 3.286000e+00 3.378965e+01
      endloop
   endfacet
   facet normal 7.933532e-01 0.000000e+00 -6.087616e-01
      outer loop
         vertex 5.517862e+01 2.859998e-01 3.378965e+01
         vertex 5.517862e+01 3.286000e+00 3.378965e+01
         vertex 5.533754e+01 2.859998e-01 3.399675e+01
      endloop
   endfacet
   facet normal 7.933532e-01 0.000000e+00 -6.087616e-01
      outer loop
         vertex 5.533754e+01 2.859998e-01 3.399675e+01
         vertex 5.517862e+01 3.286000e+00 3.378965e+01
         vertex 5.533754e+01 3.286000e+00 3.399675e+01
      endloop
   endfacet
   facet normal 6.087597e-01 0.000000e+00 -7.933547e-01
      outer loop
         vertex 5.533754e+01 2.859998e-01 3.399675e+01
         vertex 5.533754e+01 3.286000e+00 3.399675e+01
         vertex 5.554465e+01 2.859998e-01 3.415567e+01
      endloop
   endfacet
   facet normal 6.087597e-01 0.000000e+00 -7.933547e-01
      outer loop
         vertex 5.554465e+01 2.859998e-01 3.415567e+01
         vertex 5.533754e+01 3.286000e+00 3.399675e+01
         vertex 5.554465e+01 3.286000e+00 3.415567e+01
      endloop
   endfacet
   facet normal 3.826858e-01 0.000000e+00 -9.238786e-01
      outer loop
         vertex 5.554465e+01 2.859998e-01 3.415567e+01
         vertex 5.554465e+01 3.286000e+00 3.415567e+01
         vertex 5.578583e+01 2.859998e-01 3.425557e+01
      endloop
   endfacet
   facet normal 3.826858e-01 0.000000e+00 -9.238786e-01
      outer loop
         vertex 5.578583e+01 2.859998e-01 3.425557e+01
         vertex 5.554465e+01 3.286000e+00 3.415567e+01
         vertex 5.578583e+01 3.286000e+00 3.425557e+01
      endloop
   endfacet
   facet normal 1.305268e-01 0.000000e+00 -9.914448e-01
      outer loop
         vertex 5.578583e+01 2.859998e-01 3.425557e+01
         vertex 5.578583e+01 3.286000e+00 3.425557e+01
         vertex 5.604465e+01 2.859998e-01 3.428965e+01
      endloop
   endfacet
   facet normal 1.305268e-01 0.000000e+00 -9.914448e-01
      outer loop
         vertex 5.604465e+01 2.859998e-01 3.428965e+01
         vertex 5.578583e+01 3.286000e+00 3.425557e+01
         vertex 5.604465e+01 3.286000e+00 3.428965e+01
      endloop
   endfacet
   facet normal -1.305266e-01 0.000000e+00 -9.914448e-01
      outer loop
         vertex 5.604465e+01 2.859998e-01 1.378965e+01
         vertex 5.604465e+01 3.286000e+00 1.378965e+01
         vertex 5.630346e+01 2.859998e-01 1.375557e+01
      endloop
   endfacet
   facet normal -1.305266e-01 0.000000e+00 -9.914448e-01
      outer loop
         vertex 5.630346e+01 2.859998e-01 1.375557e+01
         vertex 5.604465e+01 3.286000e+00 1.378965e+01
         vertex 5.630346e+01 3.286000e+00 1.375557e+01
      endloop
   endfacet
   facet normal -3.826827e-01 0.000000e+00 -9.238798e-01
      outer loop
         vertex 5.630346e+01 2.859998e-01 1.375557e+01
         vertex 5.630346e+01 3.286000e+00 1.375557e+01
         vertex 5.654465e+01 2.859998e-01 1.365567e+01
      endloop
   endfacet
   facet normal -3.826827e-01 0.000000e+00 -9.238798e-01
      outer loop
         vertex 5.654465e+01 2.859998e-01 1.365567e+01
         vertex 5.630346e+01 3.286000e+00 1.375557e+01
         vertex 5.654465e+01 3.286000e+00 1.365567e+01
      endloop
   endfacet
   facet normal -6.087628e-01 0.000000e+00 -7.933523e-01
      outer loop
         vertex 5.654465e+01 2.859998e-01 1.365567e+01
         vertex 5.654465e+01 3.286000e+00 1.365567e+01
         vertex 5.675175e+01 2.859998e-01 1.349675e+01
      endloop
   endfacet
   facet normal -6.087628e-01 0.000000e+00 -7.933523e-01
      outer loop
         vertex 5.675175e+01 2.859998e-01 1.349675e+01
         vertex 5.654465e+01 3.286000e+00 1.365567e+01
         vertex 5.675175e+01 3.286000e+00 1.349675e+01
      endloop
   endfacet
   facet normal -7.933523e-01 0.000000e+00 -6.087628e-01
      outer loop
         vertex 5.675175e+01 2.859998e-01 1.349675e+01
         vertex 5.675175e+01 3.286000e+00 1.349675e+01
         vertex 5.691067e+01 2.859998e-01 1.328965e+01
      endloop
   endfacet
   facet normal -7.933523e-01 0.000000e+00 -6.087628e-01
      outer loop
         vertex 5.691067e+01 2.859998e-01 1.328965e+01
         vertex 5.675175e+01 3.286000e+00 1.349675e+01
         vertex 5.691067e+01 3.286000e+00 1.328965e+01
      endloop
   endfacet
   facet normal -9.238798e-01 0.000000e+00 -3.826827e-01
      outer loop
         vertex 5.691067e+01 2.859998e-01 1.328965e+01
         vertex 5.691067e+01 3.286000e+00 1.328965e+01
         vertex 5.701057e+01 2.859998e-01 1.304847e+01
      endloop
   endfacet
   facet normal -9.238798e-01 0.000000e+00 -3.826827e-01
      outer loop
         vertex 5.701057e+01 2.859998e-01 1.304847e+01
         vertex 5.691067e+01 3.286000e+00 1.328965e+01
         vertex 5.701057e+01 3.286000e+00 1.304847e+01
      endloop
   endfacet
   facet normal -9.914448e-01 0.000000e+00 -1.305266e-01
      outer loop
         vertex 5.701057e+01 2.859998e-01 1.304847e+01
         vertex 5.701057e+01 3.286000e+00 1.304847e+01
         vertex 5.704465e+01 2.859998e-01 1.278965e+01
      endloop
   endfacet
   facet normal -9.914448e-01 0.000000e+00 -1.305266e-01
      outer loop
         vertex 5.704465e+01 2.859998e-01 1.278965e+01
         vertex 5.701057e+01 3.286000e+00 1.304847e+01
         vertex 5.704465e+01 3.286000e+00 1.278965e+01
      endloop
   endfacet
   facet normal -9.914449e-01 0.000000e+00 1.305262e-01
      outer loop
         vertex 5.704465e+01 2.859998e-01 1.278965e+01
         vertex 5.704465e+01 3.286000e+00 1.278965e+01
         vertex 5.702819e+01 2.859998e-01 1.266465e+01
      endloop
   endfacet
   facet normal -9.914449e-01 0.000000e+00 1.305262e-01
      outer loop
         vertex 5.702819e+01 2.859998e-01 1.266465e+01
         vertex 5.704465e+01 3.286000e+00 1.278965e+01
         vertex 5.702819e+01 3.286000e+00 1.266465e+01
      endloop
   endfacet
   facet normal -9.914448e-01 0.000000e+00 1.305270e-01
      outer loop
         vertex 5.702819e+01 2.859998e-01 1.266465e+01
         vertex 5.702819e+01 3.286000e+00 1.266465e+01
         vertex 5.701057e+01 2.859998e-01 1.253083e+01
      endloop
   endfacet
   facet normal -9.914448e-01 0.000000e+00 1.305270e-01
      outer loop
         vertex 5.701057e+01 2.859998e-01 1.253083e+01
         vertex 5.702819e+01 3.286000e+00 1.266465e+01
         vertex 5.701057e+01 3.286000e+00 1.253083e+01
      endloop
   endfacet
   facet normal -9.238798e-01 0.000000e+00 3.826827e-01
      outer loop
         vertex 5.701057e+01 2.859998e-01 1.253083e+01
         vertex 5.701057e+01 3.286000e+00 1.253083e+01
         vertex 5.691067e+01 2.859998e-01 1.228965e+01
      endloop
   endfacet
   facet normal -9.238798e-01 0.000000e+00 3.826827e-01
      outer loop
         vertex 5.691067e+01 2.859998e-01 1.228965e+01
         vertex 5.701057e+01 3.286000e+00 1.253083e+01
         vertex 5.691067e+01 3.286000e+00 1.228965e+01
      endloop
   endfacet
   facet normal -7.933523e-01 0.000000e+00 6.087628e-01
      outer loop
         vertex 5.691067e+01 2.859998e-01 1.228965e+01
         vertex 5.691067e+01 3.286000e+00 1.228965e+01
         vertex 5.675175e+01 2.859998e-01 1.208254e+01
      endloop
   endfacet
   facet normal -7.933523e-01 0.000000e+00 6.087628e-01
      outer loop
         vertex 5.675175e+01 2.859998e-01 1.208254e+01
         vertex 5.691067e+01 3.286000e+00 1.228965e+01
         vertex 5.675175e+01 3.286000e+00 1.208254e+01
      endloop
   endfacet
   facet normal -6.087605e-01 0.000000e+00 7.933540e-01
      outer loop
         vertex 5.675175e+01 2.859998e-01 1.208254e+01
         vertex 5.675175e+01 3.286000e+00 1.208254e+01
         vertex 5.654465e+01 2.859998e-01 1.192362e+01
      endloop
   endfacet
   facet normal -6.087605e-01 0.000000e+00 7.933540e-01
      outer loop
         vertex 5.654465e+01 2.859998e-01 1.192362e+01
         vertex 5.675175e+01 3.286000e+00 1.208254e+01
         vertex 5.654465e+01 3.286000e+00 1.192362e+01
      endloop
   endfacet
   facet normal -3.826858e-01 0.000000e+00 9.238786e-01
      outer loop
         vertex 5.654465e+01 2.859998e-01 1.192362e+01
         vertex 5.654465e+01 3.286000e+00 1.192362e+01
         vertex 5.630346e+01 2.859998e-01 1.182372e+01
      endloop
   endfacet
   facet normal -3.826858e-01 0.000000e+00 9.238786e-01
      outer loop
         vertex 5.630346e+01 2.859998e-01 1.182372e+01
         vertex 5.654465e+01 3.286000e+00 1.192362e+01
         vertex 5.630346e+01 3.286000e+00 1.182372e+01
      endloop
   endfacet
   facet normal -1.305266e-01 0.000000e+00 9.914448e-01
      outer loop
         vertex 5.630346e+01 2.859998e-01 1.182372e+01
         vertex 5.630346e+01 3.286000e+00 1.182372e+01
         vertex 5.604465e+01 2.859998e-01 1.178965e+01
      endloop
   endfacet
   facet normal -1.305266e-01 0.000000e+00 9.914448e-01
      outer loop
         vertex 5.604465e+01 2.859998e-01 1.178965e+01
         vertex 5.630346e+01 3.286000e+00 1.182372e+01
         vertex 5.604465e+01 3.286000e+00 1.178965e+01
      endloop
   endfacet
   facet normal 1.305268e-01 -0.000000e+00 9.914448e-01
      outer loop
         vertex 5.604465e+01 2.859998e-01 1.178965e+01
         vertex 5.604465e+01 3.286000e+00 1.178965e+01
         vertex 5.578583e+01 2.859998e-01 1.182372e+01
      endloop
   endfacet
   facet normal 1.305268e-01 -0.000000e+00 9.914448e-01
      outer loop
         vertex 5.578583e+01 2.859998e-01 1.182372e+01
         vertex 5.604465e+01 3.286000e+00 1.178965e+01
         vertex 5.578583e+01 3.286000e+00 1.182372e+01
      endloop
   endfacet
   facet normal 3.826858e-01 -0.000000e+00 9.238786e-01
      outer loop
         vertex 5.578583e+01 2.859998e-01 1.182372e+01
         vertex 5.578583e+01 3.286000e+00 1.182372e+01
         vertex 5.554465e+01 2.859998e-01 1.192362e+01
      endloop
   endfacet
   facet normal 3.826858e-01 -0.000000e+00 9.238786e-01
      outer loop
         vertex 5.554465e+01 2.859998e-01 1.192362e+01
         vertex 5.578583e+01 3.286000e+00 1.182372e+01
         vertex 5.554465e+01 3.286000e+00 1.192362e+01
      endloop
   endfacet
   facet normal 6.087597e-01 -0.000000e+00 7.933547e-01
      outer loop
         vertex 5.554465e+01 2.859998e-01 1.192362e+01
         vertex 5.554465e+01 3.286000e+00 1.192362e+01
         vertex 5.533754e+01 2.859998e-01 1.208254e+01
      endloop
   endfacet
   facet normal 6.087597e-01 -0.000000e+00 7.933547e-01
      outer loop
         vertex 5.533754e+01 2.859998e-01 1.208254e+01
         vertex 5.554465e+01 3.286000e+00 1.192362e+01
         vertex 5.533754e+01 3.286000e+00 1.208254e+01
      endloop
   endfacet
   facet normal 7.933532e-01 -0.000000e+00 6.087616e-01
      outer loop
         vertex 5.533754e+01 2.859998e-01 1.208254e+01
         vertex 5.533754e+01 3.286000e+00 1.208254e+01
         vertex 5.517862e+01 2.859998e-01 1.228965e+01
      endloop
   endfacet
   facet normal 7.933532e-01 -0.000000e+00 6.087616e-01
      outer loop
         vertex 5.517862e+01 2.859998e-01 1.228965e+01
         vertex 5.533754e+01 3.286000e+00 1.208254e+01
         vertex 5.517862e+01 3.286000e+00 1.228965e+01
      endloop
   endfacet
   facet normal 9.238798e-01 -0.000000e+00 3.826827e-01
      outer loop
         vertex 5.517862e+01 2.859998e-01 1.228965e+01
         vertex 5.517862e+01 3.286000e+00 1.228965e+01
         vertex 5.507872e+01 2.859998e-01 1.253083e+01
      endloop
   endfacet
   facet normal 9.238798e-01 -0.000000e+00 3.826827e-01
      outer loop
         vertex 5.507872e+01 2.859998e-01 1.253083e+01
         vertex 5.517862e+01 3.286000e+00 1.228965e+01
         vertex 5.507872e+01 3.286000e+00 1.253083e+01
      endloop
   endfacet
   facet normal 9.914448e-01 -0.000000e+00 1.305270e-01
      outer loop
         vertex 5.507872e+01 2.859998e-01 1.253083e+01
         vertex 5.507872e+01 3.286000e+00 1.253083e+01
         vertex 5.506110e+01 2.859998e-01 1.266465e+01
      endloop
   endfacet
   facet normal 9.914448e-01 -0.000000e+00 1.305270e-01
      outer loop
         vertex 5.506110e+01 2.859998e-01 1.266465e+01
         vertex 5.507872e+01 3.286000e+00 1.253083e+01
         vertex 5.506110e+01 3.286000e+00 1.266465e+01
      endloop
   endfacet
   facet normal 9.914449e-01 -0.000000e+00 1.305262e-01
      outer loop
         vertex 5.506110e+01 2.859998e-01 1.266465e+01
         vertex 5.506110e+01 3.286000e+00 1.266465e+01
         vertex 5.504465e+01 2.859998e-01 1.278965e+01
      endloop
   endfacet
   facet normal 9.914449e-01 -0.000000e+00 1.305262e-01
      outer loop
         vertex 5.504465e+01 2.859998e-01 1.278965e+01
         vertex 5.506110e+01 3.286000e+00 1.266465e+01
         vertex 5.504465e+01 3.286000e+00 1.278965e+01
      endloop
   endfacet
   facet normal 9.914448e-01 0.000000e+00 -1.305266e-01
      outer loop
         vertex 5.504465e+01 2.859998e-01 1.278965e+01
         vertex 5.504465e+01 3.286000e+00 1.278965e+01
         vertex 5.507872e+01 2.859998e-01 1.304847e+01
      endloop
   endfacet
   facet normal 9.914448e-01 0.000000e+00 -1.305266e-01
      outer loop
         vertex 5.507872e+01 2.859998e-01 1.304847e+01
         vertex 5.504465e+01 3.286000e+00 1.278965e+01
         vertex 5.507872e+01 3.286000e+00 1.304847e+01
      endloop
   endfacet
   facet normal 9.238798e-01 0.000000e+00 -3.826827e-01
      outer loop
         vertex 5.507872e+01 2.859998e-01 1.304847e+01
         vertex 5.507872e+01 3.286000e+00 1.304847e+01
         vertex 5.517862e+01 2.859998e-01 1.328965e+01
      endloop
   endfacet
   facet normal 9.238798e-01 0.000000e+00 -3.826827e-01
      outer loop
         vertex 5.517862e+01 2.859998e-01 1.328965e+01
         vertex 5.507872e+01 3.286000e+00 1.304847e+01
         vertex 5.517862e+01 3.286000e+00 1.328965e+01
      endloop
   endfacet
   facet normal 7.933532e-01 0.000000e+00 -6.087616e-01
      outer loop
         vertex 5.517862e+01 2.859998e-01 1.328965e+01
         vertex 5.517862e+01 3.286000e+00 1.328965e+01
         vertex 5.533754e+01 2.859998e-01 1.349675e+01
      endloop
   endfacet
   facet normal 7.933532e-01 0.000000e+00 -6.087616e-01
      outer loop
         vertex 5.533754e+01 2.859998e-01 1.349675e+01
         vertex 5.517862e+01 3.286000e+00 1.328965e+01
         vertex 5.533754e+01 3.286000e+00 1.349675e+01
      endloop
   endfacet
   facet normal 6.087619e-01 0.000000e+00 -7.933530e-01
      outer loop
         vertex 5.533754e+01 2.859998e-01 1.349675e+01
         vertex 5.533754e+01 3.286000e+00 1.349675e+01
         vertex 5.554465e+01 2.859998e-01 1.365567e+01
      endloop
   endfacet
   facet normal 6.087619e-01 0.000000e+00 -7.933530e-01
      outer loop
         vertex 5.554465e+01 2.859998e-01 1.365567e+01
         vertex 5.533754e+01 3.286000e+00 1.349675e+01
         vertex 5.554465e+01 3.286000e+00 1.365567e+01
      endloop
   endfacet
   facet normal 3.826827e-01 0.000000e+00 -9.238798e-01
      outer loop
         vertex 5.554465e+01 2.859998e-01 1.365567e+01
         vertex 5.554465e+01 3.286000e+00 1.365567e+01
         vertex 5.578583e+01 2.859998e-01 1.375557e+01
      endloop
   endfacet
   facet normal 3.826827e-01 0.000000e+00 -9.238798e-01
      outer loop
         vertex 5.578583e+01 2.859998e-01 1.375557e+01
         vertex 5.554465e+01 3.286000e+00 1.365567e+01
         vertex 5.578583e+01 3.286000e+00 1.375557e+01
      endloop
   endfacet
   facet normal 1.305268e-01 0.000000e+00 -9.914448e-01
      outer loop
         vertex 5.578583e+01 2.859998e-01 1.375557e+01
         vertex 5.578583e+01 3.286000e+00 1.375557e+01
         vertex 5.604465e+01 2.859998e-01 1.378965e+01
      endloop
   endfacet
   facet normal 1.305268e-01 0.000000e+00 -9.914448e-01
      outer loop
         vertex 5.604465e+01 2.859998e-01 1.378965e+01
         vertex 5.578583e+01 3.286000e+00 1.375557e+01
         vertex 5.604465e+01 3.286000e+00 1.378965e+01
      endloop
   endfacet
   facet normal 0.000000e+00 -0.000000e+00 -1.000000e+00
      outer loop
         vertex 5.399773e+01 3.286000e+00 3.253965e+01
         vertex 5.399773e+01 1.386000e+00 3.253965e+01
         vertex 4.306480e+01 1.386000e+00 3.253965e+01
      endloop
   endfacet
   facet normal 0.000000e+00 0.000000e+00 -1.000000e+00
      outer loop
         vertex 4.306480e+01 2.859998e-01 3.253965e+01
         vertex 3.494465e+01 2.859998e-01 3.253965e+01
         vertex 4.306480e+01 1.386000e+00 3.253965e+01
      endloop
   endfacet
   facet normal -0.000000e+00 0.000000e+00 -1.000000e+00
      outer loop
         vertex 4.306480e+01 1.386000e+00 3.253965e+01
         vertex 3.494465e+01 2.859998e-01 3.253965e+01
         vertex 3.494465e+01 3.286000e+00 3.253965e+01
      endloop
   endfacet
   facet normal 0.000000e+00 0.000000e+00 -1.000000e+00
      outer loop
         vertex 4.306480e+01 1.386000e+00 3.253965e+01
         vertex 3.494465e+01 3.286000e+00 3.253965e+01
         vertex 5.399773e+01 3.286000e+00 3.253965e+01
      endloop
   endfacet
   facet normal -1.305261e-01 0.000000e+00 -9.914449e-01
      outer loop
         vertex 3.159465e+01 2.859998e-01 1.378965e+01
         vertex 3.159465e+01 3.286000e+00 1.378965e+01
         vertex 3.185347e+01 2.859998e-01 1.375557e+01
      endloop
   endfacet
   facet normal -1.305261e-01 0.000000e+00 -9.914449e-01
      outer loop
         vertex 3.185347e+01 2.859998e-01 1.375557e+01
         vertex 3.159465e+01 3.286000e+00 1.378965e+01
         vertex 3.185347e+01 3.286000e+00 1.375557e+01
      endloop
   endfacet
   facet normal -3.826827e-01 0.000000e+00 -9.238798e-01
      outer loop
         vertex 3.185347e+01 2.859998e-01 1.375557e+01
         vertex 3.185347e+01 3.286000e+00 1.375557e+01
         vertex 3.209465e+01 2.859998e-01 1.365567e+01
      endloop
   endfacet
   facet normal -3.826827e-01 0.000000e+00 -9.238798e-01
      outer loop
         vertex 3.209465e+01 2.859998e-01 1.365567e+01
         vertex 3.185347e+01 3.286000e+00 1.375557e+01
         vertex 3.209465e+01 3.286000e+00 1.365567e+01
      endloop
   endfacet
   facet normal -6.087645e-01 0.000000e+00 -7.933510e-01
      outer loop
         vertex 3.209465e+01 2.859998e-01 1.365567e+01
         vertex 3.209465e+01 3.286000e+00 1.365567e+01
         vertex 3.230175e+01 2.859998e-01 1.349675e+01
      endloop
   endfacet
   facet normal -6.087645e-01 0.000000e+00 -7.933510e-01
      outer loop
         vertex 3.230175e+01 2.859998e-01 1.349675e+01
         vertex 3.209465e+01 3.286000e+00 1.365567e+01
         vertex 3.230175e+01 3.286000e+00 1.349675e+01
      endloop
   endfacet
   facet normal -7.933523e-01 0.000000e+00 -6.087628e-01
      outer loop
         vertex 3.230175e+01 2.859998e-01 1.349675e+01
         vertex 3.230175e+01 3.286000e+00 1.349675e+01
         vertex 3.246067e+01 2.859998e-01 1.328965e+01
      endloop
   endfacet
   facet normal -7.933523e-01 0.000000e+00 -6.087628e-01
      outer loop
         vertex 3.246067e+01 2.859998e-01 1.328965e+01
         vertex 3.230175e+01 3.286000e+00 1.349675e+01
         vertex 3.246067e+01 3.286000e+00 1.328965e+01
      endloop
   endfacet
   facet normal -9.238786e-01 0.000000e+00 -3.826858e-01
      outer loop
         vertex 3.246067e+01 2.859998e-01 1.328965e+01
         vertex 3.246067e+01 3.286000e+00 1.328965e+01
         vertex 3.256057e+01 2.859998e-01 1.304847e+01
      endloop
   endfacet
   facet normal -9.238786e-01 0.000000e+00 -3.826858e-01
      outer loop
         vertex 3.256057e+01 2.859998e-01 1.304847e+01
         vertex 3.246067e+01 3.286000e+00 1.328965e+01
         vertex 3.256057e+01 3.286000e+00 1.304847e+01
      endloop
   endfacet
   facet normal -9.914453e-01 0.000000e+00 -1.305231e-01
      outer loop
         vertex 3.256057e+01 2.859998e-01 1.304847e+01
         vertex 3.256057e+01 3.286000e+00 1.304847e+01
         vertex 3.259465e+01 2.859998e-01 1.278965e+01
      endloop
   endfacet
   facet normal -9.914453e-01 0.000000e+00 -1.305231e-01
      outer loop
         vertex 3.259465e+01 2.859998e-01 1.278965e+01
         vertex 3.256057e+01 3.286000e+00 1.304847e+01
         vertex 3.259465e+01 3.286000e+00 1.278965e+01
      endloop
   endfacet
   facet normal -9.914449e-01 0.000000e+00 1.305262e-01
      outer loop
         vertex 3.259465e+01 2.859998e-01 1.278965e+01
         vertex 3.259465e+01 3.286000e+00 1.278965e+01
         vertex 3.257819e+01 2.859998e-01 1.266465e+01
      endloop
   endfacet
   facet normal -9.914449e-01 0.000000e+00 1.305262e-01
      outer loop
         vertex 3.257819e+01 2.859998e-01 1.266465e+01
         vertex 3.259465e+01 3.286000e+00 1.278965e+01
         vertex 3.257819e+01 3.286000e+00 1.266465e+01
      endloop
   endfacet
   facet normal -9.914457e-01 0.000000e+00 1.305202e-01
      outer loop
         vertex 3.257819e+01 2.859998e-01 1.266465e+01
         vertex 3.257819e+01 3.286000e+00 1.266465e+01
         vertex 3.256057e+01 2.859998e-01 1.253083e+01
      endloop
   endfacet
   facet normal -9.914457e-01 0.000000e+00 1.305202e-01
      outer loop
         vertex 3.256057e+01 2.859998e-01 1.253083e+01
         vertex 3.257819e+01 3.286000e+00 1.266465e+01
         vertex 3.256057e+01 3.286000e+00 1.253083e+01
      endloop
   endfacet
   facet normal -9.238786e-01 0.000000e+00 3.826858e-01
      outer loop
         vertex 3.256057e+01 2.859998e-01 1.253083e+01
         vertex 3.256057e+01 3.286000e+00 1.253083e+01
         vertex 3.246067e+01 2.859998e-01 1.228965e+01
      endloop
   endfacet
   facet normal -9.238786e-01 0.000000e+00 3.826858e-01
      outer loop
         vertex 3.246067e+01 2.859998e-01 1.228965e+01
         vertex 3.256057e+01 3.286000e+00 1.253083e+01
         vertex 3.246067e+01 3.286000e+00 1.228965e+01
      endloop
   endfacet
   facet normal -7.933523e-01 0.000000e+00 6.087628e-01
      outer loop
         vertex 3.246067e+01 2.859998e-01 1.228965e+01
         vertex 3.246067e+01 3.286000e+00 1.228965e+01
         vertex 3.230175e+01 2.859998e-01 1.208254e+01
      endloop
   endfacet
   facet normal -7.933523e-01 0.000000e+00 6.087628e-01
      outer loop
         vertex 3.230175e+01 2.859998e-01 1.208254e+01
         vertex 3.246067e+01 3.286000e+00 1.228965e+01
         vertex 3.230175e+01 3.286000e+00 1.208254e+01
      endloop
   endfacet
   facet normal -6.087622e-01 0.000000e+00 7.933527e-01
      outer loop
         vertex 3.230175e+01 2.859998e-01 1.208254e+01
         vertex 3.230175e+01 3.286000e+00 1.208254e+01
         vertex 3.209465e+01 2.859998e-01 1.192362e+01
      endloop
   endfacet
   facet normal -6.087622e-01 0.000000e+00 7.933527e-01
      outer loop
         vertex 3.209465e+01 2.859998e-01 1.192362e+01
         vertex 3.230175e+01 3.286000e+00 1.208254e+01
         vertex 3.209465e+01 3.286000e+00 1.192362e+01
      endloop
   endfacet
   facet normal -3.826858e-01 0.000000e+00 9.238786e-01
      outer loop
         vertex 3.209465e+01 2.859998e-01 1.192362e+01
         vertex 3.209465e+01 3.286000e+00 1.192362e+01
         vertex 3.185347e+01 2.859998e-01 1.182372e+01
      endloop
   endfacet
   facet normal -3.826858e-01 0.000000e+00 9.238786e-01
      outer loop
         vertex 3.185347e+01 2.859998e-01 1.182372e+01
         vertex 3.209465e+01 3.286000e+00 1.192362e+01
         vertex 3.185347e+01 3.286000e+00 1.182372e+01
      endloop
   endfacet
   facet normal -1.305261e-01 0.000000e+00 9.914449e-01
      outer loop
         vertex 3.185347e+01 2.859998e-01 1.182372e+01
         vertex 3.185347e+01 3.286000e+00 1.182372e+01
         vertex 3.159465e+01 2.859998e-01 1.178965e+01
      endloop
   endfacet
   facet normal -1.305261e-01 0.000000e+00 9.914449e-01
      outer loop
         vertex 3.159465e+01 2.859998e-01 1.178965e+01
         vertex 3.185347e+01 3.286000e+00 1.182372e+01
         vertex 3.159465e+01 3.286000e+00 1.178965e+01
      endloop
   endfacet
   facet normal 1.305270e-01 -0.000000e+00 9.914447e-01
      outer loop
         vertex 3.159465e+01 2.859998e-01 1.178965e+01
         vertex 3.159465e+01 3.286000e+00 1.178965e+01
         vertex 3.133583e+01 2.859998e-01 1.182372e+01
      endloop
   endfacet
   facet normal 1.305270e-01 -0.000000e+00 9.914447e-01
      outer loop
         vertex 3.133583e+01 2.859998e-01 1.182372e+01
         vertex 3.159465e+01 3.286000e+00 1.178965e+01
         vertex 3.133583e+01 3.286000e+00 1.182372e+01
      endloop
   endfacet
   facet normal 3.826858e-01 -0.000000e+00 9.238786e-01
      outer loop
         vertex 3.133583e+01 2.859998e-01 1.182372e+01
         vertex 3.133583e+01 3.286000e+00 1.182372e+01
         vertex 3.109465e+01 2.859998e-01 1.192362e+01
      endloop
   endfacet
   facet normal 3.826858e-01 -0.000000e+00 9.238786e-01
      outer loop
         vertex 3.109465e+01 2.859998e-01 1.192362e+01
         vertex 3.133583e+01 3.286000e+00 1.182372e+01
         vertex 3.109465e+01 3.286000e+00 1.192362e+01
      endloop
   endfacet
   facet normal 6.087619e-01 -0.000000e+00 7.933530e-01
      outer loop
         vertex 3.109465e+01 2.859998e-01 1.192362e+01
         vertex 3.109465e+01 3.286000e+00 1.192362e+01
         vertex 3.100715e+01 2.859998e-01 1.199076e+01
      endloop
   endfacet
   facet normal 6.087619e-01 -0.000000e+00 7.933530e-01
      outer loop
         vertex 3.100715e+01 2.859998e-01 1.199076e+01
         vertex 3.109465e+01 3.286000e+00 1.192362e+01
         vertex 3.100715e+01 3.286000e+00 1.199076e+01
      endloop
   endfacet
   facet normal 6.087565e-01 -0.000000e+00 7.933571e-01
      outer loop
         vertex 3.100715e+01 2.859998e-01 1.199076e+01
         vertex 3.100715e+01 3.286000e+00 1.199076e+01
         vertex 3.088754e+01 2.859998e-01 1.208254e+01
      endloop
   endfacet
   facet normal 6.087565e-01 -0.000000e+00 7.933571e-01
      outer loop
         vertex 3.088754e+01 2.859998e-01 1.208254e+01
         vertex 3.100715e+01 3.286000e+00 1.199076e+01
         vertex 3.088754e+01 3.286000e+00 1.208254e+01
      endloop
   endfacet
   facet normal 7.933523e-01 -0.000000e+00 6.087628e-01
      outer loop
         vertex 3.088754e+01 2.859998e-01 1.208254e+01
         vertex 3.088754e+01 3.286000e+00 1.208254e+01
         vertex 3.072862e+01 2.859998e-01 1.228965e+01
      endloop
   endfacet
   facet normal 7.933523e-01 -0.000000e+00 6.087628e-01
      outer loop
         vertex 3.072862e+01 2.859998e-01 1.228965e+01
         vertex 3.088754e+01 3.286000e+00 1.208254e+01
         vertex 3.072862e+01 3.286000e+00 1.228965e+01
      endloop
   endfacet
   facet normal 9.238811e-01 -0.000000e+00 3.826797e-01
      outer loop
         vertex 3.072862e+01 2.859998e-01 1.228965e+01
         vertex 3.072862e+01 3.286000e+00 1.228965e+01
         vertex 3.062872e+01 2.859998e-01 1.253083e+01
      endloop
   endfacet
   facet normal 9.238811e-01 -0.000000e+00 3.826797e-01
      outer loop
         vertex 3.062872e+01 2.859998e-01 1.253083e+01
         vertex 3.072862e+01 3.286000e+00 1.228965e+01
         vertex 3.062872e+01 3.286000e+00 1.253083e+01
      endloop
   endfacet
   facet normal 9.914439e-01 -0.000000e+00 1.305338e-01
      outer loop
         vertex 3.062872e+01 2.859998e-01 1.253083e+01
         vertex 3.062872e+01 3.286000e+00 1.253083e+01
         vertex 3.061110e+01 2.859998e-01 1.266465e+01
      endloop
   endfacet
   facet normal 9.914439e-01 -0.000000e+00 1.305338e-01
      outer loop
         vertex 3.061110e+01 2.859998e-01 1.266465e+01
         vertex 3.062872e+01 3.286000e+00 1.253083e+01
         vertex 3.061110e+01 3.286000e+00 1.266465e+01
      endloop
   endfacet
   facet normal 9.914449e-01 -0.000000e+00 1.305262e-01
      outer loop
         vertex 3.061110e+01 2.859998e-01 1.266465e+01
         vertex 3.061110e+01 3.286000e+00 1.266465e+01
         vertex 3.059465e+01 2.859998e-01 1.278965e+01
      endloop
   endfacet
   facet normal 9.914449e-01 -0.000000e+00 1.305262e-01
      outer loop
         vertex 3.059465e+01 2.859998e-01 1.278965e+01
         vertex 3.061110e+01 3.286000e+00 1.266465e+01
         vertex 3.059465e+01 3.286000e+00 1.278965e+01
      endloop
   endfacet
   facet normal 9.914443e-01 0.000000e+00 -1.305301e-01
      outer loop
         vertex 3.059465e+01 2.859998e-01 1.278965e+01
         vertex 3.059465e+01 3.286000e+00 1.278965e+01
         vertex 3.062872e+01 2.859998e-01 1.304847e+01
      endloop
   endfacet
   facet normal 9.914443e-01 0.000000e+00 -1.305301e-01
      outer loop
         vertex 3.062872e+01 2.859998e-01 1.304847e+01
         vertex 3.059465e+01 3.286000e+00 1.278965e+01
         vertex 3.062872e+01 3.286000e+00 1.304847e+01
      endloop
   endfacet
   facet normal 9.238811e-01 0.000000e+00 -3.826797e-01
      outer loop
         vertex 3.062872e+01 2.859998e-01 1.304847e+01
         vertex 3.062872e+01 3.286000e+00 1.304847e+01
         vertex 3.072862e+01 2.859998e-01 1.328965e+01
      endloop
   endfacet
   facet normal 9.238811e-01 0.000000e+00 -3.826797e-01
      outer loop
         vertex 3.072862e+01 2.859998e-01 1.328965e+01
         vertex 3.062872e+01 3.286000e+00 1.304847e+01
         vertex 3.072862e+01 3.286000e+00 1.328965e+01
      endloop
   endfacet
   facet normal 7.933523e-01 0.000000e+00 -6.087628e-01
      outer loop
         vertex 3.072862e+01 2.859998e-01 1.328965e+01
         vertex 3.072862e+01 3.286000e+00 1.328965e+01
         vertex 3.088754e+01 2.859998e-01 1.349675e+01
      endloop
   endfacet
   facet normal 7.933523e-01 0.000000e+00 -6.087628e-01
      outer loop
         vertex 3.088754e+01 2.859998e-01 1.349675e+01
         vertex 3.072862e+01 3.286000e+00 1.328965e+01
         vertex 3.088754e+01 3.286000e+00 1.349675e+01
      endloop
   endfacet
   facet normal 6.087604e-01 0.000000e+00 -7.933541e-01
      outer loop
         vertex 3.088754e+01 2.859998e-01 1.349675e+01
         vertex 3.088754e+01 3.286000e+00 1.349675e+01
         vertex 3.100715e+01 2.859998e-01 1.358853e+01
      endloop
   endfacet
   facet normal 6.087604e-01 0.000000e+00 -7.933541e-01
      outer loop
         vertex 3.100715e+01 2.859998e-01 1.358853e+01
         vertex 3.088754e+01 3.286000e+00 1.349675e+01
         vertex 3.100715e+01 3.286000e+00 1.358853e+01
      endloop
   endfacet
   facet normal 6.087619e-01 0.000000e+00 -7.933530e-01
      outer loop
         vertex 3.100715e+01 2.859998e-01 1.358853e+01
         vertex 3.100715e+01 3.286000e+00 1.358853e+01
         vertex 3.109465e+01 2.859998e-01 1.365567e+01
      endloop
   endfacet
   facet normal 6.087619e-01 0.000000e+00 -7.933530e-01
      outer loop
         vertex 3.109465e+01 2.859998e-01 1.365567e+01
         vertex 3.100715e+01 3.286000e+00 1.358853e+01
         vertex 3.109465e+01 3.286000e+00 1.365567e+01
      endloop
   endfacet
   facet normal 3.826827e-01 0.000000e+00 -9.238798e-01
      outer loop
         vertex 3.109465e+01 2.859998e-01 1.365567e+01
         vertex 3.109465e+01 3.286000e+00 1.365567e+01
         vertex 3.133583e+01 2.859998e-01 1.375557e+01
      endloop
   endfacet
   facet normal 3.826827e-01 0.000000e+00 -9.238798e-01
      outer loop
         vertex 3.133583e+01 2.859998e-01 1.375557e+01
         vertex 3.109465e+01 3.286000e+00 1.365567e+01
         vertex 3.133583e+01 3.286000e+00 1.375557e+01
      endloop
   endfacet
   facet normal 1.305270e-01 0.000000e+00 -9.914447e-01
      outer loop
         vertex 3.133583e+01 2.859998e-01 1.375557e+01
         vertex 3.133583e+01 3.286000e+00 1.375557e+01
         vertex 3.159465e+01 2.859998e-01 1.378965e+01
      endloop
   endfacet
   facet normal 1.305270e-01 0.000000e+00 -9.914447e-01
      outer loop
         vertex 3.159465e+01 2.859998e-01 1.378965e+01
         vertex 3.133583e+01 3.286000e+00 1.375557e+01
         vertex 3.159465e+01 3.286000e+00 1.378965e+01
      endloop
   endfacet
   facet normal 0.000000e+00 -1.000000e+00 0.000000e+00
      outer loop
         vertex 3.494465e+01 2.859998e-01 1.353965e+01
         vertex 3.494465e+01 2.859998e-01 1.683965e+01
         vertex 3.468215e+01 2.859998e-01 1.683965e+01
      endloop
   endfacet
   facet normal 0.000000e+00 -1.000000e+00 0.000000e+00
      outer loop
         vertex 5.504465e+01 2.859998e-01 3.328965e+01
         vertex 5.506110e+01 2.859998e-01 3.341465e+01
         vertex 4.905472e+01 2.859998e-01 3.341465e+01
      endloop
   endfacet
   facet normal 0.000000e+00 -1.000000e+00 0.000000e+00
      outer loop
         vertex 4.196156e+01 2.859998e-01 1.047794e+01
         vertex 4.905472e+01 2.859998e-01 1.047794e+01
         vertex 4.905472e+01 2.859998e-01 1.266465e+01
      endloop
   endfacet
   facet normal 0.000000e+00 -1.000000e+00 0.000000e+00
      outer loop
         vertex 2.486965e+01 2.859998e-01 2.576763e+01
         vertex 2.539482e+01 2.859998e-01 2.536465e+01
         vertex 2.851965e+01 2.859998e-01 2.536465e+01
      endloop
   endfacet
   facet normal -0.000000e+00 -1.000000e+00 0.000000e+00
      outer loop
         vertex 3.350715e+01 2.859998e-01 3.013026e+00
         vertex 3.291965e+01 2.859998e-01 4.868658e+00
         vertex 3.184660e+01 2.859998e-01 2.228254e+00
      endloop
   endfacet
   facet normal 0.000000e+00 -1.000000e+00 0.000000e+00
      outer loop
         vertex 3.184660e+01 2.859998e-01 2.228254e+00
         vertex 3.291965e+01 2.859998e-01 4.868658e+00
         vertex 3.253142e+01 2.859998e-01 4.919769e+00
      endloop
   endfacet
   facet normal -0.000000e+00 -1.000000e+00 0.000000e+00
      outer loop
         vertex 3.184660e+01 2.859998e-01 2.228254e+00
         vertex 3.253142e+01 2.859998e-01 4.919769e+00
         vertex 3.100715e+01 2.859998e-01 1.932919e+00
      endloop
   endfacet
   facet normal 0.000000e+00 -1.000000e+00 0.000000e+00
      outer loop
         vertex 3.100715e+01 2.859998e-01 1.932919e+00
         vertex 3.253142e+01 2.859998e-01 4.919769e+00
         vertex 3.216965e+01 2.859998e-01 5.069619e+00
      endloop
   endfacet
   facet normal -0.000000e+00 -1.000000e+00 0.000000e+00
      outer loop
         vertex 3.216965e+01 2.859998e-01 5.069619e+00
         vertex 3.185899e+01 2.859998e-01 5.307997e+00
         vertex 3.100715e+01 2.859998e-01 1.932919e+00
      endloop
   endfacet
   facet normal 0.000000e+00 -1.000000e+00 0.000000e+00
      outer loop
         vertex 3.100715e+01 2.859998e-01 1.932919e+00
         vertex 3.185899e+01 2.859998e-01 5.307997e+00
         vertex 3.162061e+01 2.859998e-01 5.618658e+00
      endloop
   endfacet
   facet normal 0.000000e+00 -1.000000e+00 0.000000e+00
      outer loop
         vertex 3.100715e+01 2.859998e-01 1.932919e+00
         vertex 3.162061e+01 2.859998e-01 5.618658e+00
         vertex 3.147076e+01 2.859998e-01 5.980428e+00
      endloop
   endfacet
   facet normal -0.000000e+00 -1.000000e+00 -0.000000e+00
      outer loop
         vertex 3.133583e+01 2.859998e-01 1.182372e+01
         vertex 3.109465e+01 2.859998e-01 1.192362e+01
         vertex 3.162061e+01 2.859998e-01 7.118657e+00
      endloop
   endfacet
   facet normal 0.000000e+00 -1.000000e+00 0.000000e+00
      outer loop
         vertex 3.162061e+01 2.859998e-01 7.118657e+00
         vertex 3.109465e+01 2.859998e-01 1.192362e+01
         vertex 3.100715e+01 2.859998e-01 1.199076e+01
      endloop
   endfacet
   facet normal -0.000000e+00 -1.000000e+00 0.000000e+00
      outer loop
         vertex 3.162061e+01 2.859998e-01 7.118657e+00
         vertex 3.100715e+01 2.859998e-01 1.199076e+01
         vertex 3.147076e+01 2.859998e-01 6.756887e+00
      endloop
   endfacet
   facet normal -0.000000e+00 -1.000000e+00 0.000000e+00
      outer loop
         vertex 3.147076e+01 2.859998e-01 6.756887e+00
         vertex 3.100715e+01 2.859998e-01 1.199076e+01
         vertex 3.141965e+01 2.859998e-01 6.368658e+00
      endloop
   endfacet
   facet normal 0.000000e+00 -1.000000e+00 -0.000000e+00
      outer loop
         vertex 3.256057e+01 2.859998e-01 1.253083e+01
         vertex 3.246067e+01 2.859998e-01 1.228965e+01
         vertex 3.350715e+01 2.859998e-01 7.735006e+00
      endloop
   endfacet
   facet normal 0.000000e+00 -1.000000e+00 0.000000e+00
      outer loop
         vertex 3.350715e+01 2.859998e-01 7.735006e+00
         vertex 3.246067e+01 2.859998e-01 1.228965e+01
         vertex 3.230175e+01 2.859998e-01 1.208254e+01
      endloop
   endfacet
   facet normal 0.000000e+00 -1.000000e+00 0.000000e+00
      outer loop
         vertex 3.350715e+01 2.859998e-01 7.735006e+00
         vertex 3.230175e+01 2.859998e-01 1.208254e+01
         vertex 3.330787e+01 2.859998e-01 7.817546e+00
      endloop
   endfacet
   facet normal 0.000000e+00 -1.000000e+00 0.000000e+00
      outer loop
         vertex 3.330787e+01 2.859998e-01 7.817546e+00
         vertex 3.230175e+01 2.859998e-01 1.208254e+01
         vertex 3.209465e+01 2.859998e-01 1.192362e+01
      endloop
   endfacet
   facet normal 0.000000e+00 -1.000000e+00 0.000000e+00
      outer loop
         vertex 3.330787e+01 2.859998e-01 7.817546e+00
         vertex 3.209465e+01 2.859998e-01 1.192362e+01
         vertex 3.291965e+01 2.859998e-01 7.868658e+00
      endloop
   endfacet
   facet normal 0.000000e+00 -1.000000e+00 0.000000e+00
      outer loop
         vertex 3.291965e+01 2.859998e-01 7.868658e+00
         vertex 3.209465e+01 2.859998e-01 1.192362e+01
         vertex 3.185347e+01 2.859998e-01 1.182372e+01
      endloop
   endfacet
   facet normal -0.000000e+00 -1.000000e+00 0.000000e+00
      outer loop
         vertex 3.291965e+01 2.859998e-01 7.868658e+00
         vertex 3.185347e+01 2.859998e-01 1.182372e+01
         vertex 3.253142e+01 2.859998e-01 7.817546e+00
      endloop
   endfacet
   facet normal 0.000000e+00 -1.000000e+00 0.000000e+00
      outer loop
         vertex 3.253142e+01 2.859998e-01 7.817546e+00
         vertex 3.185347e+01 2.859998e-01 1.182372e+01
         vertex 3.159465e+01 2.859998e-01 1.178965e+01
      endloop
   endfacet
   facet normal -0.000000e+00 -1.000000e+00 0.000000e+00
      outer loop
         vertex 3.253142e+01 2.859998e-01 7.817546e+00
         vertex 3.159465e+01 2.859998e-01 1.178965e+01
         vertex 3.216965e+01 2.859998e-01 7.667695e+00
      endloop
   endfacet
   facet normal 0.000000e+00 -1.000000e+00 0.000000e+00
      outer loop
         vertex 3.133583e+01 2.859998e-01 1.182372e+01
         vertex 3.162061e+01 2.859998e-01 7.118657e+00
         vertex 3.159465e+01 2.859998e-01 1.178965e+01
      endloop
   endfacet
   facet normal 0.000000e+00 -1.000000e+00 0.000000e+00
      outer loop
         vertex 3.159465e+01 2.859998e-01 1.178965e+01
         vertex 3.162061e+01 2.859998e-01 7.118657e+00
         vertex 3.185899e+01 2.859998e-01 7.429318e+00
      endloop
   endfacet
   facet normal 0.000000e+00 -1.000000e+00 0.000000e+00
      outer loop
         vertex 3.159465e+01 2.859998e-01 1.178965e+01
         vertex 3.185899e+01 2.859998e-01 7.429318e+00
         vertex 3.216965e+01 2.859998e-01 7.667695e+00
      endloop
   endfacet
   facet normal 0.000000e+00 -1.000000e+00 0.000000e+00
      outer loop
         vertex 3.246067e+01 2.859998e-01 1.328965e+01
         vertex 3.256057e+01 2.859998e-01 1.304847e+01
         vertex 3.350715e+01 2.859998e-01 1.266465e+01
      endloop
   endfacet
   facet normal 0.000000e+00 -1.000000e+00 0.000000e+00
      outer loop
         vertex 3.350715e+01 2.859998e-01 1.266465e+01
         vertex 3.256057e+01 2.859998e-01 1.304847e+01
         vertex 3.259465e+01 2.859998e-01 1.278965e+01
      endloop
   endfacet
   facet normal 0.000000e+00 -1.000000e+00 0.000000e+00
      outer loop
         vertex 3.350715e+01 2.859998e-01 1.266465e+01
         vertex 3.259465e+01 2.859998e-01 1.278965e+01
         vertex 3.257819e+01 2.859998e-01 1.266465e+01
      endloop
   endfacet
   facet normal 0.000000e+00 -1.000000e+00 0.000000e+00
      outer loop
         vertex 3.209465e+01 2.859998e-01 1.365567e+01
         vertex 3.230175e+01 2.859998e-01 1.349675e+01
         vertex 3.350715e+01 2.859998e-01 1.683965e+01
      endloop
   endfacet
   facet normal 0.000000e+00 -1.000000e+00 0.000000e+00
      outer loop
         vertex 3.109465e+01 2.859998e-01 1.365567e+01
         vertex 3.133583e+01 2.859998e-01 1.375557e+01
         vertex 3.100715e+01 2.859998e-01 1.683965e+01
      endloop
   endfacet
   facet normal 0.000000e+00 -1.000000e+00 0.000000e+00
      outer loop
         vertex 3.100715e+01 2.859998e-01 1.683965e+01
         vertex 3.133583e+01 2.859998e-01 1.375557e+01
         vertex 3.159465e+01 2.859998e-01 1.378965e+01
      endloop
   endfacet
   facet normal 0.000000e+00 -1.000000e+00 0.000000e+00
      outer loop
         vertex 3.100715e+01 2.859998e-01 1.683965e+01
         vertex 3.159465e+01 2.859998e-01 1.378965e+01
         vertex 3.350715e+01 2.859998e-01 1.683965e+01
      endloop
   endfacet
   facet normal 0.000000e+00 -1.000000e+00 0.000000e+00
      outer loop
         vertex 3.350715e+01 2.859998e-01 1.683965e+01
         vertex 3.159465e+01 2.859998e-01 1.378965e+01
         vertex 3.185347e+01 2.859998e-01 1.375557e+01
      endloop
   endfacet
   facet normal 0.000000e+00 -1.000000e+00 0.000000e+00
      outer loop
         vertex 3.350715e+01 2.859998e-01 1.683965e+01
         vertex 3.185347e+01 2.859998e-01 1.375557e+01
         vertex 3.209465e+01 2.859998e-01 1.365567e+01
      endloop
   endfacet
   facet normal 0.000000e+00 -1.000000e+00 0.000000e+00
      outer loop
         vertex 2.851965e+01 2.859998e-01 1.266465e+01
         vertex 3.061110e+01 2.859998e-01 1.266465e+01
         vertex 3.059465e+01 2.859998e-01 1.278965e+01
      endloop
   endfacet
   facet normal 0.000000e+00 -1.000000e+00 0.000000e+00
      outer loop
         vertex 3.062872e+01 2.859998e-01 1.304847e+01
         vertex 3.072862e+01 2.859998e-01 1.328965e+01
         vertex 2.851965e+01 2.859998e-01 1.683965e+01
      endloop
   endfacet
   facet normal 0.000000e+00 -1.000000e+00 0.000000e+00
      outer loop
         vertex 2.851965e+01 2.859998e-01 1.683965e+01
         vertex 3.072862e+01 2.859998e-01 1.328965e+01
         vertex 3.088754e+01 2.859998e-01 1.349675e+01
      endloop
   endfacet
   facet normal 0.000000e+00 -1.000000e+00 0.000000e+00
      outer loop
         vertex 2.851965e+01 2.859998e-01 1.683965e+01
         vertex 3.088754e+01 2.859998e-01 1.349675e+01
         vertex 3.100715e+01 2.859998e-01 1.683965e+01
      endloop
   endfacet
   facet normal 0.000000e+00 -1.000000e+00 -0.000000e+00
      outer loop
         vertex 3.100715e+01 2.859998e-01 1.683965e+01
         vertex 3.088754e+01 2.859998e-01 1.349675e+01
         vertex 3.100715e+01 2.859998e-01 1.358853e+01
      endloop
   endfacet
   facet normal 0.000000e+00 -1.000000e+00 0.000000e+00
      outer loop
         vertex 3.100715e+01 2.859998e-01 1.683965e+01
         vertex 3.100715e+01 2.859998e-01 1.358853e+01
         vertex 3.109465e+01 2.859998e-01 1.365567e+01
      endloop
   endfacet
   facet normal 0.000000e+00 -1.000000e+00 0.000000e+00
      outer loop
         vertex 3.088754e+01 2.859998e-01 1.208254e+01
         vertex 3.072862e+01 2.859998e-01 1.228965e+01
         vertex 2.851965e+01 2.859998e-01 1.266465e+01
      endloop
   endfacet
   facet normal 0.000000e+00 -1.000000e+00 0.000000e+00
      outer loop
         vertex 2.851965e+01 2.859998e-01 1.266465e+01
         vertex 3.072862e+01 2.859998e-01 1.228965e+01
         vertex 3.062872e+01 2.859998e-01 1.253083e+01
      endloop
   endfacet
   facet normal 0.000000e+00 -1.000000e+00 0.000000e+00
      outer loop
         vertex 2.851965e+01 2.859998e-01 1.266465e+01
         vertex 3.062872e+01 2.859998e-01 1.253083e+01
         vertex 3.061110e+01 2.859998e-01 1.266465e+01
      endloop
   endfacet
   facet normal -0.000000e+00 -1.000000e+00 0.000000e+00
      outer loop
         vertex 3.147076e+01 2.859998e-01 5.980428e+00
         vertex 3.141965e+01 2.859998e-01 6.368658e+00
         vertex 3.100715e+01 2.859998e-01 1.932919e+00
      endloop
   endfacet
   facet normal 0.000000e+00 -1.000000e+00 0.000000e+00
      outer loop
         vertex 3.100715e+01 2.859998e-01 1.932919e+00
         vertex 3.141965e+01 2.859998e-01 6.368658e+00
         vertex 3.100715e+01 2.859998e-01 1.199076e+01
      endloop
   endfacet
   facet normal -0.000000e+00 -1.000000e+00 0.000000e+00
      outer loop
         vertex 3.100715e+01 2.859998e-01 1.932919e+00
         vertex 3.100715e+01 2.859998e-01 1.199076e+01
         vertex 2.965731e+01 2.859998e-01 1.458021e+00
      endloop
   endfacet
   facet normal 0.000000e+00 -1.000000e+00 0.000000e+00
      outer loop
         vertex 2.965731e+01 2.859998e-01 1.458021e+00
         vertex 3.100715e+01 2.859998e-01 1.199076e+01
         vertex 3.088754e+01 2.859998e-01 1.208254e+01
      endloop
   endfacet
   facet normal -0.000000e+00 -1.000000e+00 0.000000e+00
      outer loop
         vertex 2.965731e+01 2.859998e-01 1.458021e+00
         vertex 3.088754e+01 2.859998e-01 1.208254e+01
         vertex 2.851965e+01 2.859998e-01 1.185520e+00
      endloop
   endfacet
   facet normal 0.000000e+00 -1.000000e+00 0.000000e+00
      outer loop
         vertex 2.851965e+01 2.859998e-01 1.185520e+00
         vertex 3.088754e+01 2.859998e-01 1.208254e+01
         vertex 2.851965e+01 2.859998e-01 1.266465e+01
      endloop
   endfacet
   facet normal -0.000000e+00 -1.000000e+00 0.000000e+00
      outer loop
         vertex 2.851965e+01 2.859998e-01 1.185520e+00
         vertex 2.851965e+01 2.859998e-01 1.266465e+01
         vertex 2.740031e+01 2.859998e-01 9.174068e-01
      endloop
   endfacet
   facet normal 0.000000e+00 -1.000000e+00 -0.000000e+00
      outer loop
         vertex 3.246067e+01 2.859998e-01 3.278965e+01
         vertex 3.230175e+01 2.859998e-01 3.258254e+01
         vertex 3.350715e+01 2.859998e-01 2.923965e+01
      endloop
   endfacet
   facet normal 0.000000e+00 -1.000000e+00 0.000000e+00
      outer loop
         vertex 3.246067e+01 2.859998e-01 3.278965e+01
         vertex 3.350715e+01 2.859998e-01 2.923965e+01
         vertex 3.256057e+01 2.859998e-01 3.303083e+01
      endloop
   endfacet
   facet normal 0.000000e+00 -1.000000e+00 -0.000000e+00
      outer loop
         vertex 3.230175e+01 2.859998e-01 3.258254e+01
         vertex 3.209465e+01 2.859998e-01 3.242362e+01
         vertex 3.350715e+01 2.859998e-01 2.923965e+01
      endloop
   endfacet
   facet normal 0.000000e+00 -1.000000e+00 0.000000e+00
      outer loop
         vertex 3.350715e+01 2.859998e-01 2.923965e+01
         vertex 3.209465e+01 2.859998e-01 3.242362e+01
         vertex 3.185347e+01 2.859998e-01 3.232372e+01
      endloop
   endfacet
   facet normal 0.000000e+00 -1.000000e+00 0.000000e+00
      outer loop
         vertex 3.350715e+01 2.859998e-01 2.923965e+01
         vertex 3.185347e+01 2.859998e-01 3.232372e+01
         vertex 3.100715e+01 2.859998e-01 2.923965e+01
      endloop
   endfacet
   facet normal 0.000000e+00 -1.000000e+00 0.000000e+00
      outer loop
         vertex 3.100715e+01 2.859998e-01 2.923965e+01
         vertex 3.185347e+01 2.859998e-01 3.232372e+01
         vertex 3.159465e+01 2.859998e-01 3.228965e+01
      endloop
   endfacet
   facet normal 0.000000e+00 -1.000000e+00 0.000000e+00
      outer loop
         vertex 3.100715e+01 2.859998e-01 2.923965e+01
         vertex 3.159465e+01 2.859998e-01 3.228965e+01
         vertex 3.133583e+01 2.859998e-01 3.232372e+01
      endloop
   endfacet
   facet normal 0.000000e+00 -1.000000e+00 0.000000e+00
      outer loop
         vertex 3.350715e+01 2.859998e-01 3.625014e+01
         vertex 3.209465e+01 2.859998e-01 3.415567e+01
         vertex 3.230175e+01 2.859998e-01 3.399675e+01
      endloop
   endfacet
   facet normal 0.000000e+00 -1.000000e+00 0.000000e+00
      outer loop
         vertex 3.109465e+01 2.859998e-01 3.415567e+01
         vertex 3.133583e+01 2.859998e-01 3.425557e+01
         vertex 3.100715e+01 2.859998e-01 3.625014e+01
      endloop
   endfacet
   facet normal 0.000000e+00 -1.000000e+00 0.000000e+00
      outer loop
         vertex 3.100715e+01 2.859998e-01 3.625014e+01
         vertex 3.133583e+01 2.859998e-01 3.425557e+01
         vertex 3.159465e+01 2.859998e-01 3.428965e+01
      endloop
   endfacet
   facet normal 0.000000e+00 -1.000000e+00 0.000000e+00
      outer loop
         vertex 3.100715e+01 2.859998e-01 3.625014e+01
         vertex 3.159465e+01 2.859998e-01 3.428965e+01
         vertex 3.350715e+01 2.859998e-01 3.625014e+01
      endloop
   endfacet
   facet normal 0.000000e+00 -1.000000e+00 0.000000e+00
      outer loop
         vertex 3.350715e+01 2.859998e-01 3.625014e+01
         vertex 3.159465e+01 2.859998e-01 3.428965e+01
         vertex 3.185347e+01 2.859998e-01 3.425557e+01
      endloop
   endfacet
   facet normal 0.000000e+00 -1.000000e+00 0.000000e+00
      outer loop
         vertex 3.350715e+01 2.859998e-01 3.625014e+01
         vertex 3.185347e+01 2.859998e-01 3.425557e+01
         vertex 3.209465e+01 2.859998e-01 3.415567e+01
      endloop
   endfacet
   facet normal 0.000000e+00 -1.000000e+00 0.000000e+00
      outer loop
         vertex 3.246067e+01 2.859998e-01 3.378965e+01
         vertex 3.256057e+01 2.859998e-01 3.354847e+01
         vertex 3.350715e+01 2.859998e-01 3.341465e+01
      endloop
   endfacet
   facet normal 0.000000e+00 -1.000000e+00 0.000000e+00
      outer loop
         vertex 3.350715e+01 2.859998e-01 3.341465e+01
         vertex 3.256057e+01 2.859998e-01 3.354847e+01
         vertex 3.257819e+01 2.859998e-01 3.341465e+01
      endloop
   endfacet
   facet normal -0.000000e+00 -1.000000e+00 0.000000e+00
      outer loop
         vertex 3.350715e+01 2.859998e-01 3.341465e+01
         vertex 3.257819e+01 2.859998e-01 3.341465e+01
         vertex 3.259465e+01 2.859998e-01 3.328965e+01
      endloop
   endfacet
   facet normal 0.000000e+00 -1.000000e+00 0.000000e+00
      outer loop
         vertex 2.851965e+01 2.859998e-01 3.625014e+01
         vertex 3.088754e+01 2.859998e-01 3.399675e+01
         vertex 3.100715e+01 2.859998e-01 3.625014e+01
      endloop
   endfacet
   facet normal 0.000000e+00 -1.000000e+00 -0.000000e+00
      outer loop
         vertex 3.100715e+01 2.859998e-01 3.625014e+01
         vertex 3.088754e+01 2.859998e-01 3.399675e+01
         vertex 3.100715e+01 2.859998e-01 3.408853e+01
      endloop
   endfacet
   facet normal 0.000000e+00 -1.000000e+00 0.000000e+00
      outer loop
         vertex 3.100715e+01 2.859998e-01 3.625014e+01
         vertex 3.100715e+01 2.859998e-01 3.408853e+01
         vertex 3.109465e+01 2.859998e-01 3.415567e+01
      endloop
   endfacet
   facet normal 0.000000e+00 -1.000000e+00 0.000000e+00
      outer loop
         vertex 3.059465e+01 2.859998e-01 3.328965e+01
         vertex 3.061110e+01 2.859998e-01 3.341465e+01
         vertex 2.851965e+01 2.859998e-01 3.341465e+01
      endloop
   endfacet
   facet normal 0.000000e+00 -1.000000e+00 0.000000e+00
      outer loop
         vertex 2.851965e+01 2.859998e-01 3.341465e+01
         vertex 3.061110e+01 2.859998e-01 3.341465e+01
         vertex 3.062872e+01 2.859998e-01 3.354847e+01
      endloop
   endfacet
   facet normal 0.000000e+00 -1.000000e+00 0.000000e+00
      outer loop
         vertex 2.851965e+01 2.859998e-01 3.341465e+01
         vertex 3.062872e+01 2.859998e-01 3.354847e+01
         vertex 2.851965e+01 2.859998e-01 3.625014e+01
      endloop
   endfacet
   facet normal 0.000000e+00 -1.000000e+00 0.000000e+00
      outer loop
         vertex 2.851965e+01 2.859998e-01 3.625014e+01
         vertex 3.062872e+01 2.859998e-01 3.354847e+01
         vertex 3.072862e+01 2.859998e-01 3.378965e+01
      endloop
   endfacet
   facet normal 0.000000e+00 -1.000000e+00 0.000000e+00
      outer loop
         vertex 2.851965e+01 2.859998e-01 3.625014e+01
         vertex 3.072862e+01 2.859998e-01 3.378965e+01
         vertex 3.088754e+01 2.859998e-01 3.399675e+01
      endloop
   endfacet
   facet normal -0.000000e+00 -1.000000e+00 0.000000e+00
      outer loop
         vertex 3.133583e+01 2.859998e-01 3.232372e+01
         vertex 3.109465e+01 2.859998e-01 3.242362e+01
         vertex 3.100715e+01 2.859998e-01 2.923965e+01
      endloop
   endfacet
   facet normal 0.000000e+00 -1.000000e+00 0.000000e+00
      outer loop
         vertex 3.100715e+01 2.859998e-01 2.923965e+01
         vertex 3.109465e+01 2.859998e-01 3.242362e+01
         vertex 3.100715e+01 2.859998e-01 3.249076e+01
      endloop
   endfacet
   facet normal 0.000000e+00 -1.000000e+00 0.000000e+00
      outer loop
         vertex 3.100715e+01 2.859998e-01 2.923965e+01
         vertex 3.100715e+01 2.859998e-01 3.249076e+01
         vertex 2.851965e+01 2.859998e-01 2.923965e+01
      endloop
   endfacet
   facet normal -0.000000e+00 -1.000000e+00 0.000000e+00
      outer loop
         vertex 3.100715e+01 2.859998e-01 3.249076e+01
         vertex 3.088754e+01 2.859998e-01 3.258254e+01
         vertex 2.851965e+01 2.859998e-01 2.923965e+01
      endloop
   endfacet
   facet normal 0.000000e+00 -1.000000e+00 0.000000e+00
      outer loop
         vertex 2.851965e+01 2.859998e-01 2.923965e+01
         vertex 3.088754e+01 2.859998e-01 3.258254e+01
         vertex 3.072862e+01 2.859998e-01 3.278965e+01
      endloop
   endfacet
   facet normal 0.000000e+00 -1.000000e+00 0.000000e+00
      outer loop
         vertex 2.851965e+01 2.859998e-01 2.923965e+01
         vertex 3.072862e+01 2.859998e-01 3.278965e+01
         vertex 2.851965e+01 2.859998e-01 3.341465e+01
      endloop
   endfacet
   facet normal 0.000000e+00 -1.000000e+00 0.000000e+00
      outer loop
         vertex 2.851965e+01 2.859998e-01 3.341465e+01
         vertex 3.072862e+01 2.859998e-01 3.278965e+01
         vertex 3.062872e+01 2.859998e-01 3.303083e+01
      endloop
   endfacet
   facet normal 0.000000e+00 -1.000000e+00 0.000000e+00
      outer loop
         vertex 2.851965e+01 2.859998e-01 3.341465e+01
         vertex 3.062872e+01 2.859998e-01 3.303083e+01
         vertex 3.059465e+01 2.859998e-01 3.328965e+01
      endloop
   endfacet
   facet normal 0.000000e+00 -1.000000e+00 0.000000e+00
      outer loop
         vertex 2.025198e+01 2.859998e-01 2.385493e+01
         vertex 2.056667e+01 2.859998e-01 2.461465e+01
         vertex 1.284464e+01 2.859998e-01 2.536465e+01
      endloop
   endfacet
   facet normal -0.000000e+00 -1.000000e+00 0.000000e+00
      outer loop
         vertex 2.171965e+01 2.859998e-01 2.031167e+01
         vertex 2.106726e+01 2.859998e-01 2.081226e+01
         vertex 1.284464e+01 2.859998e-01 1.683965e+01
      endloop
   endfacet
   facet normal 0.000000e+00 -1.000000e+00 0.000000e+00
      outer loop
         vertex 2.539482e+01 2.859998e-01 2.536465e+01
         vertex 2.552203e+01 2.859998e-01 2.526703e+01
         vertex 2.851965e+01 2.859998e-01 2.536465e+01
      endloop
   endfacet
   facet normal 0.000000e+00 -1.000000e+00 0.000000e+00
      outer loop
         vertex 2.851965e+01 2.859998e-01 2.536465e+01
         vertex 2.552203e+01 2.859998e-01 2.526703e+01
         vertex 2.602263e+01 2.859998e-01 2.461465e+01
      endloop
   endfacet
   facet normal 0.000000e+00 -1.000000e+00 0.000000e+00
      outer loop
         vertex 2.851965e+01 2.859998e-01 2.536465e+01
         vertex 2.602263e+01 2.859998e-01 2.461465e+01
         vertex 2.633731e+01 2.859998e-01 2.385493e+01
      endloop
   endfacet
   facet normal 0.000000e+00 -1.000000e+00 -0.000000e+00
      outer loop
         vertex 2.644465e+01 2.859998e-01 2.303965e+01
         vertex 2.633731e+01 2.859998e-01 2.222437e+01
         vertex 2.851965e+01 2.859998e-01 1.683965e+01
      endloop
   endfacet
   facet normal 0.000000e+00 -1.000000e+00 -0.000000e+00
      outer loop
         vertex 2.633731e+01 2.859998e-01 2.222437e+01
         vertex 2.602263e+01 2.859998e-01 2.146465e+01
         vertex 2.851965e+01 2.859998e-01 1.683965e+01
      endloop
   endfacet
   facet normal 0.000000e+00 -1.000000e+00 0.000000e+00
      outer loop
         vertex 2.851965e+01 2.859998e-01 1.683965e+01
         vertex 2.602263e+01 2.859998e-01 2.146465e+01
         vertex 2.552203e+01 2.859998e-01 2.081226e+01
      endloop
   endfacet
   facet normal 0.000000e+00 -1.000000e+00 0.000000e+00
      outer loop
         vertex 2.851965e+01 2.859998e-01 1.683965e+01
         vertex 2.552203e+01 2.859998e-01 2.081226e+01
         vertex 2.486965e+01 2.859998e-01 2.031167e+01
      endloop
   endfacet
   facet normal -0.000000e+00 -1.000000e+00 0.000000e+00
      outer loop
         vertex 2.106726e+01 2.859998e-01 2.081226e+01
         vertex 2.056667e+01 2.859998e-01 2.146465e+01
         vertex 1.284464e+01 2.859998e-01 1.683965e+01
      endloop
   endfacet
   facet normal 0.000000e+00 -1.000000e+00 0.000000e+00
      outer loop
         vertex 1.284464e+01 2.859998e-01 1.683965e+01
         vertex 2.056667e+01 2.859998e-01 2.146465e+01
         vertex 2.025198e+01 2.859998e-01 2.222437e+01
      endloop
   endfacet
   facet normal 0.000000e+00 -1.000000e+00 0.000000e+00
      outer loop
         vertex 1.284464e+01 2.859998e-01 1.683965e+01
         vertex 2.025198e+01 2.859998e-01 2.222437e+01
         vertex 1.284464e+01 2.859998e-01 2.536465e+01
      endloop
   endfacet
   facet normal 0.000000e+00 -1.000000e+00 0.000000e+00
      outer loop
         vertex 1.284464e+01 2.859998e-01 2.536465e+01
         vertex 2.025198e+01 2.859998e-01 2.222437e+01
         vertex 2.014465e+01 2.859998e-01 2.303965e+01
      endloop
   endfacet
   facet normal 0.000000e+00 -1.000000e+00 0.000000e+00
      outer loop
         vertex 1.284464e+01 2.859998e-01 2.536465e+01
         vertex 2.014465e+01 2.859998e-01 2.303965e+01
         vertex 2.025198e+01 2.859998e-01 2.385493e+01
      endloop
   endfacet
   facet normal 0.000000e+00 -1.000000e+00 -0.000000e+00
      outer loop
         vertex 2.486965e+01 2.859998e-01 2.031167e+01
         vertex 2.410993e+01 2.859998e-01 1.999698e+01
         vertex 2.851965e+01 2.859998e-01 1.683965e+01
      endloop
   endfacet
   facet normal 0.000000e+00 -1.000000e+00 0.000000e+00
      outer loop
         vertex 2.851965e+01 2.859998e-01 1.683965e+01
         vertex 2.410993e+01 2.859998e-01 1.999698e+01
         vertex 2.329465e+01 2.859998e-01 1.988965e+01
      endloop
   endfacet
   facet normal 0.000000e+00 -1.000000e+00 0.000000e+00
      outer loop
         vertex 2.851965e+01 2.859998e-01 1.683965e+01
         vertex 2.329465e+01 2.859998e-01 1.988965e+01
         vertex 1.284464e+01 2.859998e-01 1.683965e+01
      endloop
   endfacet
   facet normal 0.000000e+00 -1.000000e+00 0.000000e+00
      outer loop
         vertex 1.284464e+01 2.859998e-01 1.683965e+01
         vertex 2.329465e+01 2.859998e-01 1.988965e+01
         vertex 2.247937e+01 2.859998e-01 1.999698e+01
      endloop
   endfacet
   facet normal 0.000000e+00 -1.000000e+00 0.000000e+00
      outer loop
         vertex 1.284464e+01 2.859998e-01 1.683965e+01
         vertex 2.247937e+01 2.859998e-01 1.999698e+01
         vertex 2.171965e+01 2.859998e-01 2.031167e+01
      endloop
   endfacet
   facet normal 0.000000e+00 -1.000000e+00 0.000000e+00
      outer loop
         vertex 2.056667e+01 2.859998e-01 2.461465e+01
         vertex 2.106726e+01 2.859998e-01 2.526703e+01
         vertex 1.284464e+01 2.859998e-01 2.536465e+01
      endloop
   endfacet
   facet normal 0.000000e+00 -1.000000e+00 0.000000e+00
      outer loop
         vertex 1.284464e+01 2.859998e-01 2.536465e+01
         vertex 2.106726e+01 2.859998e-01 2.526703e+01
         vertex 2.119447e+01 2.859998e-01 2.536465e+01
      endloop
   endfacet
   facet normal 0.000000e+00 -1.000000e+00 0.000000e+00
      outer loop
         vertex 1.284464e+01 2.859998e-01 2.536465e+01
         vertex 2.119447e+01 2.859998e-01 2.536465e+01
         vertex 1.284464e+01 2.859998e-01 2.923965e+01
      endloop
   endfacet
   facet normal 0.000000e+00 -1.000000e+00 0.000000e+00
      outer loop
         vertex 1.284464e+01 2.859998e-01 2.923965e+01
         vertex 2.119447e+01 2.859998e-01 2.536465e+01
         vertex 2.171965e+01 2.859998e-01 2.576763e+01
      endloop
   endfacet
   facet normal 0.000000e+00 -1.000000e+00 0.000000e+00
      outer loop
         vertex 1.284464e+01 2.859998e-01 2.923965e+01
         vertex 2.171965e+01 2.859998e-01 2.576763e+01
         vertex 2.247937e+01 2.859998e-01 2.608231e+01
      endloop
   endfacet
   facet normal 0.000000e+00 -1.000000e+00 0.000000e+00
      outer loop
         vertex 2.851965e+01 2.859998e-01 2.923965e+01
         vertex 2.329465e+01 2.859998e-01 2.618965e+01
         vertex 2.410993e+01 2.859998e-01 2.608231e+01
      endloop
   endfacet
   facet normal -0.000000e+00 -1.000000e+00 0.000000e+00
      outer loop
         vertex 3.468215e+01 2.859998e-01 3.666537e+00
         vertex 3.366965e+01 2.859998e-01 5.069619e+00
         vertex 3.394491e+01 2.859998e-01 3.219912e+00
      endloop
   endfacet
   facet normal 0.000000e+00 -1.000000e+00 0.000000e+00
      outer loop
         vertex 3.394491e+01 2.859998e-01 3.219912e+00
         vertex 3.366965e+01 2.859998e-01 5.069619e+00
         vertex 3.350715e+01 2.859998e-01 5.002310e+00
      endloop
   endfacet
   facet normal -0.000000e+00 -1.000000e+00 0.000000e+00
      outer loop
         vertex 3.394491e+01 2.859998e-01 3.219912e+00
         vertex 3.350715e+01 2.859998e-01 5.002310e+00
         vertex 3.350715e+01 2.859998e-01 3.013026e+00
      endloop
   endfacet
   facet normal 0.000000e+00 -1.000000e+00 0.000000e+00
      outer loop
         vertex 3.350715e+01 2.859998e-01 3.013026e+00
         vertex 3.350715e+01 2.859998e-01 5.002310e+00
         vertex 3.330787e+01 2.859998e-01 4.919769e+00
      endloop
   endfacet
   facet normal 0.000000e+00 -1.000000e+00 0.000000e+00
      outer loop
         vertex 3.350715e+01 2.859998e-01 3.013026e+00
         vertex 3.330787e+01 2.859998e-01 4.919769e+00
         vertex 3.291965e+01 2.859998e-01 4.868658e+00
      endloop
   endfacet
   facet normal 0.000000e+00 -1.000000e+00 -0.000000e+00
      outer loop
         vertex 3.257819e+01 2.859998e-01 1.266465e+01
         vertex 3.256057e+01 2.859998e-01 1.253083e+01
         vertex 3.350715e+01 2.859998e-01 1.266465e+01
      endloop
   endfacet
   facet normal 0.000000e+00 -1.000000e+00 -0.000000e+00
      outer loop
         vertex 3.350715e+01 2.859998e-01 1.266465e+01
         vertex 3.256057e+01 2.859998e-01 1.253083e+01
         vertex 3.350715e+01 2.859998e-01 7.735006e+00
      endloop
   endfacet
   facet normal 0.000000e+00 -1.000000e+00 0.000000e+00
      outer loop
         vertex 3.350715e+01 2.859998e-01 1.266465e+01
         vertex 3.350715e+01 2.859998e-01 7.735006e+00
         vertex 3.468215e+01 2.859998e-01 1.266465e+01
      endloop
   endfacet
   facet normal 0.000000e+00 -1.000000e+00 0.000000e+00
      outer loop
         vertex 3.468215e+01 2.859998e-01 1.266465e+01
         vertex 3.350715e+01 2.859998e-01 7.735006e+00
         vertex 3.366965e+01 2.859998e-01 7.667695e+00
      endloop
   endfacet
   facet normal 0.000000e+00 -1.000000e+00 0.000000e+00
      outer loop
         vertex 3.468215e+01 2.859998e-01 1.266465e+01
         vertex 3.366965e+01 2.859998e-01 7.667695e+00
         vertex 3.398031e+01 2.859998e-01 7.429318e+00
      endloop
   endfacet
   facet normal 0.000000e+00 -1.000000e+00 0.000000e+00
      outer loop
         vertex 3.398031e+01 2.859998e-01 7.429318e+00
         vertex 3.421868e+01 2.859998e-01 7.118657e+00
         vertex 3.468215e+01 2.859998e-01 1.266465e+01
      endloop
   endfacet
   facet normal 0.000000e+00 -1.000000e+00 0.000000e+00
      outer loop
         vertex 3.468215e+01 2.859998e-01 1.266465e+01
         vertex 3.421868e+01 2.859998e-01 7.118657e+00
         vertex 3.436853e+01 2.859998e-01 6.756887e+00
      endloop
   endfacet
   facet normal 0.000000e+00 -1.000000e+00 0.000000e+00
      outer loop
         vertex 3.468215e+01 2.859998e-01 1.266465e+01
         vertex 3.436853e+01 2.859998e-01 6.756887e+00
         vertex 3.441965e+01 2.859998e-01 6.368658e+00
      endloop
   endfacet
   facet normal 0.000000e+00 -1.000000e+00 -0.000000e+00
      outer loop
         vertex 3.436853e+01 2.859998e-01 5.980428e+00
         vertex 3.421868e+01 2.859998e-01 5.618658e+00
         vertex 3.468215e+01 2.859998e-01 3.666537e+00
      endloop
   endfacet
   facet normal 0.000000e+00 -1.000000e+00 0.000000e+00
      outer loop
         vertex 3.468215e+01 2.859998e-01 3.666537e+00
         vertex 3.421868e+01 2.859998e-01 5.618658e+00
         vertex 3.398031e+01 2.859998e-01 5.307997e+00
      endloop
   endfacet
   facet normal 0.000000e+00 -1.000000e+00 0.000000e+00
      outer loop
         vertex 3.468215e+01 2.859998e-01 3.666537e+00
         vertex 3.398031e+01 2.859998e-01 5.307997e+00
         vertex 3.366965e+01 2.859998e-01 5.069619e+00
      endloop
   endfacet
   facet normal 0.000000e+00 -1.000000e+00 0.000000e+00
      outer loop
         vertex 3.147076e+01 2.859998e-01 4.009886e+01
         vertex 3.162061e+01 2.859998e-01 4.046063e+01
         vertex 3.100715e+01 2.859998e-01 4.414637e+01
      endloop
   endfacet
   facet normal -0.000000e+00 -1.000000e+00 0.000000e+00
      outer loop
         vertex 3.216965e+01 2.859998e-01 3.841160e+01
         vertex 3.185899e+01 2.859998e-01 3.864998e+01
         vertex 3.100715e+01 2.859998e-01 3.625014e+01
      endloop
   endfacet
   facet normal 0.000000e+00 -1.000000e+00 0.000000e+00
      outer loop
         vertex 3.350715e+01 2.859998e-01 3.625014e+01
         vertex 3.330787e+01 2.859998e-01 3.826175e+01
         vertex 3.291965e+01 2.859998e-01 3.821064e+01
      endloop
   endfacet
   facet normal -0.000000e+00 -1.000000e+00 0.000000e+00
      outer loop
         vertex 3.185899e+01 2.859998e-01 3.864998e+01
         vertex 3.162061e+01 2.859998e-01 3.896064e+01
         vertex 3.100715e+01 2.859998e-01 3.625014e+01
      endloop
   endfacet
   facet normal 0.000000e+00 -1.000000e+00 0.000000e+00
      outer loop
         vertex 3.100715e+01 2.859998e-01 3.625014e+01
         vertex 3.162061e+01 2.859998e-01 3.896064e+01
         vertex 3.147076e+01 2.859998e-01 3.932241e+01
      endloop
   endfacet
   facet normal 0.000000e+00 -1.000000e+00 0.000000e+00
      outer loop
         vertex 3.100715e+01 2.859998e-01 3.625014e+01
         vertex 3.147076e+01 2.859998e-01 3.932241e+01
         vertex 3.141965e+01 2.859998e-01 3.971064e+01
      endloop
   endfacet
   facet normal -0.000000e+00 -1.000000e+00 0.000000e+00
      outer loop
         vertex 3.291965e+01 2.859998e-01 4.121063e+01
         vertex 3.350715e+01 2.859998e-01 4.306627e+01
         vertex 3.253142e+01 2.859998e-01 4.115952e+01
      endloop
   endfacet
   facet normal 0.000000e+00 -1.000000e+00 0.000000e+00
      outer loop
         vertex 3.253142e+01 2.859998e-01 4.115952e+01
         vertex 3.350715e+01 2.859998e-01 4.306627e+01
         vertex 3.184660e+01 2.859998e-01 4.385104e+01
      endloop
   endfacet
   facet normal -0.000000e+00 -1.000000e+00 0.000000e+00
      outer loop
         vertex 3.253142e+01 2.859998e-01 4.115952e+01
         vertex 3.184660e+01 2.859998e-01 4.385104e+01
         vertex 3.216965e+01 2.859998e-01 4.100967e+01
      endloop
   endfacet
   facet normal 0.000000e+00 -1.000000e+00 0.000000e+00
      outer loop
         vertex 3.216965e+01 2.859998e-01 4.100967e+01
         vertex 3.184660e+01 2.859998e-01 4.385104e+01
         vertex 3.100715e+01 2.859998e-01 4.414637e+01
      endloop
   endfacet
   facet normal -0.000000e+00 -1.000000e+00 0.000000e+00
      outer loop
         vertex 3.216965e+01 2.859998e-01 4.100967e+01
         vertex 3.100715e+01 2.859998e-01 4.414637e+01
         vertex 3.185899e+01 2.859998e-01 4.077130e+01
      endloop
   endfacet
   facet normal -0.000000e+00 -1.000000e+00 0.000000e+00
      outer loop
         vertex 3.185899e+01 2.859998e-01 4.077130e+01
         vertex 3.100715e+01 2.859998e-01 4.414637e+01
         vertex 3.162061e+01 2.859998e-01 4.046063e+01
      endloop
   endfacet
   facet normal 0.000000e+00 -1.000000e+00 0.000000e+00
      outer loop
         vertex 3.350715e+01 2.859998e-01 3.625014e+01
         vertex 3.291965e+01 2.859998e-01 3.821064e+01
         vertex 3.100715e+01 2.859998e-01 3.625014e+01
      endloop
   endfacet
   facet normal 0.000000e+00 -1.000000e+00 0.000000e+00
      outer loop
         vertex 3.100715e+01 2.859998e-01 3.625014e+01
         vertex 3.291965e+01 2.859998e-01 3.821064e+01
         vertex 3.253142e+01 2.859998e-01 3.826175e+01
      endloop
   endfacet
   facet normal 0.000000e+00 -1.000000e+00 0.000000e+00
      outer loop
         vertex 3.100715e+01 2.859998e-01 3.625014e+01
         vertex 3.253142e+01 2.859998e-01 3.826175e+01
         vertex 3.216965e+01 2.859998e-01 3.841160e+01
      endloop
   endfacet
   facet normal 0.000000e+00 -1.000000e+00 0.000000e+00
      outer loop
         vertex 3.291965e+01 2.859998e-01 4.121063e+01
         vertex 3.330787e+01 2.859998e-01 4.115952e+01
         vertex 3.350715e+01 2.859998e-01 4.306627e+01
      endloop
   endfacet
   facet normal 0.000000e+00 -1.000000e+00 -0.000000e+00
      outer loop
         vertex 3.350715e+01 2.859998e-01 4.306627e+01
         vertex 3.330787e+01 2.859998e-01 4.115952e+01
         vertex 3.350715e+01 2.859998e-01 4.107698e+01
      endloop
   endfacet
   facet normal 0.000000e+00 -1.000000e+00 0.000000e+00
      outer loop
         vertex 3.350715e+01 2.859998e-01 4.306627e+01
         vertex 3.350715e+01 2.859998e-01 4.107698e+01
         vertex 3.394491e+01 2.859998e-01 4.285938e+01
      endloop
   endfacet
   facet normal 0.000000e+00 -1.000000e+00 0.000000e+00
      outer loop
         vertex 3.394491e+01 2.859998e-01 4.285938e+01
         vertex 3.350715e+01 2.859998e-01 4.107698e+01
         vertex 3.366965e+01 2.859998e-01 4.100967e+01
      endloop
   endfacet
   facet normal 0.000000e+00 -1.000000e+00 -0.000000e+00
      outer loop
         vertex 3.394491e+01 2.859998e-01 4.285938e+01
         vertex 3.366965e+01 2.859998e-01 4.100967e+01
         vertex 3.468215e+01 2.859998e-01 4.241276e+01
      endloop
   endfacet
   facet normal 0.000000e+00 -1.000000e+00 0.000000e+00
      outer loop
         vertex 3.468215e+01 2.859998e-01 4.241276e+01
         vertex 3.366965e+01 2.859998e-01 4.100967e+01
         vertex 3.398031e+01 2.859998e-01 4.077130e+01
      endloop
   endfacet
   facet normal 0.000000e+00 -1.000000e+00 0.000000e+00
      outer loop
         vertex 3.468215e+01 2.859998e-01 4.241276e+01
         vertex 3.398031e+01 2.859998e-01 4.077130e+01
         vertex 3.421868e+01 2.859998e-01 4.046063e+01
      endloop
   endfacet
   facet normal 0.000000e+00 -1.000000e+00 0.000000e+00
      outer loop
         vertex 3.421868e+01 2.859998e-01 4.046063e+01
         vertex 3.436853e+01 2.859998e-01 4.009886e+01
         vertex 3.468215e+01 2.859998e-01 4.241276e+01
      endloop
   endfacet
   facet normal 0.000000e+00 -1.000000e+00 0.000000e+00
      outer loop
         vertex 3.468215e+01 2.859998e-01 4.241276e+01
         vertex 3.436853e+01 2.859998e-01 4.009886e+01
         vertex 3.441965e+01 2.859998e-01 3.971064e+01
      endloop
   endfacet
   facet normal 0.000000e+00 -1.000000e+00 -0.000000e+00
      outer loop
         vertex 3.468215e+01 2.859998e-01 4.241276e+01
         vertex 3.441965e+01 2.859998e-01 3.971064e+01
         vertex 3.468215e+01 2.859998e-01 3.625014e+01
      endloop
   endfacet
   facet normal 0.000000e+00 -1.000000e+00 0.000000e+00
      outer loop
         vertex 3.468215e+01 2.859998e-01 3.625014e+01
         vertex 3.441965e+01 2.859998e-01 3.971064e+01
         vertex 3.436853e+01 2.859998e-01 3.932241e+01
      endloop
   endfacet
   facet normal 0.000000e+00 -1.000000e+00 0.000000e+00
      outer loop
         vertex 3.468215e+01 2.859998e-01 3.625014e+01
         vertex 3.436853e+01 2.859998e-01 3.932241e+01
         vertex 3.421868e+01 2.859998e-01 3.896064e+01
      endloop
   endfacet
   facet normal 0.000000e+00 -1.000000e+00 -0.000000e+00
      outer loop
         vertex 3.421868e+01 2.859998e-01 3.896064e+01
         vertex 3.398031e+01 2.859998e-01 3.864998e+01
         vertex 3.468215e+01 2.859998e-01 3.625014e+01
      endloop
   endfacet
   facet normal 0.000000e+00 -1.000000e+00 0.000000e+00
      outer loop
         vertex 3.468215e+01 2.859998e-01 3.625014e+01
         vertex 3.398031e+01 2.859998e-01 3.864998e+01
         vertex 3.366965e+01 2.859998e-01 3.841160e+01
      endloop
   endfacet
   facet normal 0.000000e+00 -1.000000e+00 0.000000e+00
      outer loop
         vertex 3.468215e+01 2.859998e-01 3.625014e+01
         vertex 3.366965e+01 2.859998e-01 3.841160e+01
         vertex 3.350715e+01 2.859998e-01 3.625014e+01
      endloop
   endfacet
   facet normal 0.000000e+00 -1.000000e+00 0.000000e+00
      outer loop
         vertex 3.350715e+01 2.859998e-01 3.625014e+01
         vertex 3.366965e+01 2.859998e-01 3.841160e+01
         vertex 3.350715e+01 2.859998e-01 3.834429e+01
      endloop
   endfacet
   facet normal 0.000000e+00 -1.000000e+00 0.000000e+00
      outer loop
         vertex 3.350715e+01 2.859998e-01 3.625014e+01
         vertex 3.350715e+01 2.859998e-01 3.834429e+01
         vertex 3.330787e+01 2.859998e-01 3.826175e+01
      endloop
   endfacet
   facet normal -0.000000e+00 -1.000000e+00 -0.000000e+00
      outer loop
         vertex 6.340635e+01 2.859998e-01 1.266465e+01
         vertex 5.702819e+01 2.859998e-01 1.266465e+01
         vertex 6.340635e+01 2.859998e-01 1.047794e+01
      endloop
   endfacet
   facet normal 0.000000e+00 -1.000000e+00 0.000000e+00
      outer loop
         vertex 6.340635e+01 2.859998e-01 1.047794e+01
         vertex 5.702819e+01 2.859998e-01 1.266465e+01
         vertex 5.701057e+01 2.859998e-01 1.253083e+01
      endloop
   endfacet
   facet normal 0.000000e+00 -1.000000e+00 -0.000000e+00
      outer loop
         vertex 5.701057e+01 2.859998e-01 1.253083e+01
         vertex 5.691067e+01 2.859998e-01 1.228965e+01
         vertex 6.340635e+01 2.859998e-01 1.047794e+01
      endloop
   endfacet
   facet normal 0.000000e+00 -1.000000e+00 0.000000e+00
      outer loop
         vertex 6.340635e+01 2.859998e-01 1.047794e+01
         vertex 5.691067e+01 2.859998e-01 1.228965e+01
         vertex 5.675175e+01 2.859998e-01 1.208254e+01
      endloop
   endfacet
   facet normal 0.000000e+00 -1.000000e+00 0.000000e+00
      outer loop
         vertex 6.340635e+01 2.859998e-01 1.047794e+01
         vertex 5.675175e+01 2.859998e-01 1.208254e+01
         vertex 5.654465e+01 2.859998e-01 1.192362e+01
      endloop
   endfacet
   facet normal 0.000000e+00 -1.000000e+00 -0.000000e+00
      outer loop
         vertex 5.654465e+01 2.859998e-01 1.192362e+01
         vertex 5.630346e+01 2.859998e-01 1.182372e+01
         vertex 6.340635e+01 2.859998e-01 1.047794e+01
      endloop
   endfacet
   facet normal 0.000000e+00 -1.000000e+00 0.000000e+00
      outer loop
         vertex 6.340635e+01 2.859998e-01 1.047794e+01
         vertex 5.630346e+01 2.859998e-01 1.182372e+01
         vertex 5.604465e+01 2.859998e-01 1.178965e+01
      endloop
   endfacet
   facet normal 0.000000e+00 -1.000000e+00 0.000000e+00
      outer loop
         vertex 6.340635e+01 2.859998e-01 1.047794e+01
         vertex 5.604465e+01 2.859998e-01 1.178965e+01
         vertex 4.905472e+01 2.859998e-01 1.047794e+01
      endloop
   endfacet
   facet normal -0.000000e+00 -1.000000e+00 0.000000e+00
      outer loop
         vertex 5.604465e+01 2.859998e-01 1.178965e+01
         vertex 5.578583e+01 2.859998e-01 1.182372e+01
         vertex 4.905472e+01 2.859998e-01 1.047794e+01
      endloop
   endfacet
   facet normal 0.000000e+00 -1.000000e+00 0.000000e+00
      outer loop
         vertex 4.905472e+01 2.859998e-01 1.047794e+01
         vertex 5.578583e+01 2.859998e-01 1.182372e+01
         vertex 5.554465e+01 2.859998e-01 1.192362e+01
      endloop
   endfacet
   facet normal 0.000000e+00 -1.000000e+00 0.000000e+00
      outer loop
         vertex 4.905472e+01 2.859998e-01 1.047794e+01
         vertex 5.554465e+01 2.859998e-01 1.192362e+01
         vertex 5.533754e+01 2.859998e-01 1.208254e+01
      endloop
   endfacet
   facet normal -0.000000e+00 -1.000000e+00 -0.000000e+00
      outer loop
         vertex 5.506110e+01 2.859998e-01 1.266465e+01
         vertex 4.905472e+01 2.859998e-01 1.266465e+01
         vertex 5.507872e+01 2.859998e-01 1.253083e+01
      endloop
   endfacet
   facet normal -0.000000e+00 -1.000000e+00 0.000000e+00
      outer loop
         vertex 5.507872e+01 2.859998e-01 1.253083e+01
         vertex 4.905472e+01 2.859998e-01 1.266465e+01
         vertex 4.905472e+01 2.859998e-01 1.047794e+01
      endloop
   endfacet
   facet normal 0.000000e+00 -1.000000e+00 -0.000000e+00
      outer loop
         vertex 5.507872e+01 2.859998e-01 1.253083e+01
         vertex 4.905472e+01 2.859998e-01 1.047794e+01
         vertex 5.517862e+01 2.859998e-01 1.228965e+01
      endloop
   endfacet
   facet normal 0.000000e+00 -1.000000e+00 -0.000000e+00
      outer loop
         vertex 5.517862e+01 2.859998e-01 1.228965e+01
         vertex 4.905472e+01 2.859998e-01 1.047794e+01
         vertex 5.533754e+01 2.859998e-01 1.208254e+01
      endloop
   endfacet
   facet normal -0.000000e+00 -1.000000e+00 0.000000e+00
      outer loop
         vertex 3.592990e+01 2.859998e-01 4.422443e+00
         vertex 3.468215e+01 2.859998e-01 1.266465e+01
         vertex 3.468215e+01 2.859998e-01 3.666537e+00
      endloop
   endfacet
   facet normal 0.000000e+00 -1.000000e+00 0.000000e+00
      outer loop
         vertex 3.468215e+01 2.859998e-01 3.666537e+00
         vertex 3.468215e+01 2.859998e-01 1.266465e+01
         vertex 3.441965e+01 2.859998e-01 6.368658e+00
      endloop
   endfacet
   facet normal 0.000000e+00 -1.000000e+00 0.000000e+00
      outer loop
         vertex 3.468215e+01 2.859998e-01 3.666537e+00
         vertex 3.441965e+01 2.859998e-01 6.368658e+00
         vertex 3.436853e+01 2.859998e-01 5.980428e+00
      endloop
   endfacet
   facet normal 0.000000e+00 -1.000000e+00 0.000000e+00
      outer loop
         vertex 3.592990e+01 2.859998e-01 4.422443e+00
         vertex 3.778046e+01 2.859998e-01 5.823053e+00
         vertex 3.468215e+01 2.859998e-01 1.266465e+01
      endloop
   endfacet
   facet normal 0.000000e+00 -1.000000e+00 0.000000e+00
      outer loop
         vertex 3.468215e+01 2.859998e-01 1.266465e+01
         vertex 3.778046e+01 2.859998e-01 5.823053e+00
         vertex 3.947690e+01 2.859998e-01 7.406840e+00
      endloop
   endfacet
   facet normal 0.000000e+00 -1.000000e+00 0.000000e+00
      outer loop
         vertex 3.468215e+01 2.859998e-01 1.266465e+01
         vertex 3.947690e+01 2.859998e-01 7.406840e+00
         vertex 4.100117e+01 2.859998e-01 9.156954e+00
      endloop
   endfacet
   facet normal 0.000000e+00 -1.000000e+00 0.000000e+00
      outer loop
         vertex 1.818106e+01 2.859998e-01 1.128433e+00
         vertex 2.046536e+01 2.859998e-01 7.182416e-01
         vertex 2.851965e+01 2.859998e-01 1.266465e+01
      endloop
   endfacet
   facet normal 0.000000e+00 -1.000000e+00 0.000000e+00
      outer loop
         vertex 1.284464e+01 2.859998e-01 1.266465e+01
         vertex 1.284464e+01 2.859998e-01 3.147254e+00
         vertex 1.379941e+01 2.859998e-01 2.641352e+00
      endloop
   endfacet
   facet normal 0.000000e+00 -1.000000e+00 0.000000e+00
      outer loop
         vertex 1.284464e+01 2.859998e-01 1.266465e+01
         vertex 1.379941e+01 2.859998e-01 2.641352e+00
         vertex 2.851965e+01 2.859998e-01 1.266465e+01
      endloop
   endfacet
   facet normal 0.000000e+00 -1.000000e+00 0.000000e+00
      outer loop
         vertex 2.851965e+01 2.859998e-01 1.266465e+01
         vertex 1.379941e+01 2.859998e-01 2.641352e+00
         vertex 1.595117e+01 2.859998e-01 1.771752e+00
      endloop
   endfacet
   facet normal 0.000000e+00 -1.000000e+00 0.000000e+00
      outer loop
         vertex 2.851965e+01 2.859998e-01 1.266465e+01
         vertex 1.595117e+01 2.859998e-01 1.771752e+00
         vertex 1.818106e+01 2.859998e-01 1.128433e+00
      endloop
   endfacet
   facet normal 0.000000e+00 -1.000000e+00 0.000000e+00
      outer loop
         vertex 2.046536e+01 2.859998e-01 7.182416e-01
         vertex 2.277976e+01 2.859998e-01 5.455390e-01
         vertex 2.851965e+01 2.859998e-01 1.266465e+01
      endloop
   endfacet
   facet normal 0.000000e+00 -1.000000e+00 0.000000e+00
      outer loop
         vertex 2.851965e+01 2.859998e-01 1.266465e+01
         vertex 2.277976e+01 2.859998e-01 5.455390e-01
         vertex 2.509964e+01 2.859998e-01 6.121639e-01
      endloop
   endfacet
   facet normal 0.000000e+00 -1.000000e+00 0.000000e+00
      outer loop
         vertex 2.851965e+01 2.859998e-01 1.266465e+01
         vertex 2.509964e+01 2.859998e-01 6.121639e-01
         vertex 2.740031e+01 2.859998e-01 9.174068e-01
      endloop
   endfacet
   facet normal 0.000000e+00 -1.000000e+00 0.000000e+00
      outer loop
         vertex 2.684407e+00 2.859998e-01 1.401368e+01
         vertex 3.360149e+00 2.859998e-01 1.266465e+01
         vertex 1.284464e+01 2.859998e-01 1.266465e+01
      endloop
   endfacet
   facet normal -0.000000e+00 -1.000000e+00 0.000000e+00
      outer loop
         vertex 1.284464e+01 2.859998e-01 1.266465e+01
         vertex 3.360149e+00 2.859998e-01 1.266465e+01
         vertex 3.723819e+00 2.859998e-01 1.193862e+01
      endloop
   endfacet
   facet normal 0.000000e+00 -1.000000e+00 0.000000e+00
      outer loop
         vertex 3.723819e+00 2.859998e-01 1.193862e+01
         vertex 4.971460e+00 2.859998e-01 9.981665e+00
         vertex 1.284464e+01 2.859998e-01 1.266465e+01
      endloop
   endfacet
   facet normal 0.000000e+00 -1.000000e+00 0.000000e+00
      outer loop
         vertex 1.284464e+01 2.859998e-01 1.266465e+01
         vertex 4.971460e+00 2.859998e-01 9.981665e+00
         vertex 6.414052e+00 2.859998e-01 8.163641e+00
      endloop
   endfacet
   facet normal 0.000000e+00 -1.000000e+00 0.000000e+00
      outer loop
         vertex 1.284464e+01 2.859998e-01 1.266465e+01
         vertex 6.414052e+00 2.859998e-01 8.163641e+00
         vertex 8.036245e+00 2.859998e-01 6.503891e+00
      endloop
   endfacet
   facet normal 0.000000e+00 -1.000000e+00 0.000000e+00
      outer loop
         vertex 8.036245e+00 2.859998e-01 6.503891e+00
         vertex 9.820782e+00 2.859998e-01 5.020075e+00
         vertex 1.284464e+01 2.859998e-01 1.266465e+01
      endloop
   endfacet
   facet normal 0.000000e+00 -1.000000e+00 0.000000e+00
      outer loop
         vertex 1.284464e+01 2.859998e-01 1.266465e+01
         vertex 9.820782e+00 2.859998e-01 5.020075e+00
         vertex 1.174867e+01 2.859998e-01 3.727980e+00
      endloop
   endfacet
   facet normal 0.000000e+00 -1.000000e+00 -0.000000e+00
      outer loop
         vertex 1.284464e+01 2.859998e-01 1.266465e+01
         vertex 1.174867e+01 2.859998e-01 3.727980e+00
         vertex 1.284464e+01 2.859998e-01 3.147254e+00
      endloop
   endfacet
   facet normal -0.000000e+00 -1.000000e+00 0.000000e+00
      outer loop
         vertex 1.284464e+01 2.859998e-01 1.683965e+01
         vertex 1.691479e+00 2.859998e-01 1.683965e+01
         vertex 1.864273e+00 2.859998e-01 1.618478e+01
      endloop
   endfacet
   facet normal 0.000000e+00 -1.000000e+00 -0.000000e+00
      outer loop
         vertex 5.493533e+00 2.859998e-01 2.265142e+01
         vertex 5.343683e+00 2.859998e-01 2.228965e+01
         vertex 1.284464e+01 2.859998e-01 1.683965e+01
      endloop
   endfacet
   facet normal 0.000000e+00 -1.000000e+00 0.000000e+00
      outer loop
         vertex 3.294647e+00 2.859998e-01 2.433868e+01
         vertex 3.656417e+00 2.859998e-01 2.448854e+01
         vertex 9.154715e-01 2.859998e-01 2.536465e+01
      endloop
   endfacet
   facet normal 0.000000e+00 -1.000000e+00 0.000000e+00
      outer loop
         vertex 9.143427e-01 2.859998e-01 2.072190e+01
         vertex 2.745606e+00 2.859998e-01 2.228965e+01
         vertex 7.946454e-01 2.859998e-01 2.303965e+01
      endloop
   endfacet
   facet normal 0.000000e+00 -1.000000e+00 0.000000e+00
      outer loop
         vertex 7.946454e-01 2.859998e-01 2.303965e+01
         vertex 2.745606e+00 2.859998e-01 2.228965e+01
         vertex 2.595756e+00 2.859998e-01 2.265142e+01
      endloop
   endfacet
   facet normal 0.000000e+00 -1.000000e+00 -0.000000e+00
      outer loop
         vertex 5.343683e+00 2.859998e-01 2.228965e+01
         vertex 5.105305e+00 2.859998e-01 2.197899e+01
         vertex 1.284464e+01 2.859998e-01 1.683965e+01
      endloop
   endfacet
   facet normal 0.000000e+00 -1.000000e+00 0.000000e+00
      outer loop
         vertex 1.284464e+01 2.859998e-01 1.683965e+01
         vertex 5.105305e+00 2.859998e-01 2.197899e+01
         vertex 4.794646e+00 2.859998e-01 2.174061e+01
      endloop
   endfacet
   facet normal 0.000000e+00 -1.000000e+00 0.000000e+00
      outer loop
         vertex 1.284464e+01 2.859998e-01 1.683965e+01
         vertex 4.794646e+00 2.859998e-01 2.174061e+01
         vertex 1.691479e+00 2.859998e-01 1.683965e+01
      endloop
   endfacet
   facet normal 0.000000e+00 -1.000000e+00 0.000000e+00
      outer loop
         vertex 1.691479e+00 2.859998e-01 1.683965e+01
         vertex 4.794646e+00 2.859998e-01 2.174061e+01
         vertex 4.432876e+00 2.859998e-01 2.159076e+01
      endloop
   endfacet
   facet normal 0.000000e+00 -1.000000e+00 0.000000e+00
      outer loop
         vertex 4.432876e+00 2.859998e-01 2.159076e+01
         vertex 4.044645e+00 2.859998e-01 2.153965e+01
         vertex 1.691479e+00 2.859998e-01 1.683965e+01
      endloop
   endfacet
   facet normal 0.000000e+00 -1.000000e+00 0.000000e+00
      outer loop
         vertex 1.691479e+00 2.859998e-01 1.683965e+01
         vertex 4.044645e+00 2.859998e-01 2.153965e+01
         vertex 3.656417e+00 2.859998e-01 2.159076e+01
      endloop
   endfacet
   facet normal 0.000000e+00 -1.000000e+00 0.000000e+00
      outer loop
         vertex 1.691479e+00 2.859998e-01 1.683965e+01
         vertex 3.656417e+00 2.859998e-01 2.159076e+01
         vertex 1.272153e+00 2.859998e-01 1.842881e+01
      endloop
   endfacet
   facet normal 0.000000e+00 -1.000000e+00 0.000000e+00
      outer loop
         vertex 1.272153e+00 2.859998e-01 1.842881e+01
         vertex 3.656417e+00 2.859998e-01 2.159076e+01
         vertex 3.294647e+00 2.859998e-01 2.174061e+01
      endloop
   endfacet
   facet normal 0.000000e+00 -1.000000e+00 0.000000e+00
      outer loop
         vertex 1.272153e+00 2.859998e-01 1.842881e+01
         vertex 3.294647e+00 2.859998e-01 2.174061e+01
         vertex 9.143427e-01 2.859998e-01 2.072190e+01
      endloop
   endfacet
   facet normal 0.000000e+00 -1.000000e+00 0.000000e+00
      outer loop
         vertex 9.143427e-01 2.859998e-01 2.072190e+01
         vertex 3.294647e+00 2.859998e-01 2.174061e+01
         vertex 2.983987e+00 2.859998e-01 2.197899e+01
      endloop
   endfacet
   facet normal 0.000000e+00 -1.000000e+00 0.000000e+00
      outer loop
         vertex 9.143427e-01 2.859998e-01 2.072190e+01
         vertex 2.983987e+00 2.859998e-01 2.197899e+01
         vertex 2.745606e+00 2.859998e-01 2.228965e+01
      endloop
   endfacet
   facet normal 0.000000e+00 -1.000000e+00 0.000000e+00
      outer loop
         vertex 2.595756e+00 2.859998e-01 2.265142e+01
         vertex 2.544645e+00 2.859998e-01 2.303965e+01
         vertex 7.946454e-01 2.859998e-01 2.303965e+01
      endloop
   endfacet
   facet normal 0.000000e+00 -1.000000e+00 0.000000e+00
      outer loop
         vertex 7.946454e-01 2.859998e-01 2.303965e+01
         vertex 2.544645e+00 2.859998e-01 2.303965e+01
         vertex 2.595756e+00 2.859998e-01 2.342788e+01
      endloop
   endfacet
   facet normal 0.000000e+00 -1.000000e+00 0.000000e+00
      outer loop
         vertex 7.946454e-01 2.859998e-01 2.303965e+01
         vertex 2.595756e+00 2.859998e-01 2.342788e+01
         vertex 9.143427e-01 2.859998e-01 2.535739e+01
      endloop
   endfacet
   facet normal 0.000000e+00 -1.000000e+00 0.000000e+00
      outer loop
         vertex 9.143427e-01 2.859998e-01 2.535739e+01
         vertex 2.595756e+00 2.859998e-01 2.342788e+01
         vertex 2.745606e+00 2.859998e-01 2.378965e+01
      endloop
   endfacet
   facet normal 0.000000e+00 -1.000000e+00 0.000000e+00
      outer loop
         vertex 9.143427e-01 2.859998e-01 2.535739e+01
         vertex 2.745606e+00 2.859998e-01 2.378965e+01
         vertex 9.154715e-01 2.859998e-01 2.536465e+01
      endloop
   endfacet
   facet normal 0.000000e+00 -1.000000e+00 0.000000e+00
      outer loop
         vertex 9.154715e-01 2.859998e-01 2.536465e+01
         vertex 2.745606e+00 2.859998e-01 2.378965e+01
         vertex 2.983987e+00 2.859998e-01 2.410031e+01
      endloop
   endfacet
   facet normal 0.000000e+00 -1.000000e+00 0.000000e+00
      outer loop
         vertex 9.154715e-01 2.859998e-01 2.536465e+01
         vertex 2.983987e+00 2.859998e-01 2.410031e+01
         vertex 3.294647e+00 2.859998e-01 2.433868e+01
      endloop
   endfacet
   facet normal 0.000000e+00 -1.000000e+00 0.000000e+00
      outer loop
         vertex 5.493533e+00 2.859998e-01 2.265142e+01
         vertex 1.284464e+01 2.859998e-01 1.683965e+01
         vertex 5.544648e+00 2.859998e-01 2.303965e+01
      endloop
   endfacet
   facet normal 0.000000e+00 -1.000000e+00 0.000000e+00
      outer loop
         vertex 5.544648e+00 2.859998e-01 2.303965e+01
         vertex 1.284464e+01 2.859998e-01 1.683965e+01
         vertex 1.284464e+01 2.859998e-01 2.536465e+01
      endloop
   endfacet
   facet normal 0.000000e+00 -1.000000e+00 0.000000e+00
      outer loop
         vertex 5.544648e+00 2.859998e-01 2.303965e+01
         vertex 1.284464e+01 2.859998e-01 2.536465e+01
         vertex 5.493533e+00 2.859998e-01 2.342788e+01
      endloop
   endfacet
   facet normal 0.000000e+00 -1.000000e+00 0.000000e+00
      outer loop
         vertex 4.044645e+00 2.859998e-01 2.453965e+01
         vertex 4.432876e+00 2.859998e-01 2.448854e+01
         vertex 1.284464e+01 2.859998e-01 2.536465e+01
      endloop
   endfacet
   facet normal 0.000000e+00 -1.000000e+00 0.000000e+00
      outer loop
         vertex 1.284464e+01 2.859998e-01 2.536465e+01
         vertex 4.432876e+00 2.859998e-01 2.448854e+01
         vertex 4.794646e+00 2.859998e-01 2.433868e+01
      endloop
   endfacet
   facet normal 0.000000e+00 -1.000000e+00 0.000000e+00
      outer loop
         vertex 4.794646e+00 2.859998e-01 2.433868e+01
         vertex 5.105305e+00 2.859998e-01 2.410031e+01
         vertex 1.284464e+01 2.859998e-01 2.536465e+01
      endloop
   endfacet
   facet normal 0.000000e+00 -1.000000e+00 0.000000e+00
      outer loop
         vertex 1.284464e+01 2.859998e-01 2.536465e+01
         vertex 5.105305e+00 2.859998e-01 2.410031e+01
         vertex 5.343683e+00 2.859998e-01 2.378965e+01
      endloop
   endfacet
   facet normal 0.000000e+00 -1.000000e+00 0.000000e+00
      outer loop
         vertex 1.284464e+01 2.859998e-01 2.536465e+01
         vertex 5.343683e+00 2.859998e-01 2.378965e+01
         vertex 5.493533e+00 2.859998e-01 2.342788e+01
      endloop
   endfacet
   facet normal 0.000000e+00 -1.000000e+00 0.000000e+00
      outer loop
         vertex 3.656417e+00 2.859998e-01 2.448854e+01
         vertex 4.044645e+00 2.859998e-01 2.453965e+01
         vertex 9.154715e-01 2.859998e-01 2.536465e+01
      endloop
   endfacet
   facet normal 0.000000e+00 -1.000000e+00 0.000000e+00
      outer loop
         vertex 9.154715e-01 2.859998e-01 2.536465e+01
         vertex 4.044645e+00 2.859998e-01 2.453965e+01
         vertex 1.284464e+01 2.859998e-01 2.536465e+01
      endloop
   endfacet
   facet normal 0.000000e+00 -1.000000e+00 0.000000e+00
      outer loop
         vertex 9.154715e-01 2.859998e-01 2.536465e+01
         vertex 1.284464e+01 2.859998e-01 2.536465e+01
         vertex 1.272153e+00 2.859998e-01 2.765048e+01
      endloop
   endfacet
   facet normal 0.000000e+00 -1.000000e+00 0.000000e+00
      outer loop
         vertex 1.272153e+00 2.859998e-01 2.765048e+01
         vertex 1.284464e+01 2.859998e-01 2.536465e+01
         vertex 1.284464e+01 2.859998e-01 2.923965e+01
      endloop
   endfacet
   facet normal 0.000000e+00 -1.000000e+00 0.000000e+00
      outer loop
         vertex 1.272153e+00 2.859998e-01 2.765048e+01
         vertex 1.284464e+01 2.859998e-01 2.923965e+01
         vertex 1.691479e+00 2.859998e-01 2.923965e+01
      endloop
   endfacet
   facet normal 0.000000e+00 -1.000000e+00 0.000000e+00
      outer loop
         vertex 1.691479e+00 2.859998e-01 2.923965e+01
         vertex 1.284464e+01 2.859998e-01 2.923965e+01
         vertex 1.864273e+00 2.859998e-01 2.989451e+01
      endloop
   endfacet
   facet normal 0.000000e+00 -1.000000e+00 0.000000e+00
      outer loop
         vertex 4.971460e+00 2.859998e-01 3.609763e+01
         vertex 1.284464e+01 2.859998e-01 3.341465e+01
         vertex 5.092479e+00 2.859998e-01 3.625014e+01
      endloop
   endfacet
   facet normal 0.000000e+00 -1.000000e+00 0.000000e+00
      outer loop
         vertex 5.092479e+00 2.859998e-01 3.625014e+01
         vertex 1.284464e+01 2.859998e-01 3.341465e+01
         vertex 1.284464e+01 2.859998e-01 3.625014e+01
      endloop
   endfacet
   facet normal 0.000000e+00 -1.000000e+00 0.000000e+00
      outer loop
         vertex 5.092479e+00 2.859998e-01 3.625014e+01
         vertex 1.284464e+01 2.859998e-01 3.625014e+01
         vertex 6.414052e+00 2.859998e-01 3.791565e+01
      endloop
   endfacet
   facet normal 0.000000e+00 -1.000000e+00 -0.000000e+00
      outer loop
         vertex 4.971460e+00 2.859998e-01 3.609763e+01
         vertex 3.723819e+00 2.859998e-01 3.414067e+01
         vertex 1.284464e+01 2.859998e-01 3.341465e+01
      endloop
   endfacet
   facet normal 0.000000e+00 -1.000000e+00 0.000000e+00
      outer loop
         vertex 1.284464e+01 2.859998e-01 3.341465e+01
         vertex 3.723819e+00 2.859998e-01 3.414067e+01
         vertex 3.360149e+00 2.859998e-01 3.341465e+01
      endloop
   endfacet
   facet normal -0.000000e+00 -1.000000e+00 -0.000000e+00
      outer loop
         vertex 1.284464e+01 2.859998e-01 3.341465e+01
         vertex 3.360149e+00 2.859998e-01 3.341465e+01
         vertex 1.284464e+01 2.859998e-01 2.923965e+01
      endloop
   endfacet
   facet normal 0.000000e+00 -1.000000e+00 0.000000e+00
      outer loop
         vertex 1.284464e+01 2.859998e-01 2.923965e+01
         vertex 3.360149e+00 2.859998e-01 3.341465e+01
         vertex 2.684407e+00 2.859998e-01 3.206561e+01
      endloop
   endfacet
   facet normal 0.000000e+00 -1.000000e+00 0.000000e+00
      outer loop
         vertex 1.284464e+01 2.859998e-01 2.923965e+01
         vertex 2.684407e+00 2.859998e-01 3.206561e+01
         vertex 1.864273e+00 2.859998e-01 2.989451e+01
      endloop
   endfacet
   facet normal 0.000000e+00 -1.000000e+00 -0.000000e+00
      outer loop
         vertex 1.174867e+01 2.859998e-01 4.235131e+01
         vertex 9.820782e+00 2.859998e-01 4.105922e+01
         vertex 1.284464e+01 2.859998e-01 3.625014e+01
      endloop
   endfacet
   facet normal 0.000000e+00 -1.000000e+00 0.000000e+00
      outer loop
         vertex 1.284464e+01 2.859998e-01 3.625014e+01
         vertex 9.820782e+00 2.859998e-01 4.105922e+01
         vertex 8.036245e+00 2.859998e-01 3.957540e+01
      endloop
   endfacet
   facet normal 0.000000e+00 -1.000000e+00 0.000000e+00
      outer loop
         vertex 1.284464e+01 2.859998e-01 3.625014e+01
         vertex 8.036245e+00 2.859998e-01 3.957540e+01
         vertex 6.414052e+00 2.859998e-01 3.791565e+01
      endloop
   endfacet
   facet normal 0.000000e+00 -1.000000e+00 0.000000e+00
      outer loop
         vertex 1.595117e+01 2.859998e-01 4.430754e+01
         vertex 1.379941e+01 2.859998e-01 4.343794e+01
         vertex 1.284464e+01 2.859998e-01 3.625014e+01
      endloop
   endfacet
   facet normal 0.000000e+00 -1.000000e+00 0.000000e+00
      outer loop
         vertex 1.284464e+01 2.859998e-01 3.625014e+01
         vertex 1.379941e+01 2.859998e-01 4.343794e+01
         vertex 1.284464e+01 2.859998e-01 4.293204e+01
      endloop
   endfacet
   facet normal 0.000000e+00 -1.000000e+00 0.000000e+00
      outer loop
         vertex 1.284464e+01 2.859998e-01 3.625014e+01
         vertex 1.284464e+01 2.859998e-01 4.293204e+01
         vertex 1.174867e+01 2.859998e-01 4.235131e+01
      endloop
   endfacet
   facet normal -0.000000e+00 -1.000000e+00 -0.000000e+00
      outer loop
         vertex 2.851965e+01 2.859998e-01 4.489377e+01
         vertex 2.740031e+01 2.859998e-01 4.516189e+01
         vertex 2.851965e+01 2.859998e-01 3.625014e+01
      endloop
   endfacet
   facet normal 0.000000e+00 -1.000000e+00 0.000000e+00
      outer loop
         vertex 2.851965e+01 2.859998e-01 3.625014e+01
         vertex 2.740031e+01 2.859998e-01 4.516189e+01
         vertex 2.509964e+01 2.859998e-01 4.546713e+01
      endloop
   endfacet
   facet normal 0.000000e+00 -1.000000e+00 0.000000e+00
      outer loop
         vertex 2.851965e+01 2.859998e-01 3.625014e+01
         vertex 2.509964e+01 2.859998e-01 4.546713e+01
         vertex 2.277976e+01 2.859998e-01 4.553375e+01
      endloop
   endfacet
   facet normal 0.000000e+00 -1.000000e+00 -0.000000e+00
      outer loop
         vertex 2.277976e+01 2.859998e-01 4.553375e+01
         vertex 2.046536e+01 2.859998e-01 4.536105e+01
         vertex 2.851965e+01 2.859998e-01 3.625014e+01
      endloop
   endfacet
   facet normal 0.000000e+00 -1.000000e+00 0.000000e+00
      outer loop
         vertex 2.851965e+01 2.859998e-01 3.625014e+01
         vertex 2.046536e+01 2.859998e-01 4.536105e+01
         vertex 1.818106e+01 2.859998e-01 4.495086e+01
      endloop
   endfacet
   facet normal 0.000000e+00 -1.000000e+00 0.000000e+00
      outer loop
         vertex 2.851965e+01 2.859998e-01 3.625014e+01
         vertex 1.818106e+01 2.859998e-01 4.495086e+01
         vertex 1.595117e+01 2.859998e-01 4.430754e+01
      endloop
   endfacet
   facet normal 0.000000e+00 -1.000000e+00 0.000000e+00
      outer loop
         vertex 2.851965e+01 2.859998e-01 4.489377e+01
         vertex 2.851965e+01 2.859998e-01 3.625014e+01
         vertex 2.965731e+01 2.859998e-01 4.462127e+01
      endloop
   endfacet
   facet normal 0.000000e+00 -1.000000e+00 -0.000000e+00
      outer loop
         vertex 2.965731e+01 2.859998e-01 4.462127e+01
         vertex 2.851965e+01 2.859998e-01 3.625014e+01
         vertex 3.100715e+01 2.859998e-01 3.625014e+01
      endloop
   endfacet
   facet normal 0.000000e+00 -1.000000e+00 0.000000e+00
      outer loop
         vertex 2.965731e+01 2.859998e-01 4.462127e+01
         vertex 3.100715e+01 2.859998e-01 3.625014e+01
         vertex 3.100715e+01 2.859998e-01 4.414637e+01
      endloop
   endfacet
   facet normal 0.000000e+00 -1.000000e+00 0.000000e+00
      outer loop
         vertex 3.100715e+01 2.859998e-01 4.414637e+01
         vertex 3.100715e+01 2.859998e-01 3.625014e+01
         vertex 3.141965e+01 2.859998e-01 3.971064e+01
      endloop
   endfacet
   facet normal 0.000000e+00 -1.000000e+00 0.000000e+00
      outer loop
         vertex 3.100715e+01 2.859998e-01 4.414637e+01
         vertex 3.141965e+01 2.859998e-01 3.971064e+01
         vertex 3.147076e+01 2.859998e-01 4.009886e+01
      endloop
   endfacet
   facet normal 0.000000e+00 -1.000000e+00 0.000000e+00
      outer loop
         vertex 4.196156e+01 2.859998e-01 3.560135e+01
         vertex 4.148987e+01 2.859998e-01 3.625014e+01
         vertex 3.468215e+01 2.859998e-01 3.625014e+01
      endloop
   endfacet
   facet normal 0.000000e+00 -1.000000e+00 0.000000e+00
      outer loop
         vertex 3.468215e+01 2.859998e-01 3.625014e+01
         vertex 4.148987e+01 2.859998e-01 3.625014e+01
         vertex 4.100117e+01 2.859998e-01 3.692234e+01
      endloop
   endfacet
   facet normal 0.000000e+00 -1.000000e+00 0.000000e+00
      outer loop
         vertex 3.468215e+01 2.859998e-01 3.625014e+01
         vertex 4.100117e+01 2.859998e-01 3.692234e+01
         vertex 3.947690e+01 2.859998e-01 3.867245e+01
      endloop
   endfacet
   facet normal -0.000000e+00 -1.000000e+00 0.000000e+00
      outer loop
         vertex 3.947690e+01 2.859998e-01 3.867245e+01
         vertex 3.778046e+01 2.859998e-01 4.025624e+01
         vertex 3.468215e+01 2.859998e-01 3.625014e+01
      endloop
   endfacet
   facet normal 0.000000e+00 -1.000000e+00 0.000000e+00
      outer loop
         vertex 3.468215e+01 2.859998e-01 3.625014e+01
         vertex 3.778046e+01 2.859998e-01 4.025624e+01
         vertex 3.592990e+01 2.859998e-01 4.165685e+01
      endloop
   endfacet
   facet normal 0.000000e+00 -1.000000e+00 0.000000e+00
      outer loop
         vertex 3.468215e+01 2.859998e-01 3.625014e+01
         vertex 3.592990e+01 2.859998e-01 4.165685e+01
         vertex 3.468215e+01 2.859998e-01 4.241276e+01
      endloop
   endfacet
   facet normal 0.000000e+00 -1.000000e+00 0.000000e+00
      outer loop
         vertex 6.340635e+01 2.859998e-01 3.560135e+01
         vertex 5.654465e+01 2.859998e-01 3.415567e+01
         vertex 5.675175e+01 2.859998e-01 3.399675e+01
      endloop
   endfacet
   facet normal 0.000000e+00 -1.000000e+00 0.000000e+00
      outer loop
         vertex 5.507872e+01 2.859998e-01 3.354847e+01
         vertex 5.517862e+01 2.859998e-01 3.378965e+01
         vertex 4.905472e+01 2.859998e-01 3.560135e+01
      endloop
   endfacet
   facet normal 0.000000e+00 -1.000000e+00 0.000000e+00
      outer loop
         vertex 4.905472e+01 2.859998e-01 3.560135e+01
         vertex 5.517862e+01 2.859998e-01 3.378965e+01
         vertex 5.533754e+01 2.859998e-01 3.399675e+01
      endloop
   endfacet
   facet normal 0.000000e+00 -1.000000e+00 0.000000e+00
      outer loop
         vertex 4.905472e+01 2.859998e-01 3.560135e+01
         vertex 5.533754e+01 2.859998e-01 3.399675e+01
         vertex 5.554465e+01 2.859998e-01 3.415567e+01
      endloop
   endfacet
   facet normal 0.000000e+00 -1.000000e+00 0.000000e+00
      outer loop
         vertex 5.675175e+01 2.859998e-01 3.399675e+01
         vertex 5.691067e+01 2.859998e-01 3.378965e+01
         vertex 6.340635e+01 2.859998e-01 3.560135e+01
      endloop
   endfacet
   facet normal 0.000000e+00 -1.000000e+00 0.000000e+00
      outer loop
         vertex 6.340635e+01 2.859998e-01 3.560135e+01
         vertex 5.691067e+01 2.859998e-01 3.378965e+01
         vertex 5.701057e+01 2.859998e-01 3.354847e+01
      endloop
   endfacet
   facet normal 0.000000e+00 -1.000000e+00 -0.000000e+00
      outer loop
         vertex 6.340635e+01 2.859998e-01 3.560135e+01
         vertex 5.701057e+01 2.859998e-01 3.354847e+01
         vertex 6.340635e+01 2.859998e-01 3.341465e+01
      endloop
   endfacet
   facet normal 0.000000e+00 -1.000000e+00 0.000000e+00
      outer loop
         vertex 5.554465e+01 2.859998e-01 3.415567e+01
         vertex 5.578583e+01 2.859998e-01 3.425557e+01
         vertex 4.905472e+01 2.859998e-01 3.560135e+01
      endloop
   endfacet
   facet normal 0.000000e+00 -1.000000e+00 0.000000e+00
      outer loop
         vertex 4.905472e+01 2.859998e-01 3.560135e+01
         vertex 5.578583e+01 2.859998e-01 3.425557e+01
         vertex 5.604465e+01 2.859998e-01 3.428965e+01
      endloop
   endfacet
   facet normal 0.000000e+00 -1.000000e+00 0.000000e+00
      outer loop
         vertex 4.905472e+01 2.859998e-01 3.560135e+01
         vertex 5.604465e+01 2.859998e-01 3.428965e+01
         vertex 6.340635e+01 2.859998e-01 3.560135e+01
      endloop
   endfacet
   facet normal 0.000000e+00 -1.000000e+00 0.000000e+00
      outer loop
         vertex 6.340635e+01 2.859998e-01 3.560135e+01
         vertex 5.604465e+01 2.859998e-01 3.428965e+01
         vertex 5.630346e+01 2.859998e-01 3.425557e+01
      endloop
   endfacet
   facet normal 0.000000e+00 -1.000000e+00 0.000000e+00
      outer loop
         vertex 6.340635e+01 2.859998e-01 3.560135e+01
         vertex 5.630346e+01 2.859998e-01 3.425557e+01
         vertex 5.654465e+01 2.859998e-01 3.415567e+01
      endloop
   endfacet
   facet normal 0.000000e+00 -1.000000e+00 -0.000000e+00
      outer loop
         vertex 5.691067e+01 2.859998e-01 3.278965e+01
         vertex 5.675175e+01 2.859998e-01 3.258254e+01
         vertex 6.340635e+01 2.859998e-01 2.923965e+01
      endloop
   endfacet
   facet normal 0.000000e+00 -1.000000e+00 0.000000e+00
      outer loop
         vertex 4.905472e+01 2.859998e-01 2.923965e+01
         vertex 5.604465e+01 2.859998e-01 3.228965e+01
         vertex 5.578583e+01 2.859998e-01 3.232372e+01
      endloop
   endfacet
   facet normal -0.000000e+00 -1.000000e+00 -0.000000e+00
      outer loop
         vertex 5.504465e+01 2.859998e-01 3.328965e+01
         vertex 4.905472e+01 2.859998e-01 3.341465e+01
         vertex 5.507872e+01 2.859998e-01 3.303083e+01
      endloop
   endfacet
   facet normal 0.000000e+00 -1.000000e+00 -0.000000e+00
      outer loop
         vertex 5.675175e+01 2.859998e-01 3.258254e+01
         vertex 5.654465e+01 2.859998e-01 3.242362e+01
         vertex 6.340635e+01 2.859998e-01 2.923965e+01
      endloop
   endfacet
   facet normal 0.000000e+00 -1.000000e+00 0.000000e+00
      outer loop
         vertex 6.340635e+01 2.859998e-01 2.923965e+01
         vertex 5.654465e+01 2.859998e-01 3.242362e+01
         vertex 5.630346e+01 2.859998e-01 3.232372e+01
      endloop
   endfacet
   facet normal 0.000000e+00 -1.000000e+00 0.000000e+00
      outer loop
         vertex 6.340635e+01 2.859998e-01 2.923965e+01
         vertex 5.630346e+01 2.859998e-01 3.232372e+01
         vertex 5.604465e+01 2.859998e-01 3.228965e+01
      endloop
   endfacet
   facet normal 0.000000e+00 -1.000000e+00 0.000000e+00
      outer loop
         vertex 5.701057e+01 2.859998e-01 3.354847e+01
         vertex 5.702819e+01 2.859998e-01 3.341465e+01
         vertex 6.340635e+01 2.859998e-01 3.341465e+01
      endloop
   endfacet
   facet normal -0.000000e+00 -1.000000e+00 0.000000e+00
      outer loop
         vertex 6.340635e+01 2.859998e-01 3.341465e+01
         vertex 5.702819e+01 2.859998e-01 3.341465e+01
         vertex 5.704465e+01 2.859998e-01 3.328965e+01
      endloop
   endfacet
   facet normal 0.000000e+00 -1.000000e+00 -0.000000e+00
      outer loop
         vertex 6.340635e+01 2.859998e-01 3.341465e+01
         vertex 5.704465e+01 2.859998e-01 3.328965e+01
         vertex 6.340635e+01 2.859998e-01 2.923965e+01
      endloop
   endfacet
   facet normal 0.000000e+00 -1.000000e+00 0.000000e+00
      outer loop
         vertex 6.340635e+01 2.859998e-01 2.923965e+01
         vertex 5.704465e+01 2.859998e-01 3.328965e+01
         vertex 5.701057e+01 2.859998e-01 3.303083e+01
      endloop
   endfacet
   facet normal 0.000000e+00 -1.000000e+00 0.000000e+00
      outer loop
         vertex 6.340635e+01 2.859998e-01 2.923965e+01
         vertex 5.701057e+01 2.859998e-01 3.303083e+01
         vertex 5.691067e+01 2.859998e-01 3.278965e+01
      endloop
   endfacet
   facet normal -0.000000e+00 -1.000000e+00 0.000000e+00
      outer loop
         vertex 5.578583e+01 2.859998e-01 3.232372e+01
         vertex 5.554465e+01 2.859998e-01 3.242362e+01
         vertex 4.905472e+01 2.859998e-01 2.923965e+01
      endloop
   endfacet
   facet normal 0.000000e+00 -1.000000e+00 0.000000e+00
      outer loop
         vertex 4.905472e+01 2.859998e-01 2.923965e+01
         vertex 5.554465e+01 2.859998e-01 3.242362e+01
         vertex 5.533754e+01 2.859998e-01 3.258254e+01
      endloop
   endfacet
   facet normal 0.000000e+00 -1.000000e+00 0.000000e+00
      outer loop
         vertex 4.905472e+01 2.859998e-01 2.923965e+01
         vertex 5.533754e+01 2.859998e-01 3.258254e+01
         vertex 5.517862e+01 2.859998e-01 3.278965e+01
      endloop
   endfacet
   facet normal 0.000000e+00 -1.000000e+00 0.000000e+00
      outer loop
         vertex 5.554465e+01 2.859998e-01 1.365567e+01
         vertex 5.578583e+01 2.859998e-01 1.375557e+01
         vertex 4.905472e+01 2.859998e-01 1.683965e+01
      endloop
   endfacet
   facet normal 0.000000e+00 -1.000000e+00 0.000000e+00
      outer loop
         vertex 4.905472e+01 2.859998e-01 1.683965e+01
         vertex 5.578583e+01 2.859998e-01 1.375557e+01
         vertex 5.604465e+01 2.859998e-01 1.378965e+01
      endloop
   endfacet
   facet normal 0.000000e+00 -1.000000e+00 0.000000e+00
      outer loop
         vertex 5.675175e+01 2.859998e-01 1.349675e+01
         vertex 6.340635e+01 2.859998e-01 1.683965e+01
         vertex 5.654465e+01 2.859998e-01 1.365567e+01
      endloop
   endfacet
   facet normal 0.000000e+00 -1.000000e+00 0.000000e+00
      outer loop
         vertex 5.654465e+01 2.859998e-01 1.365567e+01
         vertex 6.340635e+01 2.859998e-01 1.683965e+01
         vertex 5.630346e+01 2.859998e-01 1.375557e+01
      endloop
   endfacet
   facet normal 0.000000e+00 -1.000000e+00 0.000000e+00
      outer loop
         vertex 5.675175e+01 2.859998e-01 1.349675e+01
         vertex 5.691067e+01 2.859998e-01 1.328965e+01
         vertex 6.340635e+01 2.859998e-01 1.683965e+01
      endloop
   endfacet
   facet normal 0.000000e+00 -1.000000e+00 0.000000e+00
      outer loop
         vertex 6.340635e+01 2.859998e-01 1.683965e+01
         vertex 5.691067e+01 2.859998e-01 1.328965e+01
         vertex 5.701057e+01 2.859998e-01 1.304847e+01
      endloop
   endfacet
   facet normal 0.000000e+00 -1.000000e+00 -0.000000e+00
      outer loop
         vertex 6.340635e+01 2.859998e-01 1.683965e+01
         vertex 5.701057e+01 2.859998e-01 1.304847e+01
         vertex 6.340635e+01 2.859998e-01 1.266465e+01
      endloop
   endfacet
   facet normal 0.000000e+00 -1.000000e+00 0.000000e+00
      outer loop
         vertex 6.340635e+01 2.859998e-01 1.266465e+01
         vertex 5.701057e+01 2.859998e-01 1.304847e+01
         vertex 5.704465e+01 2.859998e-01 1.278965e+01
      endloop
   endfacet
   facet normal 0.000000e+00 -1.000000e+00 0.000000e+00
      outer loop
         vertex 6.340635e+01 2.859998e-01 1.266465e+01
         vertex 5.704465e+01 2.859998e-01 1.278965e+01
         vertex 5.702819e+01 2.859998e-01 1.266465e+01
      endloop
   endfacet
   facet normal 0.000000e+00 -1.000000e+00 0.000000e+00
      outer loop
         vertex 5.504465e+01 2.859998e-01 1.278965e+01
         vertex 5.507872e+01 2.859998e-01 1.304847e+01
         vertex 4.905472e+01 2.859998e-01 1.683965e+01
      endloop
   endfacet
   facet normal 0.000000e+00 -1.000000e+00 0.000000e+00
      outer loop
         vertex 5.507872e+01 2.859998e-01 1.304847e+01
         vertex 5.517862e+01 2.859998e-01 1.328965e+01
         vertex 4.905472e+01 2.859998e-01 1.683965e+01
      endloop
   endfacet
   facet normal 0.000000e+00 -1.000000e+00 0.000000e+00
      outer loop
         vertex 4.905472e+01 2.859998e-01 1.683965e+01
         vertex 5.517862e+01 2.859998e-01 1.328965e+01
         vertex 5.533754e+01 2.859998e-01 1.349675e+01
      endloop
   endfacet
   facet normal 0.000000e+00 -1.000000e+00 0.000000e+00
      outer loop
         vertex 4.905472e+01 2.859998e-01 1.683965e+01
         vertex 5.533754e+01 2.859998e-01 1.349675e+01
         vertex 5.554465e+01 2.859998e-01 1.365567e+01
      endloop
   endfacet
   facet normal -0.000000e+00 -1.000000e+00 0.000000e+00
      outer loop
         vertex 5.517862e+01 2.859998e-01 3.278965e+01
         vertex 5.507872e+01 2.859998e-01 3.303083e+01
         vertex 4.905472e+01 2.859998e-01 2.923965e+01
      endloop
   endfacet
   facet normal 0.000000e+00 -1.000000e+00 0.000000e+00
      outer loop
         vertex 4.905472e+01 2.859998e-01 2.923965e+01
         vertex 5.507872e+01 2.859998e-01 3.303083e+01
         vertex 4.905472e+01 2.859998e-01 3.341465e+01
      endloop
   endfacet
   facet normal 0.000000e+00 -1.000000e+00 0.000000e+00
      outer loop
         vertex 4.905472e+01 2.859998e-01 2.923965e+01
         vertex 4.905472e+01 2.859998e-01 3.341465e+01
         vertex 4.306480e+01 2.859998e-01 3.253965e+01
      endloop
   endfacet
   facet normal 0.000000e+00 -1.000000e+00 0.000000e+00
      outer loop
         vertex 4.306480e+01 2.859998e-01 3.253965e+01
         vertex 4.905472e+01 2.859998e-01 3.341465e+01
         vertex 3.468215e+01 2.859998e-01 3.341465e+01
      endloop
   endfacet
   facet normal 0.000000e+00 -1.000000e+00 0.000000e+00
      outer loop
         vertex 4.306480e+01 2.859998e-01 3.253965e+01
         vertex 3.468215e+01 2.859998e-01 3.341465e+01
         vertex 3.494465e+01 2.859998e-01 3.253965e+01
      endloop
   endfacet
   facet normal 0.000000e+00 -1.000000e+00 0.000000e+00
      outer loop
         vertex 4.306480e+01 2.859998e-01 1.683965e+01
         vertex 4.306480e+01 2.859998e-01 1.353965e+01
         vertex 4.905472e+01 2.859998e-01 1.266465e+01
      endloop
   endfacet
   facet normal 0.000000e+00 -1.000000e+00 0.000000e+00
      outer loop
         vertex 4.905472e+01 2.859998e-01 1.266465e+01
         vertex 4.306480e+01 2.859998e-01 1.353965e+01
         vertex 3.468215e+01 2.859998e-01 1.266465e+01
      endloop
   endfacet
   facet normal -0.000000e+00 -1.000000e+00 0.000000e+00
      outer loop
         vertex 4.905472e+01 2.859998e-01 1.266465e+01
         vertex 3.468215e+01 2.859998e-01 1.266465e+01
         vertex 4.196156e+01 2.859998e-01 1.047794e+01
      endloop
   endfacet
   facet normal -0.000000e+00 -1.000000e+00 0.000000e+00
      outer loop
         vertex 4.196156e+01 2.859998e-01 1.047794e+01
         vertex 3.468215e+01 2.859998e-01 1.266465e+01
         vertex 4.100117e+01 2.859998e-01 9.156954e+00
      endloop
   endfacet
   facet normal 0.000000e+00 -1.000000e+00 0.000000e+00
      outer loop
         vertex 4.306480e+01 2.859998e-01 3.253965e+01
         vertex 4.306480e+01 2.859998e-01 2.923965e+01
         vertex 4.905472e+01 2.859998e-01 2.923965e+01
      endloop
   endfacet
   facet normal -0.000000e+00 -1.000000e+00 0.000000e+00
      outer loop
         vertex 4.905472e+01 2.859998e-01 2.923965e+01
         vertex 4.306480e+01 2.859998e-01 2.923965e+01
         vertex 4.306480e+01 2.859998e-01 2.536465e+01
      endloop
   endfacet
   facet normal 0.000000e+00 -1.000000e+00 -0.000000e+00
      outer loop
         vertex 4.905472e+01 2.859998e-01 2.923965e+01
         vertex 4.306480e+01 2.859998e-01 2.536465e+01
         vertex 4.905472e+01 2.859998e-01 2.536465e+01
      endloop
   endfacet
   facet normal -0.000000e+00 -1.000000e+00 0.000000e+00
      outer loop
         vertex 4.905472e+01 2.859998e-01 2.536465e+01
         vertex 4.306480e+01 2.859998e-01 2.536465e+01
         vertex 4.306480e+01 2.859998e-01 1.683965e+01
      endloop
   endfacet
   facet normal 0.000000e+00 -1.000000e+00 -0.000000e+00
      outer loop
         vertex 4.905472e+01 2.859998e-01 2.536465e+01
         vertex 4.306480e+01 2.859998e-01 1.683965e+01
         vertex 4.905472e+01 2.859998e-01 1.683965e+01
      endloop
   endfacet
   facet normal -0.000000e+00 -1.000000e+00 -0.000000e+00
      outer loop
         vertex 4.905472e+01 2.859998e-01 1.683965e+01
         vertex 4.306480e+01 2.859998e-01 1.683965e+01
         vertex 4.905472e+01 2.859998e-01 1.266465e+01
      endloop
   endfacet
   facet normal 0.000000e+00 -1.000000e+00 0.000000e+00
      outer loop
         vertex 4.905472e+01 2.859998e-01 1.683965e+01
         vertex 4.905472e+01 2.859998e-01 1.266465e+01
         vertex 5.504465e+01 2.859998e-01 1.278965e+01
      endloop
   endfacet
   facet normal 0.000000e+00 -1.000000e+00 -0.000000e+00
      outer loop
         vertex 5.504465e+01 2.859998e-01 1.278965e+01
         vertex 4.905472e+01 2.859998e-01 1.266465e+01
         vertex 5.506110e+01 2.859998e-01 1.266465e+01
      endloop
   endfacet
   facet normal 0.000000e+00 -1.000000e+00 -0.000000e+00
      outer loop
         vertex 5.604465e+01 2.859998e-01 3.228965e+01
         vertex 4.905472e+01 2.859998e-01 2.923965e+01
         vertex 6.340635e+01 2.859998e-01 2.923965e+01
      endloop
   endfacet
   facet normal -0.000000e+00 -1.000000e+00 0.000000e+00
      outer loop
         vertex 6.340635e+01 2.859998e-01 2.923965e+01
         vertex 4.905472e+01 2.859998e-01 2.923965e+01
         vertex 4.905472e+01 2.859998e-01 2.536465e+01
      endloop
   endfacet
   facet normal 0.000000e+00 -1.000000e+00 -0.000000e+00
      outer loop
         vertex 6.340635e+01 2.859998e-01 2.923965e+01
         vertex 4.905472e+01 2.859998e-01 2.536465e+01
         vertex 6.340635e+01 2.859998e-01 2.536465e+01
      endloop
   endfacet
   facet normal -0.000000e+00 -1.000000e+00 0.000000e+00
      outer loop
         vertex 6.340635e+01 2.859998e-01 2.536465e+01
         vertex 4.905472e+01 2.859998e-01 2.536465e+01
         vertex 4.905472e+01 2.859998e-01 1.683965e+01
      endloop
   endfacet
   facet normal 0.000000e+00 -1.000000e+00 -0.000000e+00
      outer loop
         vertex 6.340635e+01 2.859998e-01 2.536465e+01
         vertex 4.905472e+01 2.859998e-01 1.683965e+01
         vertex 6.340635e+01 2.859998e-01 1.683965e+01
      endloop
   endfacet
   facet normal -0.000000e+00 -1.000000e+00 0.000000e+00
      outer loop
         vertex 6.340635e+01 2.859998e-01 1.683965e+01
         vertex 4.905472e+01 2.859998e-01 1.683965e+01
         vertex 5.604465e+01 2.859998e-01 1.378965e+01
      endloop
   endfacet
   facet normal 0.000000e+00 -1.000000e+00 0.000000e+00
      outer loop
         vertex 6.340635e+01 2.859998e-01 1.683965e+01
         vertex 5.604465e+01 2.859998e-01 1.378965e+01
         vertex 5.630346e+01 2.859998e-01 1.375557e+01
      endloop
   endfacet
   facet normal -0.000000e+00 -1.000000e+00 0.000000e+00
      outer loop
         vertex 4.306480e+01 2.859998e-01 1.353965e+01
         vertex 3.494465e+01 2.859998e-01 1.353965e+01
         vertex 3.468215e+01 2.859998e-01 1.266465e+01
      endloop
   endfacet
   facet normal 0.000000e+00 -1.000000e+00 0.000000e+00
      outer loop
         vertex 3.468215e+01 2.859998e-01 1.266465e+01
         vertex 3.494465e+01 2.859998e-01 1.353965e+01
         vertex 3.468215e+01 2.859998e-01 1.683965e+01
      endloop
   endfacet
   facet normal 0.000000e+00 -1.000000e+00 0.000000e+00
      outer loop
         vertex 3.468215e+01 2.859998e-01 1.266465e+01
         vertex 3.468215e+01 2.859998e-01 1.683965e+01
         vertex 3.350715e+01 2.859998e-01 1.266465e+01
      endloop
   endfacet
   facet normal 0.000000e+00 -1.000000e+00 0.000000e+00
      outer loop
         vertex 3.350715e+01 2.859998e-01 1.266465e+01
         vertex 3.468215e+01 2.859998e-01 1.683965e+01
         vertex 3.350715e+01 2.859998e-01 1.683965e+01
      endloop
   endfacet
   facet normal 0.000000e+00 -1.000000e+00 0.000000e+00
      outer loop
         vertex 3.350715e+01 2.859998e-01 1.266465e+01
         vertex 3.350715e+01 2.859998e-01 1.683965e+01
         vertex 3.246067e+01 2.859998e-01 1.328965e+01
      endloop
   endfacet
   facet normal 0.000000e+00 -1.000000e+00 0.000000e+00
      outer loop
         vertex 3.246067e+01 2.859998e-01 1.328965e+01
         vertex 3.350715e+01 2.859998e-01 1.683965e+01
         vertex 3.230175e+01 2.859998e-01 1.349675e+01
      endloop
   endfacet
   facet normal 0.000000e+00 -1.000000e+00 0.000000e+00
      outer loop
         vertex 3.494465e+01 2.859998e-01 2.923965e+01
         vertex 3.494465e+01 2.859998e-01 3.253965e+01
         vertex 3.468215e+01 2.859998e-01 2.923965e+01
      endloop
   endfacet
   facet normal 0.000000e+00 -1.000000e+00 0.000000e+00
      outer loop
         vertex 3.468215e+01 2.859998e-01 2.923965e+01
         vertex 3.494465e+01 2.859998e-01 3.253965e+01
         vertex 3.468215e+01 2.859998e-01 3.341465e+01
      endloop
   endfacet
   facet normal 0.000000e+00 -1.000000e+00 0.000000e+00
      outer loop
         vertex 3.468215e+01 2.859998e-01 2.923965e+01
         vertex 3.468215e+01 2.859998e-01 3.341465e+01
         vertex 3.350715e+01 2.859998e-01 2.923965e+01
      endloop
   endfacet
   facet normal 0.000000e+00 -1.000000e+00 0.000000e+00
      outer loop
         vertex 3.350715e+01 2.859998e-01 2.923965e+01
         vertex 3.468215e+01 2.859998e-01 3.341465e+01
         vertex 3.350715e+01 2.859998e-01 3.341465e+01
      endloop
   endfacet
   facet normal 0.000000e+00 -1.000000e+00 0.000000e+00
      outer loop
         vertex 3.350715e+01 2.859998e-01 2.923965e+01
         vertex 3.350715e+01 2.859998e-01 3.341465e+01
         vertex 3.256057e+01 2.859998e-01 3.303083e+01
      endloop
   endfacet
   facet normal 0.000000e+00 -1.000000e+00 0.000000e+00
      outer loop
         vertex 3.256057e+01 2.859998e-01 3.303083e+01
         vertex 3.350715e+01 2.859998e-01 3.341465e+01
         vertex 3.259465e+01 2.859998e-01 3.328965e+01
      endloop
   endfacet
   facet normal 0.000000e+00 -1.000000e+00 0.000000e+00
      outer loop
         vertex 3.230175e+01 2.859998e-01 3.399675e+01
         vertex 3.246067e+01 2.859998e-01 3.378965e+01
         vertex 3.350715e+01 2.859998e-01 3.625014e+01
      endloop
   endfacet
   facet normal 0.000000e+00 -1.000000e+00 -0.000000e+00
      outer loop
         vertex 3.350715e+01 2.859998e-01 3.625014e+01
         vertex 3.246067e+01 2.859998e-01 3.378965e+01
         vertex 3.350715e+01 2.859998e-01 3.341465e+01
      endloop
   endfacet
   facet normal 0.000000e+00 -1.000000e+00 0.000000e+00
      outer loop
         vertex 3.350715e+01 2.859998e-01 3.625014e+01
         vertex 3.350715e+01 2.859998e-01 3.341465e+01
         vertex 3.468215e+01 2.859998e-01 3.625014e+01
      endloop
   endfacet
   facet normal 0.000000e+00 -1.000000e+00 -0.000000e+00
      outer loop
         vertex 3.468215e+01 2.859998e-01 3.625014e+01
         vertex 3.350715e+01 2.859998e-01 3.341465e+01
         vertex 3.468215e+01 2.859998e-01 3.341465e+01
      endloop
   endfacet
   facet normal 0.000000e+00 -1.000000e+00 0.000000e+00
      outer loop
         vertex 3.468215e+01 2.859998e-01 3.625014e+01
         vertex 3.468215e+01 2.859998e-01 3.341465e+01
         vertex 4.196156e+01 2.859998e-01 3.560135e+01
      endloop
   endfacet
   facet normal 0.000000e+00 -1.000000e+00 -0.000000e+00
      outer loop
         vertex 4.196156e+01 2.859998e-01 3.560135e+01
         vertex 3.468215e+01 2.859998e-01 3.341465e+01
         vertex 4.905472e+01 2.859998e-01 3.341465e+01
      endloop
   endfacet
   facet normal 0.000000e+00 -1.000000e+00 0.000000e+00
      outer loop
         vertex 4.196156e+01 2.859998e-01 3.560135e+01
         vertex 4.905472e+01 2.859998e-01 3.341465e+01
         vertex 4.905472e+01 2.859998e-01 3.560135e+01
      endloop
   endfacet
   facet normal 0.000000e+00 -1.000000e+00 0.000000e+00
      outer loop
         vertex 4.905472e+01 2.859998e-01 3.560135e+01
         vertex 4.905472e+01 2.859998e-01 3.341465e+01
         vertex 5.506110e+01 2.859998e-01 3.341465e+01
      endloop
   endfacet
   facet normal 0.000000e+00 -1.000000e+00 0.000000e+00
      outer loop
         vertex 4.905472e+01 2.859998e-01 3.560135e+01
         vertex 5.506110e+01 2.859998e-01 3.341465e+01
         vertex 5.507872e+01 2.859998e-01 3.354847e+01
      endloop
   endfacet
   facet normal 0.000000e+00 -1.000000e+00 0.000000e+00
      outer loop
         vertex 3.494465e+01 2.859998e-01 1.683965e+01
         vertex 3.494465e+01 2.859998e-01 2.536465e+01
         vertex 3.468215e+01 2.859998e-01 1.683965e+01
      endloop
   endfacet
   facet normal 0.000000e+00 -1.000000e+00 0.000000e+00
      outer loop
         vertex 3.468215e+01 2.859998e-01 1.683965e+01
         vertex 3.494465e+01 2.859998e-01 2.536465e+01
         vertex 3.468215e+01 2.859998e-01 2.536465e+01
      endloop
   endfacet
   facet normal 0.000000e+00 -1.000000e+00 0.000000e+00
      outer loop
         vertex 3.468215e+01 2.859998e-01 1.683965e+01
         vertex 3.468215e+01 2.859998e-01 2.536465e+01
         vertex 3.350715e+01 2.859998e-01 1.683965e+01
      endloop
   endfacet
   facet normal 0.000000e+00 -1.000000e+00 0.000000e+00
      outer loop
         vertex 3.350715e+01 2.859998e-01 1.683965e+01
         vertex 3.468215e+01 2.859998e-01 2.536465e+01
         vertex 3.350715e+01 2.859998e-01 2.536465e+01
      endloop
   endfacet
   facet normal 0.000000e+00 -1.000000e+00 0.000000e+00
      outer loop
         vertex 3.350715e+01 2.859998e-01 1.683965e+01
         vertex 3.350715e+01 2.859998e-01 2.536465e+01
         vertex 3.100715e+01 2.859998e-01 1.683965e+01
      endloop
   endfacet
   facet normal 0.000000e+00 -1.000000e+00 0.000000e+00
      outer loop
         vertex 3.100715e+01 2.859998e-01 1.683965e+01
         vertex 3.350715e+01 2.859998e-01 2.536465e+01
         vertex 3.100715e+01 2.859998e-01 2.536465e+01
      endloop
   endfacet
   facet normal 0.000000e+00 -1.000000e+00 0.000000e+00
      outer loop
         vertex 3.100715e+01 2.859998e-01 1.683965e+01
         vertex 3.100715e+01 2.859998e-01 2.536465e+01
         vertex 2.851965e+01 2.859998e-01 1.683965e+01
      endloop
   endfacet
   facet normal 0.000000e+00 -1.000000e+00 0.000000e+00
      outer loop
         vertex 2.851965e+01 2.859998e-01 1.683965e+01
         vertex 3.100715e+01 2.859998e-01 2.536465e+01
         vertex 2.851965e+01 2.859998e-01 2.536465e+01
      endloop
   endfacet
   facet normal 0.000000e+00 -1.000000e+00 0.000000e+00
      outer loop
         vertex 2.851965e+01 2.859998e-01 1.683965e+01
         vertex 2.851965e+01 2.859998e-01 2.536465e+01
         vertex 2.644465e+01 2.859998e-01 2.303965e+01
      endloop
   endfacet
   facet normal 0.000000e+00 -1.000000e+00 0.000000e+00
      outer loop
         vertex 2.644465e+01 2.859998e-01 2.303965e+01
         vertex 2.851965e+01 2.859998e-01 2.536465e+01
         vertex 2.633731e+01 2.859998e-01 2.385493e+01
      endloop
   endfacet
   facet normal 0.000000e+00 -1.000000e+00 0.000000e+00
      outer loop
         vertex 3.494465e+01 2.859998e-01 2.536465e+01
         vertex 3.494465e+01 2.859998e-01 2.923965e+01
         vertex 3.468215e+01 2.859998e-01 2.536465e+01
      endloop
   endfacet
   facet normal 0.000000e+00 -1.000000e+00 0.000000e+00
      outer loop
         vertex 3.468215e+01 2.859998e-01 2.536465e+01
         vertex 3.494465e+01 2.859998e-01 2.923965e+01
         vertex 3.468215e+01 2.859998e-01 2.923965e+01
      endloop
   endfacet
   facet normal 0.000000e+00 -1.000000e+00 0.000000e+00
      outer loop
         vertex 3.468215e+01 2.859998e-01 2.536465e+01
         vertex 3.468215e+01 2.859998e-01 2.923965e+01
         vertex 3.350715e+01 2.859998e-01 2.536465e+01
      endloop
   endfacet
   facet normal 0.000000e+00 -1.000000e+00 0.000000e+00
      outer loop
         vertex 3.350715e+01 2.859998e-01 2.536465e+01
         vertex 3.468215e+01 2.859998e-01 2.923965e+01
         vertex 3.350715e+01 2.859998e-01 2.923965e+01
      endloop
   endfacet
   facet normal 0.000000e+00 -1.000000e+00 0.000000e+00
      outer loop
         vertex 3.350715e+01 2.859998e-01 2.536465e+01
         vertex 3.350715e+01 2.859998e-01 2.923965e+01
         vertex 3.100715e+01 2.859998e-01 2.536465e+01
      endloop
   endfacet
   facet normal 0.000000e+00 -1.000000e+00 0.000000e+00
      outer loop
         vertex 3.100715e+01 2.859998e-01 2.536465e+01
         vertex 3.350715e+01 2.859998e-01 2.923965e+01
         vertex 3.100715e+01 2.859998e-01 2.923965e+01
      endloop
   endfacet
   facet normal 0.000000e+00 -1.000000e+00 0.000000e+00
      outer loop
         vertex 3.100715e+01 2.859998e-01 2.536465e+01
         vertex 3.100715e+01 2.859998e-01 2.923965e+01
         vertex 2.851965e+01 2.859998e-01 2.536465e+01
      endloop
   endfacet
   facet normal 0.000000e+00 -1.000000e+00 0.000000e+00
      outer loop
         vertex 2.851965e+01 2.859998e-01 2.536465e+01
         vertex 3.100715e+01 2.859998e-01 2.923965e+01
         vertex 2.851965e+01 2.859998e-01 2.923965e+01
      endloop
   endfacet
   facet normal 0.000000e+00 -1.000000e+00 0.000000e+00
      outer loop
         vertex 2.851965e+01 2.859998e-01 2.536465e+01
         vertex 2.851965e+01 2.859998e-01 2.923965e+01
         vertex 2.486965e+01 2.859998e-01 2.576763e+01
      endloop
   endfacet
   facet normal 0.000000e+00 -1.000000e+00 0.000000e+00
      outer loop
         vertex 2.486965e+01 2.859998e-01 2.576763e+01
         vertex 2.851965e+01 2.859998e-01 2.923965e+01
         vertex 2.410993e+01 2.859998e-01 2.608231e+01
      endloop
   endfacet
   facet normal -0.000000e+00 -1.000000e+00 0.000000e+00
      outer loop
         vertex 3.059465e+01 2.859998e-01 1.278965e+01
         vertex 3.062872e+01 2.859998e-01 1.304847e+01
         vertex 2.851965e+01 2.859998e-01 1.266465e+01
      endloop
   endfacet
   facet normal 0.000000e+00 -1.000000e+00 0.000000e+00
      outer loop
         vertex 2.851965e+01 2.859998e-01 1.266465e+01
         vertex 3.062872e+01 2.859998e-01 1.304847e+01
         vertex 2.851965e+01 2.859998e-01 1.683965e+01
      endloop
   endfacet
   facet normal 0.000000e+00 -1.000000e+00 0.000000e+00
      outer loop
         vertex 2.851965e+01 2.859998e-01 1.266465e+01
         vertex 2.851965e+01 2.859998e-01 1.683965e+01
         vertex 1.284464e+01 2.859998e-01 1.266465e+01
      endloop
   endfacet
   facet normal 0.000000e+00 -1.000000e+00 0.000000e+00
      outer loop
         vertex 1.284464e+01 2.859998e-01 1.266465e+01
         vertex 2.851965e+01 2.859998e-01 1.683965e+01
         vertex 1.284464e+01 2.859998e-01 1.683965e+01
      endloop
   endfacet
   facet normal 0.000000e+00 -1.000000e+00 0.000000e+00
      outer loop
         vertex 1.284464e+01 2.859998e-01 1.266465e+01
         vertex 1.284464e+01 2.859998e-01 1.683965e+01
         vertex 2.684407e+00 2.859998e-01 1.401368e+01
      endloop
   endfacet
   facet normal 0.000000e+00 -1.000000e+00 0.000000e+00
      outer loop
         vertex 2.684407e+00 2.859998e-01 1.401368e+01
         vertex 1.284464e+01 2.859998e-01 1.683965e+01
         vertex 1.864273e+00 2.859998e-01 1.618478e+01
      endloop
   endfacet
   facet normal 0.000000e+00 -1.000000e+00 -0.000000e+00
      outer loop
         vertex 1.595117e+01 2.859998e-01 4.430754e+01
         vertex 1.284464e+01 2.859998e-01 3.625014e+01
         vertex 2.851965e+01 2.859998e-01 3.625014e+01
      endloop
   endfacet
   facet normal -0.000000e+00 -1.000000e+00 0.000000e+00
      outer loop
         vertex 2.851965e+01 2.859998e-01 3.625014e+01
         vertex 1.284464e+01 2.859998e-01 3.625014e+01
         vertex 1.284464e+01 2.859998e-01 3.341465e+01
      endloop
   endfacet
   facet normal 0.000000e+00 -1.000000e+00 -0.000000e+00
      outer loop
         vertex 2.851965e+01 2.859998e-01 3.625014e+01
         vertex 1.284464e+01 2.859998e-01 3.341465e+01
         vertex 2.851965e+01 2.859998e-01 3.341465e+01
      endloop
   endfacet
   facet normal -0.000000e+00 -1.000000e+00 0.000000e+00
      outer loop
         vertex 2.851965e+01 2.859998e-01 3.341465e+01
         vertex 1.284464e+01 2.859998e-01 3.341465e+01
         vertex 1.284464e+01 2.859998e-01 2.923965e+01
      endloop
   endfacet
   facet normal 0.000000e+00 -1.000000e+00 -0.000000e+00
      outer loop
         vertex 2.851965e+01 2.859998e-01 3.341465e+01
         vertex 1.284464e+01 2.859998e-01 2.923965e+01
         vertex 2.851965e+01 2.859998e-01 2.923965e+01
      endloop
   endfacet
   facet normal -0.000000e+00 -1.000000e+00 0.000000e+00
      outer loop
         vertex 2.851965e+01 2.859998e-01 2.923965e+01
         vertex 1.284464e+01 2.859998e-01 2.923965e+01
         vertex 2.247937e+01 2.859998e-01 2.608231e+01
      endloop
   endfacet
   facet normal 0.000000e+00 -1.000000e+00 0.000000e+00
      outer loop
         vertex 2.851965e+01 2.859998e-01 2.923965e+01
         vertex 2.247937e+01 2.859998e-01 2.608231e+01
         vertex 2.329465e+01 2.859998e-01 2.618965e+01
      endloop
   endfacet
   facet normal 0.000000e+00 1.000000e+00 -0.000000e+00
      outer loop
         vertex 1.864273e+00 3.286000e+00 1.618478e+01
         vertex 1.691479e+00 3.286000e+00 1.683965e+01
         vertex 1.284464e+01 3.286000e+00 1.683965e+01
      endloop
   endfacet
   facet normal 0.000000e+00 1.000000e+00 0.000000e+00
      outer loop
         vertex 3.366965e+01 3.286000e+00 7.667695e+00
         vertex 3.350715e+01 3.286000e+00 7.735006e+00
         vertex 3.350715e+01 3.286000e+00 1.266465e+01
      endloop
   endfacet
   facet normal 0.000000e+00 1.000000e+00 0.000000e+00
      outer loop
         vertex 3.059465e+01 3.286000e+00 1.278965e+01
         vertex 3.061110e+01 3.286000e+00 1.266465e+01
         vertex 2.851965e+01 3.286000e+00 1.266465e+01
      endloop
   endfacet
   facet normal 0.000000e+00 1.000000e+00 0.000000e+00
      outer loop
         vertex 3.159465e+01 3.286000e+00 1.178965e+01
         vertex 3.253142e+01 3.286000e+00 7.817546e+00
         vertex 3.216965e+01 3.286000e+00 7.667695e+00
      endloop
   endfacet
   facet normal 0.000000e+00 1.000000e+00 0.000000e+00
      outer loop
         vertex 3.141965e+01 3.286000e+00 6.368658e+00
         vertex 3.147076e+01 3.286000e+00 5.980428e+00
         vertex 3.100715e+01 3.286000e+00 1.932919e+00
      endloop
   endfacet
   facet normal 0.000000e+00 1.000000e+00 0.000000e+00
      outer loop
         vertex 3.100715e+01 3.286000e+00 1.932919e+00
         vertex 3.147076e+01 3.286000e+00 5.980428e+00
         vertex 3.162061e+01 3.286000e+00 5.618658e+00
      endloop
   endfacet
   facet normal 0.000000e+00 1.000000e+00 0.000000e+00
      outer loop
         vertex 3.291965e+01 3.286000e+00 4.868658e+00
         vertex 3.350715e+01 3.286000e+00 3.013026e+00
         vertex 3.253142e+01 3.286000e+00 4.919769e+00
      endloop
   endfacet
   facet normal 0.000000e+00 1.000000e+00 0.000000e+00
      outer loop
         vertex 3.253142e+01 3.286000e+00 4.919769e+00
         vertex 3.350715e+01 3.286000e+00 3.013026e+00
         vertex 3.184660e+01 3.286000e+00 2.228254e+00
      endloop
   endfacet
   facet normal 0.000000e+00 1.000000e+00 0.000000e+00
      outer loop
         vertex 3.253142e+01 3.286000e+00 4.919769e+00
         vertex 3.184660e+01 3.286000e+00 2.228254e+00
         vertex 3.216965e+01 3.286000e+00 5.069619e+00
      endloop
   endfacet
   facet normal 0.000000e+00 1.000000e+00 0.000000e+00
      outer loop
         vertex 3.216965e+01 3.286000e+00 5.069619e+00
         vertex 3.184660e+01 3.286000e+00 2.228254e+00
         vertex 3.100715e+01 3.286000e+00 1.932919e+00
      endloop
   endfacet
   facet normal 0.000000e+00 1.000000e+00 0.000000e+00
      outer loop
         vertex 3.216965e+01 3.286000e+00 5.069619e+00
         vertex 3.100715e+01 3.286000e+00 1.932919e+00
         vertex 3.185899e+01 3.286000e+00 5.307997e+00
      endloop
   endfacet
   facet normal 0.000000e+00 1.000000e+00 0.000000e+00
      outer loop
         vertex 3.185899e+01 3.286000e+00 5.307997e+00
         vertex 3.100715e+01 3.286000e+00 1.932919e+00
         vertex 3.162061e+01 3.286000e+00 5.618658e+00
      endloop
   endfacet
   facet normal 0.000000e+00 1.000000e+00 -0.000000e+00
      outer loop
         vertex 3.253142e+01 3.286000e+00 7.817546e+00
         vertex 3.159465e+01 3.286000e+00 1.178965e+01
         vertex 3.291965e+01 3.286000e+00 7.868658e+00
      endloop
   endfacet
   facet normal 0.000000e+00 1.000000e+00 0.000000e+00
      outer loop
         vertex 3.291965e+01 3.286000e+00 7.868658e+00
         vertex 3.159465e+01 3.286000e+00 1.178965e+01
         vertex 3.185347e+01 3.286000e+00 1.182372e+01
      endloop
   endfacet
   facet normal -0.000000e+00 1.000000e+00 -0.000000e+00
      outer loop
         vertex 3.291965e+01 3.286000e+00 7.868658e+00
         vertex 3.185347e+01 3.286000e+00 1.182372e+01
         vertex 3.330787e+01 3.286000e+00 7.817546e+00
      endloop
   endfacet
   facet normal 0.000000e+00 1.000000e+00 0.000000e+00
      outer loop
         vertex 3.216965e+01 3.286000e+00 7.667695e+00
         vertex 3.185899e+01 3.286000e+00 7.429318e+00
         vertex 3.159465e+01 3.286000e+00 1.178965e+01
      endloop
   endfacet
   facet normal 0.000000e+00 1.000000e+00 0.000000e+00
      outer loop
         vertex 3.159465e+01 3.286000e+00 1.178965e+01
         vertex 3.185899e+01 3.286000e+00 7.429318e+00
         vertex 3.162061e+01 3.286000e+00 7.118657e+00
      endloop
   endfacet
   facet normal 0.000000e+00 1.000000e+00 0.000000e+00
      outer loop
         vertex 3.159465e+01 3.286000e+00 1.178965e+01
         vertex 3.162061e+01 3.286000e+00 7.118657e+00
         vertex 3.133583e+01 3.286000e+00 1.182372e+01
      endloop
   endfacet
   facet normal 0.000000e+00 1.000000e+00 -0.000000e+00
      outer loop
         vertex 3.147076e+01 3.286000e+00 6.756887e+00
         vertex 3.100715e+01 3.286000e+00 1.199076e+01
         vertex 3.162061e+01 3.286000e+00 7.118657e+00
      endloop
   endfacet
   facet normal 0.000000e+00 1.000000e+00 0.000000e+00
      outer loop
         vertex 3.162061e+01 3.286000e+00 7.118657e+00
         vertex 3.100715e+01 3.286000e+00 1.199076e+01
         vertex 3.109465e+01 3.286000e+00 1.192362e+01
      endloop
   endfacet
   facet normal 0.000000e+00 1.000000e+00 0.000000e+00
      outer loop
         vertex 3.162061e+01 3.286000e+00 7.118657e+00
         vertex 3.109465e+01 3.286000e+00 1.192362e+01
         vertex 3.133583e+01 3.286000e+00 1.182372e+01
      endloop
   endfacet
   facet normal -0.000000e+00 1.000000e+00 0.000000e+00
      outer loop
         vertex 3.185347e+01 3.286000e+00 1.182372e+01
         vertex 3.209465e+01 3.286000e+00 1.192362e+01
         vertex 3.330787e+01 3.286000e+00 7.817546e+00
      endloop
   endfacet
   facet normal 0.000000e+00 1.000000e+00 0.000000e+00
      outer loop
         vertex 3.330787e+01 3.286000e+00 7.817546e+00
         vertex 3.209465e+01 3.286000e+00 1.192362e+01
         vertex 3.230175e+01 3.286000e+00 1.208254e+01
      endloop
   endfacet
   facet normal -0.000000e+00 1.000000e+00 -0.000000e+00
      outer loop
         vertex 3.330787e+01 3.286000e+00 7.817546e+00
         vertex 3.230175e+01 3.286000e+00 1.208254e+01
         vertex 3.350715e+01 3.286000e+00 7.735006e+00
      endloop
   endfacet
   facet normal 0.000000e+00 1.000000e+00 0.000000e+00
      outer loop
         vertex 3.350715e+01 3.286000e+00 7.735006e+00
         vertex 3.230175e+01 3.286000e+00 1.208254e+01
         vertex 3.246067e+01 3.286000e+00 1.228965e+01
      endloop
   endfacet
   facet normal 0.000000e+00 1.000000e+00 -0.000000e+00
      outer loop
         vertex 3.350715e+01 3.286000e+00 7.735006e+00
         vertex 3.246067e+01 3.286000e+00 1.228965e+01
         vertex 3.350715e+01 3.286000e+00 1.266465e+01
      endloop
   endfacet
   facet normal 0.000000e+00 1.000000e+00 0.000000e+00
      outer loop
         vertex 3.350715e+01 3.286000e+00 1.266465e+01
         vertex 3.246067e+01 3.286000e+00 1.228965e+01
         vertex 3.256057e+01 3.286000e+00 1.253083e+01
      endloop
   endfacet
   facet normal 0.000000e+00 1.000000e+00 0.000000e+00
      outer loop
         vertex 3.350715e+01 3.286000e+00 1.266465e+01
         vertex 3.256057e+01 3.286000e+00 1.253083e+01
         vertex 3.257819e+01 3.286000e+00 1.266465e+01
      endloop
   endfacet
   facet normal 0.000000e+00 1.000000e+00 0.000000e+00
      outer loop
         vertex 3.147076e+01 3.286000e+00 6.756887e+00
         vertex 3.141965e+01 3.286000e+00 6.368658e+00
         vertex 3.100715e+01 3.286000e+00 1.199076e+01
      endloop
   endfacet
   facet normal 0.000000e+00 1.000000e+00 0.000000e+00
      outer loop
         vertex 3.100715e+01 3.286000e+00 1.199076e+01
         vertex 3.141965e+01 3.286000e+00 6.368658e+00
         vertex 3.100715e+01 3.286000e+00 1.932919e+00
      endloop
   endfacet
   facet normal 0.000000e+00 1.000000e+00 0.000000e+00
      outer loop
         vertex 3.100715e+01 3.286000e+00 1.199076e+01
         vertex 3.100715e+01 3.286000e+00 1.932919e+00
         vertex 3.088754e+01 3.286000e+00 1.208254e+01
      endloop
   endfacet
   facet normal 0.000000e+00 1.000000e+00 0.000000e+00
      outer loop
         vertex 3.061110e+01 3.286000e+00 1.266465e+01
         vertex 3.062872e+01 3.286000e+00 1.253083e+01
         vertex 2.851965e+01 3.286000e+00 1.266465e+01
      endloop
   endfacet
   facet normal 0.000000e+00 1.000000e+00 0.000000e+00
      outer loop
         vertex 2.851965e+01 3.286000e+00 1.266465e+01
         vertex 3.062872e+01 3.286000e+00 1.253083e+01
         vertex 3.072862e+01 3.286000e+00 1.228965e+01
      endloop
   endfacet
   facet normal 0.000000e+00 1.000000e+00 0.000000e+00
      outer loop
         vertex 2.851965e+01 3.286000e+00 1.266465e+01
         vertex 3.072862e+01 3.286000e+00 1.228965e+01
         vertex 2.851965e+01 3.286000e+00 1.185520e+00
      endloop
   endfacet
   facet normal 0.000000e+00 1.000000e+00 0.000000e+00
      outer loop
         vertex 2.851965e+01 3.286000e+00 1.185520e+00
         vertex 3.072862e+01 3.286000e+00 1.228965e+01
         vertex 3.088754e+01 3.286000e+00 1.208254e+01
      endloop
   endfacet
   facet normal 0.000000e+00 1.000000e+00 0.000000e+00
      outer loop
         vertex 2.851965e+01 3.286000e+00 1.185520e+00
         vertex 3.088754e+01 3.286000e+00 1.208254e+01
         vertex 2.965731e+01 3.286000e+00 1.458021e+00
      endloop
   endfacet
   facet normal 0.000000e+00 1.000000e+00 0.000000e+00
      outer loop
         vertex 2.965731e+01 3.286000e+00 1.458021e+00
         vertex 3.088754e+01 3.286000e+00 1.208254e+01
         vertex 3.100715e+01 3.286000e+00 1.932919e+00
      endloop
   endfacet
   facet normal 0.000000e+00 1.000000e+00 0.000000e+00
      outer loop
         vertex 3.100715e+01 3.286000e+00 1.358853e+01
         vertex 3.088754e+01 3.286000e+00 1.349675e+01
         vertex 2.851965e+01 3.286000e+00 1.683965e+01
      endloop
   endfacet
   facet normal 0.000000e+00 1.000000e+00 0.000000e+00
      outer loop
         vertex 2.851965e+01 3.286000e+00 1.683965e+01
         vertex 3.088754e+01 3.286000e+00 1.349675e+01
         vertex 3.072862e+01 3.286000e+00 1.328965e+01
      endloop
   endfacet
   facet normal 0.000000e+00 1.000000e+00 0.000000e+00
      outer loop
         vertex 2.851965e+01 3.286000e+00 1.683965e+01
         vertex 3.072862e+01 3.286000e+00 1.328965e+01
         vertex 2.851965e+01 3.286000e+00 1.266465e+01
      endloop
   endfacet
   facet normal 0.000000e+00 1.000000e+00 0.000000e+00
      outer loop
         vertex 2.851965e+01 3.286000e+00 1.266465e+01
         vertex 3.072862e+01 3.286000e+00 1.328965e+01
         vertex 3.062872e+01 3.286000e+00 1.304847e+01
      endloop
   endfacet
   facet normal 0.000000e+00 1.000000e+00 0.000000e+00
      outer loop
         vertex 2.851965e+01 3.286000e+00 1.266465e+01
         vertex 3.062872e+01 3.286000e+00 1.304847e+01
         vertex 3.059465e+01 3.286000e+00 1.278965e+01
      endloop
   endfacet
   facet normal 0.000000e+00 1.000000e+00 0.000000e+00
      outer loop
         vertex 3.185347e+01 3.286000e+00 1.375557e+01
         vertex 3.159465e+01 3.286000e+00 1.378965e+01
         vertex 3.100715e+01 3.286000e+00 1.683965e+01
      endloop
   endfacet
   facet normal 0.000000e+00 1.000000e+00 0.000000e+00
      outer loop
         vertex 3.100715e+01 3.286000e+00 1.683965e+01
         vertex 3.159465e+01 3.286000e+00 1.378965e+01
         vertex 3.133583e+01 3.286000e+00 1.375557e+01
      endloop
   endfacet
   facet normal 0.000000e+00 1.000000e+00 0.000000e+00
      outer loop
         vertex 3.100715e+01 3.286000e+00 1.683965e+01
         vertex 3.133583e+01 3.286000e+00 1.375557e+01
         vertex 3.109465e+01 3.286000e+00 1.365567e+01
      endloop
   endfacet
   facet normal 0.000000e+00 1.000000e+00 0.000000e+00
      outer loop
         vertex 3.257819e+01 3.286000e+00 1.266465e+01
         vertex 3.259465e+01 3.286000e+00 1.278965e+01
         vertex 3.350715e+01 3.286000e+00 1.266465e+01
      endloop
   endfacet
   facet normal 0.000000e+00 1.000000e+00 0.000000e+00
      outer loop
         vertex 3.350715e+01 3.286000e+00 1.266465e+01
         vertex 3.259465e+01 3.286000e+00 1.278965e+01
         vertex 3.256057e+01 3.286000e+00 1.304847e+01
      endloop
   endfacet
   facet normal 0.000000e+00 1.000000e+00 -0.000000e+00
      outer loop
         vertex 3.350715e+01 3.286000e+00 1.266465e+01
         vertex 3.256057e+01 3.286000e+00 1.304847e+01
         vertex 3.350715e+01 3.286000e+00 1.683965e+01
      endloop
   endfacet
   facet normal 0.000000e+00 1.000000e+00 -0.000000e+00
      outer loop
         vertex 3.256057e+01 3.286000e+00 1.304847e+01
         vertex 3.246067e+01 3.286000e+00 1.328965e+01
         vertex 3.350715e+01 3.286000e+00 1.683965e+01
      endloop
   endfacet
   facet normal 0.000000e+00 1.000000e+00 0.000000e+00
      outer loop
         vertex 3.350715e+01 3.286000e+00 1.683965e+01
         vertex 3.246067e+01 3.286000e+00 1.328965e+01
         vertex 3.230175e+01 3.286000e+00 1.349675e+01
      endloop
   endfacet
   facet normal 0.000000e+00 1.000000e+00 0.000000e+00
      outer loop
         vertex 3.350715e+01 3.286000e+00 1.683965e+01
         vertex 3.230175e+01 3.286000e+00 1.349675e+01
         vertex 3.209465e+01 3.286000e+00 1.365567e+01
      endloop
   endfacet
   facet normal -0.000000e+00 1.000000e+00 0.000000e+00
      outer loop
         vertex 3.185347e+01 3.286000e+00 3.232372e+01
         vertex 3.209465e+01 3.286000e+00 3.242362e+01
         vertex 3.350715e+01 3.286000e+00 2.923965e+01
      endloop
   endfacet
   facet normal 0.000000e+00 1.000000e+00 0.000000e+00
      outer loop
         vertex 3.185347e+01 3.286000e+00 3.232372e+01
         vertex 3.350715e+01 3.286000e+00 2.923965e+01
         vertex 3.159465e+01 3.286000e+00 3.228965e+01
      endloop
   endfacet
   facet normal 0.000000e+00 1.000000e+00 0.000000e+00
      outer loop
         vertex 3.088754e+01 3.286000e+00 3.258254e+01
         vertex 3.100715e+01 3.286000e+00 3.249076e+01
         vertex 3.100715e+01 3.286000e+00 2.923965e+01
      endloop
   endfacet
   facet normal 0.000000e+00 1.000000e+00 0.000000e+00
      outer loop
         vertex 3.100715e+01 3.286000e+00 2.923965e+01
         vertex 3.100715e+01 3.286000e+00 3.249076e+01
         vertex 3.109465e+01 3.286000e+00 3.242362e+01
      endloop
   endfacet
   facet normal 0.000000e+00 1.000000e+00 0.000000e+00
      outer loop
         vertex 3.100715e+01 3.286000e+00 2.923965e+01
         vertex 3.109465e+01 3.286000e+00 3.242362e+01
         vertex 3.133583e+01 3.286000e+00 3.232372e+01
      endloop
   endfacet
   facet normal -0.000000e+00 1.000000e+00 0.000000e+00
      outer loop
         vertex 3.256057e+01 3.286000e+00 3.303083e+01
         vertex 3.350715e+01 3.286000e+00 3.341465e+01
         vertex 3.246067e+01 3.286000e+00 3.278965e+01
      endloop
   endfacet
   facet normal -0.000000e+00 1.000000e+00 0.000000e+00
      outer loop
         vertex 3.246067e+01 3.286000e+00 3.278965e+01
         vertex 3.350715e+01 3.286000e+00 3.341465e+01
         vertex 3.350715e+01 3.286000e+00 2.923965e+01
      endloop
   endfacet
   facet normal 0.000000e+00 1.000000e+00 0.000000e+00
      outer loop
         vertex 3.246067e+01 3.286000e+00 3.278965e+01
         vertex 3.350715e+01 3.286000e+00 2.923965e+01
         vertex 3.230175e+01 3.286000e+00 3.258254e+01
      endloop
   endfacet
   facet normal 0.000000e+00 1.000000e+00 0.000000e+00
      outer loop
         vertex 3.230175e+01 3.286000e+00 3.258254e+01
         vertex 3.350715e+01 3.286000e+00 2.923965e+01
         vertex 3.209465e+01 3.286000e+00 3.242362e+01
      endloop
   endfacet
   facet normal 0.000000e+00 1.000000e+00 0.000000e+00
      outer loop
         vertex 3.072862e+01 3.286000e+00 3.278965e+01
         vertex 2.851965e+01 3.286000e+00 2.923965e+01
         vertex 3.062872e+01 3.286000e+00 3.303083e+01
      endloop
   endfacet
   facet normal 0.000000e+00 1.000000e+00 0.000000e+00
      outer loop
         vertex 3.062872e+01 3.286000e+00 3.303083e+01
         vertex 2.851965e+01 3.286000e+00 2.923965e+01
         vertex 2.851965e+01 3.286000e+00 3.341465e+01
      endloop
   endfacet
   facet normal 0.000000e+00 1.000000e+00 0.000000e+00
      outer loop
         vertex 3.062872e+01 3.286000e+00 3.303083e+01
         vertex 2.851965e+01 3.286000e+00 3.341465e+01
         vertex 3.059465e+01 3.286000e+00 3.328965e+01
      endloop
   endfacet
   facet normal 0.000000e+00 1.000000e+00 -0.000000e+00
      outer loop
         vertex 3.059465e+01 3.286000e+00 3.328965e+01
         vertex 2.851965e+01 3.286000e+00 3.341465e+01
         vertex 3.061110e+01 3.286000e+00 3.341465e+01
      endloop
   endfacet
   facet normal 0.000000e+00 1.000000e+00 0.000000e+00
      outer loop
         vertex 2.851965e+01 3.286000e+00 3.625014e+01
         vertex 3.072862e+01 3.286000e+00 3.378965e+01
         vertex 2.851965e+01 3.286000e+00 3.341465e+01
      endloop
   endfacet
   facet normal 0.000000e+00 1.000000e+00 0.000000e+00
      outer loop
         vertex 2.851965e+01 3.286000e+00 3.341465e+01
         vertex 3.072862e+01 3.286000e+00 3.378965e+01
         vertex 3.062872e+01 3.286000e+00 3.354847e+01
      endloop
   endfacet
   facet normal 0.000000e+00 1.000000e+00 0.000000e+00
      outer loop
         vertex 2.851965e+01 3.286000e+00 3.341465e+01
         vertex 3.062872e+01 3.286000e+00 3.354847e+01
         vertex 3.061110e+01 3.286000e+00 3.341465e+01
      endloop
   endfacet
   facet normal 0.000000e+00 1.000000e+00 0.000000e+00
      outer loop
         vertex 3.133583e+01 3.286000e+00 3.425557e+01
         vertex 3.109465e+01 3.286000e+00 3.415567e+01
         vertex 3.100715e+01 3.286000e+00 3.625014e+01
      endloop
   endfacet
   facet normal 0.000000e+00 1.000000e+00 0.000000e+00
      outer loop
         vertex 3.100715e+01 3.286000e+00 3.625014e+01
         vertex 3.109465e+01 3.286000e+00 3.415567e+01
         vertex 3.100715e+01 3.286000e+00 3.408853e+01
      endloop
   endfacet
   facet normal 0.000000e+00 1.000000e+00 0.000000e+00
      outer loop
         vertex 3.100715e+01 3.286000e+00 3.625014e+01
         vertex 3.100715e+01 3.286000e+00 3.408853e+01
         vertex 2.851965e+01 3.286000e+00 3.625014e+01
      endloop
   endfacet
   facet normal 0.000000e+00 1.000000e+00 0.000000e+00
      outer loop
         vertex 2.851965e+01 3.286000e+00 3.625014e+01
         vertex 3.100715e+01 3.286000e+00 3.408853e+01
         vertex 3.088754e+01 3.286000e+00 3.399675e+01
      endloop
   endfacet
   facet normal 0.000000e+00 1.000000e+00 0.000000e+00
      outer loop
         vertex 2.851965e+01 3.286000e+00 3.625014e+01
         vertex 3.088754e+01 3.286000e+00 3.399675e+01
         vertex 3.072862e+01 3.286000e+00 3.378965e+01
      endloop
   endfacet
   facet normal 0.000000e+00 1.000000e+00 -0.000000e+00
      outer loop
         vertex 3.246067e+01 3.286000e+00 3.378965e+01
         vertex 3.230175e+01 3.286000e+00 3.399675e+01
         vertex 3.350715e+01 3.286000e+00 3.625014e+01
      endloop
   endfacet
   facet normal 0.000000e+00 1.000000e+00 0.000000e+00
      outer loop
         vertex 3.256057e+01 3.286000e+00 3.303083e+01
         vertex 3.259465e+01 3.286000e+00 3.328965e+01
         vertex 3.350715e+01 3.286000e+00 3.341465e+01
      endloop
   endfacet
   facet normal 0.000000e+00 1.000000e+00 0.000000e+00
      outer loop
         vertex 3.350715e+01 3.286000e+00 3.341465e+01
         vertex 3.259465e+01 3.286000e+00 3.328965e+01
         vertex 3.257819e+01 3.286000e+00 3.341465e+01
      endloop
   endfacet
   facet normal 0.000000e+00 1.000000e+00 0.000000e+00
      outer loop
         vertex 3.350715e+01 3.286000e+00 3.341465e+01
         vertex 3.257819e+01 3.286000e+00 3.341465e+01
         vertex 3.256057e+01 3.286000e+00 3.354847e+01
      endloop
   endfacet
   facet normal 0.000000e+00 1.000000e+00 -0.000000e+00
      outer loop
         vertex 3.230175e+01 3.286000e+00 3.399675e+01
         vertex 3.209465e+01 3.286000e+00 3.415567e+01
         vertex 3.350715e+01 3.286000e+00 3.625014e+01
      endloop
   endfacet
   facet normal 0.000000e+00 1.000000e+00 0.000000e+00
      outer loop
         vertex 3.350715e+01 3.286000e+00 3.625014e+01
         vertex 3.209465e+01 3.286000e+00 3.415567e+01
         vertex 3.185347e+01 3.286000e+00 3.425557e+01
      endloop
   endfacet
   facet normal 0.000000e+00 1.000000e+00 0.000000e+00
      outer loop
         vertex 3.350715e+01 3.286000e+00 3.625014e+01
         vertex 3.185347e+01 3.286000e+00 3.425557e+01
         vertex 3.100715e+01 3.286000e+00 3.625014e+01
      endloop
   endfacet
   facet normal 0.000000e+00 1.000000e+00 0.000000e+00
      outer loop
         vertex 3.100715e+01 3.286000e+00 3.625014e+01
         vertex 3.185347e+01 3.286000e+00 3.425557e+01
         vertex 3.159465e+01 3.286000e+00 3.428965e+01
      endloop
   endfacet
   facet normal 0.000000e+00 1.000000e+00 0.000000e+00
      outer loop
         vertex 3.100715e+01 3.286000e+00 3.625014e+01
         vertex 3.159465e+01 3.286000e+00 3.428965e+01
         vertex 3.133583e+01 3.286000e+00 3.425557e+01
      endloop
   endfacet
   facet normal 0.000000e+00 1.000000e+00 0.000000e+00
      outer loop
         vertex 1.284464e+01 3.286000e+00 2.536465e+01
         vertex 2.106726e+01 3.286000e+00 2.526703e+01
         vertex 2.056667e+01 3.286000e+00 2.461465e+01
      endloop
   endfacet
   facet normal 0.000000e+00 1.000000e+00 0.000000e+00
      outer loop
         vertex 2.056667e+01 3.286000e+00 2.146465e+01
         vertex 2.106726e+01 3.286000e+00 2.081226e+01
         vertex 1.284464e+01 3.286000e+00 1.683965e+01
      endloop
   endfacet
   facet normal 0.000000e+00 1.000000e+00 0.000000e+00
      outer loop
         vertex 1.284464e+01 3.286000e+00 1.683965e+01
         vertex 2.106726e+01 3.286000e+00 2.081226e+01
         vertex 2.171965e+01 3.286000e+00 2.031167e+01
      endloop
   endfacet
   facet normal 0.000000e+00 1.000000e+00 0.000000e+00
      outer loop
         vertex 2.851965e+01 3.286000e+00 2.536465e+01
         vertex 2.633731e+01 3.286000e+00 2.385493e+01
         vertex 2.602263e+01 3.286000e+00 2.461465e+01
      endloop
   endfacet
   facet normal 0.000000e+00 1.000000e+00 0.000000e+00
      outer loop
         vertex 2.056667e+01 3.286000e+00 2.461465e+01
         vertex 2.025198e+01 3.286000e+00 2.385493e+01
         vertex 1.284464e+01 3.286000e+00 2.536465e+01
      endloop
   endfacet
   facet normal 0.000000e+00 1.000000e+00 0.000000e+00
      outer loop
         vertex 1.284464e+01 3.286000e+00 2.536465e+01
         vertex 2.025198e+01 3.286000e+00 2.385493e+01
         vertex 2.014465e+01 3.286000e+00 2.303965e+01
      endloop
   endfacet
   facet normal 0.000000e+00 1.000000e+00 0.000000e+00
      outer loop
         vertex 1.284464e+01 3.286000e+00 2.536465e+01
         vertex 2.014465e+01 3.286000e+00 2.303965e+01
         vertex 1.284464e+01 3.286000e+00 1.683965e+01
      endloop
   endfacet
   facet normal 0.000000e+00 1.000000e+00 0.000000e+00
      outer loop
         vertex 1.284464e+01 3.286000e+00 1.683965e+01
         vertex 2.014465e+01 3.286000e+00 2.303965e+01
         vertex 2.025198e+01 3.286000e+00 2.222437e+01
      endloop
   endfacet
   facet normal 0.000000e+00 1.000000e+00 0.000000e+00
      outer loop
         vertex 1.284464e+01 3.286000e+00 1.683965e+01
         vertex 2.025198e+01 3.286000e+00 2.222437e+01
         vertex 2.056667e+01 3.286000e+00 2.146465e+01
      endloop
   endfacet
   facet normal 0.000000e+00 1.000000e+00 0.000000e+00
      outer loop
         vertex 2.247937e+01 3.286000e+00 1.999698e+01
         vertex 2.329465e+01 3.286000e+00 1.988965e+01
         vertex 2.851965e+01 3.286000e+00 1.683965e+01
      endloop
   endfacet
   facet normal -0.000000e+00 1.000000e+00 0.000000e+00
      outer loop
         vertex 2.329465e+01 3.286000e+00 1.988965e+01
         vertex 2.410993e+01 3.286000e+00 1.999698e+01
         vertex 2.851965e+01 3.286000e+00 1.683965e+01
      endloop
   endfacet
   facet normal 0.000000e+00 1.000000e+00 0.000000e+00
      outer loop
         vertex 2.851965e+01 3.286000e+00 1.683965e+01
         vertex 2.410993e+01 3.286000e+00 1.999698e+01
         vertex 2.486965e+01 3.286000e+00 2.031167e+01
      endloop
   endfacet
   facet normal 0.000000e+00 1.000000e+00 0.000000e+00
      outer loop
         vertex 2.851965e+01 3.286000e+00 1.683965e+01
         vertex 2.486965e+01 3.286000e+00 2.031167e+01
         vertex 2.552203e+01 3.286000e+00 2.081226e+01
      endloop
   endfacet
   facet normal -0.000000e+00 1.000000e+00 0.000000e+00
      outer loop
         vertex 2.552203e+01 3.286000e+00 2.081226e+01
         vertex 2.602263e+01 3.286000e+00 2.146465e+01
         vertex 2.851965e+01 3.286000e+00 1.683965e+01
      endloop
   endfacet
   facet normal 0.000000e+00 1.000000e+00 0.000000e+00
      outer loop
         vertex 2.851965e+01 3.286000e+00 1.683965e+01
         vertex 2.602263e+01 3.286000e+00 2.146465e+01
         vertex 2.633731e+01 3.286000e+00 2.222437e+01
      endloop
   endfacet
   facet normal 0.000000e+00 1.000000e+00 -0.000000e+00
      outer loop
         vertex 2.851965e+01 3.286000e+00 1.683965e+01
         vertex 2.633731e+01 3.286000e+00 2.222437e+01
         vertex 2.851965e+01 3.286000e+00 2.536465e+01
      endloop
   endfacet
   facet normal 0.000000e+00 1.000000e+00 0.000000e+00
      outer loop
         vertex 2.851965e+01 3.286000e+00 2.536465e+01
         vertex 2.633731e+01 3.286000e+00 2.222437e+01
         vertex 2.644465e+01 3.286000e+00 2.303965e+01
      endloop
   endfacet
   facet normal 0.000000e+00 1.000000e+00 0.000000e+00
      outer loop
         vertex 2.851965e+01 3.286000e+00 2.536465e+01
         vertex 2.644465e+01 3.286000e+00 2.303965e+01
         vertex 2.633731e+01 3.286000e+00 2.385493e+01
      endloop
   endfacet
   facet normal 0.000000e+00 1.000000e+00 -0.000000e+00
      outer loop
         vertex 2.602263e+01 3.286000e+00 2.461465e+01
         vertex 2.552203e+01 3.286000e+00 2.526703e+01
         vertex 2.851965e+01 3.286000e+00 2.536465e+01
      endloop
   endfacet
   facet normal 0.000000e+00 1.000000e+00 0.000000e+00
      outer loop
         vertex 2.851965e+01 3.286000e+00 2.536465e+01
         vertex 2.552203e+01 3.286000e+00 2.526703e+01
         vertex 2.539482e+01 3.286000e+00 2.536465e+01
      endloop
   endfacet
   facet normal 0.000000e+00 1.000000e+00 -0.000000e+00
      outer loop
         vertex 2.851965e+01 3.286000e+00 2.536465e+01
         vertex 2.539482e+01 3.286000e+00 2.536465e+01
         vertex 2.851965e+01 3.286000e+00 2.923965e+01
      endloop
   endfacet
   facet normal 0.000000e+00 1.000000e+00 0.000000e+00
      outer loop
         vertex 2.851965e+01 3.286000e+00 2.923965e+01
         vertex 2.539482e+01 3.286000e+00 2.536465e+01
         vertex 2.486965e+01 3.286000e+00 2.576763e+01
      endloop
   endfacet
   facet normal 0.000000e+00 1.000000e+00 0.000000e+00
      outer loop
         vertex 2.851965e+01 3.286000e+00 2.923965e+01
         vertex 2.486965e+01 3.286000e+00 2.576763e+01
         vertex 2.410993e+01 3.286000e+00 2.608231e+01
      endloop
   endfacet
   facet normal 0.000000e+00 1.000000e+00 0.000000e+00
      outer loop
         vertex 2.329465e+01 3.286000e+00 2.618965e+01
         vertex 2.247937e+01 3.286000e+00 2.608231e+01
         vertex 1.284464e+01 3.286000e+00 2.923965e+01
      endloop
   endfacet
   facet normal 0.000000e+00 1.000000e+00 0.000000e+00
      outer loop
         vertex 1.284464e+01 3.286000e+00 2.923965e+01
         vertex 2.247937e+01 3.286000e+00 2.608231e+01
         vertex 2.171965e+01 3.286000e+00 2.576763e+01
      endloop
   endfacet
   facet normal 0.000000e+00 1.000000e+00 0.000000e+00
      outer loop
         vertex 1.284464e+01 3.286000e+00 2.923965e+01
         vertex 2.171965e+01 3.286000e+00 2.576763e+01
         vertex 1.284464e+01 3.286000e+00 2.536465e+01
      endloop
   endfacet
   facet normal 0.000000e+00 1.000000e+00 0.000000e+00
      outer loop
         vertex 1.284464e+01 3.286000e+00 2.536465e+01
         vertex 2.171965e+01 3.286000e+00 2.576763e+01
         vertex 2.119447e+01 3.286000e+00 2.536465e+01
      endloop
   endfacet
   facet normal -0.000000e+00 1.000000e+00 0.000000e+00
      outer loop
         vertex 1.284464e+01 3.286000e+00 2.536465e+01
         vertex 2.119447e+01 3.286000e+00 2.536465e+01
         vertex 2.106726e+01 3.286000e+00 2.526703e+01
      endloop
   endfacet
   facet normal -0.000000e+00 1.000000e+00 0.000000e+00
      outer loop
         vertex 3.421868e+01 3.286000e+00 5.618658e+00
         vertex 3.436853e+01 3.286000e+00 5.980428e+00
         vertex 3.468215e+01 3.286000e+00 3.666537e+00
      endloop
   endfacet
   facet normal -0.000000e+00 1.000000e+00 0.000000e+00
      outer loop
         vertex 3.291965e+01 3.286000e+00 4.868658e+00
         vertex 3.330787e+01 3.286000e+00 4.919769e+00
         vertex 3.350715e+01 3.286000e+00 3.013026e+00
      endloop
   endfacet
   facet normal 0.000000e+00 1.000000e+00 -0.000000e+00
      outer loop
         vertex 3.350715e+01 3.286000e+00 3.013026e+00
         vertex 3.330787e+01 3.286000e+00 4.919769e+00
         vertex 3.350715e+01 3.286000e+00 5.002310e+00
      endloop
   endfacet
   facet normal 0.000000e+00 1.000000e+00 0.000000e+00
      outer loop
         vertex 3.350715e+01 3.286000e+00 3.013026e+00
         vertex 3.350715e+01 3.286000e+00 5.002310e+00
         vertex 3.394491e+01 3.286000e+00 3.219912e+00
      endloop
   endfacet
   facet normal 0.000000e+00 1.000000e+00 0.000000e+00
      outer loop
         vertex 3.394491e+01 3.286000e+00 3.219912e+00
         vertex 3.350715e+01 3.286000e+00 5.002310e+00
         vertex 3.366965e+01 3.286000e+00 5.069619e+00
      endloop
   endfacet
   facet normal 0.000000e+00 1.000000e+00 -0.000000e+00
      outer loop
         vertex 3.394491e+01 3.286000e+00 3.219912e+00
         vertex 3.366965e+01 3.286000e+00 5.069619e+00
         vertex 3.468215e+01 3.286000e+00 3.666537e+00
      endloop
   endfacet
   facet normal 0.000000e+00 1.000000e+00 0.000000e+00
      outer loop
         vertex 3.468215e+01 3.286000e+00 3.666537e+00
         vertex 3.366965e+01 3.286000e+00 5.069619e+00
         vertex 3.398031e+01 3.286000e+00 5.307997e+00
      endloop
   endfacet
   facet normal 0.000000e+00 1.000000e+00 0.000000e+00
      outer loop
         vertex 3.468215e+01 3.286000e+00 3.666537e+00
         vertex 3.398031e+01 3.286000e+00 5.307997e+00
         vertex 3.421868e+01 3.286000e+00 5.618658e+00
      endloop
   endfacet
   facet normal 0.000000e+00 1.000000e+00 -0.000000e+00
      outer loop
         vertex 3.441965e+01 3.286000e+00 6.368658e+00
         vertex 3.436853e+01 3.286000e+00 6.756887e+00
         vertex 3.468215e+01 3.286000e+00 1.266465e+01
      endloop
   endfacet
   facet normal 0.000000e+00 1.000000e+00 0.000000e+00
      outer loop
         vertex 3.468215e+01 3.286000e+00 1.266465e+01
         vertex 3.436853e+01 3.286000e+00 6.756887e+00
         vertex 3.421868e+01 3.286000e+00 7.118657e+00
      endloop
   endfacet
   facet normal 0.000000e+00 1.000000e+00 0.000000e+00
      outer loop
         vertex 3.468215e+01 3.286000e+00 1.266465e+01
         vertex 3.421868e+01 3.286000e+00 7.118657e+00
         vertex 3.398031e+01 3.286000e+00 7.429318e+00
      endloop
   endfacet
   facet normal 0.000000e+00 1.000000e+00 0.000000e+00
      outer loop
         vertex 3.185899e+01 3.286000e+00 4.077130e+01
         vertex 3.162061e+01 3.286000e+00 4.046063e+01
         vertex 3.100715e+01 3.286000e+00 4.414637e+01
      endloop
   endfacet
   facet normal 0.000000e+00 1.000000e+00 0.000000e+00
      outer loop
         vertex 3.100715e+01 3.286000e+00 4.414637e+01
         vertex 3.162061e+01 3.286000e+00 4.046063e+01
         vertex 3.147076e+01 3.286000e+00 4.009886e+01
      endloop
   endfacet
   facet normal 0.000000e+00 1.000000e+00 0.000000e+00
      outer loop
         vertex 3.141965e+01 3.286000e+00 3.971064e+01
         vertex 3.147076e+01 3.286000e+00 3.932241e+01
         vertex 3.100715e+01 3.286000e+00 3.625014e+01
      endloop
   endfacet
   facet normal 0.000000e+00 1.000000e+00 0.000000e+00
      outer loop
         vertex 3.100715e+01 3.286000e+00 3.625014e+01
         vertex 3.147076e+01 3.286000e+00 3.932241e+01
         vertex 3.162061e+01 3.286000e+00 3.896064e+01
      endloop
   endfacet
   facet normal 0.000000e+00 1.000000e+00 0.000000e+00
      outer loop
         vertex 3.100715e+01 3.286000e+00 3.625014e+01
         vertex 3.162061e+01 3.286000e+00 3.896064e+01
         vertex 3.185899e+01 3.286000e+00 3.864998e+01
      endloop
   endfacet
   facet normal 0.000000e+00 1.000000e+00 0.000000e+00
      outer loop
         vertex 3.350715e+01 3.286000e+00 4.306627e+01
         vertex 3.291965e+01 3.286000e+00 4.121063e+01
         vertex 3.184660e+01 3.286000e+00 4.385104e+01
      endloop
   endfacet
   facet normal 0.000000e+00 1.000000e+00 0.000000e+00
      outer loop
         vertex 3.184660e+01 3.286000e+00 4.385104e+01
         vertex 3.291965e+01 3.286000e+00 4.121063e+01
         vertex 3.253142e+01 3.286000e+00 4.115952e+01
      endloop
   endfacet
   facet normal 0.000000e+00 1.000000e+00 0.000000e+00
      outer loop
         vertex 3.184660e+01 3.286000e+00 4.385104e+01
         vertex 3.253142e+01 3.286000e+00 4.115952e+01
         vertex 3.100715e+01 3.286000e+00 4.414637e+01
      endloop
   endfacet
   facet normal 0.000000e+00 1.000000e+00 0.000000e+00
      outer loop
         vertex 3.100715e+01 3.286000e+00 4.414637e+01
         vertex 3.253142e+01 3.286000e+00 4.115952e+01
         vertex 3.216965e+01 3.286000e+00 4.100967e+01
      endloop
   endfacet
   facet normal 0.000000e+00 1.000000e+00 0.000000e+00
      outer loop
         vertex 3.100715e+01 3.286000e+00 4.414637e+01
         vertex 3.216965e+01 3.286000e+00 4.100967e+01
         vertex 3.185899e+01 3.286000e+00 4.077130e+01
      endloop
   endfacet
   facet normal 0.000000e+00 1.000000e+00 0.000000e+00
      outer loop
         vertex 3.185899e+01 3.286000e+00 3.864998e+01
         vertex 3.216965e+01 3.286000e+00 3.841160e+01
         vertex 3.100715e+01 3.286000e+00 3.625014e+01
      endloop
   endfacet
   facet normal 0.000000e+00 1.000000e+00 0.000000e+00
      outer loop
         vertex 3.100715e+01 3.286000e+00 3.625014e+01
         vertex 3.216965e+01 3.286000e+00 3.841160e+01
         vertex 3.253142e+01 3.286000e+00 3.826175e+01
      endloop
   endfacet
   facet normal 0.000000e+00 1.000000e+00 0.000000e+00
      outer loop
         vertex 3.100715e+01 3.286000e+00 3.625014e+01
         vertex 3.253142e+01 3.286000e+00 3.826175e+01
         vertex 3.350715e+01 3.286000e+00 3.625014e+01
      endloop
   endfacet
   facet normal 0.000000e+00 1.000000e+00 0.000000e+00
      outer loop
         vertex 3.350715e+01 3.286000e+00 3.625014e+01
         vertex 3.253142e+01 3.286000e+00 3.826175e+01
         vertex 3.291965e+01 3.286000e+00 3.821064e+01
      endloop
   endfacet
   facet normal -0.000000e+00 1.000000e+00 0.000000e+00
      outer loop
         vertex 3.291965e+01 3.286000e+00 3.821064e+01
         vertex 3.330787e+01 3.286000e+00 3.826175e+01
         vertex 3.350715e+01 3.286000e+00 3.625014e+01
      endloop
   endfacet
   facet normal 0.000000e+00 1.000000e+00 -0.000000e+00
      outer loop
         vertex 3.350715e+01 3.286000e+00 3.625014e+01
         vertex 3.330787e+01 3.286000e+00 3.826175e+01
         vertex 3.350715e+01 3.286000e+00 3.834429e+01
      endloop
   endfacet
   facet normal 0.000000e+00 1.000000e+00 0.000000e+00
      outer loop
         vertex 3.350715e+01 3.286000e+00 3.625014e+01
         vertex 3.350715e+01 3.286000e+00 3.834429e+01
         vertex 3.468215e+01 3.286000e+00 3.625014e+01
      endloop
   endfacet
   facet normal 0.000000e+00 1.000000e+00 0.000000e+00
      outer loop
         vertex 3.468215e+01 3.286000e+00 3.625014e+01
         vertex 3.350715e+01 3.286000e+00 3.834429e+01
         vertex 3.366965e+01 3.286000e+00 3.841160e+01
      endloop
   endfacet
   facet normal 0.000000e+00 1.000000e+00 0.000000e+00
      outer loop
         vertex 3.468215e+01 3.286000e+00 3.625014e+01
         vertex 3.366965e+01 3.286000e+00 3.841160e+01
         vertex 3.398031e+01 3.286000e+00 3.864998e+01
      endloop
   endfacet
   facet normal -0.000000e+00 1.000000e+00 0.000000e+00
      outer loop
         vertex 3.398031e+01 3.286000e+00 3.864998e+01
         vertex 3.421868e+01 3.286000e+00 3.896064e+01
         vertex 3.468215e+01 3.286000e+00 3.625014e+01
      endloop
   endfacet
   facet normal 0.000000e+00 1.000000e+00 0.000000e+00
      outer loop
         vertex 3.468215e+01 3.286000e+00 3.625014e+01
         vertex 3.421868e+01 3.286000e+00 3.896064e+01
         vertex 3.436853e+01 3.286000e+00 3.932241e+01
      endloop
   endfacet
   facet normal 0.000000e+00 1.000000e+00 0.000000e+00
      outer loop
         vertex 3.468215e+01 3.286000e+00 3.625014e+01
         vertex 3.436853e+01 3.286000e+00 3.932241e+01
         vertex 3.441965e+01 3.286000e+00 3.971064e+01
      endloop
   endfacet
   facet normal 0.000000e+00 1.000000e+00 0.000000e+00
      outer loop
         vertex 3.468215e+01 3.286000e+00 4.241276e+01
         vertex 3.441965e+01 3.286000e+00 3.971064e+01
         vertex 3.436853e+01 3.286000e+00 4.009886e+01
      endloop
   endfacet
   facet normal 0.000000e+00 1.000000e+00 0.000000e+00
      outer loop
         vertex 3.468215e+01 3.286000e+00 4.241276e+01
         vertex 3.366965e+01 3.286000e+00 4.100967e+01
         vertex 3.394491e+01 3.286000e+00 4.285938e+01
      endloop
   endfacet
   facet normal 0.000000e+00 1.000000e+00 0.000000e+00
      outer loop
         vertex 3.394491e+01 3.286000e+00 4.285938e+01
         vertex 3.366965e+01 3.286000e+00 4.100967e+01
         vertex 3.350715e+01 3.286000e+00 4.107698e+01
      endloop
   endfacet
   facet normal 0.000000e+00 1.000000e+00 0.000000e+00
      outer loop
         vertex 3.394491e+01 3.286000e+00 4.285938e+01
         vertex 3.350715e+01 3.286000e+00 4.107698e+01
         vertex 3.350715e+01 3.286000e+00 4.306627e+01
      endloop
   endfacet
   facet normal 0.000000e+00 1.000000e+00 0.000000e+00
      outer loop
         vertex 3.350715e+01 3.286000e+00 4.306627e+01
         vertex 3.350715e+01 3.286000e+00 4.107698e+01
         vertex 3.330787e+01 3.286000e+00 4.115952e+01
      endloop
   endfacet
   facet normal 0.000000e+00 1.000000e+00 0.000000e+00
      outer loop
         vertex 3.350715e+01 3.286000e+00 4.306627e+01
         vertex 3.330787e+01 3.286000e+00 4.115952e+01
         vertex 3.291965e+01 3.286000e+00 4.121063e+01
      endloop
   endfacet
   facet normal 0.000000e+00 1.000000e+00 -0.000000e+00
      outer loop
         vertex 3.436853e+01 3.286000e+00 4.009886e+01
         vertex 3.421868e+01 3.286000e+00 4.046063e+01
         vertex 3.468215e+01 3.286000e+00 4.241276e+01
      endloop
   endfacet
   facet normal 0.000000e+00 1.000000e+00 0.000000e+00
      outer loop
         vertex 3.468215e+01 3.286000e+00 4.241276e+01
         vertex 3.421868e+01 3.286000e+00 4.046063e+01
         vertex 3.398031e+01 3.286000e+00 4.077130e+01
      endloop
   endfacet
   facet normal 0.000000e+00 1.000000e+00 0.000000e+00
      outer loop
         vertex 3.468215e+01 3.286000e+00 4.241276e+01
         vertex 3.398031e+01 3.286000e+00 4.077130e+01
         vertex 3.366965e+01 3.286000e+00 4.100967e+01
      endloop
   endfacet
   facet normal 0.000000e+00 1.000000e+00 0.000000e+00
      outer loop
         vertex 6.340635e+01 3.286000e+00 3.760135e+01
         vertex 6.340635e+01 3.286000e+00 3.625014e+01
         vertex 5.452119e+01 3.286000e+00 3.625014e+01
      endloop
   endfacet
   facet normal 0.000000e+00 1.000000e+00 0.000000e+00
      outer loop
         vertex 3.778046e+01 3.286000e+00 4.025624e+01
         vertex 3.947690e+01 3.286000e+00 3.867245e+01
         vertex 3.468215e+01 3.286000e+00 3.625014e+01
      endloop
   endfacet
   facet normal 0.000000e+00 1.000000e+00 0.000000e+00
      outer loop
         vertex 3.468215e+01 3.286000e+00 3.625014e+01
         vertex 3.947690e+01 3.286000e+00 3.867245e+01
         vertex 4.044710e+01 3.286000e+00 3.760135e+01
      endloop
   endfacet
   facet normal 0.000000e+00 1.000000e+00 0.000000e+00
      outer loop
         vertex 3.468215e+01 3.286000e+00 3.625014e+01
         vertex 4.044710e+01 3.286000e+00 3.760135e+01
         vertex 5.452119e+01 3.286000e+00 3.625014e+01
      endloop
   endfacet
   facet normal 0.000000e+00 1.000000e+00 -0.000000e+00
      outer loop
         vertex 5.452119e+01 3.286000e+00 3.625014e+01
         vertex 4.044710e+01 3.286000e+00 3.760135e+01
         vertex 5.452119e+01 3.286000e+00 3.760135e+01
      endloop
   endfacet
   facet normal 0.000000e+00 1.000000e+00 0.000000e+00
      outer loop
         vertex 5.452119e+01 3.286000e+00 3.625014e+01
         vertex 5.452119e+01 3.286000e+00 3.760135e+01
         vertex 6.340635e+01 3.286000e+00 3.760135e+01
      endloop
   endfacet
   facet normal -0.000000e+00 1.000000e+00 0.000000e+00
      outer loop
         vertex 3.441965e+01 3.286000e+00 3.971064e+01
         vertex 3.468215e+01 3.286000e+00 4.241276e+01
         vertex 3.468215e+01 3.286000e+00 3.625014e+01
      endloop
   endfacet
   facet normal 0.000000e+00 1.000000e+00 0.000000e+00
      outer loop
         vertex 3.468215e+01 3.286000e+00 3.625014e+01
         vertex 3.468215e+01 3.286000e+00 4.241276e+01
         vertex 3.592990e+01 3.286000e+00 4.165685e+01
      endloop
   endfacet
   facet normal 0.000000e+00 1.000000e+00 0.000000e+00
      outer loop
         vertex 3.468215e+01 3.286000e+00 3.625014e+01
         vertex 3.592990e+01 3.286000e+00 4.165685e+01
         vertex 3.778046e+01 3.286000e+00 4.025624e+01
      endloop
   endfacet
   facet normal 0.000000e+00 1.000000e+00 0.000000e+00
      outer loop
         vertex 3.147076e+01 3.286000e+00 4.009886e+01
         vertex 3.141965e+01 3.286000e+00 3.971064e+01
         vertex 3.100715e+01 3.286000e+00 4.414637e+01
      endloop
   endfacet
   facet normal 0.000000e+00 1.000000e+00 0.000000e+00
      outer loop
         vertex 3.100715e+01 3.286000e+00 4.414637e+01
         vertex 3.141965e+01 3.286000e+00 3.971064e+01
         vertex 3.100715e+01 3.286000e+00 3.625014e+01
      endloop
   endfacet
   facet normal 0.000000e+00 1.000000e+00 0.000000e+00
      outer loop
         vertex 3.100715e+01 3.286000e+00 4.414637e+01
         vertex 3.100715e+01 3.286000e+00 3.625014e+01
         vertex 2.965731e+01 3.286000e+00 4.462127e+01
      endloop
   endfacet
   facet normal 0.000000e+00 1.000000e+00 0.000000e+00
      outer loop
         vertex 2.965731e+01 3.286000e+00 4.462127e+01
         vertex 3.100715e+01 3.286000e+00 3.625014e+01
         vertex 2.851965e+01 3.286000e+00 3.625014e+01
      endloop
   endfacet
   facet normal 0.000000e+00 1.000000e+00 0.000000e+00
      outer loop
         vertex 2.965731e+01 3.286000e+00 4.462127e+01
         vertex 2.851965e+01 3.286000e+00 3.625014e+01
         vertex 2.851965e+01 3.286000e+00 4.489377e+01
      endloop
   endfacet
   facet normal -0.000000e+00 1.000000e+00 0.000000e+00
      outer loop
         vertex 1.379941e+01 3.286000e+00 4.343794e+01
         vertex 1.595117e+01 3.286000e+00 4.430754e+01
         vertex 2.851965e+01 3.286000e+00 3.625014e+01
      endloop
   endfacet
   facet normal -0.000000e+00 1.000000e+00 0.000000e+00
      outer loop
         vertex 1.595117e+01 3.286000e+00 4.430754e+01
         vertex 1.818106e+01 3.286000e+00 4.495086e+01
         vertex 2.851965e+01 3.286000e+00 3.625014e+01
      endloop
   endfacet
   facet normal 0.000000e+00 1.000000e+00 0.000000e+00
      outer loop
         vertex 2.851965e+01 3.286000e+00 3.625014e+01
         vertex 1.818106e+01 3.286000e+00 4.495086e+01
         vertex 2.046536e+01 3.286000e+00 4.536105e+01
      endloop
   endfacet
   facet normal 0.000000e+00 1.000000e+00 0.000000e+00
      outer loop
         vertex 2.851965e+01 3.286000e+00 3.625014e+01
         vertex 2.046536e+01 3.286000e+00 4.536105e+01
         vertex 2.277976e+01 3.286000e+00 4.553375e+01
      endloop
   endfacet
   facet normal 0.000000e+00 1.000000e+00 0.000000e+00
      outer loop
         vertex 2.277976e+01 3.286000e+00 4.553375e+01
         vertex 2.509964e+01 3.286000e+00 4.546713e+01
         vertex 2.851965e+01 3.286000e+00 3.625014e+01
      endloop
   endfacet
   facet normal 0.000000e+00 1.000000e+00 0.000000e+00
      outer loop
         vertex 2.851965e+01 3.286000e+00 3.625014e+01
         vertex 2.509964e+01 3.286000e+00 4.546713e+01
         vertex 2.740031e+01 3.286000e+00 4.516189e+01
      endloop
   endfacet
   facet normal 0.000000e+00 1.000000e+00 -0.000000e+00
      outer loop
         vertex 2.851965e+01 3.286000e+00 3.625014e+01
         vertex 2.740031e+01 3.286000e+00 4.516189e+01
         vertex 2.851965e+01 3.286000e+00 4.489377e+01
      endloop
   endfacet
   facet normal 0.000000e+00 1.000000e+00 0.000000e+00
      outer loop
         vertex 8.036245e+00 3.286000e+00 3.957540e+01
         vertex 1.284464e+01 3.286000e+00 3.625014e+01
         vertex 6.414052e+00 3.286000e+00 3.791565e+01
      endloop
   endfacet
   facet normal 0.000000e+00 1.000000e+00 0.000000e+00
      outer loop
         vertex 6.414052e+00 3.286000e+00 3.791565e+01
         vertex 1.284464e+01 3.286000e+00 3.625014e+01
         vertex 5.092479e+00 3.286000e+00 3.625014e+01
      endloop
   endfacet
   facet normal -0.000000e+00 1.000000e+00 0.000000e+00
      outer loop
         vertex 8.036245e+00 3.286000e+00 3.957540e+01
         vertex 9.820782e+00 3.286000e+00 4.105922e+01
         vertex 1.284464e+01 3.286000e+00 3.625014e+01
      endloop
   endfacet
   facet normal 0.000000e+00 1.000000e+00 0.000000e+00
      outer loop
         vertex 1.284464e+01 3.286000e+00 3.625014e+01
         vertex 9.820782e+00 3.286000e+00 4.105922e+01
         vertex 1.174867e+01 3.286000e+00 4.235131e+01
      endloop
   endfacet
   facet normal 0.000000e+00 1.000000e+00 -0.000000e+00
      outer loop
         vertex 1.284464e+01 3.286000e+00 3.625014e+01
         vertex 1.174867e+01 3.286000e+00 4.235131e+01
         vertex 1.284464e+01 3.286000e+00 4.293204e+01
      endloop
   endfacet
   facet normal -0.000000e+00 1.000000e+00 0.000000e+00
      outer loop
         vertex 5.092479e+00 3.286000e+00 3.625014e+01
         vertex 1.284464e+01 3.286000e+00 3.625014e+01
         vertex 4.971460e+00 3.286000e+00 3.609763e+01
      endloop
   endfacet
   facet normal -0.000000e+00 1.000000e+00 0.000000e+00
      outer loop
         vertex 4.971460e+00 3.286000e+00 3.609763e+01
         vertex 1.284464e+01 3.286000e+00 3.625014e+01
         vertex 1.284464e+01 3.286000e+00 3.341465e+01
      endloop
   endfacet
   facet normal 0.000000e+00 1.000000e+00 0.000000e+00
      outer loop
         vertex 4.971460e+00 3.286000e+00 3.609763e+01
         vertex 1.284464e+01 3.286000e+00 3.341465e+01
         vertex 3.723819e+00 3.286000e+00 3.414067e+01
      endloop
   endfacet
   facet normal 0.000000e+00 1.000000e+00 0.000000e+00
      outer loop
         vertex 1.691479e+00 3.286000e+00 2.923965e+01
         vertex 1.864273e+00 3.286000e+00 2.989451e+01
         vertex 1.284464e+01 3.286000e+00 2.923965e+01
      endloop
   endfacet
   facet normal 0.000000e+00 1.000000e+00 0.000000e+00
      outer loop
         vertex 1.284464e+01 3.286000e+00 2.923965e+01
         vertex 1.864273e+00 3.286000e+00 2.989451e+01
         vertex 2.684407e+00 3.286000e+00 3.206561e+01
      endloop
   endfacet
   facet normal 0.000000e+00 1.000000e+00 -0.000000e+00
      outer loop
         vertex 1.284464e+01 3.286000e+00 2.923965e+01
         vertex 2.684407e+00 3.286000e+00 3.206561e+01
         vertex 1.284464e+01 3.286000e+00 3.341465e+01
      endloop
   endfacet
   facet normal 0.000000e+00 1.000000e+00 0.000000e+00
      outer loop
         vertex 1.284464e+01 3.286000e+00 3.341465e+01
         vertex 2.684407e+00 3.286000e+00 3.206561e+01
         vertex 3.360149e+00 3.286000e+00 3.341465e+01
      endloop
   endfacet
   facet normal 0.000000e+00 1.000000e+00 0.000000e+00
      outer loop
         vertex 1.284464e+01 3.286000e+00 3.341465e+01
         vertex 3.360149e+00 3.286000e+00 3.341465e+01
         vertex 3.723819e+00 3.286000e+00 3.414067e+01
      endloop
   endfacet
   facet normal 0.000000e+00 1.000000e+00 -0.000000e+00
      outer loop
         vertex 5.493533e+00 3.286000e+00 2.342788e+01
         vertex 5.343683e+00 3.286000e+00 2.378965e+01
         vertex 1.284464e+01 3.286000e+00 2.536465e+01
      endloop
   endfacet
   facet normal 0.000000e+00 1.000000e+00 0.000000e+00
      outer loop
         vertex 1.284464e+01 3.286000e+00 2.536465e+01
         vertex 4.432876e+00 3.286000e+00 2.448854e+01
         vertex 4.044645e+00 3.286000e+00 2.453965e+01
      endloop
   endfacet
   facet normal 0.000000e+00 1.000000e+00 -0.000000e+00
      outer loop
         vertex 5.343683e+00 3.286000e+00 2.378965e+01
         vertex 5.105305e+00 3.286000e+00 2.410031e+01
         vertex 1.284464e+01 3.286000e+00 2.536465e+01
      endloop
   endfacet
   facet normal 0.000000e+00 1.000000e+00 0.000000e+00
      outer loop
         vertex 1.284464e+01 3.286000e+00 2.536465e+01
         vertex 5.105305e+00 3.286000e+00 2.410031e+01
         vertex 4.794646e+00 3.286000e+00 2.433868e+01
      endloop
   endfacet
   facet normal 0.000000e+00 1.000000e+00 0.000000e+00
      outer loop
         vertex 1.284464e+01 3.286000e+00 2.536465e+01
         vertex 4.794646e+00 3.286000e+00 2.433868e+01
         vertex 4.432876e+00 3.286000e+00 2.448854e+01
      endloop
   endfacet
   facet normal -0.000000e+00 1.000000e+00 0.000000e+00
      outer loop
         vertex 1.691479e+00 3.286000e+00 2.923965e+01
         vertex 1.284464e+01 3.286000e+00 2.923965e+01
         vertex 1.272153e+00 3.286000e+00 2.765048e+01
      endloop
   endfacet
   facet normal -0.000000e+00 1.000000e+00 0.000000e+00
      outer loop
         vertex 1.272153e+00 3.286000e+00 2.765048e+01
         vertex 1.284464e+01 3.286000e+00 2.923965e+01
         vertex 1.284464e+01 3.286000e+00 2.536465e+01
      endloop
   endfacet
   facet normal 0.000000e+00 1.000000e+00 0.000000e+00
      outer loop
         vertex 1.272153e+00 3.286000e+00 2.765048e+01
         vertex 1.284464e+01 3.286000e+00 2.536465e+01
         vertex 9.154715e-01 3.286000e+00 2.536465e+01
      endloop
   endfacet
   facet normal -0.000000e+00 1.000000e+00 0.000000e+00
      outer loop
         vertex 9.154715e-01 3.286000e+00 2.536465e+01
         vertex 1.284464e+01 3.286000e+00 2.536465e+01
         vertex 4.044645e+00 3.286000e+00 2.453965e+01
      endloop
   endfacet
   facet normal 0.000000e+00 1.000000e+00 0.000000e+00
      outer loop
         vertex 9.154715e-01 3.286000e+00 2.536465e+01
         vertex 4.044645e+00 3.286000e+00 2.453965e+01
         vertex 3.656417e+00 3.286000e+00 2.448854e+01
      endloop
   endfacet
   facet normal -0.000000e+00 1.000000e+00 0.000000e+00
      outer loop
         vertex 5.105305e+00 3.286000e+00 2.197899e+01
         vertex 5.343683e+00 3.286000e+00 2.228965e+01
         vertex 1.284464e+01 3.286000e+00 1.683965e+01
      endloop
   endfacet
   facet normal 0.000000e+00 1.000000e+00 0.000000e+00
      outer loop
         vertex 1.284464e+01 3.286000e+00 1.683965e+01
         vertex 5.343683e+00 3.286000e+00 2.228965e+01
         vertex 5.493533e+00 3.286000e+00 2.265142e+01
      endloop
   endfacet
   facet normal 0.000000e+00 1.000000e+00 -0.000000e+00
      outer loop
         vertex 1.284464e+01 3.286000e+00 1.683965e+01
         vertex 5.493533e+00 3.286000e+00 2.265142e+01
         vertex 1.284464e+01 3.286000e+00 2.536465e+01
      endloop
   endfacet
   facet normal 0.000000e+00 1.000000e+00 0.000000e+00
      outer loop
         vertex 1.284464e+01 3.286000e+00 2.536465e+01
         vertex 5.493533e+00 3.286000e+00 2.265142e+01
         vertex 5.544648e+00 3.286000e+00 2.303965e+01
      endloop
   endfacet
   facet normal 0.000000e+00 1.000000e+00 0.000000e+00
      outer loop
         vertex 1.284464e+01 3.286000e+00 2.536465e+01
         vertex 5.544648e+00 3.286000e+00 2.303965e+01
         vertex 5.493533e+00 3.286000e+00 2.342788e+01
      endloop
   endfacet
   facet normal 0.000000e+00 1.000000e+00 -0.000000e+00
      outer loop
         vertex 2.595756e+00 3.286000e+00 2.342788e+01
         vertex 7.946454e-01 3.286000e+00 2.303965e+01
         vertex 2.745606e+00 3.286000e+00 2.378965e+01
      endloop
   endfacet
   facet normal 0.000000e+00 1.000000e+00 0.000000e+00
      outer loop
         vertex 2.745606e+00 3.286000e+00 2.378965e+01
         vertex 7.946454e-01 3.286000e+00 2.303965e+01
         vertex 9.143427e-01 3.286000e+00 2.535739e+01
      endloop
   endfacet
   facet normal 0.000000e+00 1.000000e+00 -0.000000e+00
      outer loop
         vertex 2.745606e+00 3.286000e+00 2.378965e+01
         vertex 9.143427e-01 3.286000e+00 2.535739e+01
         vertex 2.983987e+00 3.286000e+00 2.410031e+01
      endloop
   endfacet
   facet normal 0.000000e+00 1.000000e+00 0.000000e+00
      outer loop
         vertex 2.983987e+00 3.286000e+00 2.410031e+01
         vertex 9.143427e-01 3.286000e+00 2.535739e+01
         vertex 9.154715e-01 3.286000e+00 2.536465e+01
      endloop
   endfacet
   facet normal 0.000000e+00 1.000000e+00 -0.000000e+00
      outer loop
         vertex 2.983987e+00 3.286000e+00 2.410031e+01
         vertex 9.154715e-01 3.286000e+00 2.536465e+01
         vertex 3.294647e+00 3.286000e+00 2.433868e+01
      endloop
   endfacet
   facet normal 0.000000e+00 1.000000e+00 -0.000000e+00
      outer loop
         vertex 3.294647e+00 3.286000e+00 2.433868e+01
         vertex 9.154715e-01 3.286000e+00 2.536465e+01
         vertex 3.656417e+00 3.286000e+00 2.448854e+01
      endloop
   endfacet
   facet normal 0.000000e+00 1.000000e+00 0.000000e+00
      outer loop
         vertex 2.595756e+00 3.286000e+00 2.342788e+01
         vertex 2.544645e+00 3.286000e+00 2.303965e+01
         vertex 7.946454e-01 3.286000e+00 2.303965e+01
      endloop
   endfacet
   facet normal 0.000000e+00 1.000000e+00 0.000000e+00
      outer loop
         vertex 7.946454e-01 3.286000e+00 2.303965e+01
         vertex 2.544645e+00 3.286000e+00 2.303965e+01
         vertex 2.595756e+00 3.286000e+00 2.265142e+01
      endloop
   endfacet
   facet normal 0.000000e+00 1.000000e+00 0.000000e+00
      outer loop
         vertex 7.946454e-01 3.286000e+00 2.303965e+01
         vertex 2.595756e+00 3.286000e+00 2.265142e+01
         vertex 9.143427e-01 3.286000e+00 2.072190e+01
      endloop
   endfacet
   facet normal 0.000000e+00 1.000000e+00 0.000000e+00
      outer loop
         vertex 3.656417e+00 3.286000e+00 2.159076e+01
         vertex 1.691479e+00 3.286000e+00 1.683965e+01
         vertex 3.294647e+00 3.286000e+00 2.174061e+01
      endloop
   endfacet
   facet normal 0.000000e+00 1.000000e+00 0.000000e+00
      outer loop
         vertex 3.294647e+00 3.286000e+00 2.174061e+01
         vertex 1.691479e+00 3.286000e+00 1.683965e+01
         vertex 1.272153e+00 3.286000e+00 1.842881e+01
      endloop
   endfacet
   facet normal 0.000000e+00 1.000000e+00 0.000000e+00
      outer loop
         vertex 3.294647e+00 3.286000e+00 2.174061e+01
         vertex 1.272153e+00 3.286000e+00 1.842881e+01
         vertex 2.983987e+00 3.286000e+00 2.197899e+01
      endloop
   endfacet
   facet normal 0.000000e+00 1.000000e+00 0.000000e+00
      outer loop
         vertex 2.983987e+00 3.286000e+00 2.197899e+01
         vertex 1.272153e+00 3.286000e+00 1.842881e+01
         vertex 9.143427e-01 3.286000e+00 2.072190e+01
      endloop
   endfacet
   facet normal 0.000000e+00 1.000000e+00 0.000000e+00
      outer loop
         vertex 2.983987e+00 3.286000e+00 2.197899e+01
         vertex 9.143427e-01 3.286000e+00 2.072190e+01
         vertex 2.745606e+00 3.286000e+00 2.228965e+01
      endloop
   endfacet
   facet normal 0.000000e+00 1.000000e+00 0.000000e+00
      outer loop
         vertex 2.745606e+00 3.286000e+00 2.228965e+01
         vertex 9.143427e-01 3.286000e+00 2.072190e+01
         vertex 2.595756e+00 3.286000e+00 2.265142e+01
      endloop
   endfacet
   facet normal 0.000000e+00 1.000000e+00 0.000000e+00
      outer loop
         vertex 3.656417e+00 3.286000e+00 2.159076e+01
         vertex 4.044645e+00 3.286000e+00 2.153965e+01
         vertex 1.691479e+00 3.286000e+00 1.683965e+01
      endloop
   endfacet
   facet normal 0.000000e+00 1.000000e+00 0.000000e+00
      outer loop
         vertex 1.691479e+00 3.286000e+00 1.683965e+01
         vertex 4.044645e+00 3.286000e+00 2.153965e+01
         vertex 4.432876e+00 3.286000e+00 2.159076e+01
      endloop
   endfacet
   facet normal 0.000000e+00 1.000000e+00 0.000000e+00
      outer loop
         vertex 1.691479e+00 3.286000e+00 1.683965e+01
         vertex 4.432876e+00 3.286000e+00 2.159076e+01
         vertex 1.284464e+01 3.286000e+00 1.683965e+01
      endloop
   endfacet
   facet normal 0.000000e+00 1.000000e+00 0.000000e+00
      outer loop
         vertex 1.284464e+01 3.286000e+00 1.683965e+01
         vertex 4.432876e+00 3.286000e+00 2.159076e+01
         vertex 4.794646e+00 3.286000e+00 2.174061e+01
      endloop
   endfacet
   facet normal 0.000000e+00 1.000000e+00 0.000000e+00
      outer loop
         vertex 1.284464e+01 3.286000e+00 1.683965e+01
         vertex 4.794646e+00 3.286000e+00 2.174061e+01
         vertex 5.105305e+00 3.286000e+00 2.197899e+01
      endloop
   endfacet
   facet normal -0.000000e+00 1.000000e+00 0.000000e+00
      outer loop
         vertex 1.864273e+00 3.286000e+00 1.618478e+01
         vertex 1.284464e+01 3.286000e+00 1.683965e+01
         vertex 2.684407e+00 3.286000e+00 1.401368e+01
      endloop
   endfacet
   facet normal -0.000000e+00 1.000000e+00 0.000000e+00
      outer loop
         vertex 2.684407e+00 3.286000e+00 1.401368e+01
         vertex 1.284464e+01 3.286000e+00 1.683965e+01
         vertex 1.284464e+01 3.286000e+00 1.266465e+01
      endloop
   endfacet
   facet normal 0.000000e+00 1.000000e+00 0.000000e+00
      outer loop
         vertex 2.684407e+00 3.286000e+00 1.401368e+01
         vertex 1.284464e+01 3.286000e+00 1.266465e+01
         vertex 3.360149e+00 3.286000e+00 1.266465e+01
      endloop
   endfacet
   facet normal 0.000000e+00 1.000000e+00 0.000000e+00
      outer loop
         vertex 1.379941e+01 3.286000e+00 2.641352e+00
         vertex 1.284464e+01 3.286000e+00 3.147254e+00
         vertex 1.284464e+01 3.286000e+00 1.266465e+01
      endloop
   endfacet
   facet normal 0.000000e+00 1.000000e+00 0.000000e+00
      outer loop
         vertex 1.284464e+01 3.286000e+00 1.266465e+01
         vertex 1.284464e+01 3.286000e+00 3.147254e+00
         vertex 1.174867e+01 3.286000e+00 3.727980e+00
      endloop
   endfacet
   facet normal 0.000000e+00 1.000000e+00 -0.000000e+00
      outer loop
         vertex 6.414052e+00 3.286000e+00 8.163641e+00
         vertex 4.971460e+00 3.286000e+00 9.981665e+00
         vertex 1.284464e+01 3.286000e+00 1.266465e+01
      endloop
   endfacet
   facet normal 0.000000e+00 1.000000e+00 0.000000e+00
      outer loop
         vertex 1.284464e+01 3.286000e+00 1.266465e+01
         vertex 4.971460e+00 3.286000e+00 9.981665e+00
         vertex 3.723819e+00 3.286000e+00 1.193862e+01
      endloop
   endfacet
   facet normal 0.000000e+00 1.000000e+00 0.000000e+00
      outer loop
         vertex 1.284464e+01 3.286000e+00 1.266465e+01
         vertex 3.723819e+00 3.286000e+00 1.193862e+01
         vertex 3.360149e+00 3.286000e+00 1.266465e+01
      endloop
   endfacet
   facet normal 0.000000e+00 1.000000e+00 -0.000000e+00
      outer loop
         vertex 1.174867e+01 3.286000e+00 3.727980e+00
         vertex 9.820782e+00 3.286000e+00 5.020075e+00
         vertex 1.284464e+01 3.286000e+00 1.266465e+01
      endloop
   endfacet
   facet normal 0.000000e+00 1.000000e+00 0.000000e+00
      outer loop
         vertex 1.284464e+01 3.286000e+00 1.266465e+01
         vertex 9.820782e+00 3.286000e+00 5.020075e+00
         vertex 8.036245e+00 3.286000e+00 6.503891e+00
      endloop
   endfacet
   facet normal 0.000000e+00 1.000000e+00 0.000000e+00
      outer loop
         vertex 1.284464e+01 3.286000e+00 1.266465e+01
         vertex 8.036245e+00 3.286000e+00 6.503891e+00
         vertex 6.414052e+00 3.286000e+00 8.163641e+00
      endloop
   endfacet
   facet normal 0.000000e+00 1.000000e+00 -0.000000e+00
      outer loop
         vertex 2.851965e+01 3.286000e+00 1.185520e+00
         vertex 2.740031e+01 3.286000e+00 9.174068e-01
         vertex 2.851965e+01 3.286000e+00 1.266465e+01
      endloop
   endfacet
   facet normal 0.000000e+00 1.000000e+00 0.000000e+00
      outer loop
         vertex 2.851965e+01 3.286000e+00 1.266465e+01
         vertex 2.740031e+01 3.286000e+00 9.174068e-01
         vertex 2.509964e+01 3.286000e+00 6.121639e-01
      endloop
   endfacet
   facet normal 0.000000e+00 1.000000e+00 0.000000e+00
      outer loop
         vertex 2.851965e+01 3.286000e+00 1.266465e+01
         vertex 2.509964e+01 3.286000e+00 6.121639e-01
         vertex 2.277976e+01 3.286000e+00 5.455390e-01
      endloop
   endfacet
   facet normal 0.000000e+00 1.000000e+00 -0.000000e+00
      outer loop
         vertex 2.277976e+01 3.286000e+00 5.455390e-01
         vertex 2.046536e+01 3.286000e+00 7.182416e-01
         vertex 2.851965e+01 3.286000e+00 1.266465e+01
      endloop
   endfacet
   facet normal 0.000000e+00 1.000000e+00 0.000000e+00
      outer loop
         vertex 2.851965e+01 3.286000e+00 1.266465e+01
         vertex 2.046536e+01 3.286000e+00 7.182416e-01
         vertex 1.818106e+01 3.286000e+00 1.128433e+00
      endloop
   endfacet
   facet normal 0.000000e+00 1.000000e+00 0.000000e+00
      outer loop
         vertex 2.851965e+01 3.286000e+00 1.266465e+01
         vertex 1.818106e+01 3.286000e+00 1.128433e+00
         vertex 1.595117e+01 3.286000e+00 1.771752e+00
      endloop
   endfacet
   facet normal -0.000000e+00 1.000000e+00 0.000000e+00
      outer loop
         vertex 3.468215e+01 3.286000e+00 1.266465e+01
         vertex 5.452119e+01 3.286000e+00 1.266465e+01
         vertex 5.452119e+01 3.286000e+00 8.477942e+00
      endloop
   endfacet
   facet normal 0.000000e+00 1.000000e+00 0.000000e+00
      outer loop
         vertex 5.452119e+01 3.286000e+00 8.477942e+00
         vertex 4.044710e+01 3.286000e+00 8.477942e+00
         vertex 3.468215e+01 3.286000e+00 1.266465e+01
      endloop
   endfacet
   facet normal 0.000000e+00 1.000000e+00 0.000000e+00
      outer loop
         vertex 3.468215e+01 3.286000e+00 1.266465e+01
         vertex 4.044710e+01 3.286000e+00 8.477942e+00
         vertex 3.947690e+01 3.286000e+00 7.406840e+00
      endloop
   endfacet
   facet normal 0.000000e+00 1.000000e+00 0.000000e+00
      outer loop
         vertex 3.468215e+01 3.286000e+00 1.266465e+01
         vertex 3.947690e+01 3.286000e+00 7.406840e+00
         vertex 3.778046e+01 3.286000e+00 5.823053e+00
      endloop
   endfacet
   facet normal -0.000000e+00 1.000000e+00 0.000000e+00
      outer loop
         vertex 3.436853e+01 3.286000e+00 5.980428e+00
         vertex 3.441965e+01 3.286000e+00 6.368658e+00
         vertex 3.468215e+01 3.286000e+00 3.666537e+00
      endloop
   endfacet
   facet normal 0.000000e+00 1.000000e+00 -0.000000e+00
      outer loop
         vertex 3.468215e+01 3.286000e+00 3.666537e+00
         vertex 3.441965e+01 3.286000e+00 6.368658e+00
         vertex 3.468215e+01 3.286000e+00 1.266465e+01
      endloop
   endfacet
   facet normal 0.000000e+00 1.000000e+00 0.000000e+00
      outer loop
         vertex 3.468215e+01 3.286000e+00 3.666537e+00
         vertex 3.468215e+01 3.286000e+00 1.266465e+01
         vertex 3.592990e+01 3.286000e+00 4.422443e+00
      endloop
   endfacet
   facet normal 0.000000e+00 1.000000e+00 -0.000000e+00
      outer loop
         vertex 3.592990e+01 3.286000e+00 4.422443e+00
         vertex 3.468215e+01 3.286000e+00 1.266465e+01
         vertex 3.778046e+01 3.286000e+00 5.823053e+00
      endloop
   endfacet
   facet normal 0.000000e+00 1.000000e+00 0.000000e+00
      outer loop
         vertex 5.654465e+01 3.286000e+00 1.192362e+01
         vertex 6.340635e+01 3.286000e+00 8.477942e+00
         vertex 5.630346e+01 3.286000e+00 1.182372e+01
      endloop
   endfacet
   facet normal 0.000000e+00 1.000000e+00 0.000000e+00
      outer loop
         vertex 5.630346e+01 3.286000e+00 1.182372e+01
         vertex 6.340635e+01 3.286000e+00 8.477942e+00
         vertex 5.452119e+01 3.286000e+00 8.477942e+00
      endloop
   endfacet
   facet normal 0.000000e+00 1.000000e+00 0.000000e+00
      outer loop
         vertex 5.630346e+01 3.286000e+00 1.182372e+01
         vertex 5.452119e+01 3.286000e+00 8.477942e+00
         vertex 5.604465e+01 3.286000e+00 1.178965e+01
      endloop
   endfacet
   facet normal -0.000000e+00 1.000000e+00 0.000000e+00
      outer loop
         vertex 5.701057e+01 3.286000e+00 1.253083e+01
         vertex 6.340635e+01 3.286000e+00 1.266465e+01
         vertex 5.691067e+01 3.286000e+00 1.228965e+01
      endloop
   endfacet
   facet normal -0.000000e+00 1.000000e+00 0.000000e+00
      outer loop
         vertex 5.691067e+01 3.286000e+00 1.228965e+01
         vertex 6.340635e+01 3.286000e+00 1.266465e+01
         vertex 6.340635e+01 3.286000e+00 8.477942e+00
      endloop
   endfacet
   facet normal 0.000000e+00 1.000000e+00 0.000000e+00
      outer loop
         vertex 5.691067e+01 3.286000e+00 1.228965e+01
         vertex 6.340635e+01 3.286000e+00 8.477942e+00
         vertex 5.675175e+01 3.286000e+00 1.208254e+01
      endloop
   endfacet
   facet normal 0.000000e+00 1.000000e+00 0.000000e+00
      outer loop
         vertex 5.675175e+01 3.286000e+00 1.208254e+01
         vertex 6.340635e+01 3.286000e+00 8.477942e+00
         vertex 5.654465e+01 3.286000e+00 1.192362e+01
      endloop
   endfacet
   facet normal 0.000000e+00 1.000000e+00 0.000000e+00
      outer loop
         vertex 5.533754e+01 3.286000e+00 1.208254e+01
         vertex 5.554465e+01 3.286000e+00 1.192362e+01
         vertex 5.452119e+01 3.286000e+00 8.477942e+00
      endloop
   endfacet
   facet normal 0.000000e+00 1.000000e+00 0.000000e+00
      outer loop
         vertex 5.452119e+01 3.286000e+00 8.477942e+00
         vertex 5.554465e+01 3.286000e+00 1.192362e+01
         vertex 5.578583e+01 3.286000e+00 1.182372e+01
      endloop
   endfacet
   facet normal 0.000000e+00 1.000000e+00 0.000000e+00
      outer loop
         vertex 5.452119e+01 3.286000e+00 8.477942e+00
         vertex 5.578583e+01 3.286000e+00 1.182372e+01
         vertex 5.604465e+01 3.286000e+00 1.178965e+01
      endloop
   endfacet
   facet normal 0.000000e+00 1.000000e+00 0.000000e+00
      outer loop
         vertex 5.504465e+01 3.286000e+00 1.278965e+01
         vertex 5.506110e+01 3.286000e+00 1.266465e+01
         vertex 5.452119e+01 3.286000e+00 1.266465e+01
      endloop
   endfacet
   facet normal -0.000000e+00 1.000000e+00 0.000000e+00
      outer loop
         vertex 5.452119e+01 3.286000e+00 1.266465e+01
         vertex 5.506110e+01 3.286000e+00 1.266465e+01
         vertex 5.507872e+01 3.286000e+00 1.253083e+01
      endloop
   endfacet
   facet normal 0.000000e+00 1.000000e+00 0.000000e+00
      outer loop
         vertex 5.452119e+01 3.286000e+00 1.266465e+01
         vertex 5.507872e+01 3.286000e+00 1.253083e+01
         vertex 5.452119e+01 3.286000e+00 8.477942e+00
      endloop
   endfacet
   facet normal 0.000000e+00 1.000000e+00 0.000000e+00
      outer loop
         vertex 5.452119e+01 3.286000e+00 8.477942e+00
         vertex 5.507872e+01 3.286000e+00 1.253083e+01
         vertex 5.517862e+01 3.286000e+00 1.228965e+01
      endloop
   endfacet
   facet normal 0.000000e+00 1.000000e+00 0.000000e+00
      outer loop
         vertex 5.452119e+01 3.286000e+00 8.477942e+00
         vertex 5.517862e+01 3.286000e+00 1.228965e+01
         vertex 5.533754e+01 3.286000e+00 1.208254e+01
      endloop
   endfacet
   facet normal 0.000000e+00 1.000000e+00 0.000000e+00
      outer loop
         vertex 5.504465e+01 3.286000e+00 3.328965e+01
         vertex 5.507872e+01 3.286000e+00 3.303083e+01
         vertex 5.452119e+01 3.286000e+00 3.341465e+01
      endloop
   endfacet
   facet normal -0.000000e+00 1.000000e+00 0.000000e+00
      outer loop
         vertex 5.654465e+01 3.286000e+00 3.242362e+01
         vertex 5.675175e+01 3.286000e+00 3.258254e+01
         vertex 6.340635e+01 3.286000e+00 2.923965e+01
      endloop
   endfacet
   facet normal 0.000000e+00 1.000000e+00 0.000000e+00
      outer loop
         vertex 5.654465e+01 3.286000e+00 3.242362e+01
         vertex 6.340635e+01 3.286000e+00 2.923965e+01
         vertex 5.630346e+01 3.286000e+00 3.232372e+01
      endloop
   endfacet
   facet normal 0.000000e+00 1.000000e+00 0.000000e+00
      outer loop
         vertex 5.452119e+01 3.286000e+00 3.341465e+01
         vertex 5.507872e+01 3.286000e+00 3.303083e+01
         vertex 5.452119e+01 3.286000e+00 2.923965e+01
      endloop
   endfacet
   facet normal 0.000000e+00 1.000000e+00 0.000000e+00
      outer loop
         vertex 5.452119e+01 3.286000e+00 2.923965e+01
         vertex 5.507872e+01 3.286000e+00 3.303083e+01
         vertex 5.517862e+01 3.286000e+00 3.278965e+01
      endloop
   endfacet
   facet normal 0.000000e+00 1.000000e+00 0.000000e+00
      outer loop
         vertex 5.452119e+01 3.286000e+00 2.923965e+01
         vertex 5.517862e+01 3.286000e+00 3.278965e+01
         vertex 5.533754e+01 3.286000e+00 3.258254e+01
      endloop
   endfacet
   facet normal 0.000000e+00 1.000000e+00 0.000000e+00
      outer loop
         vertex 5.533754e+01 3.286000e+00 3.258254e+01
         vertex 5.554465e+01 3.286000e+00 3.242362e+01
         vertex 5.452119e+01 3.286000e+00 2.923965e+01
      endloop
   endfacet
   facet normal 0.000000e+00 1.000000e+00 0.000000e+00
      outer loop
         vertex 5.452119e+01 3.286000e+00 2.923965e+01
         vertex 5.554465e+01 3.286000e+00 3.242362e+01
         vertex 5.578583e+01 3.286000e+00 3.232372e+01
      endloop
   endfacet
   facet normal 0.000000e+00 1.000000e+00 0.000000e+00
      outer loop
         vertex 5.452119e+01 3.286000e+00 2.923965e+01
         vertex 5.578583e+01 3.286000e+00 3.232372e+01
         vertex 5.604465e+01 3.286000e+00 3.228965e+01
      endloop
   endfacet
   facet normal -0.000000e+00 1.000000e+00 0.000000e+00
      outer loop
         vertex 5.675175e+01 3.286000e+00 3.258254e+01
         vertex 5.691067e+01 3.286000e+00 3.278965e+01
         vertex 6.340635e+01 3.286000e+00 2.923965e+01
      endloop
   endfacet
   facet normal 0.000000e+00 1.000000e+00 0.000000e+00
      outer loop
         vertex 6.340635e+01 3.286000e+00 2.923965e+01
         vertex 5.691067e+01 3.286000e+00 3.278965e+01
         vertex 5.701057e+01 3.286000e+00 3.303083e+01
      endloop
   endfacet
   facet normal 0.000000e+00 1.000000e+00 -0.000000e+00
      outer loop
         vertex 6.340635e+01 3.286000e+00 2.923965e+01
         vertex 5.701057e+01 3.286000e+00 3.303083e+01
         vertex 6.340635e+01 3.286000e+00 3.341465e+01
      endloop
   endfacet
   facet normal 0.000000e+00 1.000000e+00 0.000000e+00
      outer loop
         vertex 5.452119e+01 3.286000e+00 3.625014e+01
         vertex 5.533754e+01 3.286000e+00 3.399675e+01
         vertex 5.517862e+01 3.286000e+00 3.378965e+01
      endloop
   endfacet
   facet normal 0.000000e+00 1.000000e+00 0.000000e+00
      outer loop
         vertex 5.701057e+01 3.286000e+00 3.303083e+01
         vertex 5.704465e+01 3.286000e+00 3.328965e+01
         vertex 6.340635e+01 3.286000e+00 3.341465e+01
      endloop
   endfacet
   facet normal 0.000000e+00 1.000000e+00 0.000000e+00
      outer loop
         vertex 6.340635e+01 3.286000e+00 3.341465e+01
         vertex 5.704465e+01 3.286000e+00 3.328965e+01
         vertex 5.702819e+01 3.286000e+00 3.341465e+01
      endloop
   endfacet
   facet normal 0.000000e+00 1.000000e+00 -0.000000e+00
      outer loop
         vertex 6.340635e+01 3.286000e+00 3.341465e+01
         vertex 5.702819e+01 3.286000e+00 3.341465e+01
         vertex 6.340635e+01 3.286000e+00 3.625014e+01
      endloop
   endfacet
   facet normal 0.000000e+00 1.000000e+00 0.000000e+00
      outer loop
         vertex 6.340635e+01 3.286000e+00 3.625014e+01
         vertex 5.702819e+01 3.286000e+00 3.341465e+01
         vertex 5.701057e+01 3.286000e+00 3.354847e+01
      endloop
   endfacet
   facet normal 0.000000e+00 1.000000e+00 0.000000e+00
      outer loop
         vertex 6.340635e+01 3.286000e+00 3.625014e+01
         vertex 5.701057e+01 3.286000e+00 3.354847e+01
         vertex 5.691067e+01 3.286000e+00 3.378965e+01
      endloop
   endfacet
   facet normal 0.000000e+00 1.000000e+00 -0.000000e+00
      outer loop
         vertex 5.691067e+01 3.286000e+00 3.378965e+01
         vertex 5.675175e+01 3.286000e+00 3.399675e+01
         vertex 6.340635e+01 3.286000e+00 3.625014e+01
      endloop
   endfacet
   facet normal 0.000000e+00 1.000000e+00 0.000000e+00
      outer loop
         vertex 6.340635e+01 3.286000e+00 3.625014e+01
         vertex 5.675175e+01 3.286000e+00 3.399675e+01
         vertex 5.654465e+01 3.286000e+00 3.415567e+01
      endloop
   endfacet
   facet normal 0.000000e+00 1.000000e+00 0.000000e+00
      outer loop
         vertex 6.340635e+01 3.286000e+00 3.625014e+01
         vertex 5.654465e+01 3.286000e+00 3.415567e+01
         vertex 5.452119e+01 3.286000e+00 3.625014e+01
      endloop
   endfacet
   facet normal 0.000000e+00 1.000000e+00 0.000000e+00
      outer loop
         vertex 5.452119e+01 3.286000e+00 3.625014e+01
         vertex 5.654465e+01 3.286000e+00 3.415567e+01
         vertex 5.630346e+01 3.286000e+00 3.425557e+01
      endloop
   endfacet
   facet normal 0.000000e+00 1.000000e+00 0.000000e+00
      outer loop
         vertex 5.452119e+01 3.286000e+00 3.625014e+01
         vertex 5.630346e+01 3.286000e+00 3.425557e+01
         vertex 5.604465e+01 3.286000e+00 3.428965e+01
      endloop
   endfacet
   facet normal 0.000000e+00 1.000000e+00 0.000000e+00
      outer loop
         vertex 5.604465e+01 3.286000e+00 3.428965e+01
         vertex 5.578583e+01 3.286000e+00 3.425557e+01
         vertex 5.452119e+01 3.286000e+00 3.625014e+01
      endloop
   endfacet
   facet normal 0.000000e+00 1.000000e+00 0.000000e+00
      outer loop
         vertex 5.452119e+01 3.286000e+00 3.625014e+01
         vertex 5.578583e+01 3.286000e+00 3.425557e+01
         vertex 5.554465e+01 3.286000e+00 3.415567e+01
      endloop
   endfacet
   facet normal 0.000000e+00 1.000000e+00 0.000000e+00
      outer loop
         vertex 5.452119e+01 3.286000e+00 3.625014e+01
         vertex 5.554465e+01 3.286000e+00 3.415567e+01
         vertex 5.533754e+01 3.286000e+00 3.399675e+01
      endloop
   endfacet
   facet normal 0.000000e+00 1.000000e+00 0.000000e+00
      outer loop
         vertex 5.517862e+01 3.286000e+00 3.378965e+01
         vertex 5.507872e+01 3.286000e+00 3.354847e+01
         vertex 5.452119e+01 3.286000e+00 3.341465e+01
      endloop
   endfacet
   facet normal 0.000000e+00 1.000000e+00 0.000000e+00
      outer loop
         vertex 5.452119e+01 3.286000e+00 3.341465e+01
         vertex 5.507872e+01 3.286000e+00 3.354847e+01
         vertex 5.506110e+01 3.286000e+00 3.341465e+01
      endloop
   endfacet
   facet normal -0.000000e+00 1.000000e+00 0.000000e+00
      outer loop
         vertex 5.452119e+01 3.286000e+00 3.341465e+01
         vertex 5.506110e+01 3.286000e+00 3.341465e+01
         vertex 5.504465e+01 3.286000e+00 3.328965e+01
      endloop
   endfacet
   facet normal 0.000000e+00 1.000000e+00 -0.000000e+00
      outer loop
         vertex 5.691067e+01 3.286000e+00 1.328965e+01
         vertex 5.675175e+01 3.286000e+00 1.349675e+01
         vertex 6.340635e+01 3.286000e+00 1.683965e+01
      endloop
   endfacet
   facet normal 0.000000e+00 1.000000e+00 0.000000e+00
      outer loop
         vertex 5.654465e+01 3.286000e+00 1.365567e+01
         vertex 5.630346e+01 3.286000e+00 1.375557e+01
         vertex 5.452119e+01 3.286000e+00 1.683965e+01
      endloop
   endfacet
   facet normal 0.000000e+00 1.000000e+00 0.000000e+00
      outer loop
         vertex 5.701057e+01 3.286000e+00 1.253083e+01
         vertex 5.702819e+01 3.286000e+00 1.266465e+01
         vertex 6.340635e+01 3.286000e+00 1.266465e+01
      endloop
   endfacet
   facet normal 0.000000e+00 1.000000e+00 0.000000e+00
      outer loop
         vertex 6.340635e+01 3.286000e+00 1.266465e+01
         vertex 5.702819e+01 3.286000e+00 1.266465e+01
         vertex 5.704465e+01 3.286000e+00 1.278965e+01
      endloop
   endfacet
   facet normal 0.000000e+00 1.000000e+00 -0.000000e+00
      outer loop
         vertex 6.340635e+01 3.286000e+00 1.266465e+01
         vertex 5.704465e+01 3.286000e+00 1.278965e+01
         vertex 6.340635e+01 3.286000e+00 1.683965e+01
      endloop
   endfacet
   facet normal 0.000000e+00 1.000000e+00 0.000000e+00
      outer loop
         vertex 6.340635e+01 3.286000e+00 1.683965e+01
         vertex 5.704465e+01 3.286000e+00 1.278965e+01
         vertex 5.701057e+01 3.286000e+00 1.304847e+01
      endloop
   endfacet
   facet normal 0.000000e+00 1.000000e+00 0.000000e+00
      outer loop
         vertex 6.340635e+01 3.286000e+00 1.683965e+01
         vertex 5.701057e+01 3.286000e+00 1.304847e+01
         vertex 5.691067e+01 3.286000e+00 1.328965e+01
      endloop
   endfacet
   facet normal 0.000000e+00 1.000000e+00 0.000000e+00
      outer loop
         vertex 5.630346e+01 3.286000e+00 1.375557e+01
         vertex 5.604465e+01 3.286000e+00 1.378965e+01
         vertex 5.452119e+01 3.286000e+00 1.683965e+01
      endloop
   endfacet
   facet normal 0.000000e+00 1.000000e+00 0.000000e+00
      outer loop
         vertex 5.452119e+01 3.286000e+00 1.683965e+01
         vertex 5.604465e+01 3.286000e+00 1.378965e+01
         vertex 5.578583e+01 3.286000e+00 1.375557e+01
      endloop
   endfacet
   facet normal 0.000000e+00 1.000000e+00 0.000000e+00
      outer loop
         vertex 5.452119e+01 3.286000e+00 1.683965e+01
         vertex 5.578583e+01 3.286000e+00 1.375557e+01
         vertex 5.554465e+01 3.286000e+00 1.365567e+01
      endloop
   endfacet
   facet normal 0.000000e+00 1.000000e+00 0.000000e+00
      outer loop
         vertex 5.554465e+01 3.286000e+00 1.365567e+01
         vertex 5.533754e+01 3.286000e+00 1.349675e+01
         vertex 5.452119e+01 3.286000e+00 1.683965e+01
      endloop
   endfacet
   facet normal 0.000000e+00 1.000000e+00 0.000000e+00
      outer loop
         vertex 5.452119e+01 3.286000e+00 1.683965e+01
         vertex 5.533754e+01 3.286000e+00 1.349675e+01
         vertex 5.517862e+01 3.286000e+00 1.328965e+01
      endloop
   endfacet
   facet normal 0.000000e+00 1.000000e+00 0.000000e+00
      outer loop
         vertex 5.452119e+01 3.286000e+00 1.683965e+01
         vertex 5.517862e+01 3.286000e+00 1.328965e+01
         vertex 5.452119e+01 3.286000e+00 1.266465e+01
      endloop
   endfacet
   facet normal 0.000000e+00 1.000000e+00 0.000000e+00
      outer loop
         vertex 5.452119e+01 3.286000e+00 1.266465e+01
         vertex 5.517862e+01 3.286000e+00 1.328965e+01
         vertex 5.507872e+01 3.286000e+00 1.304847e+01
      endloop
   endfacet
   facet normal 0.000000e+00 1.000000e+00 0.000000e+00
      outer loop
         vertex 5.452119e+01 3.286000e+00 1.266465e+01
         vertex 5.507872e+01 3.286000e+00 1.304847e+01
         vertex 5.504465e+01 3.286000e+00 1.278965e+01
      endloop
   endfacet
   facet normal -0.000000e+00 1.000000e+00 0.000000e+00
      outer loop
         vertex 3.468215e+01 3.286000e+00 1.683965e+01
         vertex 3.494465e+01 3.286000e+00 1.683965e+01
         vertex 3.494465e+01 3.286000e+00 1.353965e+01
      endloop
   endfacet
   facet normal 0.000000e+00 1.000000e+00 -0.000000e+00
      outer loop
         vertex 3.494465e+01 3.286000e+00 1.683965e+01
         vertex 3.468215e+01 3.286000e+00 1.683965e+01
         vertex 3.494465e+01 3.286000e+00 2.536465e+01
      endloop
   endfacet
   facet normal 0.000000e+00 1.000000e+00 0.000000e+00
      outer loop
         vertex 3.494465e+01 3.286000e+00 2.536465e+01
         vertex 3.468215e+01 3.286000e+00 1.683965e+01
         vertex 3.468215e+01 3.286000e+00 2.536465e+01
      endloop
   endfacet
   facet normal 0.000000e+00 1.000000e+00 -0.000000e+00
      outer loop
         vertex 3.494465e+01 3.286000e+00 2.536465e+01
         vertex 3.468215e+01 3.286000e+00 2.536465e+01
         vertex 3.494465e+01 3.286000e+00 2.923965e+01
      endloop
   endfacet
   facet normal 0.000000e+00 1.000000e+00 0.000000e+00
      outer loop
         vertex 3.494465e+01 3.286000e+00 2.923965e+01
         vertex 3.468215e+01 3.286000e+00 2.536465e+01
         vertex 3.468215e+01 3.286000e+00 2.923965e+01
      endloop
   endfacet
   facet normal 0.000000e+00 1.000000e+00 -0.000000e+00
      outer loop
         vertex 3.494465e+01 3.286000e+00 2.923965e+01
         vertex 3.468215e+01 3.286000e+00 2.923965e+01
         vertex 3.494465e+01 3.286000e+00 3.253965e+01
      endloop
   endfacet
   facet normal 0.000000e+00 1.000000e+00 0.000000e+00
      outer loop
         vertex 3.494465e+01 3.286000e+00 3.253965e+01
         vertex 3.468215e+01 3.286000e+00 2.923965e+01
         vertex 3.468215e+01 3.286000e+00 3.341465e+01
      endloop
   endfacet
   facet normal 0.000000e+00 1.000000e+00 -0.000000e+00
      outer loop
         vertex 3.494465e+01 3.286000e+00 3.253965e+01
         vertex 3.468215e+01 3.286000e+00 3.341465e+01
         vertex 5.399773e+01 3.286000e+00 3.253965e+01
      endloop
   endfacet
   facet normal 0.000000e+00 1.000000e+00 -0.000000e+00
      outer loop
         vertex 5.399773e+01 3.286000e+00 3.253965e+01
         vertex 3.468215e+01 3.286000e+00 3.341465e+01
         vertex 5.452119e+01 3.286000e+00 3.341465e+01
      endloop
   endfacet
   facet normal -0.000000e+00 1.000000e+00 0.000000e+00
      outer loop
         vertex 5.399773e+01 3.286000e+00 3.253965e+01
         vertex 5.452119e+01 3.286000e+00 3.341465e+01
         vertex 5.399773e+01 3.286000e+00 2.923965e+01
      endloop
   endfacet
   facet normal 0.000000e+00 1.000000e+00 0.000000e+00
      outer loop
         vertex 5.399773e+01 3.286000e+00 2.923965e+01
         vertex 5.452119e+01 3.286000e+00 3.341465e+01
         vertex 5.452119e+01 3.286000e+00 2.923965e+01
      endloop
   endfacet
   facet normal -0.000000e+00 1.000000e+00 0.000000e+00
      outer loop
         vertex 5.399773e+01 3.286000e+00 2.923965e+01
         vertex 5.452119e+01 3.286000e+00 2.923965e+01
         vertex 5.399773e+01 3.286000e+00 2.536465e+01
      endloop
   endfacet
   facet normal 0.000000e+00 1.000000e+00 0.000000e+00
      outer loop
         vertex 5.399773e+01 3.286000e+00 2.536465e+01
         vertex 5.452119e+01 3.286000e+00 2.923965e+01
         vertex 5.452119e+01 3.286000e+00 2.536465e+01
      endloop
   endfacet
   facet normal -0.000000e+00 1.000000e+00 0.000000e+00
      outer loop
         vertex 5.399773e+01 3.286000e+00 2.536465e+01
         vertex 5.452119e+01 3.286000e+00 2.536465e+01
         vertex 5.399773e+01 3.286000e+00 1.683965e+01
      endloop
   endfacet
   facet normal 0.000000e+00 1.000000e+00 0.000000e+00
      outer loop
         vertex 5.399773e+01 3.286000e+00 1.683965e+01
         vertex 5.452119e+01 3.286000e+00 2.536465e+01
         vertex 5.452119e+01 3.286000e+00 1.683965e+01
      endloop
   endfacet
   facet normal -0.000000e+00 1.000000e+00 0.000000e+00
      outer loop
         vertex 5.399773e+01 3.286000e+00 1.683965e+01
         vertex 5.452119e+01 3.286000e+00 1.683965e+01
         vertex 5.399773e+01 3.286000e+00 1.353965e+01
      endloop
   endfacet
   facet normal -0.000000e+00 1.000000e+00 0.000000e+00
      outer loop
         vertex 5.399773e+01 3.286000e+00 1.353965e+01
         vertex 5.452119e+01 3.286000e+00 1.683965e+01
         vertex 5.452119e+01 3.286000e+00 1.266465e+01
      endloop
   endfacet
   facet normal 0.000000e+00 1.000000e+00 0.000000e+00
      outer loop
         vertex 5.399773e+01 3.286000e+00 1.353965e+01
         vertex 5.452119e+01 3.286000e+00 1.266465e+01
         vertex 3.494465e+01 3.286000e+00 1.353965e+01
      endloop
   endfacet
   facet normal 0.000000e+00 1.000000e+00 0.000000e+00
      outer loop
         vertex 3.494465e+01 3.286000e+00 1.353965e+01
         vertex 5.452119e+01 3.286000e+00 1.266465e+01
         vertex 3.468215e+01 3.286000e+00 1.266465e+01
      endloop
   endfacet
   facet normal 0.000000e+00 1.000000e+00 0.000000e+00
      outer loop
         vertex 3.494465e+01 3.286000e+00 1.353965e+01
         vertex 3.468215e+01 3.286000e+00 1.266465e+01
         vertex 3.468215e+01 3.286000e+00 1.683965e+01
      endloop
   endfacet
   facet normal 0.000000e+00 1.000000e+00 0.000000e+00
      outer loop
         vertex 2.171965e+01 3.286000e+00 2.031167e+01
         vertex 2.247937e+01 3.286000e+00 1.999698e+01
         vertex 1.284464e+01 3.286000e+00 1.683965e+01
      endloop
   endfacet
   facet normal 0.000000e+00 1.000000e+00 0.000000e+00
      outer loop
         vertex 1.284464e+01 3.286000e+00 1.683965e+01
         vertex 2.247937e+01 3.286000e+00 1.999698e+01
         vertex 2.851965e+01 3.286000e+00 1.683965e+01
      endloop
   endfacet
   facet normal -0.000000e+00 1.000000e+00 0.000000e+00
      outer loop
         vertex 1.284464e+01 3.286000e+00 1.683965e+01
         vertex 2.851965e+01 3.286000e+00 1.683965e+01
         vertex 1.284464e+01 3.286000e+00 1.266465e+01
      endloop
   endfacet
   facet normal 0.000000e+00 1.000000e+00 0.000000e+00
      outer loop
         vertex 1.284464e+01 3.286000e+00 1.266465e+01
         vertex 2.851965e+01 3.286000e+00 1.683965e+01
         vertex 2.851965e+01 3.286000e+00 1.266465e+01
      endloop
   endfacet
   facet normal -0.000000e+00 1.000000e+00 0.000000e+00
      outer loop
         vertex 1.284464e+01 3.286000e+00 1.266465e+01
         vertex 2.851965e+01 3.286000e+00 1.266465e+01
         vertex 1.379941e+01 3.286000e+00 2.641352e+00
      endloop
   endfacet
   facet normal -0.000000e+00 1.000000e+00 0.000000e+00
      outer loop
         vertex 1.379941e+01 3.286000e+00 2.641352e+00
         vertex 2.851965e+01 3.286000e+00 1.266465e+01
         vertex 1.595117e+01 3.286000e+00 1.771752e+00
      endloop
   endfacet
   facet normal -0.000000e+00 1.000000e+00 0.000000e+00
      outer loop
         vertex 1.284464e+01 3.286000e+00 4.293204e+01
         vertex 1.379941e+01 3.286000e+00 4.343794e+01
         vertex 1.284464e+01 3.286000e+00 3.625014e+01
      endloop
   endfacet
   facet normal 0.000000e+00 1.000000e+00 0.000000e+00
      outer loop
         vertex 1.284464e+01 3.286000e+00 3.625014e+01
         vertex 1.379941e+01 3.286000e+00 4.343794e+01
         vertex 2.851965e+01 3.286000e+00 3.625014e+01
      endloop
   endfacet
   facet normal -0.000000e+00 1.000000e+00 0.000000e+00
      outer loop
         vertex 1.284464e+01 3.286000e+00 3.625014e+01
         vertex 2.851965e+01 3.286000e+00 3.625014e+01
         vertex 1.284464e+01 3.286000e+00 3.341465e+01
      endloop
   endfacet
   facet normal 0.000000e+00 1.000000e+00 0.000000e+00
      outer loop
         vertex 1.284464e+01 3.286000e+00 3.341465e+01
         vertex 2.851965e+01 3.286000e+00 3.625014e+01
         vertex 2.851965e+01 3.286000e+00 3.341465e+01
      endloop
   endfacet
   facet normal -0.000000e+00 1.000000e+00 0.000000e+00
      outer loop
         vertex 1.284464e+01 3.286000e+00 3.341465e+01
         vertex 2.851965e+01 3.286000e+00 3.341465e+01
         vertex 1.284464e+01 3.286000e+00 2.923965e+01
      endloop
   endfacet
   facet normal 0.000000e+00 1.000000e+00 0.000000e+00
      outer loop
         vertex 1.284464e+01 3.286000e+00 2.923965e+01
         vertex 2.851965e+01 3.286000e+00 3.341465e+01
         vertex 2.851965e+01 3.286000e+00 2.923965e+01
      endloop
   endfacet
   facet normal -0.000000e+00 1.000000e+00 0.000000e+00
      outer loop
         vertex 1.284464e+01 3.286000e+00 2.923965e+01
         vertex 2.851965e+01 3.286000e+00 2.923965e+01
         vertex 2.329465e+01 3.286000e+00 2.618965e+01
      endloop
   endfacet
   facet normal -0.000000e+00 1.000000e+00 0.000000e+00
      outer loop
         vertex 2.329465e+01 3.286000e+00 2.618965e+01
         vertex 2.851965e+01 3.286000e+00 2.923965e+01
         vertex 2.410993e+01 3.286000e+00 2.608231e+01
      endloop
   endfacet
   facet normal 0.000000e+00 1.000000e+00 0.000000e+00
      outer loop
         vertex 3.072862e+01 3.286000e+00 3.278965e+01
         vertex 3.088754e+01 3.286000e+00 3.258254e+01
         vertex 2.851965e+01 3.286000e+00 2.923965e+01
      endloop
   endfacet
   facet normal 0.000000e+00 1.000000e+00 0.000000e+00
      outer loop
         vertex 2.851965e+01 3.286000e+00 2.923965e+01
         vertex 3.088754e+01 3.286000e+00 3.258254e+01
         vertex 3.100715e+01 3.286000e+00 2.923965e+01
      endloop
   endfacet
   facet normal -0.000000e+00 1.000000e+00 0.000000e+00
      outer loop
         vertex 2.851965e+01 3.286000e+00 2.923965e+01
         vertex 3.100715e+01 3.286000e+00 2.923965e+01
         vertex 2.851965e+01 3.286000e+00 2.536465e+01
      endloop
   endfacet
   facet normal 0.000000e+00 1.000000e+00 0.000000e+00
      outer loop
         vertex 2.851965e+01 3.286000e+00 2.536465e+01
         vertex 3.100715e+01 3.286000e+00 2.923965e+01
         vertex 3.100715e+01 3.286000e+00 2.536465e+01
      endloop
   endfacet
   facet normal -0.000000e+00 1.000000e+00 0.000000e+00
      outer loop
         vertex 2.851965e+01 3.286000e+00 2.536465e+01
         vertex 3.100715e+01 3.286000e+00 2.536465e+01
         vertex 2.851965e+01 3.286000e+00 1.683965e+01
      endloop
   endfacet
   facet normal 0.000000e+00 1.000000e+00 0.000000e+00
      outer loop
         vertex 2.851965e+01 3.286000e+00 1.683965e+01
         vertex 3.100715e+01 3.286000e+00 2.536465e+01
         vertex 3.100715e+01 3.286000e+00 1.683965e+01
      endloop
   endfacet
   facet normal -0.000000e+00 1.000000e+00 0.000000e+00
      outer loop
         vertex 2.851965e+01 3.286000e+00 1.683965e+01
         vertex 3.100715e+01 3.286000e+00 1.683965e+01
         vertex 3.100715e+01 3.286000e+00 1.358853e+01
      endloop
   endfacet
   facet normal 0.000000e+00 1.000000e+00 0.000000e+00
      outer loop
         vertex 3.100715e+01 3.286000e+00 1.358853e+01
         vertex 3.100715e+01 3.286000e+00 1.683965e+01
         vertex 3.109465e+01 3.286000e+00 1.365567e+01
      endloop
   endfacet
   facet normal 0.000000e+00 1.000000e+00 0.000000e+00
      outer loop
         vertex 3.133583e+01 3.286000e+00 3.232372e+01
         vertex 3.159465e+01 3.286000e+00 3.228965e+01
         vertex 3.100715e+01 3.286000e+00 2.923965e+01
      endloop
   endfacet
   facet normal 0.000000e+00 1.000000e+00 0.000000e+00
      outer loop
         vertex 3.100715e+01 3.286000e+00 2.923965e+01
         vertex 3.159465e+01 3.286000e+00 3.228965e+01
         vertex 3.350715e+01 3.286000e+00 2.923965e+01
      endloop
   endfacet
   facet normal -0.000000e+00 1.000000e+00 0.000000e+00
      outer loop
         vertex 3.100715e+01 3.286000e+00 2.923965e+01
         vertex 3.350715e+01 3.286000e+00 2.923965e+01
         vertex 3.100715e+01 3.286000e+00 2.536465e+01
      endloop
   endfacet
   facet normal 0.000000e+00 1.000000e+00 0.000000e+00
      outer loop
         vertex 3.100715e+01 3.286000e+00 2.536465e+01
         vertex 3.350715e+01 3.286000e+00 2.923965e+01
         vertex 3.350715e+01 3.286000e+00 2.536465e+01
      endloop
   endfacet
   facet normal -0.000000e+00 1.000000e+00 0.000000e+00
      outer loop
         vertex 3.100715e+01 3.286000e+00 2.536465e+01
         vertex 3.350715e+01 3.286000e+00 2.536465e+01
         vertex 3.100715e+01 3.286000e+00 1.683965e+01
      endloop
   endfacet
   facet normal 0.000000e+00 1.000000e+00 0.000000e+00
      outer loop
         vertex 3.100715e+01 3.286000e+00 1.683965e+01
         vertex 3.350715e+01 3.286000e+00 2.536465e+01
         vertex 3.350715e+01 3.286000e+00 1.683965e+01
      endloop
   endfacet
   facet normal -0.000000e+00 1.000000e+00 0.000000e+00
      outer loop
         vertex 3.100715e+01 3.286000e+00 1.683965e+01
         vertex 3.350715e+01 3.286000e+00 1.683965e+01
         vertex 3.185347e+01 3.286000e+00 1.375557e+01
      endloop
   endfacet
   facet normal -0.000000e+00 1.000000e+00 0.000000e+00
      outer loop
         vertex 3.185347e+01 3.286000e+00 1.375557e+01
         vertex 3.350715e+01 3.286000e+00 1.683965e+01
         vertex 3.209465e+01 3.286000e+00 1.365567e+01
      endloop
   endfacet
   facet normal -0.000000e+00 1.000000e+00 0.000000e+00
      outer loop
         vertex 3.350715e+01 3.286000e+00 3.341465e+01
         vertex 3.468215e+01 3.286000e+00 3.341465e+01
         vertex 3.350715e+01 3.286000e+00 2.923965e+01
      endloop
   endfacet
   facet normal 0.000000e+00 1.000000e+00 0.000000e+00
      outer loop
         vertex 3.350715e+01 3.286000e+00 2.923965e+01
         vertex 3.468215e+01 3.286000e+00 3.341465e+01
         vertex 3.468215e+01 3.286000e+00 2.923965e+01
      endloop
   endfacet
   facet normal -0.000000e+00 1.000000e+00 0.000000e+00
      outer loop
         vertex 3.350715e+01 3.286000e+00 2.923965e+01
         vertex 3.468215e+01 3.286000e+00 2.923965e+01
         vertex 3.350715e+01 3.286000e+00 2.536465e+01
      endloop
   endfacet
   facet normal 0.000000e+00 1.000000e+00 0.000000e+00
      outer loop
         vertex 3.350715e+01 3.286000e+00 2.536465e+01
         vertex 3.468215e+01 3.286000e+00 2.923965e+01
         vertex 3.468215e+01 3.286000e+00 2.536465e+01
      endloop
   endfacet
   facet normal -0.000000e+00 1.000000e+00 0.000000e+00
      outer loop
         vertex 3.350715e+01 3.286000e+00 2.536465e+01
         vertex 3.468215e+01 3.286000e+00 2.536465e+01
         vertex 3.350715e+01 3.286000e+00 1.683965e+01
      endloop
   endfacet
   facet normal 0.000000e+00 1.000000e+00 0.000000e+00
      outer loop
         vertex 3.350715e+01 3.286000e+00 1.683965e+01
         vertex 3.468215e+01 3.286000e+00 2.536465e+01
         vertex 3.468215e+01 3.286000e+00 1.683965e+01
      endloop
   endfacet
   facet normal -0.000000e+00 1.000000e+00 0.000000e+00
      outer loop
         vertex 3.350715e+01 3.286000e+00 1.683965e+01
         vertex 3.468215e+01 3.286000e+00 1.683965e+01
         vertex 3.350715e+01 3.286000e+00 1.266465e+01
      endloop
   endfacet
   facet normal 0.000000e+00 1.000000e+00 0.000000e+00
      outer loop
         vertex 3.350715e+01 3.286000e+00 1.266465e+01
         vertex 3.468215e+01 3.286000e+00 1.683965e+01
         vertex 3.468215e+01 3.286000e+00 1.266465e+01
      endloop
   endfacet
   facet normal -0.000000e+00 1.000000e+00 0.000000e+00
      outer loop
         vertex 3.350715e+01 3.286000e+00 1.266465e+01
         vertex 3.468215e+01 3.286000e+00 1.266465e+01
         vertex 3.366965e+01 3.286000e+00 7.667695e+00
      endloop
   endfacet
   facet normal -0.000000e+00 1.000000e+00 0.000000e+00
      outer loop
         vertex 3.366965e+01 3.286000e+00 7.667695e+00
         vertex 3.468215e+01 3.286000e+00 1.266465e+01
         vertex 3.398031e+01 3.286000e+00 7.429318e+00
      endloop
   endfacet
   facet normal 0.000000e+00 1.000000e+00 0.000000e+00
      outer loop
         vertex 5.517862e+01 3.286000e+00 3.378965e+01
         vertex 5.452119e+01 3.286000e+00 3.341465e+01
         vertex 5.452119e+01 3.286000e+00 3.625014e+01
      endloop
   endfacet
   facet normal 0.000000e+00 1.000000e+00 0.000000e+00
      outer loop
         vertex 5.452119e+01 3.286000e+00 3.625014e+01
         vertex 5.452119e+01 3.286000e+00 3.341465e+01
         vertex 3.468215e+01 3.286000e+00 3.341465e+01
      endloop
   endfacet
   facet normal 0.000000e+00 1.000000e+00 0.000000e+00
      outer loop
         vertex 5.452119e+01 3.286000e+00 3.625014e+01
         vertex 3.468215e+01 3.286000e+00 3.341465e+01
         vertex 3.468215e+01 3.286000e+00 3.625014e+01
      endloop
   endfacet
   facet normal 0.000000e+00 1.000000e+00 0.000000e+00
      outer loop
         vertex 3.468215e+01 3.286000e+00 3.625014e+01
         vertex 3.468215e+01 3.286000e+00 3.341465e+01
         vertex 3.350715e+01 3.286000e+00 3.341465e+01
      endloop
   endfacet
   facet normal 0.000000e+00 1.000000e+00 0.000000e+00
      outer loop
         vertex 3.468215e+01 3.286000e+00 3.625014e+01
         vertex 3.350715e+01 3.286000e+00 3.341465e+01
         vertex 3.350715e+01 3.286000e+00 3.625014e+01
      endloop
   endfacet
   facet normal 0.000000e+00 1.000000e+00 0.000000e+00
      outer loop
         vertex 3.350715e+01 3.286000e+00 3.625014e+01
         vertex 3.350715e+01 3.286000e+00 3.341465e+01
         vertex 3.256057e+01 3.286000e+00 3.354847e+01
      endloop
   endfacet
   facet normal 0.000000e+00 1.000000e+00 0.000000e+00
      outer loop
         vertex 3.350715e+01 3.286000e+00 3.625014e+01
         vertex 3.256057e+01 3.286000e+00 3.354847e+01
         vertex 3.246067e+01 3.286000e+00 3.378965e+01
      endloop
   endfacet
   facet normal -0.000000e+00 1.000000e+00 0.000000e+00
      outer loop
         vertex 5.604465e+01 3.286000e+00 3.228965e+01
         vertex 5.630346e+01 3.286000e+00 3.232372e+01
         vertex 5.452119e+01 3.286000e+00 2.923965e+01
      endloop
   endfacet
   facet normal 0.000000e+00 1.000000e+00 0.000000e+00
      outer loop
         vertex 5.452119e+01 3.286000e+00 2.923965e+01
         vertex 5.630346e+01 3.286000e+00 3.232372e+01
         vertex 6.340635e+01 3.286000e+00 2.923965e+01
      endloop
   endfacet
   facet normal -0.000000e+00 1.000000e+00 0.000000e+00
      outer loop
         vertex 5.452119e+01 3.286000e+00 2.923965e+01
         vertex 6.340635e+01 3.286000e+00 2.923965e+01
         vertex 5.452119e+01 3.286000e+00 2.536465e+01
      endloop
   endfacet
   facet normal 0.000000e+00 1.000000e+00 0.000000e+00
      outer loop
         vertex 5.452119e+01 3.286000e+00 2.536465e+01
         vertex 6.340635e+01 3.286000e+00 2.923965e+01
         vertex 6.340635e+01 3.286000e+00 2.536465e+01
      endloop
   endfacet
   facet normal -0.000000e+00 1.000000e+00 0.000000e+00
      outer loop
         vertex 5.452119e+01 3.286000e+00 2.536465e+01
         vertex 6.340635e+01 3.286000e+00 2.536465e+01
         vertex 5.452119e+01 3.286000e+00 1.683965e+01
      endloop
   endfacet
   facet normal 0.000000e+00 1.000000e+00 0.000000e+00
      outer loop
         vertex 5.452119e+01 3.286000e+00 1.683965e+01
         vertex 6.340635e+01 3.286000e+00 2.536465e+01
         vertex 6.340635e+01 3.286000e+00 1.683965e+01
      endloop
   endfacet
   facet normal -0.000000e+00 1.000000e+00 0.000000e+00
      outer loop
         vertex 5.452119e+01 3.286000e+00 1.683965e+01
         vertex 6.340635e+01 3.286000e+00 1.683965e+01
         vertex 5.654465e+01 3.286000e+00 1.365567e+01
      endloop
   endfacet
   facet normal -0.000000e+00 1.000000e+00 0.000000e+00
      outer loop
         vertex 5.654465e+01 3.286000e+00 1.365567e+01
         vertex 6.340635e+01 3.286000e+00 1.683965e+01
         vertex 5.675175e+01 3.286000e+00 1.349675e+01
      endloop
   endfacet
   facet normal -1.000000e+00 0.000000e+00 0.000000e+00
      outer loop
         vertex 4.306480e+01 2.859998e-01 1.353965e+01
         vertex 4.306480e+01 2.859998e-01 1.683965e+01
         vertex 4.306480e+01 1.386000e+00 1.353965e+01
      endloop
   endfacet
   facet normal -1.000000e+00 0.000000e+00 0.000000e+00
      outer loop
         vertex 4.306480e+01 1.386000e+00 1.353965e+01
         vertex 4.306480e+01 2.859998e-01 1.683965e+01
         vertex 4.306480e+01 2.859998e-01 2.536465e+01
      endloop
   endfacet
   facet normal -1.000000e+00 0.000000e+00 0.000000e+00
      outer loop
         vertex 4.306480e+01 1.386000e+00 1.353965e+01
         vertex 4.306480e+01 2.859998e-01 2.536465e+01
         vertex 4.306480e+01 1.386000e+00 3.253965e+01
      endloop
   endfacet
   facet normal -1.000000e+00 0.000000e+00 0.000000e+00
      outer loop
         vertex 4.306480e+01 1.386000e+00 3.253965e+01
         vertex 4.306480e+01 2.859998e-01 2.536465e+01
         vertex 4.306480e+01 2.859998e-01 2.923965e+01
      endloop
   endfacet
   facet normal -1.000000e+00 -0.000000e+00 0.000000e+00
      outer loop
         vertex 4.306480e+01 1.386000e+00 3.253965e+01
         vertex 4.306480e+01 2.859998e-01 2.923965e+01
         vertex 4.306480e+01 2.859998e-01 3.253965e+01
      endloop
   endfacet
   facet normal 0.000000e+00 1.000000e+00 0.000000e+00
      outer loop
         vertex 4.306480e+01 1.386000e+00 1.353965e+01
         vertex 4.306480e+01 1.386000e+00 3.253965e+01
         vertex 5.399773e+01 1.386000e+00 1.353965e+01
      endloop
   endfacet
   facet normal 0.000000e+00 1.000000e+00 -0.000000e+00
      outer loop
         vertex 5.399773e+01 1.386000e+00 1.353965e+01
         vertex 4.306480e+01 1.386000e+00 3.253965e+01
         vertex 5.399773e+01 1.386000e+00 3.253965e+01
      endloop
   endfacet
   facet normal 0.000000e+00 -9.914448e-01 1.305266e-01
      outer loop
         vertex 4.905472e+01 2.859998e-01 3.560135e+01
         vertex 6.340635e+01 2.859998e-01 3.560135e+01
         vertex 6.340635e+01 3.541484e-01 3.611899e+01
      endloop
   endfacet
   facet normal 0.000000e+00 -9.978352e-01 6.576402e-02
      outer loop
         vertex 4.196156e+01 2.859998e-01 3.560135e+01
         vertex 4.905472e+01 2.859998e-01 3.560135e+01
         vertex 4.178221e+01 3.033001e-01 3.586385e+01
      endloop
   endfacet
   facet normal 1.180359e-03 -9.951571e-01 9.828965e-02
      outer loop
         vertex 4.178221e+01 3.033001e-01 3.586385e+01
         vertex 4.905472e+01 2.859998e-01 3.560135e+01
         vertex 6.340635e+01 3.541484e-01 3.611899e+01
      endloop
   endfacet
   facet normal 0.000000e+00 -9.807136e-01 1.954504e-01
      outer loop
         vertex 4.178221e+01 3.033001e-01 3.586385e+01
         vertex 6.340635e+01 3.541484e-01 3.611899e+01
         vertex 4.160259e+01 3.541484e-01 3.611899e+01
      endloop
   endfacet
   facet normal 0.000000e+00 -9.470641e-01 3.210444e-01
      outer loop
         vertex 4.160259e+01 3.541484e-01 3.611899e+01
         vertex 6.340635e+01 3.541484e-01 3.611899e+01
         vertex 4.142419e+01 4.376005e-01 3.636517e+01
      endloop
   endfacet
   facet normal 7.783065e-04 -9.238795e-01 3.826826e-01
      outer loop
         vertex 4.142419e+01 4.376005e-01 3.636517e+01
         vertex 6.340635e+01 3.541484e-01 3.611899e+01
         vertex 6.340635e+01 5.539488e-01 3.660135e+01
      endloop
   endfacet
   facet normal 0.000000e+00 -8.970595e-01 4.419097e-01
      outer loop
         vertex 4.142419e+01 4.376005e-01 3.636517e+01
         vertex 6.340635e+01 5.539488e-01 3.660135e+01
         vertex 4.124820e+01 5.539488e-01 3.660135e+01
      endloop
   endfacet
   facet normal 0.000000e+00 -8.124013e-01 5.830987e-01
      outer loop
         vertex 4.124820e+01 5.539488e-01 3.660135e+01
         vertex 6.340635e+01 5.539488e-01 3.660135e+01
         vertex 4.100117e+01 7.843375e-01 3.692234e+01
      endloop
   endfacet
   facet normal 5.635547e-04 -7.933522e-01 6.087627e-01
      outer loop
         vertex 4.100117e+01 7.843375e-01 3.692234e+01
         vertex 6.340635e+01 5.539488e-01 3.660135e+01
         vertex 6.340635e+01 8.717868e-01 3.701556e+01
      endloop
   endfacet
   facet normal 0.000000e+00 -7.293365e-01 6.841551e-01
      outer loop
         vertex 4.100117e+01 7.843375e-01 3.692234e+01
         vertex 6.340635e+01 8.717868e-01 3.701556e+01
         vertex 4.092768e+01 8.717868e-01 3.701556e+01
      endloop
   endfacet
   facet normal 0.000000e+00 -6.599149e-01 7.513403e-01
      outer loop
         vertex 4.092768e+01 8.717868e-01 3.701556e+01
         vertex 6.340635e+01 8.717868e-01 3.701556e+01
         vertex 4.079106e+01 1.066083e+00 3.718622e+01
      endloop
   endfacet
   facet normal 7.565034e-04 -6.087615e-01 7.933530e-01
      outer loop
         vertex 4.079106e+01 1.066083e+00 3.718622e+01
         vertex 6.340635e+01 8.717868e-01 3.701556e+01
         vertex 6.340635e+01 1.286000e+00 3.733340e+01
      endloop
   endfacet
   facet normal 0.000000e+00 -5.561961e-01 8.310511e-01
      outer loop
         vertex 4.079106e+01 1.066083e+00 3.718622e+01
         vertex 6.340635e+01 1.286000e+00 3.733340e+01
         vertex 4.067103e+01 1.286000e+00 3.733340e+01
      endloop
   endfacet
   facet normal 0.000000e+00 -4.429782e-01 8.965324e-01
      outer loop
         vertex 4.067103e+01 1.286000e+00 3.733340e+01
         vertex 6.340635e+01 1.286000e+00 3.733340e+01
         vertex 4.057618e+01 1.517795e+00 3.744793e+01
      endloop
   endfacet
   facet normal 7.493538e-04 -3.826841e-01 9.238789e-01
      outer loop
         vertex 4.057618e+01 1.517795e+00 3.744793e+01
         vertex 6.340635e+01 1.286000e+00 3.733340e+01
         vertex 6.340635e+01 1.768362e+00 3.753320e+01
      endloop
   endfacet
   facet normal 0.000000e+00 -3.221678e-01 9.466826e-01
      outer loop
         vertex 4.057618e+01 1.517795e+00 3.744793e+01
         vertex 6.340635e+01 1.768362e+00 3.753320e+01
         vertex 4.050473e+01 1.768362e+00 3.753320e+01
      endloop
   endfacet
   facet normal 0.000000e+00 -1.956054e-01 9.806827e-01
      outer loop
         vertex 4.050473e+01 1.768362e+00 3.753320e+01
         vertex 6.340635e+01 1.768362e+00 3.753320e+01
         vertex 4.046185e+01 2.022855e+00 3.758396e+01
      endloop
   endfacet
   facet normal 7.456428e-04 -1.305266e-01 9.914445e-01
      outer loop
         vertex 4.046185e+01 2.022855e+00 3.758396e+01
         vertex 6.340635e+01 1.768362e+00 3.753320e+01
         vertex 6.340635e+01 2.286000e+00 3.760135e+01
      endloop
   endfacet
   facet normal 0.000000e+00 -6.593302e-02 9.978241e-01
      outer loop
         vertex 4.046185e+01 2.022855e+00 3.758396e+01
         vertex 6.340635e+01 2.286000e+00 3.760135e+01
         vertex 4.044710e+01 2.286000e+00 3.760135e+01
      endloop
   endfacet
   facet normal 0.000000e+00 -8.969532e-01 -4.421255e-01
      outer loop
         vertex 4.142355e+01 4.379619e-01 9.713248e+00
         vertex 4.124820e+01 5.539488e-01 9.477942e+00
         vertex 6.340635e+01 5.539488e-01 9.477942e+00
      endloop
   endfacet
   facet normal 0.000000e+00 -6.585728e-02 -9.978291e-01
      outer loop
         vertex 4.044710e+01 2.286000e+00 8.477942e+00
         vertex 6.340635e+01 2.286000e+00 8.477942e+00
         vertex 4.046182e+01 2.023144e+00 8.495291e+00
      endloop
   endfacet
   facet normal 7.456895e-04 -1.305266e-01 -9.914445e-01
      outer loop
         vertex 4.046182e+01 2.023144e+00 8.495291e+00
         vertex 6.340635e+01 2.286000e+00 8.477942e+00
         vertex 6.340635e+01 1.768362e+00 8.546091e+00
      endloop
   endfacet
   facet normal 0.000000e+00 -1.955370e-01 -9.806963e-01
      outer loop
         vertex 4.046182e+01 2.023144e+00 8.495291e+00
         vertex 6.340635e+01 1.768362e+00 8.546091e+00
         vertex 4.050473e+01 1.768362e+00 8.546091e+00
      endloop
   endfacet
   facet normal 0.000000e+00 -3.224047e-01 -9.466019e-01
      outer loop
         vertex 4.050473e+01 1.768362e+00 8.546091e+00
         vertex 6.340635e+01 1.768362e+00 8.546091e+00
         vertex 4.057650e+01 1.516871e+00 8.631746e+00
      endloop
   endfacet
   facet normal 7.492852e-04 -3.826841e-01 -9.238789e-01
      outer loop
         vertex 4.057650e+01 1.516871e+00 8.631746e+00
         vertex 6.340635e+01 1.768362e+00 8.546091e+00
         vertex 6.340635e+01 1.286000e+00 8.745892e+00
      endloop
   endfacet
   facet normal 0.000000e+00 -4.432024e-01 -8.964215e-01
      outer loop
         vertex 4.057650e+01 1.516871e+00 8.631746e+00
         vertex 6.340635e+01 1.286000e+00 8.745892e+00
         vertex 4.067103e+01 1.286000e+00 8.745892e+00
      endloop
   endfacet
   facet normal 0.000000e+00 -5.565704e-01 -8.308005e-01
      outer loop
         vertex 4.067103e+01 1.286000e+00 8.745892e+00
         vertex 6.340635e+01 1.286000e+00 8.745892e+00
         vertex 4.079195e+01 1.064664e+00 8.894170e+00
      endloop
   endfacet
   facet normal 7.563502e-04 -6.087615e-01 -7.933530e-01
      outer loop
         vertex 4.079195e+01 1.064664e+00 8.894170e+00
         vertex 6.340635e+01 1.286000e+00 8.745892e+00
         vertex 6.340635e+01 8.717868e-01 9.063729e+00
      endloop
   endfacet
   facet normal -3.651432e-04 -6.840574e-01 -7.294281e-01
      outer loop
         vertex 4.079195e+01 1.064664e+00 8.894170e+00
         vertex 6.340635e+01 8.717868e-01 9.063729e+00
         vertex 4.093170e+01 8.774139e-01 9.069703e+00
      endloop
   endfacet
   facet normal -0.000000e+00 -7.933523e-01 -6.087628e-01
      outer loop
         vertex 6.340635e+01 5.539488e-01 9.477942e+00
         vertex 4.124820e+01 5.539488e-01 9.477942e+00
         vertex 6.340635e+01 8.717868e-01 9.063729e+00
      endloop
   endfacet
   facet normal 7.420642e-04 -8.121305e-01 -5.834754e-01
      outer loop
         vertex 6.340635e+01 8.717868e-01 9.063729e+00
         vertex 4.124820e+01 5.539488e-01 9.477942e+00
         vertex 4.100117e+01 7.843375e-01 9.156954e+00
      endloop
   endfacet
   facet normal -3.651432e-04 -6.840521e-01 -7.294330e-01
      outer loop
         vertex 6.340635e+01 8.717868e-01 9.063729e+00
         vertex 4.100117e+01 7.843375e-01 9.156954e+00
         vertex 4.093170e+01 8.774139e-01 9.069703e+00
      endloop
   endfacet
   facet normal 0.000000e+00 -9.914448e-01 -1.305266e-01
      outer loop
         vertex 6.340635e+01 3.541484e-01 9.960304e+00
         vertex 6.340635e+01 2.859998e-01 1.047794e+01
         vertex 4.905472e+01 2.859998e-01 1.047794e+01
      endloop
   endfacet
   facet normal 1.545153e-03 -9.466469e-01 -3.222690e-01
      outer loop
         vertex 4.142355e+01 4.379619e-01 9.713248e+00
         vertex 6.340635e+01 5.539488e-01 9.477942e+00
         vertex 4.160259e+01 3.541484e-01 9.960304e+00
      endloop
   endfacet
   facet normal 0.000000e+00 -9.238798e-01 -3.826827e-01
      outer loop
         vertex 4.160259e+01 3.541484e-01 9.960304e+00
         vertex 6.340635e+01 5.539488e-01 9.477942e+00
         vertex 6.340635e+01 3.541484e-01 9.960304e+00
      endloop
   endfacet
   facet normal 0.000000e+00 -9.807303e-01 -1.953666e-01
      outer loop
         vertex 4.160259e+01 3.541484e-01 9.960304e+00
         vertex 6.340635e+01 3.541484e-01 9.960304e+00
         vertex 4.178243e+01 3.032573e-01 1.021578e+01
      endloop
   endfacet
   facet normal 1.181089e-03 -9.951591e-01 -9.826965e-02
      outer loop
         vertex 4.178243e+01 3.032573e-01 1.021578e+01
         vertex 6.340635e+01 3.541484e-01 9.960304e+00
         vertex 4.905472e+01 2.859998e-01 1.047794e+01
      endloop
   endfacet
   facet normal 0.000000e+00 -9.978405e-01 -6.568378e-02
      outer loop
         vertex 4.178243e+01 3.032573e-01 1.021578e+01
         vertex 4.905472e+01 2.859998e-01 1.047794e+01
         vertex 4.196156e+01 2.859998e-01 1.047794e+01
      endloop
   endfacet
endsolid servo_coupler - rear_bracket^servo_coupler-1