solid servo_coupler - shaft_bracket^servo_coupler-1
   facet normal -1.035531e-08 -9.238796e-01 -3.826832e-01
      outer loop
         vertex 6.540635e+01 3.081664e+01 3.439625e+01
         vertex 6.340635e+01 3.089049e+01 3.421795e+01
         vertex 6.540635e+01 3.096649e+01 3.403448e+01
      endloop
   endfacet
   facet normal -0.000000e+00 -9.238797e-01 -3.826831e-01
      outer loop
         vertex 6.540635e+01 3.096649e+01 3.403448e+01
         vertex 6.340635e+01 3.089049e+01 3.421795e+01
         vertex 6.340635e+01 3.096649e+01 3.403448e+01
      endloop
   endfacet
   facet normal -0.000000e+00 -9.914448e-01 -1.305267e-01
      outer loop
         vertex 6.540635e+01 3.096649e+01 3.403448e+01
         vertex 6.340635e+01 3.096649e+01 3.403448e+01
         vertex 6.540635e+01 3.101760e+01 3.364625e+01
      endloop
   endfacet
   facet normal -0.000000e+00 -9.914448e-01 -1.305267e-01
      outer loop
         vertex 6.540635e+01 3.101760e+01 3.364625e+01
         vertex 6.340635e+01 3.096649e+01 3.403448e+01
         vertex 6.340635e+01 3.101760e+01 3.364625e+01
      endloop
   endfacet
   facet normal 0.000000e+00 -9.914448e-01 1.305267e-01
      outer loop
         vertex 6.540635e+01 3.101760e+01 3.364625e+01
         vertex 6.340635e+01 3.101760e+01 3.364625e+01
         vertex 6.540635e+01 3.096649e+01 3.325802e+01
      endloop
   endfacet
   facet normal 0.000000e+00 -9.914448e-01 1.305267e-01
      outer loop
         vertex 6.540635e+01 3.096649e+01 3.325802e+01
         vertex 6.340635e+01 3.101760e+01 3.364625e+01
         vertex 6.340635e+01 3.096649e+01 3.325802e+01
      endloop
   endfacet
   facet normal 0.000000e+00 -9.238796e-01 3.826832e-01
      outer loop
         vertex 6.540635e+01 3.096649e+01 3.325802e+01
         vertex 6.340635e+01 3.096649e+01 3.325802e+01
         vertex 6.540635e+01 3.081664e+01 3.289625e+01
      endloop
   endfacet
   facet normal 0.000000e+00 -9.238796e-01 3.826832e-01
      outer loop
         vertex 6.540635e+01 3.081664e+01 3.289625e+01
         vertex 6.340635e+01 3.096649e+01 3.325802e+01
         vertex 6.340635e+01 3.081664e+01 3.289625e+01
      endloop
   endfacet
   facet normal 0.000000e+00 -7.933535e-01 6.087612e-01
      outer loop
         vertex 6.540635e+01 3.081664e+01 3.289625e+01
         vertex 6.340635e+01 3.081664e+01 3.289625e+01
         vertex 6.540635e+01 3.057826e+01 3.258559e+01
      endloop
   endfacet
   facet normal 0.000000e+00 -7.933535e-01 6.087612e-01
      outer loop
         vertex 6.540635e+01 3.057826e+01 3.258559e+01
         vertex 6.340635e+01 3.081664e+01 3.289625e+01
         vertex 6.340635e+01 3.057826e+01 3.258559e+01
      endloop
   endfacet
   facet normal 0.000000e+00 -6.087623e-01 7.933527e-01
      outer loop
         vertex 6.540635e+01 3.057826e+01 3.258559e+01
         vertex 6.340635e+01 3.057826e+01 3.258559e+01
         vertex 6.540635e+01 3.026760e+01 3.234721e+01
      endloop
   endfacet
   facet normal 0.000000e+00 -6.087623e-01 7.933527e-01
      outer loop
         vertex 6.540635e+01 3.026760e+01 3.234721e+01
         vertex 6.340635e+01 3.057826e+01 3.258559e+01
         vertex 6.340635e+01 3.026760e+01 3.234721e+01
      endloop
   endfacet
   facet normal 0.000000e+00 -3.826836e-01 9.238794e-01
      outer loop
         vertex 6.540635e+01 3.026760e+01 3.234721e+01
         vertex 6.340635e+01 3.026760e+01 3.234721e+01
         vertex 6.540635e+01 2.990583e+01 3.219736e+01
      endloop
   endfacet
   facet normal 0.000000e+00 -3.826836e-01 9.238794e-01
      outer loop
         vertex 6.540635e+01 2.990583e+01 3.219736e+01
         vertex 6.340635e+01 3.026760e+01 3.234721e+01
         vertex 6.340635e+01 2.990583e+01 3.219736e+01
      endloop
   endfacet
   facet normal 0.000000e+00 -1.305255e-01 9.914450e-01
      outer loop
         vertex 6.540635e+01 2.990583e+01 3.219736e+01
         vertex 6.340635e+01 2.990583e+01 3.219736e+01
         vertex 6.540635e+01 2.951760e+01 3.214625e+01
      endloop
   endfacet
   facet normal 0.000000e+00 -1.305255e-01 9.914450e-01
      outer loop
         vertex 6.540635e+01 2.951760e+01 3.214625e+01
         vertex 6.340635e+01 2.990583e+01 3.219736e+01
         vertex 6.340635e+01 2.951760e+01 3.214625e+01
      endloop
   endfacet
   facet normal 0.000000e+00 1.305255e-01 9.914450e-01
      outer loop
         vertex 6.540635e+01 2.951760e+01 3.214625e+01
         vertex 6.340635e+01 2.951760e+01 3.214625e+01
         vertex 6.540635e+01 2.912937e+01 3.219736e+01
      endloop
   endfacet
   facet normal 0.000000e+00 1.305255e-01 9.914450e-01
      outer loop
         vertex 6.540635e+01 2.912937e+01 3.219736e+01
         vertex 6.340635e+01 2.951760e+01 3.214625e+01
         vertex 6.340635e+01 2.912937e+01 3.219736e+01
      endloop
   endfacet
   facet normal 0.000000e+00 3.826836e-01 9.238794e-01
      outer loop
         vertex 6.540635e+01 2.912937e+01 3.219736e+01
         vertex 6.340635e+01 2.912937e+01 3.219736e+01
         vertex 6.540635e+01 2.876760e+01 3.234721e+01
      endloop
   endfacet
   facet normal 0.000000e+00 3.826836e-01 9.238794e-01
      outer loop
         vertex 6.540635e+01 2.876760e+01 3.234721e+01
         vertex 6.340635e+01 2.912937e+01 3.219736e+01
         vertex 6.340635e+01 2.876760e+01 3.234721e+01
      endloop
   endfacet
   facet normal 0.000000e+00 6.087624e-01 7.933526e-01
      outer loop
         vertex 6.540635e+01 2.876760e+01 3.234721e+01
         vertex 6.340635e+01 2.876760e+01 3.234721e+01
         vertex 6.540635e+01 2.845694e+01 3.258559e+01
      endloop
   endfacet
   facet normal 0.000000e+00 6.087624e-01 7.933526e-01
      outer loop
         vertex 6.540635e+01 2.845694e+01 3.258559e+01
         vertex 6.340635e+01 2.876760e+01 3.234721e+01
         vertex 6.340635e+01 2.845694e+01 3.258559e+01
      endloop
   endfacet
   facet normal 0.000000e+00 7.933535e-01 6.087612e-01
      outer loop
         vertex 6.540635e+01 2.845694e+01 3.258559e+01
         vertex 6.340635e+01 2.845694e+01 3.258559e+01
         vertex 6.540635e+01 2.821856e+01 3.289625e+01
      endloop
   endfacet
   facet normal 0.000000e+00 7.933535e-01 6.087612e-01
      outer loop
         vertex 6.540635e+01 2.821856e+01 3.289625e+01
         vertex 6.340635e+01 2.845694e+01 3.258559e+01
         vertex 6.340635e+01 2.821856e+01 3.289625e+01
      endloop
   endfacet
   facet normal 0.000000e+00 9.238795e-01 3.826835e-01
      outer loop
         vertex 6.540635e+01 2.821856e+01 3.289625e+01
         vertex 6.340635e+01 2.821856e+01 3.289625e+01
         vertex 6.540635e+01 2.806871e+01 3.325802e+01
      endloop
   endfacet
   facet normal 0.000000e+00 9.238795e-01 3.826835e-01
      outer loop
         vertex 6.540635e+01 2.806871e+01 3.325802e+01
         vertex 6.340635e+01 2.821856e+01 3.289625e+01
         vertex 6.340635e+01 2.806871e+01 3.325802e+01
      endloop
   endfacet
   facet normal 0.000000e+00 9.914448e-01 1.305263e-01
      outer loop
         vertex 6.540635e+01 2.806871e+01 3.325802e+01
         vertex 6.340635e+01 2.806871e+01 3.325802e+01
         vertex 6.540635e+01 2.801760e+01 3.364625e+01
      endloop
   endfacet
   facet normal 0.000000e+00 9.914448e-01 1.305263e-01
      outer loop
         vertex 6.540635e+01 2.801760e+01 3.364625e+01
         vertex 6.340635e+01 2.806871e+01 3.325802e+01
         vertex 6.340635e+01 2.801760e+01 3.364625e+01
      endloop
   endfacet
   facet normal 0.000000e+00 9.914448e-01 -1.305263e-01
      outer loop
         vertex 6.540635e+01 2.801760e+01 3.364625e+01
         vertex 6.340635e+01 2.801760e+01 3.364625e+01
         vertex 6.540635e+01 2.806871e+01 3.403448e+01
      endloop
   endfacet
   facet normal 0.000000e+00 9.914448e-01 -1.305263e-01
      outer loop
         vertex 6.340635e+01 2.801760e+01 3.364625e+01
         vertex 6.340635e+01 2.806871e+01 3.403448e+01
         vertex 6.540635e+01 2.806871e+01 3.403448e+01
      endloop
   endfacet
   facet normal 0.000000e+00 9.238795e-01 -3.826834e-01
      outer loop
         vertex 6.540635e+01 2.806871e+01 3.403448e+01
         vertex 6.340635e+01 2.806871e+01 3.403448e+01
         vertex 6.340635e+01 2.814471e+01 3.421795e+01
      endloop
   endfacet
   facet normal -1.073955e-08 9.238795e-01 -3.826835e-01
      outer loop
         vertex 6.540635e+01 2.806871e+01 3.403448e+01
         vertex 6.340635e+01 2.814471e+01 3.421795e+01
         vertex 6.540635e+01 2.821856e+01 3.439625e+01
      endloop
   endfacet
   facet normal 0.000000e+00 9.238795e-01 -3.826836e-01
      outer loop
         vertex 6.540635e+01 2.821856e+01 3.439625e+01
         vertex 6.340635e+01 2.814471e+01 3.421795e+01
         vertex 6.340635e+01 2.821856e+01 3.439625e+01
      endloop
   endfacet
   facet normal 0.000000e+00 7.933535e-01 -6.087612e-01
      outer loop
         vertex 6.540635e+01 2.821856e+01 3.439625e+01
         vertex 6.340635e+01 2.821856e+01 3.439625e+01
         vertex 6.540635e+01 2.845694e+01 3.470691e+01
      endloop
   endfacet
   facet normal 0.000000e+00 7.933535e-01 -6.087612e-01
      outer loop
         vertex 6.540635e+01 2.845694e+01 3.470691e+01
         vertex 6.340635e+01 2.821856e+01 3.439625e+01
         vertex 6.340635e+01 2.845694e+01 3.470691e+01
      endloop
   endfacet
   facet normal 0.000000e+00 6.087609e-01 -7.933537e-01
      outer loop
         vertex 6.540635e+01 2.845694e+01 3.470691e+01
         vertex 6.340635e+01 2.845694e+01 3.470691e+01
         vertex 6.540635e+01 2.876760e+01 3.494529e+01
      endloop
   endfacet
   facet normal 0.000000e+00 6.087609e-01 -7.933537e-01
      outer loop
         vertex 6.540635e+01 2.876760e+01 3.494529e+01
         vertex 6.340635e+01 2.845694e+01 3.470691e+01
         vertex 6.340635e+01 2.876760e+01 3.494529e+01
      endloop
   endfacet
   facet normal 0.000000e+00 3.826836e-01 -9.238794e-01
      outer loop
         vertex 6.540635e+01 2.876760e+01 3.494529e+01
         vertex 6.340635e+01 2.876760e+01 3.494529e+01
         vertex 6.540635e+01 2.912937e+01 3.509514e+01
      endloop
   endfacet
   facet normal 0.000000e+00 3.826836e-01 -9.238794e-01
      outer loop
         vertex 6.540635e+01 2.912937e+01 3.509514e+01
         vertex 6.340635e+01 2.876760e+01 3.494529e+01
         vertex 6.340635e+01 2.912937e+01 3.509514e+01
      endloop
   endfacet
   facet normal 0.000000e+00 1.305278e-01 -9.914446e-01
      outer loop
         vertex 6.540635e+01 2.912937e+01 3.509514e+01
         vertex 6.340635e+01 2.912937e+01 3.509514e+01
         vertex 6.540635e+01 2.951760e+01 3.514625e+01
      endloop
   endfacet
   facet normal 0.000000e+00 1.305278e-01 -9.914446e-01
      outer loop
         vertex 6.540635e+01 2.951760e+01 3.514625e+01
         vertex 6.340635e+01 2.912937e+01 3.509514e+01
         vertex 6.340635e+01 2.951760e+01 3.514625e+01
      endloop
   endfacet
   facet normal -0.000000e+00 -1.305279e-01 -9.914446e-01
      outer loop
         vertex 6.540635e+01 2.951760e+01 3.514625e+01
         vertex 6.340635e+01 2.951760e+01 3.514625e+01
         vertex 6.540635e+01 2.990583e+01 3.509514e+01
      endloop
   endfacet
   facet normal -0.000000e+00 -1.305279e-01 -9.914446e-01
      outer loop
         vertex 6.540635e+01 2.990583e+01 3.509514e+01
         vertex 6.340635e+01 2.951760e+01 3.514625e+01
         vertex 6.340635e+01 2.990583e+01 3.509514e+01
      endloop
   endfacet
   facet normal -0.000000e+00 -3.826836e-01 -9.238794e-01
      outer loop
         vertex 6.540635e+01 2.990583e+01 3.509514e+01
         vertex 6.340635e+01 2.990583e+01 3.509514e+01
         vertex 6.540635e+01 3.026760e+01 3.494529e+01
      endloop
   endfacet
   facet normal -0.000000e+00 -3.826836e-01 -9.238794e-01
      outer loop
         vertex 6.540635e+01 3.026760e+01 3.494529e+01
         vertex 6.340635e+01 2.990583e+01 3.509514e+01
         vertex 6.340635e+01 3.026760e+01 3.494529e+01
      endloop
   endfacet
   facet normal -0.000000e+00 -6.087608e-01 -7.933538e-01
      outer loop
         vertex 6.540635e+01 3.026760e+01 3.494529e+01
         vertex 6.340635e+01 3.026760e+01 3.494529e+01
         vertex 6.540635e+01 3.057826e+01 3.470691e+01
      endloop
   endfacet
   facet normal -0.000000e+00 -6.087608e-01 -7.933538e-01
      outer loop
         vertex 6.540635e+01 3.057826e+01 3.470691e+01
         vertex 6.340635e+01 3.026760e+01 3.494529e+01
         vertex 6.340635e+01 3.057826e+01 3.470691e+01
      endloop
   endfacet
   facet normal -0.000000e+00 -7.933535e-01 -6.087612e-01
      outer loop
         vertex 6.540635e+01 3.057826e+01 3.470691e+01
         vertex 6.340635e+01 3.057826e+01 3.470691e+01
         vertex 6.540635e+01 3.081664e+01 3.439625e+01
      endloop
   endfacet
   facet normal -0.000000e+00 -7.933535e-01 -6.087612e-01
      outer loop
         vertex 6.540635e+01 3.081664e+01 3.439625e+01
         vertex 6.340635e+01 3.057826e+01 3.470691e+01
         vertex 6.340635e+01 3.081664e+01 3.439625e+01
      endloop
   endfacet
   facet normal -0.000000e+00 -9.238796e-01 -3.826833e-01
      outer loop
         vertex 6.540635e+01 3.081664e+01 3.439625e+01
         vertex 6.340635e+01 3.081664e+01 3.439625e+01
         vertex 6.340635e+01 3.089049e+01 3.421795e+01
      endloop
   endfacet
   facet normal -1.552746e-07 3.826846e-01 9.238791e-01
      outer loop
         vertex 6.540635e+01 7.916169e+00 1.098416e+01
         vertex 6.340635e+01 7.732699e+00 1.106015e+01
         vertex 6.540635e+01 7.554399e+00 1.113401e+01
      endloop
   endfacet
   facet normal 0.000000e+00 3.826861e-01 9.238784e-01
      outer loop
         vertex 6.540635e+01 7.554399e+00 1.113401e+01
         vertex 6.340635e+01 7.732699e+00 1.106015e+01
         vertex 6.340635e+01 7.554399e+00 1.113401e+01
      endloop
   endfacet
   facet normal 0.000000e+00 6.087595e-01 7.933548e-01
      outer loop
         vertex 6.540635e+01 7.554399e+00 1.113401e+01
         vertex 6.340635e+01 7.554399e+00 1.113401e+01
         vertex 6.540635e+01 7.243738e+00 1.137238e+01
      endloop
   endfacet
   facet normal 0.000000e+00 6.087595e-01 7.933548e-01
      outer loop
         vertex 6.540635e+01 7.243738e+00 1.137238e+01
         vertex 6.340635e+01 7.554399e+00 1.113401e+01
         vertex 6.340635e+01 7.243738e+00 1.137238e+01
      endloop
   endfacet
   facet normal 0.000000e+00 7.933539e-01 6.087607e-01
      outer loop
         vertex 6.540635e+01 7.243738e+00 1.137238e+01
         vertex 6.340635e+01 7.243738e+00 1.137238e+01
         vertex 6.540635e+01 7.005360e+00 1.168304e+01
      endloop
   endfacet
   facet normal 0.000000e+00 7.933539e-01 6.087607e-01
      outer loop
         vertex 6.540635e+01 7.005360e+00 1.168304e+01
         vertex 6.340635e+01 7.243738e+00 1.137238e+01
         vertex 6.340635e+01 7.005360e+00 1.168304e+01
      endloop
   endfacet
   facet normal 0.000000e+00 9.238786e-01 3.826858e-01
      outer loop
         vertex 6.540635e+01 7.005360e+00 1.168304e+01
         vertex 6.340635e+01 7.005360e+00 1.168304e+01
         vertex 6.540635e+01 6.855508e+00 1.204482e+01
      endloop
   endfacet
   facet normal 0.000000e+00 9.238786e-01 3.826858e-01
      outer loop
         vertex 6.540635e+01 6.855508e+00 1.204482e+01
         vertex 6.340635e+01 7.005360e+00 1.168304e+01
         vertex 6.340635e+01 6.855508e+00 1.204482e+01
      endloop
   endfacet
   facet normal 0.000000e+00 9.914449e-01 1.305256e-01
      outer loop
         vertex 6.540635e+01 6.855508e+00 1.204482e+01
         vertex 6.340635e+01 6.855508e+00 1.204482e+01
         vertex 6.540635e+01 6.804397e+00 1.243304e+01
      endloop
   endfacet
   facet normal 0.000000e+00 9.914449e-01 1.305256e-01
      outer loop
         vertex 6.540635e+01 6.804397e+00 1.243304e+01
         vertex 6.340635e+01 6.855508e+00 1.204482e+01
         vertex 6.340635e+01 6.804397e+00 1.243304e+01
      endloop
   endfacet
   facet normal 0.000000e+00 9.914449e-01 -1.305256e-01
      outer loop
         vertex 6.540635e+01 6.804397e+00 1.243304e+01
         vertex 6.340635e+01 6.804397e+00 1.243304e+01
         vertex 6.540635e+01 6.855508e+00 1.282127e+01
      endloop
   endfacet
   facet normal 0.000000e+00 9.914449e-01 -1.305256e-01
      outer loop
         vertex 6.540635e+01 6.855508e+00 1.282127e+01
         vertex 6.340635e+01 6.804397e+00 1.243304e+01
         vertex 6.340635e+01 6.855508e+00 1.282127e+01
      endloop
   endfacet
   facet normal 0.000000e+00 9.238786e-01 -3.826858e-01
      outer loop
         vertex 6.540635e+01 6.855508e+00 1.282127e+01
         vertex 6.340635e+01 6.855508e+00 1.282127e+01
         vertex 6.540635e+01 7.005360e+00 1.318304e+01
      endloop
   endfacet
   facet normal 0.000000e+00 9.238786e-01 -3.826858e-01
      outer loop
         vertex 6.540635e+01 7.005360e+00 1.318304e+01
         vertex 6.340635e+01 6.855508e+00 1.282127e+01
         vertex 6.340635e+01 7.005360e+00 1.318304e+01
      endloop
   endfacet
   facet normal 0.000000e+00 7.933539e-01 -6.087607e-01
      outer loop
         vertex 6.540635e+01 7.005360e+00 1.318304e+01
         vertex 6.340635e+01 7.005360e+00 1.318304e+01
         vertex 6.540635e+01 7.243738e+00 1.349370e+01
      endloop
   endfacet
   facet normal 0.000000e+00 7.933539e-01 -6.087607e-01
      outer loop
         vertex 6.540635e+01 7.243738e+00 1.349370e+01
         vertex 6.340635e+01 7.005360e+00 1.318304e+01
         vertex 6.340635e+01 7.243738e+00 1.349370e+01
      endloop
   endfacet
   facet normal 0.000000e+00 6.087610e-01 -7.933536e-01
      outer loop
         vertex 6.540635e+01 7.243738e+00 1.349370e+01
         vertex 6.340635e+01 7.243738e+00 1.349370e+01
         vertex 6.540635e+01 7.554399e+00 1.373208e+01
      endloop
   endfacet
   facet normal 0.000000e+00 6.087610e-01 -7.933536e-01
      outer loop
         vertex 6.340635e+01 7.243738e+00 1.349370e+01
         vertex 6.340635e+01 7.554399e+00 1.373208e+01
         vertex 6.540635e+01 7.554399e+00 1.373208e+01
      endloop
   endfacet
   facet normal 0.000000e+00 3.826820e-01 -9.238801e-01
      outer loop
         vertex 6.540635e+01 7.554399e+00 1.373208e+01
         vertex 6.340635e+01 7.554399e+00 1.373208e+01
         vertex 6.340635e+01 7.732699e+00 1.380594e+01
      endloop
   endfacet
   facet normal 2.749401e-07 3.826846e-01 -9.238791e-01
      outer loop
         vertex 6.540635e+01 7.554399e+00 1.373208e+01
         vertex 6.340635e+01 7.732699e+00 1.380594e+01
         vertex 6.540635e+01 7.916169e+00 1.388193e+01
      endloop
   endfacet
   facet normal 0.000000e+00 3.826871e-01 -9.238780e-01
      outer loop
         vertex 6.540635e+01 7.916169e+00 1.388193e+01
         vertex 6.340635e+01 7.732699e+00 1.380594e+01
         vertex 6.340635e+01 7.916169e+00 1.388193e+01
      endloop
   endfacet
   facet normal 0.000000e+00 1.305253e-01 -9.914450e-01
      outer loop
         vertex 6.540635e+01 7.916169e+00 1.388193e+01
         vertex 6.340635e+01 7.916169e+00 1.388193e+01
         vertex 6.540635e+01 8.304399e+00 1.393304e+01
      endloop
   endfacet
   facet normal 0.000000e+00 1.305253e-01 -9.914450e-01
      outer loop
         vertex 6.540635e+01 8.304399e+00 1.393304e+01
         vertex 6.340635e+01 7.916169e+00 1.388193e+01
         vertex 6.340635e+01 8.304399e+00 1.393304e+01
      endloop
   endfacet
   facet normal -0.000000e+00 -1.305259e-01 -9.914449e-01
      outer loop
         vertex 6.540635e+01 8.304399e+00 1.393304e+01
         vertex 6.340635e+01 8.304399e+00 1.393304e+01
         vertex 6.540635e+01 8.692626e+00 1.388193e+01
      endloop
   endfacet
   facet normal -0.000000e+00 -1.305259e-01 -9.914449e-01
      outer loop
         vertex 6.540635e+01 8.692626e+00 1.388193e+01
         vertex 6.340635e+01 8.304399e+00 1.393304e+01
         vertex 6.340635e+01 8.692626e+00 1.388193e+01
      endloop
   endfacet
   facet normal -0.000000e+00 -3.826829e-01 -9.238797e-01
      outer loop
         vertex 6.540635e+01 8.692626e+00 1.388193e+01
         vertex 6.340635e+01 8.692626e+00 1.388193e+01
         vertex 6.540635e+01 9.054398e+00 1.373208e+01
      endloop
   endfacet
   facet normal -0.000000e+00 -3.826829e-01 -9.238797e-01
      outer loop
         vertex 6.540635e+01 9.054398e+00 1.373208e+01
         vertex 6.340635e+01 8.692626e+00 1.388193e+01
         vertex 6.340635e+01 9.054398e+00 1.373208e+01
      endloop
   endfacet
   facet normal -0.000000e+00 -6.087633e-01 -7.933519e-01
      outer loop
         vertex 6.540635e+01 9.054398e+00 1.373208e+01
         vertex 6.340635e+01 9.054398e+00 1.373208e+01
         vertex 6.540635e+01 9.365058e+00 1.349370e+01
      endloop
   endfacet
   facet normal -0.000000e+00 -6.087633e-01 -7.933519e-01
      outer loop
         vertex 6.540635e+01 9.365058e+00 1.349370e+01
         vertex 6.340635e+01 9.054398e+00 1.373208e+01
         vertex 6.340635e+01 9.365058e+00 1.349370e+01
      endloop
   endfacet
   facet normal -0.000000e+00 -7.933539e-01 -6.087607e-01
      outer loop
         vertex 6.540635e+01 9.365058e+00 1.349370e+01
         vertex 6.340635e+01 9.365058e+00 1.349370e+01
         vertex 6.540635e+01 9.603435e+00 1.318304e+01
      endloop
   endfacet
   facet normal -0.000000e+00 -7.933539e-01 -6.087607e-01
      outer loop
         vertex 6.540635e+01 9.603435e+00 1.318304e+01
         vertex 6.340635e+01 9.365058e+00 1.349370e+01
         vertex 6.340635e+01 9.603435e+00 1.318304e+01
      endloop
   endfacet
   facet normal -0.000000e+00 -9.238786e-01 -3.826858e-01
      outer loop
         vertex 6.540635e+01 9.603435e+00 1.318304e+01
         vertex 6.340635e+01 9.603435e+00 1.318304e+01
         vertex 6.540635e+01 9.753287e+00 1.282127e+01
      endloop
   endfacet
   facet normal -0.000000e+00 -9.238786e-01 -3.826858e-01
      outer loop
         vertex 6.540635e+01 9.753287e+00 1.282127e+01
         vertex 6.340635e+01 9.603435e+00 1.318304e+01
         vertex 6.340635e+01 9.753287e+00 1.282127e+01
      endloop
   endfacet
   facet normal -0.000000e+00 -9.914449e-01 -1.305256e-01
      outer loop
         vertex 6.540635e+01 9.753287e+00 1.282127e+01
         vertex 6.340635e+01 9.753287e+00 1.282127e+01
         vertex 6.540635e+01 9.804398e+00 1.243304e+01
      endloop
   endfacet
   facet normal -0.000000e+00 -9.914449e-01 -1.305256e-01
      outer loop
         vertex 6.540635e+01 9.804398e+00 1.243304e+01
         vertex 6.340635e+01 9.753287e+00 1.282127e+01
         vertex 6.340635e+01 9.804398e+00 1.243304e+01
      endloop
   endfacet
   facet normal 0.000000e+00 -9.914449e-01 1.305256e-01
      outer loop
         vertex 6.540635e+01 9.804398e+00 1.243304e+01
         vertex 6.340635e+01 9.804398e+00 1.243304e+01
         vertex 6.540635e+01 9.753287e+00 1.204482e+01
      endloop
   endfacet
   facet normal 0.000000e+00 -9.914449e-01 1.305256e-01
      outer loop
         vertex 6.540635e+01 9.753287e+00 1.204482e+01
         vertex 6.340635e+01 9.804398e+00 1.243304e+01
         vertex 6.340635e+01 9.753287e+00 1.204482e+01
      endloop
   endfacet
   facet normal 0.000000e+00 -9.238786e-01 3.826858e-01
      outer loop
         vertex 6.540635e+01 9.753287e+00 1.204482e+01
         vertex 6.340635e+01 9.753287e+00 1.204482e+01
         vertex 6.540635e+01 9.603435e+00 1.168304e+01
      endloop
   endfacet
   facet normal 0.000000e+00 -9.238786e-01 3.826858e-01
      outer loop
         vertex 6.540635e+01 9.603435e+00 1.168304e+01
         vertex 6.340635e+01 9.753287e+00 1.204482e+01
         vertex 6.340635e+01 9.603435e+00 1.168304e+01
      endloop
   endfacet
   facet normal 0.000000e+00 -7.933539e-01 6.087607e-01
      outer loop
         vertex 6.540635e+01 9.603435e+00 1.168304e+01
         vertex 6.340635e+01 9.603435e+00 1.168304e+01
         vertex 6.540635e+01 9.365058e+00 1.137238e+01
      endloop
   endfacet
   facet normal 0.000000e+00 -7.933539e-01 6.087607e-01
      outer loop
         vertex 6.540635e+01 9.365058e+00 1.137238e+01
         vertex 6.340635e+01 9.603435e+00 1.168304e+01
         vertex 6.340635e+01 9.365058e+00 1.137238e+01
      endloop
   endfacet
   facet normal 0.000000e+00 -6.087618e-01 7.933530e-01
      outer loop
         vertex 6.540635e+01 9.365058e+00 1.137238e+01
         vertex 6.340635e+01 9.365058e+00 1.137238e+01
         vertex 6.540635e+01 9.054398e+00 1.113401e+01
      endloop
   endfacet
   facet normal 0.000000e+00 -6.087618e-01 7.933530e-01
      outer loop
         vertex 6.540635e+01 9.054398e+00 1.113401e+01
         vertex 6.340635e+01 9.365058e+00 1.137238e+01
         vertex 6.340635e+01 9.054398e+00 1.113401e+01
      endloop
   endfacet
   facet normal 0.000000e+00 -3.826829e-01 9.238797e-01
      outer loop
         vertex 6.540635e+01 9.054398e+00 1.113401e+01
         vertex 6.340635e+01 9.054398e+00 1.113401e+01
         vertex 6.540635e+01 8.692626e+00 1.098416e+01
      endloop
   endfacet
   facet normal 0.000000e+00 -3.826829e-01 9.238797e-01
      outer loop
         vertex 6.540635e+01 8.692626e+00 1.098416e+01
         vertex 6.340635e+01 9.054398e+00 1.113401e+01
         vertex 6.340635e+01 8.692626e+00 1.098416e+01
      endloop
   endfacet
   facet normal 0.000000e+00 -1.305282e-01 9.914446e-01
      outer loop
         vertex 6.540635e+01 8.692626e+00 1.098416e+01
         vertex 6.340635e+01 8.692626e+00 1.098416e+01
         vertex 6.540635e+01 8.304399e+00 1.093304e+01
      endloop
   endfacet
   facet normal 0.000000e+00 -1.305282e-01 9.914446e-01
      outer loop
         vertex 6.540635e+01 8.304399e+00 1.093304e+01
         vertex 6.340635e+01 8.692626e+00 1.098416e+01
         vertex 6.340635e+01 8.304399e+00 1.093304e+01
      endloop
   endfacet
   facet normal 0.000000e+00 1.305276e-01 9.914447e-01
      outer loop
         vertex 6.540635e+01 8.304399e+00 1.093304e+01
         vertex 6.340635e+01 8.304399e+00 1.093304e+01
         vertex 6.540635e+01 7.916169e+00 1.098416e+01
      endloop
   endfacet
   facet normal 0.000000e+00 1.305276e-01 9.914447e-01
      outer loop
         vertex 6.540635e+01 7.916169e+00 1.098416e+01
         vertex 6.340635e+01 8.304399e+00 1.093304e+01
         vertex 6.340635e+01 7.916169e+00 1.098416e+01
      endloop
   endfacet
   facet normal 0.000000e+00 3.826831e-01 9.238797e-01
      outer loop
         vertex 6.540635e+01 7.916169e+00 1.098416e+01
         vertex 6.340635e+01 7.916169e+00 1.098416e+01
         vertex 6.340635e+01 7.732699e+00 1.106015e+01
      endloop
   endfacet
   facet normal -0.000000e+00 -1.305255e-01 -9.914450e-01
      outer loop
         vertex 6.540635e+01 2.951760e+01 1.393304e+01
         vertex 6.340635e+01 2.951760e+01 1.393304e+01
         vertex 6.540635e+01 2.990583e+01 1.388193e+01
      endloop
   endfacet
   facet normal -0.000000e+00 -1.305255e-01 -9.914450e-01
      outer loop
         vertex 6.540635e+01 2.990583e+01 1.388193e+01
         vertex 6.340635e+01 2.951760e+01 1.393304e+01
         vertex 6.340635e+01 2.990583e+01 1.388193e+01
      endloop
   endfacet
   facet normal -0.000000e+00 -3.826836e-01 -9.238794e-01
      outer loop
         vertex 6.540635e+01 2.990583e+01 1.388193e+01
         vertex 6.340635e+01 2.990583e+01 1.388193e+01
         vertex 6.540635e+01 3.026760e+01 1.373208e+01
      endloop
   endfacet
   facet normal -0.000000e+00 -3.826836e-01 -9.238794e-01
      outer loop
         vertex 6.540635e+01 3.026760e+01 1.373208e+01
         vertex 6.340635e+01 2.990583e+01 1.388193e+01
         vertex 6.340635e+01 3.026760e+01 1.373208e+01
      endloop
   endfacet
   facet normal -0.000000e+00 -6.087623e-01 -7.933527e-01
      outer loop
         vertex 6.540635e+01 3.026760e+01 1.373208e+01
         vertex 6.340635e+01 3.026760e+01 1.373208e+01
         vertex 6.540635e+01 3.057826e+01 1.349370e+01
      endloop
   endfacet
   facet normal -0.000000e+00 -6.087623e-01 -7.933527e-01
      outer loop
         vertex 6.540635e+01 3.057826e+01 1.349370e+01
         vertex 6.340635e+01 3.026760e+01 1.373208e+01
         vertex 6.340635e+01 3.057826e+01 1.349370e+01
      endloop
   endfacet
   facet normal -0.000000e+00 -7.933535e-01 -6.087612e-01
      outer loop
         vertex 6.540635e+01 3.057826e+01 1.349370e+01
         vertex 6.340635e+01 3.057826e+01 1.349370e+01
         vertex 6.540635e+01 3.081664e+01 1.318304e+01
      endloop
   endfacet
   facet normal -0.000000e+00 -7.933535e-01 -6.087612e-01
      outer loop
         vertex 6.540635e+01 3.081664e+01 1.318304e+01
         vertex 6.340635e+01 3.057826e+01 1.349370e+01
         vertex 6.340635e+01 3.081664e+01 1.318304e+01
      endloop
   endfacet
   facet normal -0.000000e+00 -9.238796e-01 -3.826832e-01
      outer loop
         vertex 6.540635e+01 3.081664e+01 1.318304e+01
         vertex 6.340635e+01 3.081664e+01 1.318304e+01
         vertex 6.540635e+01 3.096649e+01 1.282127e+01
      endloop
   endfacet
   facet normal -0.000000e+00 -9.238796e-01 -3.826832e-01
      outer loop
         vertex 6.540635e+01 3.096649e+01 1.282127e+01
         vertex 6.340635e+01 3.081664e+01 1.318304e+01
         vertex 6.340635e+01 3.096649e+01 1.282127e+01
      endloop
   endfacet
   facet normal -0.000000e+00 -9.914448e-01 -1.305267e-01
      outer loop
         vertex 6.540635e+01 3.096649e+01 1.282127e+01
         vertex 6.340635e+01 3.096649e+01 1.282127e+01
         vertex 6.540635e+01 3.101760e+01 1.243304e+01
      endloop
   endfacet
   facet normal -0.000000e+00 -9.914448e-01 -1.305267e-01
      outer loop
         vertex 6.540635e+01 3.101760e+01 1.243304e+01
         vertex 6.340635e+01 3.096649e+01 1.282127e+01
         vertex 6.340635e+01 3.101760e+01 1.243304e+01
      endloop
   endfacet
   facet normal 0.000000e+00 -9.914448e-01 1.305267e-01
      outer loop
         vertex 6.540635e+01 3.101760e+01 1.243304e+01
         vertex 6.340635e+01 3.101760e+01 1.243304e+01
         vertex 6.540635e+01 3.096649e+01 1.204482e+01
      endloop
   endfacet
   facet normal 0.000000e+00 -9.914448e-01 1.305267e-01
      outer loop
         vertex 6.540635e+01 3.096649e+01 1.204482e+01
         vertex 6.340635e+01 3.101760e+01 1.243304e+01
         vertex 6.340635e+01 3.096649e+01 1.204482e+01
      endloop
   endfacet
   facet normal 0.000000e+00 -9.238796e-01 3.826832e-01
      outer loop
         vertex 6.540635e+01 3.096649e+01 1.204482e+01
         vertex 6.340635e+01 3.096649e+01 1.204482e+01
         vertex 6.540635e+01 3.081664e+01 1.168304e+01
      endloop
   endfacet
   facet normal 0.000000e+00 -9.238796e-01 3.826832e-01
      outer loop
         vertex 6.540635e+01 3.081664e+01 1.168304e+01
         vertex 6.340635e+01 3.096649e+01 1.204482e+01
         vertex 6.340635e+01 3.081664e+01 1.168304e+01
      endloop
   endfacet
   facet normal 0.000000e+00 -7.933535e-01 6.087612e-01
      outer loop
         vertex 6.540635e+01 3.081664e+01 1.168304e+01
         vertex 6.340635e+01 3.081664e+01 1.168304e+01
         vertex 6.540635e+01 3.057826e+01 1.137238e+01
      endloop
   endfacet
   facet normal 0.000000e+00 -7.933535e-01 6.087612e-01
      outer loop
         vertex 6.540635e+01 3.057826e+01 1.137238e+01
         vertex 6.340635e+01 3.081664e+01 1.168304e+01
         vertex 6.340635e+01 3.057826e+01 1.137238e+01
      endloop
   endfacet
   facet normal 0.000000e+00 -6.087608e-01 7.933538e-01
      outer loop
         vertex 6.540635e+01 3.057826e+01 1.137238e+01
         vertex 6.340635e+01 3.057826e+01 1.137238e+01
         vertex 6.540635e+01 3.026760e+01 1.113401e+01
      endloop
   endfacet
   facet normal 0.000000e+00 -6.087608e-01 7.933538e-01
      outer loop
         vertex 6.540635e+01 3.026760e+01 1.113401e+01
         vertex 6.340635e+01 3.057826e+01 1.137238e+01
         vertex 6.340635e+01 3.026760e+01 1.113401e+01
      endloop
   endfacet
   facet normal 0.000000e+00 -3.826836e-01 9.238794e-01
      outer loop
         vertex 6.540635e+01 3.026760e+01 1.113401e+01
         vertex 6.340635e+01 3.026760e+01 1.113401e+01
         vertex 6.540635e+01 2.990583e+01 1.098416e+01
      endloop
   endfacet
   facet normal 0.000000e+00 -3.826836e-01 9.238794e-01
      outer loop
         vertex 6.540635e+01 2.990583e+01 1.098416e+01
         vertex 6.340635e+01 3.026760e+01 1.113401e+01
         vertex 6.340635e+01 2.990583e+01 1.098416e+01
      endloop
   endfacet
   facet normal 0.000000e+00 -1.305279e-01 9.914446e-01
      outer loop
         vertex 6.540635e+01 2.990583e+01 1.098416e+01
         vertex 6.340635e+01 2.990583e+01 1.098416e+01
         vertex 6.540635e+01 2.951760e+01 1.093304e+01
      endloop
   endfacet
   facet normal 0.000000e+00 -1.305279e-01 9.914446e-01
      outer loop
         vertex 6.540635e+01 2.951760e+01 1.093304e+01
         vertex 6.340635e+01 2.990583e+01 1.098416e+01
         vertex 6.340635e+01 2.951760e+01 1.093304e+01
      endloop
   endfacet
   facet normal 0.000000e+00 1.305278e-01 9.914446e-01
      outer loop
         vertex 6.540635e+01 2.951760e+01 1.093304e+01
         vertex 6.340635e+01 2.951760e+01 1.093304e+01
         vertex 6.540635e+01 2.912937e+01 1.098416e+01
      endloop
   endfacet
   facet normal 0.000000e+00 1.305278e-01 9.914446e-01
      outer loop
         vertex 6.540635e+01 2.912937e+01 1.098416e+01
         vertex 6.340635e+01 2.951760e+01 1.093304e+01
         vertex 6.340635e+01 2.912937e+01 1.098416e+01
      endloop
   endfacet
   facet normal 0.000000e+00 3.826836e-01 9.238794e-01
      outer loop
         vertex 6.540635e+01 2.912937e+01 1.098416e+01
         vertex 6.340635e+01 2.912937e+01 1.098416e+01
         vertex 6.540635e+01 2.876760e+01 1.113401e+01
      endloop
   endfacet
   facet normal 0.000000e+00 3.826836e-01 9.238794e-01
      outer loop
         vertex 6.540635e+01 2.876760e+01 1.113401e+01
         vertex 6.340635e+01 2.912937e+01 1.098416e+01
         vertex 6.340635e+01 2.876760e+01 1.113401e+01
      endloop
   endfacet
   facet normal 0.000000e+00 6.087609e-01 7.933537e-01
      outer loop
         vertex 6.540635e+01 2.876760e+01 1.113401e+01
         vertex 6.340635e+01 2.876760e+01 1.113401e+01
         vertex 6.540635e+01 2.845694e+01 1.137238e+01
      endloop
   endfacet
   facet normal 0.000000e+00 6.087609e-01 7.933537e-01
      outer loop
         vertex 6.540635e+01 2.845694e+01 1.137238e+01
         vertex 6.340635e+01 2.876760e+01 1.113401e+01
         vertex 6.340635e+01 2.845694e+01 1.137238e+01
      endloop
   endfacet
   facet normal 0.000000e+00 7.933535e-01 6.087612e-01
      outer loop
         vertex 6.540635e+01 2.845694e+01 1.137238e+01
         vertex 6.340635e+01 2.845694e+01 1.137238e+01
         vertex 6.540635e+01 2.821856e+01 1.168304e+01
      endloop
   endfacet
   facet normal 0.000000e+00 7.933535e-01 6.087612e-01
      outer loop
         vertex 6.540635e+01 2.821856e+01 1.168304e+01
         vertex 6.340635e+01 2.845694e+01 1.137238e+01
         vertex 6.340635e+01 2.821856e+01 1.168304e+01
      endloop
   endfacet
   facet normal 0.000000e+00 9.238795e-01 3.826835e-01
      outer loop
         vertex 6.540635e+01 2.821856e+01 1.168304e+01
         vertex 6.340635e+01 2.821856e+01 1.168304e+01
         vertex 6.540635e+01 2.806871e+01 1.204482e+01
      endloop
   endfacet
   facet normal 0.000000e+00 9.238795e-01 3.826835e-01
      outer loop
         vertex 6.540635e+01 2.806871e+01 1.204482e+01
         vertex 6.340635e+01 2.821856e+01 1.168304e+01
         vertex 6.340635e+01 2.806871e+01 1.204482e+01
      endloop
   endfacet
   facet normal 0.000000e+00 9.914448e-01 1.305263e-01
      outer loop
         vertex 6.540635e+01 2.806871e+01 1.204482e+01
         vertex 6.340635e+01 2.806871e+01 1.204482e+01
         vertex 6.540635e+01 2.801760e+01 1.243304e+01
      endloop
   endfacet
   facet normal 0.000000e+00 9.914448e-01 1.305263e-01
      outer loop
         vertex 6.540635e+01 2.801760e+01 1.243304e+01
         vertex 6.340635e+01 2.806871e+01 1.204482e+01
         vertex 6.340635e+01 2.801760e+01 1.243304e+01
      endloop
   endfacet
   facet normal 0.000000e+00 9.914448e-01 -1.305263e-01
      outer loop
         vertex 6.540635e+01 2.801760e+01 1.243304e+01
         vertex 6.340635e+01 2.801760e+01 1.243304e+01
         vertex 6.540635e+01 2.806871e+01 1.282127e+01
      endloop
   endfacet
   facet normal 0.000000e+00 9.914448e-01 -1.305263e-01
      outer loop
         vertex 6.540635e+01 2.806871e+01 1.282127e+01
         vertex 6.340635e+01 2.801760e+01 1.243304e+01
         vertex 6.340635e+01 2.806871e+01 1.282127e+01
      endloop
   endfacet
   facet normal 0.000000e+00 9.238795e-01 -3.826835e-01
      outer loop
         vertex 6.540635e+01 2.806871e+01 1.282127e+01
         vertex 6.340635e+01 2.806871e+01 1.282127e+01
         vertex 6.540635e+01 2.821856e+01 1.318304e+01
      endloop
   endfacet
   facet normal 0.000000e+00 9.238795e-01 -3.826835e-01
      outer loop
         vertex 6.540635e+01 2.821856e+01 1.318304e+01
         vertex 6.340635e+01 2.806871e+01 1.282127e+01
         vertex 6.340635e+01 2.821856e+01 1.318304e+01
      endloop
   endfacet
   facet normal 0.000000e+00 7.933535e-01 -6.087612e-01
      outer loop
         vertex 6.540635e+01 2.821856e+01 1.318304e+01
         vertex 6.340635e+01 2.821856e+01 1.318304e+01
         vertex 6.540635e+01 2.845694e+01 1.349370e+01
      endloop
   endfacet
   facet normal 0.000000e+00 7.933535e-01 -6.087612e-01
      outer loop
         vertex 6.540635e+01 2.845694e+01 1.349370e+01
         vertex 6.340635e+01 2.821856e+01 1.318304e+01
         vertex 6.340635e+01 2.845694e+01 1.349370e+01
      endloop
   endfacet
   facet normal 0.000000e+00 6.087624e-01 -7.933526e-01
      outer loop
         vertex 6.540635e+01 2.845694e+01 1.349370e+01
         vertex 6.340635e+01 2.845694e+01 1.349370e+01
         vertex 6.540635e+01 2.876760e+01 1.373208e+01
      endloop
   endfacet
   facet normal 0.000000e+00 6.087624e-01 -7.933526e-01
      outer loop
         vertex 6.540635e+01 2.876760e+01 1.373208e+01
         vertex 6.340635e+01 2.845694e+01 1.349370e+01
         vertex 6.340635e+01 2.876760e+01 1.373208e+01
      endloop
   endfacet
   facet normal 0.000000e+00 3.826836e-01 -9.238794e-01
      outer loop
         vertex 6.540635e+01 2.876760e+01 1.373208e+01
         vertex 6.340635e+01 2.876760e+01 1.373208e+01
         vertex 6.540635e+01 2.912937e+01 1.388193e+01
      endloop
   endfacet
   facet normal 0.000000e+00 3.826836e-01 -9.238794e-01
      outer loop
         vertex 6.540635e+01 2.912937e+01 1.388193e+01
         vertex 6.340635e+01 2.876760e+01 1.373208e+01
         vertex 6.340635e+01 2.912937e+01 1.388193e+01
      endloop
   endfacet
   facet normal 0.000000e+00 1.305255e-01 -9.914450e-01
      outer loop
         vertex 6.540635e+01 2.912937e+01 1.388193e+01
         vertex 6.340635e+01 2.912937e+01 1.388193e+01
         vertex 6.540635e+01 2.951760e+01 1.393304e+01
      endloop
   endfacet
   facet normal 0.000000e+00 1.305255e-01 -9.914450e-01
      outer loop
         vertex 6.540635e+01 2.951760e+01 1.393304e+01
         vertex 6.340635e+01 2.912937e+01 1.388193e+01
         vertex 6.340635e+01 2.951760e+01 1.393304e+01
      endloop
   endfacet
   facet normal -2.830817e-07 -9.238786e-01 -3.826858e-01
      outer loop
         vertex 6.540635e+01 9.603435e+00 3.439625e+01
         vertex 6.340635e+01 9.677291e+00 3.421795e+01
         vertex 6.540635e+01 9.753287e+00 3.403448e+01
      endloop
   endfacet
   facet normal -0.000000e+00 -9.238797e-01 -3.826831e-01
      outer loop
         vertex 6.540635e+01 9.753287e+00 3.403448e+01
         vertex 6.340635e+01 9.677291e+00 3.421795e+01
         vertex 6.340635e+01 9.753287e+00 3.403448e+01
      endloop
   endfacet
   facet normal -0.000000e+00 -9.914449e-01 -1.305256e-01
      outer loop
         vertex 6.540635e+01 9.753287e+00 3.403448e+01
         vertex 6.340635e+01 9.753287e+00 3.403448e+01
         vertex 6.540635e+01 9.804398e+00 3.364625e+01
      endloop
   endfacet
   facet normal -0.000000e+00 -9.914449e-01 -1.305256e-01
      outer loop
         vertex 6.540635e+01 9.804398e+00 3.364625e+01
         vertex 6.340635e+01 9.753287e+00 3.403448e+01
         vertex 6.340635e+01 9.804398e+00 3.364625e+01
      endloop
   endfacet
   facet normal 0.000000e+00 -9.914449e-01 1.305256e-01
      outer loop
         vertex 6.540635e+01 9.804398e+00 3.364625e+01
         vertex 6.340635e+01 9.804398e+00 3.364625e+01
         vertex 6.540635e+01 9.753287e+00 3.325802e+01
      endloop
   endfacet
   facet normal 0.000000e+00 -9.914449e-01 1.305256e-01
      outer loop
         vertex 6.540635e+01 9.753287e+00 3.325802e+01
         vertex 6.340635e+01 9.804398e+00 3.364625e+01
         vertex 6.340635e+01 9.753287e+00 3.325802e+01
      endloop
   endfacet
   facet normal 0.000000e+00 -9.238786e-01 3.826858e-01
      outer loop
         vertex 6.540635e+01 9.753287e+00 3.325802e+01
         vertex 6.340635e+01 9.753287e+00 3.325802e+01
         vertex 6.540635e+01 9.603435e+00 3.289625e+01
      endloop
   endfacet
   facet normal 0.000000e+00 -9.238786e-01 3.826858e-01
      outer loop
         vertex 6.540635e+01 9.603435e+00 3.289625e+01
         vertex 6.340635e+01 9.753287e+00 3.325802e+01
         vertex 6.340635e+01 9.603435e+00 3.289625e+01
      endloop
   endfacet
   facet normal 0.000000e+00 -7.933539e-01 6.087607e-01
      outer loop
         vertex 6.540635e+01 9.603435e+00 3.289625e+01
         vertex 6.340635e+01 9.603435e+00 3.289625e+01
         vertex 6.540635e+01 9.365058e+00 3.258559e+01
      endloop
   endfacet
   facet normal 0.000000e+00 -7.933539e-01 6.087607e-01
      outer loop
         vertex 6.540635e+01 9.365058e+00 3.258559e+01
         vertex 6.340635e+01 9.603435e+00 3.289625e+01
         vertex 6.340635e+01 9.365058e+00 3.258559e+01
      endloop
   endfacet
   facet normal 0.000000e+00 -6.087633e-01 7.933519e-01
      outer loop
         vertex 6.540635e+01 9.365058e+00 3.258559e+01
         vertex 6.340635e+01 9.365058e+00 3.258559e+01
         vertex 6.540635e+01 9.054398e+00 3.234721e+01
      endloop
   endfacet
   facet normal 0.000000e+00 -6.087633e-01 7.933519e-01
      outer loop
         vertex 6.540635e+01 9.054398e+00 3.234721e+01
         vertex 6.340635e+01 9.365058e+00 3.258559e+01
         vertex 6.340635e+01 9.054398e+00 3.234721e+01
      endloop
   endfacet
   facet normal 0.000000e+00 -3.826829e-01 9.238797e-01
      outer loop
         vertex 6.540635e+01 9.054398e+00 3.234721e+01
         vertex 6.340635e+01 9.054398e+00 3.234721e+01
         vertex 6.540635e+01 8.692626e+00 3.219736e+01
      endloop
   endfacet
   facet normal 0.000000e+00 -3.826829e-01 9.238797e-01
      outer loop
         vertex 6.540635e+01 8.692626e+00 3.219736e+01
         vertex 6.340635e+01 9.054398e+00 3.234721e+01
         vertex 6.340635e+01 8.692626e+00 3.219736e+01
      endloop
   endfacet
   facet normal 0.000000e+00 -1.305259e-01 9.914449e-01
      outer loop
         vertex 6.540635e+01 8.692626e+00 3.219736e+01
         vertex 6.340635e+01 8.692626e+00 3.219736e+01
         vertex 6.540635e+01 8.304399e+00 3.214625e+01
      endloop
   endfacet
   facet normal 0.000000e+00 -1.305259e-01 9.914449e-01
      outer loop
         vertex 6.540635e+01 8.304399e+00 3.214625e+01
         vertex 6.340635e+01 8.692626e+00 3.219736e+01
         vertex 6.340635e+01 8.304399e+00 3.214625e+01
      endloop
   endfacet
   facet normal 0.000000e+00 1.305253e-01 9.914450e-01
      outer loop
         vertex 6.540635e+01 8.304399e+00 3.214625e+01
         vertex 6.340635e+01 8.304399e+00 3.214625e+01
         vertex 6.540635e+01 7.916169e+00 3.219736e+01
      endloop
   endfacet
   facet normal 0.000000e+00 1.305253e-01 9.914450e-01
      outer loop
         vertex 6.340635e+01 8.304399e+00 3.214625e+01
         vertex 6.340635e+01 7.916169e+00 3.219736e+01
         vertex 6.540635e+01 7.916169e+00 3.219736e+01
      endloop
   endfacet
   facet normal 0.000000e+00 3.826871e-01 9.238780e-01
      outer loop
         vertex 6.540635e+01 7.916169e+00 3.219736e+01
         vertex 6.340635e+01 7.916169e+00 3.219736e+01
         vertex 6.340635e+01 7.732699e+00 3.227336e+01
      endloop
   endfacet
   facet normal 2.749401e-07 3.826846e-01 9.238791e-01
      outer loop
         vertex 6.540635e+01 7.916169e+00 3.219736e+01
         vertex 6.340635e+01 7.732699e+00 3.227336e+01
         vertex 6.540635e+01 7.554399e+00 3.234721e+01
      endloop
   endfacet
   facet normal 0.000000e+00 3.826820e-01 9.238801e-01
      outer loop
         vertex 6.540635e+01 7.554399e+00 3.234721e+01
         vertex 6.340635e+01 7.732699e+00 3.227336e+01
         vertex 6.340635e+01 7.554399e+00 3.234721e+01
      endloop
   endfacet
   facet normal 0.000000e+00 6.087610e-01 7.933536e-01
      outer loop
         vertex 6.540635e+01 7.554399e+00 3.234721e+01
         vertex 6.340635e+01 7.554399e+00 3.234721e+01
         vertex 6.540635e+01 7.243738e+00 3.258559e+01
      endloop
   endfacet
   facet normal 0.000000e+00 6.087610e-01 7.933536e-01
      outer loop
         vertex 6.540635e+01 7.243738e+00 3.258559e+01
         vertex 6.340635e+01 7.554399e+00 3.234721e+01
         vertex 6.340635e+01 7.243738e+00 3.258559e+01
      endloop
   endfacet
   facet normal 0.000000e+00 7.933539e-01 6.087607e-01
      outer loop
         vertex 6.540635e+01 7.243738e+00 3.258559e+01
         vertex 6.340635e+01 7.243738e+00 3.258559e+01
         vertex 6.540635e+01 7.005360e+00 3.289625e+01
      endloop
   endfacet
   facet normal 0.000000e+00 7.933539e-01 6.087607e-01
      outer loop
         vertex 6.540635e+01 7.005360e+00 3.289625e+01
         vertex 6.340635e+01 7.243738e+00 3.258559e+01
         vertex 6.340635e+01 7.005360e+00 3.289625e+01
      endloop
   endfacet
   facet normal 0.000000e+00 9.238786e-01 3.826858e-01
      outer loop
         vertex 6.540635e+01 7.005360e+00 3.289625e+01
         vertex 6.340635e+01 7.005360e+00 3.289625e+01
         vertex 6.540635e+01 6.855508e+00 3.325802e+01
      endloop
   endfacet
   facet normal 0.000000e+00 9.238786e-01 3.826858e-01
      outer loop
         vertex 6.540635e+01 6.855508e+00 3.325802e+01
         vertex 6.340635e+01 7.005360e+00 3.289625e+01
         vertex 6.340635e+01 6.855508e+00 3.325802e+01
      endloop
   endfacet
   facet normal 0.000000e+00 9.914449e-01 1.305256e-01
      outer loop
         vertex 6.540635e+01 6.855508e+00 3.325802e+01
         vertex 6.340635e+01 6.855508e+00 3.325802e+01
         vertex 6.540635e+01 6.804397e+00 3.364625e+01
      endloop
   endfacet
   facet normal 0.000000e+00 9.914449e-01 1.305256e-01
      outer loop
         vertex 6.540635e+01 6.804397e+00 3.364625e+01
         vertex 6.340635e+01 6.855508e+00 3.325802e+01
         vertex 6.340635e+01 6.804397e+00 3.364625e+01
      endloop
   endfacet
   facet normal 0.000000e+00 9.914449e-01 -1.305256e-01
      outer loop
         vertex 6.540635e+01 6.804397e+00 3.364625e+01
         vertex 6.340635e+01 6.804397e+00 3.364625e+01
         vertex 6.540635e+01 6.855508e+00 3.403448e+01
      endloop
   endfacet
   facet normal 0.000000e+00 9.914449e-01 -1.305256e-01
      outer loop
         vertex 6.340635e+01 6.804397e+00 3.364625e+01
         vertex 6.340635e+01 6.855508e+00 3.403448e+01
         vertex 6.540635e+01 6.855508e+00 3.403448e+01
      endloop
   endfacet
   facet normal 0.000000e+00 9.238763e-01 -3.826912e-01
      outer loop
         vertex 6.540635e+01 6.855508e+00 3.403448e+01
         vertex 6.340635e+01 6.855508e+00 3.403448e+01
         vertex 6.340635e+01 6.931506e+00 3.421795e+01
      endloop
   endfacet
   facet normal 5.773471e-07 9.238786e-01 -3.826858e-01
      outer loop
         vertex 6.540635e+01 6.855508e+00 3.403448e+01
         vertex 6.340635e+01 6.931506e+00 3.421795e+01
         vertex 6.540635e+01 7.005360e+00 3.439625e+01
      endloop
   endfacet
   facet normal 0.000000e+00 9.238809e-01 -3.826803e-01
      outer loop
         vertex 6.540635e+01 7.005360e+00 3.439625e+01
         vertex 6.340635e+01 6.931506e+00 3.421795e+01
         vertex 6.340635e+01 7.005360e+00 3.439625e+01
      endloop
   endfacet
   facet normal 0.000000e+00 7.933539e-01 -6.087607e-01
      outer loop
         vertex 6.540635e+01 7.005360e+00 3.439625e+01
         vertex 6.340635e+01 7.005360e+00 3.439625e+01
         vertex 6.540635e+01 7.243738e+00 3.470691e+01
      endloop
   endfacet
   facet normal 0.000000e+00 7.933539e-01 -6.087607e-01
      outer loop
         vertex 6.540635e+01 7.243738e+00 3.470691e+01
         vertex 6.340635e+01 7.005360e+00 3.439625e+01
         vertex 6.340635e+01 7.243738e+00 3.470691e+01
      endloop
   endfacet
   facet normal 0.000000e+00 6.087595e-01 -7.933548e-01
      outer loop
         vertex 6.540635e+01 7.243738e+00 3.470691e+01
         vertex 6.340635e+01 7.243738e+00 3.470691e+01
         vertex 6.540635e+01 7.554399e+00 3.494529e+01
      endloop
   endfacet
   facet normal 0.000000e+00 6.087595e-01 -7.933548e-01
      outer loop
         vertex 6.340635e+01 7.243738e+00 3.470691e+01
         vertex 6.340635e+01 7.554399e+00 3.494529e+01
         vertex 6.540635e+01 7.554399e+00 3.494529e+01
      endloop
   endfacet
   facet normal 0.000000e+00 3.826861e-01 -9.238784e-01
      outer loop
         vertex 6.540635e+01 7.554399e+00 3.494529e+01
         vertex 6.340635e+01 7.554399e+00 3.494529e+01
         vertex 6.340635e+01 7.732699e+00 3.501914e+01
      endloop
   endfacet
   facet normal -1.552746e-07 3.826846e-01 -9.238791e-01
      outer loop
         vertex 6.540635e+01 7.554399e+00 3.494529e+01
         vertex 6.340635e+01 7.732699e+00 3.501914e+01
         vertex 6.540635e+01 7.916169e+00 3.509514e+01
      endloop
   endfacet
   facet normal 0.000000e+00 3.826831e-01 -9.238797e-01
      outer loop
         vertex 6.540635e+01 7.916169e+00 3.509514e+01
         vertex 6.340635e+01 7.732699e+00 3.501914e+01
         vertex 6.340635e+01 7.916169e+00 3.509514e+01
      endloop
   endfacet
   facet normal 0.000000e+00 1.305276e-01 -9.914447e-01
      outer loop
         vertex 6.540635e+01 7.916169e+00 3.509514e+01
         vertex 6.340635e+01 7.916169e+00 3.509514e+01
         vertex 6.540635e+01 8.304399e+00 3.514625e+01
      endloop
   endfacet
   facet normal 0.000000e+00 1.305276e-01 -9.914447e-01
      outer loop
         vertex 6.540635e+01 8.304399e+00 3.514625e+01
         vertex 6.340635e+01 7.916169e+00 3.509514e+01
         vertex 6.340635e+01 8.304399e+00 3.514625e+01
      endloop
   endfacet
   facet normal -0.000000e+00 -1.305282e-01 -9.914446e-01
      outer loop
         vertex 6.540635e+01 8.304399e+00 3.514625e+01
         vertex 6.340635e+01 8.304399e+00 3.514625e+01
         vertex 6.540635e+01 8.692626e+00 3.509514e+01
      endloop
   endfacet
   facet normal -0.000000e+00 -1.305282e-01 -9.914446e-01
      outer loop
         vertex 6.540635e+01 8.692626e+00 3.509514e+01
         vertex 6.340635e+01 8.304399e+00 3.514625e+01
         vertex 6.340635e+01 8.692626e+00 3.509514e+01
      endloop
   endfacet
   facet normal -0.000000e+00 -3.826829e-01 -9.238797e-01
      outer loop
         vertex 6.540635e+01 8.692626e+00 3.509514e+01
         vertex 6.340635e+01 8.692626e+00 3.509514e+01
         vertex 6.540635e+01 9.054398e+00 3.494529e+01
      endloop
   endfacet
   facet normal -0.000000e+00 -3.826829e-01 -9.238797e-01
      outer loop
         vertex 6.540635e+01 9.054398e+00 3.494529e+01
         vertex 6.340635e+01 8.692626e+00 3.509514e+01
         vertex 6.340635e+01 9.054398e+00 3.494529e+01
      endloop
   endfacet
   facet normal -0.000000e+00 -6.087618e-01 -7.933530e-01
      outer loop
         vertex 6.540635e+01 9.054398e+00 3.494529e+01
         vertex 6.340635e+01 9.054398e+00 3.494529e+01
         vertex 6.540635e+01 9.365058e+00 3.470691e+01
      endloop
   endfacet
   facet normal -0.000000e+00 -6.087618e-01 -7.933530e-01
      outer loop
         vertex 6.540635e+01 9.365058e+00 3.470691e+01
         vertex 6.340635e+01 9.054398e+00 3.494529e+01
         vertex 6.340635e+01 9.365058e+00 3.470691e+01
      endloop
   endfacet
   facet normal -0.000000e+00 -7.933539e-01 -6.087607e-01
      outer loop
         vertex 6.540635e+01 9.365058e+00 3.470691e+01
         vertex 6.340635e+01 9.365058e+00 3.470691e+01
         vertex 6.540635e+01 9.603435e+00 3.439625e+01
      endloop
   endfacet
   facet normal -0.000000e+00 -7.933539e-01 -6.087607e-01
      outer loop
         vertex 6.540635e+01 9.603435e+00 3.439625e+01
         vertex 6.340635e+01 9.365058e+00 3.470691e+01
         vertex 6.340635e+01 9.603435e+00 3.439625e+01
      endloop
   endfacet
   facet normal -0.000000e+00 -9.238774e-01 -3.826885e-01
      outer loop
         vertex 6.540635e+01 9.603435e+00 3.439625e+01
         vertex 6.340635e+01 9.603435e+00 3.439625e+01
         vertex 6.340635e+01 9.677291e+00 3.421795e+01
      endloop
   endfacet
   facet normal 1.000000e+00 -0.000000e+00 0.000000e+00
      outer loop
         vertex 6.840635e+01 2.985619e+01 2.336413e+01
         vertex 6.840635e+01 2.984657e+01 2.303965e+01
         vertex 6.840635e+01 3.015180e+01 3.097038e+01
      endloop
   endfacet
   facet normal 1.000000e+00 0.000000e+00 0.000000e+00
      outer loop
         vertex 6.840635e+01 1.082949e+01 1.134383e+01
         vertex 6.840635e+01 1.051024e+01 1.079086e+01
         vertex 6.840635e+01 1.891100e+01 8.477942e+00
      endloop
   endfacet
   facet normal 1.000000e+00 0.000000e+00 0.000000e+00
      outer loop
         vertex 6.840635e+01 1.891100e+01 8.477942e+00
         vertex 6.840635e+01 1.051024e+01 1.079086e+01
         vertex 6.840635e+01 1.007206e+01 1.032642e+01
      endloop
   endfacet
   facet normal 1.000000e+00 0.000000e+00 0.000000e+00
      outer loop
         vertex 6.840635e+01 1.891100e+01 8.477942e+00
         vertex 6.840635e+01 1.007206e+01 1.032642e+01
         vertex 6.840635e+01 9.538596e+00 9.975555e+00
      endloop
   endfacet
   facet normal 1.000000e+00 0.000000e+00 0.000000e+00
      outer loop
         vertex 6.840635e+01 9.538596e+00 9.975555e+00
         vertex 6.840635e+01 8.938592e+00 9.757171e+00
         vertex 6.840635e+01 1.891100e+01 8.477942e+00
      endloop
   endfacet
   facet normal 1.000000e+00 0.000000e+00 0.000000e+00
      outer loop
         vertex 6.840635e+01 1.891100e+01 8.477942e+00
         vertex 6.840635e+01 8.938592e+00 9.757171e+00
         vertex 6.840635e+01 8.304399e+00 9.683045e+00
      endloop
   endfacet
   facet normal 1.000000e+00 0.000000e+00 0.000000e+00
      outer loop
         vertex 6.840635e+01 1.891100e+01 8.477942e+00
         vertex 6.840635e+01 8.304399e+00 9.683045e+00
         vertex 6.840635e+01 2.286000e+00 8.477942e+00
      endloop
   endfacet
   facet normal 1.000000e+00 0.000000e+00 0.000000e+00
      outer loop
         vertex 6.840635e+01 2.286000e+00 8.477942e+00
         vertex 6.840635e+01 8.304399e+00 9.683045e+00
         vertex 6.840635e+01 7.670205e+00 9.757171e+00
      endloop
   endfacet
   facet normal 1.000000e+00 0.000000e+00 0.000000e+00
      outer loop
         vertex 6.840635e+01 2.286000e+00 8.477942e+00
         vertex 6.840635e+01 7.670205e+00 9.757171e+00
         vertex 6.840635e+01 7.070201e+00 9.975555e+00
      endloop
   endfacet
   facet normal 1.000000e+00 0.000000e+00 0.000000e+00
      outer loop
         vertex 6.840635e+01 5.596176e+00 1.195551e+01
         vertex 6.840635e+01 5.559051e+00 1.259294e+01
         vertex 6.840635e+01 2.859998e-01 1.047794e+01
      endloop
   endfacet
   facet normal 1.000000e+00 0.000000e+00 0.000000e+00
      outer loop
         vertex 6.840635e+01 2.859998e-01 1.047794e+01
         vertex 6.840635e+01 5.559051e+00 1.259294e+01
         vertex 6.840635e+01 5.669927e+00 1.322175e+01
      endloop
   endfacet
   facet normal 1.000000e+00 0.000000e+00 0.000000e+00
      outer loop
         vertex 6.840635e+01 2.859998e-01 1.047794e+01
         vertex 6.840635e+01 5.669927e+00 1.322175e+01
         vertex 6.840635e+01 2.859998e-01 2.303965e+01
      endloop
   endfacet
   facet normal 1.000000e+00 0.000000e+00 0.000000e+00
      outer loop
         vertex 6.840635e+01 2.859998e-01 2.303965e+01
         vertex 6.840635e+01 5.669927e+00 1.322175e+01
         vertex 6.840635e+01 5.922828e+00 1.380804e+01
      endloop
   endfacet
   facet normal 1.000000e+00 0.000000e+00 0.000000e+00
      outer loop
         vertex 6.840635e+01 2.859998e-01 2.303965e+01
         vertex 6.840635e+01 5.922828e+00 1.380804e+01
         vertex 6.840635e+01 6.304121e+00 1.432021e+01
      endloop
   endfacet
   facet normal 1.000000e+00 0.000000e+00 -0.000000e+00
      outer loop
         vertex 6.840635e+01 8.717868e-01 9.063729e+00
         vertex 6.840635e+01 5.779304e+00 1.134383e+01
         vertex 6.840635e+01 5.539488e-01 9.477942e+00
      endloop
   endfacet
   facet normal 1.000000e+00 0.000000e+00 0.000000e+00
      outer loop
         vertex 6.840635e+01 5.539488e-01 9.477942e+00
         vertex 6.840635e+01 5.779304e+00 1.134383e+01
         vertex 6.840635e+01 5.596176e+00 1.195551e+01
      endloop
   endfacet
   facet normal 1.000000e+00 0.000000e+00 -0.000000e+00
      outer loop
         vertex 6.840635e+01 5.539488e-01 9.477942e+00
         vertex 6.840635e+01 5.596176e+00 1.195551e+01
         vertex 6.840635e+01 3.541484e-01 9.960304e+00
      endloop
   endfacet
   facet normal 1.000000e+00 0.000000e+00 -0.000000e+00
      outer loop
         vertex 6.840635e+01 3.541484e-01 9.960304e+00
         vertex 6.840635e+01 5.596176e+00 1.195551e+01
         vertex 6.840635e+01 2.859998e-01 1.047794e+01
      endloop
   endfacet
   facet normal 1.000000e+00 -0.000000e+00 0.000000e+00
      outer loop
         vertex 6.840635e+01 1.082949e+01 1.134383e+01
         vertex 6.840635e+01 1.891100e+01 8.477942e+00
         vertex 6.840635e+01 1.101262e+01 1.195551e+01
      endloop
   endfacet
   facet normal 1.000000e+00 -0.000000e+00 0.000000e+00
      outer loop
         vertex 6.840635e+01 1.101262e+01 1.195551e+01
         vertex 6.840635e+01 1.891100e+01 8.477942e+00
         vertex 6.840635e+01 1.891100e+01 1.208965e+01
      endloop
   endfacet
   facet normal 1.000000e+00 0.000000e+00 0.000000e+00
      outer loop
         vertex 6.840635e+01 1.101262e+01 1.195551e+01
         vertex 6.840635e+01 1.891100e+01 1.208965e+01
         vertex 6.840635e+01 1.826231e+01 1.210888e+01
      endloop
   endfacet
   facet normal 1.000000e+00 0.000000e+00 0.000000e+00
      outer loop
         vertex 6.840635e+01 7.070201e+00 9.975555e+00
         vertex 6.840635e+01 6.536731e+00 1.032642e+01
         vertex 6.840635e+01 2.286000e+00 8.477942e+00
      endloop
   endfacet
   facet normal 1.000000e+00 0.000000e+00 0.000000e+00
      outer loop
         vertex 6.840635e+01 2.286000e+00 8.477942e+00
         vertex 6.840635e+01 6.536731e+00 1.032642e+01
         vertex 6.840635e+01 6.098559e+00 1.079086e+01
      endloop
   endfacet
   facet normal 1.000000e+00 0.000000e+00 -0.000000e+00
      outer loop
         vertex 6.840635e+01 2.286000e+00 8.477942e+00
         vertex 6.840635e+01 6.098559e+00 1.079086e+01
         vertex 6.840635e+01 1.768362e+00 8.546091e+00
      endloop
   endfacet
   facet normal 1.000000e+00 0.000000e+00 0.000000e+00
      outer loop
         vertex 6.840635e+01 1.768362e+00 8.546091e+00
         vertex 6.840635e+01 6.098559e+00 1.079086e+01
         vertex 6.840635e+01 5.779304e+00 1.134383e+01
      endloop
   endfacet
   facet normal 1.000000e+00 0.000000e+00 -0.000000e+00
      outer loop
         vertex 6.840635e+01 1.768362e+00 8.546091e+00
         vertex 6.840635e+01 5.779304e+00 1.134383e+01
         vertex 6.840635e+01 1.286000e+00 8.745892e+00
      endloop
   endfacet
   facet normal 1.000000e+00 0.000000e+00 -0.000000e+00
      outer loop
         vertex 6.840635e+01 1.286000e+00 8.745892e+00
         vertex 6.840635e+01 5.779304e+00 1.134383e+01
         vertex 6.840635e+01 8.717868e-01 9.063729e+00
      endloop
   endfacet
   facet normal 1.000000e+00 0.000000e+00 -0.000000e+00
      outer loop
         vertex 6.840635e+01 6.304121e+00 1.432021e+01
         vertex 6.840635e+01 6.793248e+00 1.473064e+01
         vertex 6.840635e+01 2.859998e-01 2.303965e+01
      endloop
   endfacet
   facet normal 1.000000e+00 0.000000e+00 0.000000e+00
      outer loop
         vertex 6.840635e+01 2.859998e-01 2.303965e+01
         vertex 6.840635e+01 6.793248e+00 1.473064e+01
         vertex 6.840635e+01 7.363843e+00 1.501720e+01
      endloop
   endfacet
   facet normal 1.000000e+00 0.000000e+00 0.000000e+00
      outer loop
         vertex 6.840635e+01 2.859998e-01 2.303965e+01
         vertex 6.840635e+01 7.363843e+00 1.501720e+01
         vertex 6.840635e+01 7.975427e+00 2.303965e+01
      endloop
   endfacet
   facet normal 1.000000e+00 0.000000e+00 0.000000e+00
      outer loop
         vertex 6.840635e+01 7.975427e+00 2.303965e+01
         vertex 6.840635e+01 7.363843e+00 1.501720e+01
         vertex 6.840635e+01 7.985143e+00 1.516445e+01
      endloop
   endfacet
   facet normal 1.000000e+00 0.000000e+00 0.000000e+00
      outer loop
         vertex 6.840635e+01 7.975427e+00 2.303965e+01
         vertex 6.840635e+01 7.985143e+00 1.516445e+01
         vertex 6.840635e+01 8.004254e+00 2.206733e+01
      endloop
   endfacet
   facet normal 1.000000e+00 0.000000e+00 0.000000e+00
      outer loop
         vertex 6.840635e+01 8.004254e+00 2.206733e+01
         vertex 6.840635e+01 7.985143e+00 1.516445e+01
         vertex 6.840635e+01 8.195806e+00 2.078418e+01
      endloop
   endfacet
   facet normal 1.000000e+00 0.000000e+00 0.000000e+00
      outer loop
         vertex 6.840635e+01 1.826231e+01 1.210888e+01
         vertex 6.840635e+01 1.697405e+01 1.226232e+01
         vertex 6.840635e+01 1.101262e+01 1.195551e+01
      endloop
   endfacet
   facet normal 1.000000e+00 0.000000e+00 0.000000e+00
      outer loop
         vertex 6.840635e+01 1.101262e+01 1.195551e+01
         vertex 6.840635e+01 1.697405e+01 1.226232e+01
         vertex 6.840635e+01 1.571298e+01 1.256706e+01
      endloop
   endfacet
   facet normal 1.000000e+00 0.000000e+00 0.000000e+00
      outer loop
         vertex 6.840635e+01 1.101262e+01 1.195551e+01
         vertex 6.840635e+01 1.571298e+01 1.256706e+01
         vertex 6.840635e+01 1.104975e+01 1.259294e+01
      endloop
   endfacet
   facet normal 1.000000e+00 -0.000000e+00 0.000000e+00
      outer loop
         vertex 6.840635e+01 1.104975e+01 1.259294e+01
         vertex 6.840635e+01 1.571298e+01 1.256706e+01
         vertex 6.840635e+01 1.449680e+01 1.301880e+01
      endloop
   endfacet
   facet normal 1.000000e+00 0.000000e+00 -0.000000e+00
      outer loop
         vertex 6.840635e+01 1.104975e+01 1.259294e+01
         vertex 6.840635e+01 1.449680e+01 1.301880e+01
         vertex 6.840635e+01 1.093887e+01 1.322175e+01
      endloop
   endfacet
   facet normal 1.000000e+00 -0.000000e+00 0.000000e+00
      outer loop
         vertex 6.840635e+01 1.093887e+01 1.322175e+01
         vertex 6.840635e+01 1.449680e+01 1.301880e+01
         vertex 6.840635e+01 1.334258e+01 1.361122e+01
      endloop
   endfacet
   facet normal 1.000000e+00 0.000000e+00 -0.000000e+00
      outer loop
         vertex 6.840635e+01 1.093887e+01 1.322175e+01
         vertex 6.840635e+01 1.334258e+01 1.361122e+01
         vertex 6.840635e+01 1.068597e+01 1.380804e+01
      endloop
   endfacet
   facet normal 1.000000e+00 -0.000000e+00 0.000000e+00
      outer loop
         vertex 6.840635e+01 1.068597e+01 1.380804e+01
         vertex 6.840635e+01 1.334258e+01 1.361122e+01
         vertex 6.840635e+01 1.226654e+01 1.433599e+01
      endloop
   endfacet
   facet normal 1.000000e+00 0.000000e+00 -0.000000e+00
      outer loop
         vertex 6.840635e+01 1.068597e+01 1.380804e+01
         vertex 6.840635e+01 1.226654e+01 1.433599e+01
         vertex 6.840635e+01 1.030468e+01 1.432021e+01
      endloop
   endfacet
   facet normal 1.000000e+00 0.000000e+00 0.000000e+00
      outer loop
         vertex 6.840635e+01 1.030468e+01 1.432021e+01
         vertex 6.840635e+01 1.226654e+01 1.433599e+01
         vertex 6.840635e+01 1.128377e+01 1.518294e+01
      endloop
   endfacet
   facet normal 1.000000e+00 0.000000e+00 -0.000000e+00
      outer loop
         vertex 6.840635e+01 1.030468e+01 1.432021e+01
         vertex 6.840635e+01 1.128377e+01 1.518294e+01
         vertex 6.840635e+01 9.815548e+00 1.473064e+01
      endloop
   endfacet
   facet normal 1.000000e+00 0.000000e+00 0.000000e+00
      outer loop
         vertex 6.840635e+01 9.815548e+00 1.473064e+01
         vertex 6.840635e+01 1.128377e+01 1.518294e+01
         vertex 6.840635e+01 1.040806e+01 1.614018e+01
      endloop
   endfacet
   facet normal 1.000000e+00 0.000000e+00 -0.000000e+00
      outer loop
         vertex 6.840635e+01 9.815548e+00 1.473064e+01
         vertex 6.840635e+01 1.040806e+01 1.614018e+01
         vertex 6.840635e+01 9.244954e+00 1.501720e+01
      endloop
   endfacet
   facet normal 1.000000e+00 0.000000e+00 0.000000e+00
      outer loop
         vertex 6.840635e+01 9.244954e+00 1.501720e+01
         vertex 6.840635e+01 1.040806e+01 1.614018e+01
         vertex 6.840635e+01 9.651724e+00 1.719428e+01
      endloop
   endfacet
   facet normal 1.000000e+00 0.000000e+00 -0.000000e+00
      outer loop
         vertex 6.840635e+01 9.244954e+00 1.501720e+01
         vertex 6.840635e+01 9.651724e+00 1.719428e+01
         vertex 6.840635e+01 8.623654e+00 1.516445e+01
      endloop
   endfacet
   facet normal 1.000000e+00 0.000000e+00 0.000000e+00
      outer loop
         vertex 6.840635e+01 8.623654e+00 1.516445e+01
         vertex 6.840635e+01 9.651724e+00 1.719428e+01
         vertex 6.840635e+01 9.025363e+00 1.833043e+01
      endloop
   endfacet
   facet normal 1.000000e+00 0.000000e+00 -0.000000e+00
      outer loop
         vertex 6.840635e+01 8.623654e+00 1.516445e+01
         vertex 6.840635e+01 9.025363e+00 1.833043e+01
         vertex 6.840635e+01 7.985143e+00 1.516445e+01
      endloop
   endfacet
   facet normal 1.000000e+00 0.000000e+00 0.000000e+00
      outer loop
         vertex 6.840635e+01 7.985143e+00 1.516445e+01
         vertex 6.840635e+01 9.025363e+00 1.833043e+01
         vertex 6.840635e+01 8.537777e+00 1.953269e+01
      endloop
   endfacet
   facet normal 1.000000e+00 0.000000e+00 0.000000e+00
      outer loop
         vertex 6.840635e+01 7.985143e+00 1.516445e+01
         vertex 6.840635e+01 8.537777e+00 1.953269e+01
         vertex 6.840635e+01 8.195806e+00 2.078418e+01
      endloop
   endfacet
   facet normal 1.000000e+00 0.000000e+00 -0.000000e+00
      outer loop
         vertex 6.840635e+01 6.304121e+00 3.553341e+01
         vertex 6.840635e+01 6.793248e+00 3.594384e+01
         vertex 6.840635e+01 2.286000e+00 3.760135e+01
      endloop
   endfacet
   facet normal 1.000000e+00 0.000000e+00 0.000000e+00
      outer loop
         vertex 6.840635e+01 2.286000e+00 3.760135e+01
         vertex 6.840635e+01 6.793248e+00 3.594384e+01
         vertex 6.840635e+01 7.363843e+00 3.623040e+01
      endloop
   endfacet
   facet normal 1.000000e+00 -0.000000e+00 0.000000e+00
      outer loop
         vertex 6.840635e+01 9.815548e+00 3.594384e+01
         vertex 6.840635e+01 1.030468e+01 3.553341e+01
         vertex 6.840635e+01 1.891100e+01 3.760135e+01
      endloop
   endfacet
   facet normal 1.000000e+00 0.000000e+00 -0.000000e+00
      outer loop
         vertex 6.840635e+01 8.081010e+00 2.465638e+01
         vertex 6.840635e+01 8.304399e+00 3.089625e+01
         vertex 6.840635e+01 7.965809e+00 2.336413e+01
      endloop
   endfacet
   facet normal 1.000000e+00 0.000000e+00 -0.000000e+00
      outer loop
         vertex 6.840635e+01 7.965809e+00 2.336413e+01
         vertex 6.840635e+01 8.304399e+00 3.089625e+01
         vertex 6.840635e+01 7.670205e+00 3.097038e+01
      endloop
   endfacet
   facet normal 1.000000e+00 0.000000e+00 0.000000e+00
      outer loop
         vertex 6.840635e+01 7.965809e+00 2.336413e+01
         vertex 6.840635e+01 7.670205e+00 3.097038e+01
         vertex 6.840635e+01 7.975427e+00 2.303965e+01
      endloop
   endfacet
   facet normal 1.000000e+00 0.000000e+00 0.000000e+00
      outer loop
         vertex 6.840635e+01 7.975427e+00 2.303965e+01
         vertex 6.840635e+01 7.670205e+00 3.097038e+01
         vertex 6.840635e+01 2.859998e-01 2.303965e+01
      endloop
   endfacet
   facet normal 1.000000e+00 0.000000e+00 0.000000e+00
      outer loop
         vertex 6.840635e+01 2.859998e-01 2.303965e+01
         vertex 6.840635e+01 7.670205e+00 3.097038e+01
         vertex 6.840635e+01 7.070201e+00 3.118876e+01
      endloop
   endfacet
   facet normal 1.000000e+00 0.000000e+00 0.000000e+00
      outer loop
         vertex 6.840635e+01 2.859998e-01 2.303965e+01
         vertex 6.840635e+01 7.070201e+00 3.118876e+01
         vertex 6.840635e+01 6.536731e+00 3.153963e+01
      endloop
   endfacet
   facet normal 1.000000e+00 0.000000e+00 0.000000e+00
      outer loop
         vertex 6.840635e+01 6.536731e+00 3.153963e+01
         vertex 6.840635e+01 6.098559e+00 3.200406e+01
         vertex 6.840635e+01 2.859998e-01 2.303965e+01
      endloop
   endfacet
   facet normal 1.000000e+00 0.000000e+00 0.000000e+00
      outer loop
         vertex 6.840635e+01 2.859998e-01 2.303965e+01
         vertex 6.840635e+01 6.098559e+00 3.200406e+01
         vertex 6.840635e+01 5.779304e+00 3.255703e+01
      endloop
   endfacet
   facet normal 1.000000e+00 0.000000e+00 0.000000e+00
      outer loop
         vertex 6.840635e+01 2.859998e-01 2.303965e+01
         vertex 6.840635e+01 5.779304e+00 3.255703e+01
         vertex 6.840635e+01 2.859998e-01 3.560135e+01
      endloop
   endfacet
   facet normal 1.000000e+00 0.000000e+00 0.000000e+00
      outer loop
         vertex 6.840635e+01 5.779304e+00 3.255703e+01
         vertex 6.840635e+01 5.596176e+00 3.316872e+01
         vertex 6.840635e+01 2.859998e-01 3.560135e+01
      endloop
   endfacet
   facet normal 1.000000e+00 0.000000e+00 0.000000e+00
      outer loop
         vertex 6.840635e+01 2.859998e-01 3.560135e+01
         vertex 6.840635e+01 5.596176e+00 3.316872e+01
         vertex 6.840635e+01 5.559051e+00 3.380615e+01
      endloop
   endfacet
   facet normal 1.000000e+00 -0.000000e+00 0.000000e+00
      outer loop
         vertex 6.840635e+01 2.859998e-01 3.560135e+01
         vertex 6.840635e+01 5.559051e+00 3.380615e+01
         vertex 6.840635e+01 3.541484e-01 3.611899e+01
      endloop
   endfacet
   facet normal 1.000000e+00 0.000000e+00 0.000000e+00
      outer loop
         vertex 6.840635e+01 3.541484e-01 3.611899e+01
         vertex 6.840635e+01 5.559051e+00 3.380615e+01
         vertex 6.840635e+01 5.669927e+00 3.443496e+01
      endloop
   endfacet
   facet normal 1.000000e+00 -0.000000e+00 0.000000e+00
      outer loop
         vertex 6.840635e+01 3.541484e-01 3.611899e+01
         vertex 6.840635e+01 5.669927e+00 3.443496e+01
         vertex 6.840635e+01 5.539488e-01 3.660135e+01
      endloop
   endfacet
   facet normal 1.000000e+00 -0.000000e+00 0.000000e+00
      outer loop
         vertex 6.840635e+01 5.539488e-01 3.660135e+01
         vertex 6.840635e+01 5.669927e+00 3.443496e+01
         vertex 6.840635e+01 8.717868e-01 3.701556e+01
      endloop
   endfacet
   facet normal 1.000000e+00 0.000000e+00 0.000000e+00
      outer loop
         vertex 6.840635e+01 6.304121e+00 3.553341e+01
         vertex 6.840635e+01 2.286000e+00 3.760135e+01
         vertex 6.840635e+01 5.922828e+00 3.502125e+01
      endloop
   endfacet
   facet normal 1.000000e+00 0.000000e+00 0.000000e+00
      outer loop
         vertex 6.840635e+01 5.922828e+00 3.502125e+01
         vertex 6.840635e+01 2.286000e+00 3.760135e+01
         vertex 6.840635e+01 1.768362e+00 3.753320e+01
      endloop
   endfacet
   facet normal 1.000000e+00 0.000000e+00 0.000000e+00
      outer loop
         vertex 6.840635e+01 5.922828e+00 3.502125e+01
         vertex 6.840635e+01 1.768362e+00 3.753320e+01
         vertex 6.840635e+01 5.669927e+00 3.443496e+01
      endloop
   endfacet
   facet normal 1.000000e+00 0.000000e+00 0.000000e+00
      outer loop
         vertex 6.840635e+01 5.669927e+00 3.443496e+01
         vertex 6.840635e+01 1.768362e+00 3.753320e+01
         vertex 6.840635e+01 1.286000e+00 3.733340e+01
      endloop
   endfacet
   facet normal 1.000000e+00 0.000000e+00 0.000000e+00
      outer loop
         vertex 6.840635e+01 5.669927e+00 3.443496e+01
         vertex 6.840635e+01 1.286000e+00 3.733340e+01
         vertex 6.840635e+01 8.717868e-01 3.701556e+01
      endloop
   endfacet
   facet normal 1.000000e+00 -0.000000e+00 0.000000e+00
      outer loop
         vertex 6.840635e+01 1.030468e+01 3.553341e+01
         vertex 6.840635e+01 1.068597e+01 3.502125e+01
         vertex 6.840635e+01 1.891100e+01 3.760135e+01
      endloop
   endfacet
   facet normal 1.000000e+00 0.000000e+00 0.000000e+00
      outer loop
         vertex 6.840635e+01 1.891100e+01 3.760135e+01
         vertex 6.840635e+01 1.068597e+01 3.502125e+01
         vertex 6.840635e+01 1.093887e+01 3.443496e+01
      endloop
   endfacet
   facet normal 1.000000e+00 0.000000e+00 0.000000e+00
      outer loop
         vertex 6.840635e+01 1.891100e+01 3.760135e+01
         vertex 6.840635e+01 1.093887e+01 3.443496e+01
         vertex 6.840635e+01 1.891100e+01 3.398965e+01
      endloop
   endfacet
   facet normal 1.000000e+00 0.000000e+00 0.000000e+00
      outer loop
         vertex 6.840635e+01 1.891100e+01 3.398965e+01
         vertex 6.840635e+01 1.093887e+01 3.443496e+01
         vertex 6.840635e+01 1.104975e+01 3.380615e+01
      endloop
   endfacet
   facet normal 1.000000e+00 0.000000e+00 0.000000e+00
      outer loop
         vertex 6.840635e+01 1.891100e+01 3.398965e+01
         vertex 6.840635e+01 1.104975e+01 3.380615e+01
         vertex 6.840635e+01 1.761591e+01 3.391279e+01
      endloop
   endfacet
   facet normal 1.000000e+00 0.000000e+00 0.000000e+00
      outer loop
         vertex 6.840635e+01 1.761591e+01 3.391279e+01
         vertex 6.840635e+01 1.104975e+01 3.380615e+01
         vertex 6.840635e+01 1.633900e+01 3.368330e+01
      endloop
   endfacet
   facet normal 1.000000e+00 0.000000e+00 0.000000e+00
      outer loop
         vertex 6.840635e+01 8.081010e+00 2.465638e+01
         vertex 6.840635e+01 8.348240e+00 2.592593e+01
         vertex 6.840635e+01 8.304399e+00 3.089625e+01
      endloop
   endfacet
   facet normal 1.000000e+00 0.000000e+00 0.000000e+00
      outer loop
         vertex 6.840635e+01 8.304399e+00 3.089625e+01
         vertex 6.840635e+01 8.348240e+00 2.592593e+01
         vertex 6.840635e+01 8.763749e+00 2.715496e+01
      endloop
   endfacet
   facet normal 1.000000e+00 -0.000000e+00 0.000000e+00
      outer loop
         vertex 6.840635e+01 8.304399e+00 3.089625e+01
         vertex 6.840635e+01 8.763749e+00 2.715496e+01
         vertex 6.840635e+01 8.938592e+00 3.097038e+01
      endloop
   endfacet
   facet normal 1.000000e+00 0.000000e+00 0.000000e+00
      outer loop
         vertex 6.840635e+01 8.938592e+00 3.097038e+01
         vertex 6.840635e+01 8.763749e+00 2.715496e+01
         vertex 6.840635e+01 9.321703e+00 2.832622e+01
      endloop
   endfacet
   facet normal 1.000000e+00 -0.000000e+00 0.000000e+00
      outer loop
         vertex 6.840635e+01 8.938592e+00 3.097038e+01
         vertex 6.840635e+01 9.321703e+00 2.832622e+01
         vertex 6.840635e+01 9.538596e+00 3.118876e+01
      endloop
   endfacet
   facet normal 1.000000e+00 0.000000e+00 0.000000e+00
      outer loop
         vertex 6.840635e+01 9.538596e+00 3.118876e+01
         vertex 6.840635e+01 9.321703e+00 2.832622e+01
         vertex 6.840635e+01 1.001427e+01 2.942327e+01
      endloop
   endfacet
   facet normal 1.000000e+00 -0.000000e+00 0.000000e+00
      outer loop
         vertex 6.840635e+01 9.538596e+00 3.118876e+01
         vertex 6.840635e+01 1.001427e+01 2.942327e+01
         vertex 6.840635e+01 1.007206e+01 3.153963e+01
      endloop
   endfacet
   facet normal 1.000000e+00 0.000000e+00 0.000000e+00
      outer loop
         vertex 6.840635e+01 1.007206e+01 3.153963e+01
         vertex 6.840635e+01 1.001427e+01 2.942327e+01
         vertex 6.840635e+01 1.083172e+01 3.043071e+01
      endloop
   endfacet
   facet normal 1.000000e+00 -0.000000e+00 0.000000e+00
      outer loop
         vertex 6.840635e+01 1.007206e+01 3.153963e+01
         vertex 6.840635e+01 1.083172e+01 3.043071e+01
         vertex 6.840635e+01 1.051024e+01 3.200406e+01
      endloop
   endfacet
   facet normal 1.000000e+00 0.000000e+00 0.000000e+00
      outer loop
         vertex 6.840635e+01 1.051024e+01 3.200406e+01
         vertex 6.840635e+01 1.083172e+01 3.043071e+01
         vertex 6.840635e+01 1.176260e+01 3.133439e+01
      endloop
   endfacet
   facet normal 1.000000e+00 -0.000000e+00 0.000000e+00
      outer loop
         vertex 6.840635e+01 1.051024e+01 3.200406e+01
         vertex 6.840635e+01 1.176260e+01 3.133439e+01
         vertex 6.840635e+01 1.082949e+01 3.255703e+01
      endloop
   endfacet
   facet normal 1.000000e+00 0.000000e+00 0.000000e+00
      outer loop
         vertex 6.840635e+01 1.082949e+01 3.255703e+01
         vertex 6.840635e+01 1.176260e+01 3.133439e+01
         vertex 6.840635e+01 1.279382e+01 3.212164e+01
      endloop
   endfacet
   facet normal 1.000000e+00 -0.000000e+00 0.000000e+00
      outer loop
         vertex 6.840635e+01 1.082949e+01 3.255703e+01
         vertex 6.840635e+01 1.279382e+01 3.212164e+01
         vertex 6.840635e+01 1.101262e+01 3.316872e+01
      endloop
   endfacet
   facet normal 1.000000e+00 0.000000e+00 0.000000e+00
      outer loop
         vertex 6.840635e+01 1.101262e+01 3.316872e+01
         vertex 6.840635e+01 1.279382e+01 3.212164e+01
         vertex 6.840635e+01 1.391091e+01 3.278139e+01
      endloop
   endfacet
   facet normal 1.000000e+00 -0.000000e+00 0.000000e+00
      outer loop
         vertex 6.840635e+01 1.101262e+01 3.316872e+01
         vertex 6.840635e+01 1.391091e+01 3.278139e+01
         vertex 6.840635e+01 1.104975e+01 3.380615e+01
      endloop
   endfacet
   facet normal 1.000000e+00 0.000000e+00 0.000000e+00
      outer loop
         vertex 6.840635e+01 1.104975e+01 3.380615e+01
         vertex 6.840635e+01 1.391091e+01 3.278139e+01
         vertex 6.840635e+01 1.509819e+01 3.330439e+01
      endloop
   endfacet
   facet normal 1.000000e+00 0.000000e+00 0.000000e+00
      outer loop
         vertex 6.840635e+01 1.104975e+01 3.380615e+01
         vertex 6.840635e+01 1.509819e+01 3.330439e+01
         vertex 6.840635e+01 1.633900e+01 3.368330e+01
      endloop
   endfacet
   facet normal 1.000000e+00 0.000000e+00 -0.000000e+00
      outer loop
         vertex 6.840635e+01 7.363843e+00 3.623040e+01
         vertex 6.840635e+01 7.985143e+00 3.637765e+01
         vertex 6.840635e+01 2.286000e+00 3.760135e+01
      endloop
   endfacet
   facet normal 1.000000e+00 0.000000e+00 0.000000e+00
      outer loop
         vertex 6.840635e+01 2.286000e+00 3.760135e+01
         vertex 6.840635e+01 7.985143e+00 3.637765e+01
         vertex 6.840635e+01 8.623654e+00 3.637765e+01
      endloop
   endfacet
   facet normal 1.000000e+00 -0.000000e+00 0.000000e+00
      outer loop
         vertex 6.840635e+01 2.286000e+00 3.760135e+01
         vertex 6.840635e+01 8.623654e+00 3.637765e+01
         vertex 6.840635e+01 1.891100e+01 3.760135e+01
      endloop
   endfacet
   facet normal 1.000000e+00 0.000000e+00 0.000000e+00
      outer loop
         vertex 6.840635e+01 1.891100e+01 3.760135e+01
         vertex 6.840635e+01 8.623654e+00 3.637765e+01
         vertex 6.840635e+01 9.244954e+00 3.623040e+01
      endloop
   endfacet
   facet normal 1.000000e+00 0.000000e+00 0.000000e+00
      outer loop
         vertex 6.840635e+01 1.891100e+01 3.760135e+01
         vertex 6.840635e+01 9.244954e+00 3.623040e+01
         vertex 6.840635e+01 9.815548e+00 3.594384e+01
      endloop
   endfacet
   facet normal 1.000000e+00 0.000000e+00 0.000000e+00
      outer loop
         vertex 6.840635e+01 3.172344e+01 3.200406e+01
         vertex 6.840635e+01 3.128527e+01 3.153963e+01
         vertex 6.840635e+01 3.753600e+01 2.303965e+01
      endloop
   endfacet
   facet normal 1.000000e+00 0.000000e+00 0.000000e+00
      outer loop
         vertex 6.840635e+01 3.753600e+01 3.560135e+01
         vertex 6.840635e+01 3.746785e+01 3.611899e+01
         vertex 6.840635e+01 3.215207e+01 3.443496e+01
      endloop
   endfacet
   facet normal 1.000000e+00 0.000000e+00 0.000000e+00
      outer loop
         vertex 6.840635e+01 3.215207e+01 3.443496e+01
         vertex 6.840635e+01 3.746785e+01 3.611899e+01
         vertex 6.840635e+01 3.726805e+01 3.660135e+01
      endloop
   endfacet
   facet normal 1.000000e+00 0.000000e+00 -0.000000e+00
      outer loop
         vertex 6.840635e+01 2.688313e+01 3.443496e+01
         vertex 6.840635e+01 2.713603e+01 3.502125e+01
         vertex 6.840635e+01 1.891100e+01 3.760135e+01
      endloop
   endfacet
   facet normal 1.000000e+00 0.000000e+00 0.000000e+00
      outer loop
         vertex 6.840635e+01 1.891100e+01 3.760135e+01
         vertex 6.840635e+01 2.713603e+01 3.502125e+01
         vertex 6.840635e+01 2.751732e+01 3.553341e+01
      endloop
   endfacet
   facet normal 1.000000e+00 0.000000e+00 0.000000e+00
      outer loop
         vertex 6.840635e+01 1.891100e+01 3.760135e+01
         vertex 6.840635e+01 2.751732e+01 3.553341e+01
         vertex 6.840635e+01 2.800645e+01 3.594384e+01
      endloop
   endfacet
   facet normal 1.000000e+00 -0.000000e+00 0.000000e+00
      outer loop
         vertex 6.840635e+01 3.045816e+01 3.623040e+01
         vertex 6.840635e+01 3.102875e+01 3.594384e+01
         vertex 6.840635e+01 3.553600e+01 3.760135e+01
      endloop
   endfacet
   facet normal 1.000000e+00 0.000000e+00 0.000000e+00
      outer loop
         vertex 6.840635e+01 3.553600e+01 3.760135e+01
         vertex 6.840635e+01 3.102875e+01 3.594384e+01
         vertex 6.840635e+01 3.151788e+01 3.553341e+01
      endloop
   endfacet
   facet normal 1.000000e+00 0.000000e+00 0.000000e+00
      outer loop
         vertex 6.840635e+01 3.553600e+01 3.760135e+01
         vertex 6.840635e+01 3.151788e+01 3.553341e+01
         vertex 6.840635e+01 3.605364e+01 3.753320e+01
      endloop
   endfacet
   facet normal 1.000000e+00 0.000000e+00 0.000000e+00
      outer loop
         vertex 6.840635e+01 3.605364e+01 3.753320e+01
         vertex 6.840635e+01 3.151788e+01 3.553341e+01
         vertex 6.840635e+01 3.189917e+01 3.502125e+01
      endloop
   endfacet
   facet normal 1.000000e+00 0.000000e+00 0.000000e+00
      outer loop
         vertex 6.840635e+01 3.605364e+01 3.753320e+01
         vertex 6.840635e+01 3.189917e+01 3.502125e+01
         vertex 6.840635e+01 3.653600e+01 3.733340e+01
      endloop
   endfacet
   facet normal 1.000000e+00 0.000000e+00 0.000000e+00
      outer loop
         vertex 6.840635e+01 3.653600e+01 3.733340e+01
         vertex 6.840635e+01 3.189917e+01 3.502125e+01
         vertex 6.840635e+01 3.215207e+01 3.443496e+01
      endloop
   endfacet
   facet normal 1.000000e+00 0.000000e+00 0.000000e+00
      outer loop
         vertex 6.840635e+01 3.653600e+01 3.733340e+01
         vertex 6.840635e+01 3.215207e+01 3.443496e+01
         vertex 6.840635e+01 3.695021e+01 3.701556e+01
      endloop
   endfacet
   facet normal 1.000000e+00 0.000000e+00 0.000000e+00
      outer loop
         vertex 6.840635e+01 3.695021e+01 3.701556e+01
         vertex 6.840635e+01 3.215207e+01 3.443496e+01
         vertex 6.840635e+01 3.726805e+01 3.660135e+01
      endloop
   endfacet
   facet normal 1.000000e+00 -0.000000e+00 0.000000e+00
      outer loop
         vertex 6.840635e+01 3.215207e+01 3.443496e+01
         vertex 6.840635e+01 3.226295e+01 3.380615e+01
         vertex 6.840635e+01 3.753600e+01 3.560135e+01
      endloop
   endfacet
   facet normal 1.000000e+00 0.000000e+00 0.000000e+00
      outer loop
         vertex 6.840635e+01 3.753600e+01 3.560135e+01
         vertex 6.840635e+01 3.226295e+01 3.380615e+01
         vertex 6.840635e+01 3.222582e+01 3.316872e+01
      endloop
   endfacet
   facet normal 1.000000e+00 0.000000e+00 0.000000e+00
      outer loop
         vertex 6.840635e+01 3.753600e+01 3.560135e+01
         vertex 6.840635e+01 3.222582e+01 3.316872e+01
         vertex 6.840635e+01 3.753600e+01 2.303965e+01
      endloop
   endfacet
   facet normal 1.000000e+00 0.000000e+00 0.000000e+00
      outer loop
         vertex 6.840635e+01 3.753600e+01 2.303965e+01
         vertex 6.840635e+01 3.222582e+01 3.316872e+01
         vertex 6.840635e+01 3.204270e+01 3.255703e+01
      endloop
   endfacet
   facet normal 1.000000e+00 0.000000e+00 0.000000e+00
      outer loop
         vertex 6.840635e+01 3.753600e+01 2.303965e+01
         vertex 6.840635e+01 3.204270e+01 3.255703e+01
         vertex 6.840635e+01 3.172344e+01 3.200406e+01
      endloop
   endfacet
   facet normal 1.000000e+00 -0.000000e+00 0.000000e+00
      outer loop
         vertex 6.840635e+01 3.015180e+01 3.097038e+01
         vertex 6.840635e+01 2.984657e+01 2.303965e+01
         vertex 6.840635e+01 3.075180e+01 3.118876e+01
      endloop
   endfacet
   facet normal 1.000000e+00 0.000000e+00 0.000000e+00
      outer loop
         vertex 6.840635e+01 2.688313e+01 3.443496e+01
         vertex 6.840635e+01 1.891100e+01 3.760135e+01
         vertex 6.840635e+01 2.677225e+01 3.380615e+01
      endloop
   endfacet
   facet normal 1.000000e+00 0.000000e+00 0.000000e+00
      outer loop
         vertex 6.840635e+01 2.677225e+01 3.380615e+01
         vertex 6.840635e+01 1.891100e+01 3.760135e+01
         vertex 6.840635e+01 1.891100e+01 3.398965e+01
      endloop
   endfacet
   facet normal 1.000000e+00 0.000000e+00 0.000000e+00
      outer loop
         vertex 6.840635e+01 2.677225e+01 3.380615e+01
         vertex 6.840635e+01 1.891100e+01 3.398965e+01
         vertex 6.840635e+01 2.020609e+01 3.391279e+01
      endloop
   endfacet
   facet normal 1.000000e+00 -0.000000e+00 0.000000e+00
      outer loop
         vertex 6.840635e+01 2.951760e+01 3.089625e+01
         vertex 6.840635e+01 2.947376e+01 2.592593e+01
         vertex 6.840635e+01 3.015180e+01 3.097038e+01
      endloop
   endfacet
   facet normal 1.000000e+00 0.000000e+00 0.000000e+00
      outer loop
         vertex 6.840635e+01 3.015180e+01 3.097038e+01
         vertex 6.840635e+01 2.947376e+01 2.592593e+01
         vertex 6.840635e+01 2.974099e+01 2.465638e+01
      endloop
   endfacet
   facet normal 1.000000e+00 0.000000e+00 0.000000e+00
      outer loop
         vertex 6.840635e+01 3.015180e+01 3.097038e+01
         vertex 6.840635e+01 2.974099e+01 2.465638e+01
         vertex 6.840635e+01 2.985619e+01 2.336413e+01
      endloop
   endfacet
   facet normal 1.000000e+00 0.000000e+00 -0.000000e+00
      outer loop
         vertex 6.840635e+01 2.800645e+01 3.594384e+01
         vertex 6.840635e+01 2.857705e+01 3.623040e+01
         vertex 6.840635e+01 1.891100e+01 3.760135e+01
      endloop
   endfacet
   facet normal 1.000000e+00 0.000000e+00 0.000000e+00
      outer loop
         vertex 6.840635e+01 1.891100e+01 3.760135e+01
         vertex 6.840635e+01 2.857705e+01 3.623040e+01
         vertex 6.840635e+01 2.919835e+01 3.637765e+01
      endloop
   endfacet
   facet normal 1.000000e+00 -0.000000e+00 0.000000e+00
      outer loop
         vertex 6.840635e+01 1.891100e+01 3.760135e+01
         vertex 6.840635e+01 2.919835e+01 3.637765e+01
         vertex 6.840635e+01 3.553600e+01 3.760135e+01
      endloop
   endfacet
   facet normal 1.000000e+00 0.000000e+00 0.000000e+00
      outer loop
         vertex 6.840635e+01 3.553600e+01 3.760135e+01
         vertex 6.840635e+01 2.919835e+01 3.637765e+01
         vertex 6.840635e+01 2.983686e+01 3.637765e+01
      endloop
   endfacet
   facet normal 1.000000e+00 0.000000e+00 0.000000e+00
      outer loop
         vertex 6.840635e+01 3.553600e+01 3.760135e+01
         vertex 6.840635e+01 2.983686e+01 3.637765e+01
         vertex 6.840635e+01 3.045816e+01 3.623040e+01
      endloop
   endfacet
   facet normal 1.000000e+00 0.000000e+00 0.000000e+00
      outer loop
         vertex 6.840635e+01 2.020609e+01 3.391279e+01
         vertex 6.840635e+01 2.148300e+01 3.368330e+01
         vertex 6.840635e+01 2.677225e+01 3.380615e+01
      endloop
   endfacet
   facet normal 1.000000e+00 0.000000e+00 0.000000e+00
      outer loop
         vertex 6.840635e+01 2.677225e+01 3.380615e+01
         vertex 6.840635e+01 2.148300e+01 3.368330e+01
         vertex 6.840635e+01 2.272381e+01 3.330439e+01
      endloop
   endfacet
   facet normal 1.000000e+00 0.000000e+00 0.000000e+00
      outer loop
         vertex 6.840635e+01 2.677225e+01 3.380615e+01
         vertex 6.840635e+01 2.272381e+01 3.330439e+01
         vertex 6.840635e+01 2.680938e+01 3.316872e+01
      endloop
   endfacet
   facet normal 1.000000e+00 0.000000e+00 0.000000e+00
      outer loop
         vertex 6.840635e+01 2.680938e+01 3.316872e+01
         vertex 6.840635e+01 2.272381e+01 3.330439e+01
         vertex 6.840635e+01 2.391109e+01 3.278139e+01
      endloop
   endfacet
   facet normal 1.000000e+00 0.000000e+00 0.000000e+00
      outer loop
         vertex 6.840635e+01 2.680938e+01 3.316872e+01
         vertex 6.840635e+01 2.391109e+01 3.278139e+01
         vertex 6.840635e+01 2.699251e+01 3.255703e+01
      endloop
   endfacet
   facet normal 1.000000e+00 0.000000e+00 0.000000e+00
      outer loop
         vertex 6.840635e+01 2.699251e+01 3.255703e+01
         vertex 6.840635e+01 2.391109e+01 3.278139e+01
         vertex 6.840635e+01 2.502818e+01 3.212164e+01
      endloop
   endfacet
   facet normal 1.000000e+00 0.000000e+00 0.000000e+00
      outer loop
         vertex 6.840635e+01 2.699251e+01 3.255703e+01
         vertex 6.840635e+01 2.502818e+01 3.212164e+01
         vertex 6.840635e+01 2.731176e+01 3.200406e+01
      endloop
   endfacet
   facet normal 1.000000e+00 0.000000e+00 0.000000e+00
      outer loop
         vertex 6.840635e+01 2.731176e+01 3.200406e+01
         vertex 6.840635e+01 2.502818e+01 3.212164e+01
         vertex 6.840635e+01 2.605940e+01 3.133439e+01
      endloop
   endfacet
   facet normal 1.000000e+00 0.000000e+00 0.000000e+00
      outer loop
         vertex 6.840635e+01 2.731176e+01 3.200406e+01
         vertex 6.840635e+01 2.605940e+01 3.133439e+01
         vertex 6.840635e+01 2.774994e+01 3.153963e+01
      endloop
   endfacet
   facet normal 1.000000e+00 0.000000e+00 0.000000e+00
      outer loop
         vertex 6.840635e+01 2.774994e+01 3.153963e+01
         vertex 6.840635e+01 2.605940e+01 3.133439e+01
         vertex 6.840635e+01 2.699027e+01 3.043071e+01
      endloop
   endfacet
   facet normal 1.000000e+00 0.000000e+00 0.000000e+00
      outer loop
         vertex 6.840635e+01 2.774994e+01 3.153963e+01
         vertex 6.840635e+01 2.699027e+01 3.043071e+01
         vertex 6.840635e+01 2.828340e+01 3.118876e+01
      endloop
   endfacet
   facet normal 1.000000e+00 0.000000e+00 0.000000e+00
      outer loop
         vertex 6.840635e+01 2.828340e+01 3.118876e+01
         vertex 6.840635e+01 2.699027e+01 3.043071e+01
         vertex 6.840635e+01 2.780773e+01 2.942327e+01
      endloop
   endfacet
   facet normal 1.000000e+00 0.000000e+00 0.000000e+00
      outer loop
         vertex 6.840635e+01 2.828340e+01 3.118876e+01
         vertex 6.840635e+01 2.780773e+01 2.942327e+01
         vertex 6.840635e+01 2.888341e+01 3.097038e+01
      endloop
   endfacet
   facet normal 1.000000e+00 0.000000e+00 0.000000e+00
      outer loop
         vertex 6.840635e+01 2.888341e+01 3.097038e+01
         vertex 6.840635e+01 2.780773e+01 2.942327e+01
         vertex 6.840635e+01 2.850030e+01 2.832622e+01
      endloop
   endfacet
   facet normal 1.000000e+00 0.000000e+00 0.000000e+00
      outer loop
         vertex 6.840635e+01 2.888341e+01 3.097038e+01
         vertex 6.840635e+01 2.850030e+01 2.832622e+01
         vertex 6.840635e+01 2.951760e+01 3.089625e+01
      endloop
   endfacet
   facet normal 1.000000e+00 0.000000e+00 0.000000e+00
      outer loop
         vertex 6.840635e+01 2.951760e+01 3.089625e+01
         vertex 6.840635e+01 2.850030e+01 2.832622e+01
         vertex 6.840635e+01 2.905825e+01 2.715496e+01
      endloop
   endfacet
   facet normal 1.000000e+00 0.000000e+00 0.000000e+00
      outer loop
         vertex 6.840635e+01 2.951760e+01 3.089625e+01
         vertex 6.840635e+01 2.905825e+01 2.715496e+01
         vertex 6.840635e+01 2.947376e+01 2.592593e+01
      endloop
   endfacet
   facet normal 1.000000e+00 0.000000e+00 0.000000e+00
      outer loop
         vertex 6.840635e+01 1.891100e+01 8.477942e+00
         vertex 6.840635e+01 2.828340e+01 9.975555e+00
         vertex 6.840635e+01 2.774994e+01 1.032642e+01
      endloop
   endfacet
   facet normal 1.000000e+00 -0.000000e+00 -0.000000e+00
      outer loop
         vertex 6.840635e+01 3.215207e+01 1.322175e+01
         vertex 6.840635e+01 3.753600e+01 1.047794e+01
         vertex 6.840635e+01 3.189917e+01 1.380804e+01
      endloop
   endfacet
   facet normal 1.000000e+00 -0.000000e+00 0.000000e+00
      outer loop
         vertex 6.840635e+01 3.189917e+01 1.380804e+01
         vertex 6.840635e+01 3.753600e+01 1.047794e+01
         vertex 6.840635e+01 3.753600e+01 2.303965e+01
      endloop
   endfacet
   facet normal 1.000000e+00 0.000000e+00 -0.000000e+00
      outer loop
         vertex 6.840635e+01 3.189917e+01 1.380804e+01
         vertex 6.840635e+01 3.753600e+01 2.303965e+01
         vertex 6.840635e+01 3.151788e+01 1.432021e+01
      endloop
   endfacet
   facet normal 1.000000e+00 -0.000000e+00 0.000000e+00
      outer loop
         vertex 6.840635e+01 2.983686e+01 1.516445e+01
         vertex 6.840635e+01 3.045816e+01 1.501720e+01
         vertex 6.840635e+01 3.753600e+01 2.303965e+01
      endloop
   endfacet
   facet normal 1.000000e+00 0.000000e+00 0.000000e+00
      outer loop
         vertex 6.840635e+01 3.753600e+01 2.303965e+01
         vertex 6.840635e+01 3.045816e+01 1.501720e+01
         vertex 6.840635e+01 3.102875e+01 1.473064e+01
      endloop
   endfacet
   facet normal 1.000000e+00 0.000000e+00 0.000000e+00
      outer loop
         vertex 6.840635e+01 3.753600e+01 2.303965e+01
         vertex 6.840635e+01 3.102875e+01 1.473064e+01
         vertex 6.840635e+01 3.151788e+01 1.432021e+01
      endloop
   endfacet
   facet normal 1.000000e+00 0.000000e+00 0.000000e+00
      outer loop
         vertex 6.840635e+01 3.215207e+01 1.322175e+01
         vertex 6.840635e+01 3.226295e+01 1.259294e+01
         vertex 6.840635e+01 3.753600e+01 1.047794e+01
      endloop
   endfacet
   facet normal 1.000000e+00 0.000000e+00 0.000000e+00
      outer loop
         vertex 6.840635e+01 3.753600e+01 1.047794e+01
         vertex 6.840635e+01 3.226295e+01 1.259294e+01
         vertex 6.840635e+01 3.222582e+01 1.195551e+01
      endloop
   endfacet
   facet normal 1.000000e+00 0.000000e+00 0.000000e+00
      outer loop
         vertex 6.840635e+01 3.753600e+01 1.047794e+01
         vertex 6.840635e+01 3.222582e+01 1.195551e+01
         vertex 6.840635e+01 3.746785e+01 9.960304e+00
      endloop
   endfacet
   facet normal 1.000000e+00 0.000000e+00 0.000000e+00
      outer loop
         vertex 6.840635e+01 3.553600e+01 8.477942e+00
         vertex 6.840635e+01 3.128527e+01 1.032642e+01
         vertex 6.840635e+01 3.075180e+01 9.975555e+00
      endloop
   endfacet
   facet normal 1.000000e+00 0.000000e+00 0.000000e+00
      outer loop
         vertex 6.840635e+01 3.075180e+01 9.975555e+00
         vertex 6.840635e+01 3.015180e+01 9.757171e+00
         vertex 6.840635e+01 3.553600e+01 8.477942e+00
      endloop
   endfacet
   facet normal 1.000000e+00 0.000000e+00 0.000000e+00
      outer loop
         vertex 6.840635e+01 3.553600e+01 8.477942e+00
         vertex 6.840635e+01 3.015180e+01 9.757171e+00
         vertex 6.840635e+01 2.951760e+01 9.683045e+00
      endloop
   endfacet
   facet normal 1.000000e+00 0.000000e+00 0.000000e+00
      outer loop
         vertex 6.840635e+01 3.553600e+01 8.477942e+00
         vertex 6.840635e+01 2.951760e+01 9.683045e+00
         vertex 6.840635e+01 1.891100e+01 8.477942e+00
      endloop
   endfacet
   facet normal 1.000000e+00 0.000000e+00 0.000000e+00
      outer loop
         vertex 6.840635e+01 1.891100e+01 8.477942e+00
         vertex 6.840635e+01 2.951760e+01 9.683045e+00
         vertex 6.840635e+01 2.888341e+01 9.757171e+00
      endloop
   endfacet
   facet normal 1.000000e+00 0.000000e+00 0.000000e+00
      outer loop
         vertex 6.840635e+01 1.891100e+01 8.477942e+00
         vertex 6.840635e+01 2.888341e+01 9.757171e+00
         vertex 6.840635e+01 2.828340e+01 9.975555e+00
      endloop
   endfacet
   facet normal 1.000000e+00 0.000000e+00 0.000000e+00
      outer loop
         vertex 6.840635e+01 3.605364e+01 8.546091e+00
         vertex 6.840635e+01 3.204270e+01 1.134383e+01
         vertex 6.840635e+01 3.553600e+01 8.477942e+00
      endloop
   endfacet
   facet normal 1.000000e+00 0.000000e+00 0.000000e+00
      outer loop
         vertex 6.840635e+01 3.553600e+01 8.477942e+00
         vertex 6.840635e+01 3.204270e+01 1.134383e+01
         vertex 6.840635e+01 3.172344e+01 1.079086e+01
      endloop
   endfacet
   facet normal 1.000000e+00 0.000000e+00 0.000000e+00
      outer loop
         vertex 6.840635e+01 3.553600e+01 8.477942e+00
         vertex 6.840635e+01 3.172344e+01 1.079086e+01
         vertex 6.840635e+01 3.128527e+01 1.032642e+01
      endloop
   endfacet
   facet normal 1.000000e+00 0.000000e+00 -0.000000e+00
      outer loop
         vertex 6.840635e+01 3.605364e+01 8.546091e+00
         vertex 6.840635e+01 3.653600e+01 8.745892e+00
         vertex 6.840635e+01 3.204270e+01 1.134383e+01
      endloop
   endfacet
   facet normal 1.000000e+00 0.000000e+00 0.000000e+00
      outer loop
         vertex 6.840635e+01 3.204270e+01 1.134383e+01
         vertex 6.840635e+01 3.653600e+01 8.745892e+00
         vertex 6.840635e+01 3.695021e+01 9.063729e+00
      endloop
   endfacet
   facet normal 1.000000e+00 -0.000000e+00 0.000000e+00
      outer loop
         vertex 6.840635e+01 3.204270e+01 1.134383e+01
         vertex 6.840635e+01 3.695021e+01 9.063729e+00
         vertex 6.840635e+01 3.222582e+01 1.195551e+01
      endloop
   endfacet
   facet normal 1.000000e+00 0.000000e+00 0.000000e+00
      outer loop
         vertex 6.840635e+01 3.222582e+01 1.195551e+01
         vertex 6.840635e+01 3.695021e+01 9.063729e+00
         vertex 6.840635e+01 3.726805e+01 9.477942e+00
      endloop
   endfacet
   facet normal 1.000000e+00 0.000000e+00 0.000000e+00
      outer loop
         vertex 6.840635e+01 3.222582e+01 1.195551e+01
         vertex 6.840635e+01 3.726805e+01 9.477942e+00
         vertex 6.840635e+01 3.746785e+01 9.960304e+00
      endloop
   endfacet
   facet normal 1.000000e+00 -0.000000e+00 0.000000e+00
      outer loop
         vertex 6.840635e+01 2.084795e+01 1.226232e+01
         vertex 6.840635e+01 2.680938e+01 1.195551e+01
         vertex 6.840635e+01 2.210902e+01 1.256706e+01
      endloop
   endfacet
   facet normal 1.000000e+00 -0.000000e+00 0.000000e+00
      outer loop
         vertex 6.840635e+01 2.210902e+01 1.256706e+01
         vertex 6.840635e+01 2.680938e+01 1.195551e+01
         vertex 6.840635e+01 2.677225e+01 1.259294e+01
      endloop
   endfacet
   facet normal 1.000000e+00 0.000000e+00 0.000000e+00
      outer loop
         vertex 6.840635e+01 2.210902e+01 1.256706e+01
         vertex 6.840635e+01 2.677225e+01 1.259294e+01
         vertex 6.840635e+01 2.332520e+01 1.301880e+01
      endloop
   endfacet
   facet normal 1.000000e+00 0.000000e+00 0.000000e+00
      outer loop
         vertex 6.840635e+01 2.774994e+01 1.032642e+01
         vertex 6.840635e+01 2.731176e+01 1.079086e+01
         vertex 6.840635e+01 1.891100e+01 8.477942e+00
      endloop
   endfacet
   facet normal 1.000000e+00 0.000000e+00 0.000000e+00
      outer loop
         vertex 6.840635e+01 1.891100e+01 8.477942e+00
         vertex 6.840635e+01 2.731176e+01 1.079086e+01
         vertex 6.840635e+01 2.699251e+01 1.134383e+01
      endloop
   endfacet
   facet normal 1.000000e+00 0.000000e+00 0.000000e+00
      outer loop
         vertex 6.840635e+01 1.891100e+01 8.477942e+00
         vertex 6.840635e+01 2.699251e+01 1.134383e+01
         vertex 6.840635e+01 1.891100e+01 1.208965e+01
      endloop
   endfacet
   facet normal 1.000000e+00 0.000000e+00 0.000000e+00
      outer loop
         vertex 6.840635e+01 1.891100e+01 1.208965e+01
         vertex 6.840635e+01 2.699251e+01 1.134383e+01
         vertex 6.840635e+01 2.680938e+01 1.195551e+01
      endloop
   endfacet
   facet normal 1.000000e+00 -0.000000e+00 0.000000e+00
      outer loop
         vertex 6.840635e+01 1.891100e+01 1.208965e+01
         vertex 6.840635e+01 2.680938e+01 1.195551e+01
         vertex 6.840635e+01 1.955968e+01 1.210888e+01
      endloop
   endfacet
   facet normal 1.000000e+00 -0.000000e+00 0.000000e+00
      outer loop
         vertex 6.840635e+01 1.955968e+01 1.210888e+01
         vertex 6.840635e+01 2.680938e+01 1.195551e+01
         vertex 6.840635e+01 2.084795e+01 1.226232e+01
      endloop
   endfacet
   facet normal 1.000000e+00 -0.000000e+00 0.000000e+00
      outer loop
         vertex 6.840635e+01 2.332520e+01 1.301880e+01
         vertex 6.840635e+01 2.677225e+01 1.259294e+01
         vertex 6.840635e+01 2.447942e+01 1.361122e+01
      endloop
   endfacet
   facet normal 1.000000e+00 0.000000e+00 0.000000e+00
      outer loop
         vertex 6.840635e+01 2.447942e+01 1.361122e+01
         vertex 6.840635e+01 2.677225e+01 1.259294e+01
         vertex 6.840635e+01 2.688313e+01 1.322175e+01
      endloop
   endfacet
   facet normal 1.000000e+00 -0.000000e+00 0.000000e+00
      outer loop
         vertex 6.840635e+01 2.447942e+01 1.361122e+01
         vertex 6.840635e+01 2.688313e+01 1.322175e+01
         vertex 6.840635e+01 2.555546e+01 1.433599e+01
      endloop
   endfacet
   facet normal 1.000000e+00 0.000000e+00 0.000000e+00
      outer loop
         vertex 6.840635e+01 2.555546e+01 1.433599e+01
         vertex 6.840635e+01 2.688313e+01 1.322175e+01
         vertex 6.840635e+01 2.713603e+01 1.380804e+01
      endloop
   endfacet
   facet normal 1.000000e+00 -0.000000e+00 0.000000e+00
      outer loop
         vertex 6.840635e+01 2.555546e+01 1.433599e+01
         vertex 6.840635e+01 2.713603e+01 1.380804e+01
         vertex 6.840635e+01 2.653823e+01 1.518294e+01
      endloop
   endfacet
   facet normal 1.000000e+00 0.000000e+00 0.000000e+00
      outer loop
         vertex 6.840635e+01 2.653823e+01 1.518294e+01
         vertex 6.840635e+01 2.713603e+01 1.380804e+01
         vertex 6.840635e+01 2.751732e+01 1.432021e+01
      endloop
   endfacet
   facet normal 1.000000e+00 -0.000000e+00 0.000000e+00
      outer loop
         vertex 6.840635e+01 2.653823e+01 1.518294e+01
         vertex 6.840635e+01 2.751732e+01 1.432021e+01
         vertex 6.840635e+01 2.741394e+01 1.614018e+01
      endloop
   endfacet
   facet normal 1.000000e+00 0.000000e+00 0.000000e+00
      outer loop
         vertex 6.840635e+01 2.741394e+01 1.614018e+01
         vertex 6.840635e+01 2.751732e+01 1.432021e+01
         vertex 6.840635e+01 2.800645e+01 1.473064e+01
      endloop
   endfacet
   facet normal 1.000000e+00 -0.000000e+00 0.000000e+00
      outer loop
         vertex 6.840635e+01 2.741394e+01 1.614018e+01
         vertex 6.840635e+01 2.800645e+01 1.473064e+01
         vertex 6.840635e+01 2.817028e+01 1.719428e+01
      endloop
   endfacet
   facet normal 1.000000e+00 0.000000e+00 0.000000e+00
      outer loop
         vertex 6.840635e+01 2.817028e+01 1.719428e+01
         vertex 6.840635e+01 2.800645e+01 1.473064e+01
         vertex 6.840635e+01 2.857705e+01 1.501720e+01
      endloop
   endfacet
   facet normal 1.000000e+00 -0.000000e+00 0.000000e+00
      outer loop
         vertex 6.840635e+01 2.817028e+01 1.719428e+01
         vertex 6.840635e+01 2.857705e+01 1.501720e+01
         vertex 6.840635e+01 2.879664e+01 1.833043e+01
      endloop
   endfacet
   facet normal 1.000000e+00 0.000000e+00 0.000000e+00
      outer loop
         vertex 6.840635e+01 2.879664e+01 1.833043e+01
         vertex 6.840635e+01 2.857705e+01 1.501720e+01
         vertex 6.840635e+01 2.919835e+01 1.516445e+01
      endloop
   endfacet
   facet normal 1.000000e+00 -0.000000e+00 0.000000e+00
      outer loop
         vertex 6.840635e+01 2.879664e+01 1.833043e+01
         vertex 6.840635e+01 2.919835e+01 1.516445e+01
         vertex 6.840635e+01 2.928422e+01 1.953269e+01
      endloop
   endfacet
   facet normal 1.000000e+00 0.000000e+00 0.000000e+00
      outer loop
         vertex 6.840635e+01 2.928422e+01 1.953269e+01
         vertex 6.840635e+01 2.919835e+01 1.516445e+01
         vertex 6.840635e+01 2.983686e+01 1.516445e+01
      endloop
   endfacet
   facet normal 1.000000e+00 -0.000000e+00 0.000000e+00
      outer loop
         vertex 6.840635e+01 2.928422e+01 1.953269e+01
         vertex 6.840635e+01 2.983686e+01 1.516445e+01
         vertex 6.840635e+01 2.962619e+01 2.078418e+01
      endloop
   endfacet
   facet normal 1.000000e+00 0.000000e+00 0.000000e+00
      outer loop
         vertex 6.840635e+01 3.128527e+01 3.153963e+01
         vertex 6.840635e+01 3.075180e+01 3.118876e+01
         vertex 6.840635e+01 3.753600e+01 2.303965e+01
      endloop
   endfacet
   facet normal 1.000000e+00 0.000000e+00 0.000000e+00
      outer loop
         vertex 6.840635e+01 3.753600e+01 2.303965e+01
         vertex 6.840635e+01 3.075180e+01 3.118876e+01
         vertex 6.840635e+01 2.984657e+01 2.303965e+01
      endloop
   endfacet
   facet normal 1.000000e+00 0.000000e+00 0.000000e+00
      outer loop
         vertex 6.840635e+01 3.753600e+01 2.303965e+01
         vertex 6.840635e+01 2.984657e+01 2.303965e+01
         vertex 6.840635e+01 2.983686e+01 1.516445e+01
      endloop
   endfacet
   facet normal 1.000000e+00 0.000000e+00 -0.000000e+00
      outer loop
         vertex 6.840635e+01 2.983686e+01 1.516445e+01
         vertex 6.840635e+01 2.984657e+01 2.303965e+01
         vertex 6.840635e+01 2.981775e+01 2.206733e+01
      endloop
   endfacet
   facet normal 1.000000e+00 0.000000e+00 0.000000e+00
      outer loop
         vertex 6.840635e+01 2.983686e+01 1.516445e+01
         vertex 6.840635e+01 2.981775e+01 2.206733e+01
         vertex 6.840635e+01 2.962619e+01 2.078418e+01
      endloop
   endfacet
   facet normal 0.000000e+00 0.000000e+00 -1.000000e+00
      outer loop
         vertex 6.840635e+01 2.286000e+00 8.477942e+00
         vertex 6.340635e+01 2.286000e+00 8.477942e+00
         vertex 6.340635e+01 7.732699e+00 8.477942e+00
      endloop
   endfacet
   facet normal 0.000000e+00 0.000000e+00 -1.000000e+00
      outer loop
         vertex 6.840635e+01 2.286000e+00 8.477942e+00
         vertex 6.340635e+01 7.732699e+00 8.477942e+00
         vertex 6.840635e+01 1.891100e+01 8.477942e+00
      endloop
   endfacet
   facet normal 0.000000e+00 0.000000e+00 -1.000000e+00
      outer loop
         vertex 6.840635e+01 1.891100e+01 8.477942e+00
         vertex 6.340635e+01 7.732699e+00 8.477942e+00
         vertex 6.340635e+01 1.198270e+01 8.477942e+00
      endloop
   endfacet
   facet normal 0.000000e+00 0.000000e+00 -1.000000e+00
      outer loop
         vertex 6.840635e+01 1.891100e+01 8.477942e+00
         vertex 6.340635e+01 1.198270e+01 8.477942e+00
         vertex 6.340635e+01 1.516100e+01 8.477942e+00
      endloop
   endfacet
   facet normal 0.000000e+00 0.000000e+00 -1.000000e+00
      outer loop
         vertex 6.340635e+01 3.553600e+01 8.477942e+00
         vertex 6.840635e+01 3.553600e+01 8.477942e+00
         vertex 6.340635e+01 2.583930e+01 8.477942e+00
      endloop
   endfacet
   facet normal 0.000000e+00 0.000000e+00 -1.000000e+00
      outer loop
         vertex 6.340635e+01 2.583930e+01 8.477942e+00
         vertex 6.840635e+01 3.553600e+01 8.477942e+00
         vertex 6.840635e+01 1.891100e+01 8.477942e+00
      endloop
   endfacet
   facet normal 0.000000e+00 0.000000e+00 -1.000000e+00
      outer loop
         vertex 6.340635e+01 2.583930e+01 8.477942e+00
         vertex 6.840635e+01 1.891100e+01 8.477942e+00
         vertex 6.340635e+01 2.266100e+01 8.477942e+00
      endloop
   endfacet
   facet normal 0.000000e+00 0.000000e+00 -1.000000e+00
      outer loop
         vertex 6.340635e+01 2.266100e+01 8.477942e+00
         vertex 6.840635e+01 1.891100e+01 8.477942e+00
         vertex 6.340635e+01 1.516100e+01 8.477942e+00
      endloop
   endfacet
   facet normal 0.000000e+00 1.305266e-01 -9.914448e-01
      outer loop
         vertex 6.840635e+01 3.553600e+01 8.477942e+00
         vertex 6.340635e+01 3.553600e+01 8.477942e+00
         vertex 6.340635e+01 3.605364e+01 8.546091e+00
      endloop
   endfacet
   facet normal 0.000000e+00 1.305266e-01 -9.914448e-01
      outer loop
         vertex 6.840635e+01 3.553600e+01 8.477942e+00
         vertex 6.340635e+01 3.605364e+01 8.546091e+00
         vertex 6.840635e+01 3.605364e+01 8.546091e+00
      endloop
   endfacet
   facet normal 0.000000e+00 3.826843e-01 -9.238792e-01
      outer loop
         vertex 6.840635e+01 3.605364e+01 8.546091e+00
         vertex 6.340635e+01 3.605364e+01 8.546091e+00
         vertex 6.340635e+01 3.653600e+01 8.745892e+00
      endloop
   endfacet
   facet normal 0.000000e+00 3.826843e-01 -9.238792e-01
      outer loop
         vertex 6.840635e+01 3.605364e+01 8.546091e+00
         vertex 6.340635e+01 3.653600e+01 8.745892e+00
         vertex 6.840635e+01 3.653600e+01 8.745892e+00
      endloop
   endfacet
   facet normal 0.000000e+00 6.087616e-01 -7.933532e-01
      outer loop
         vertex 6.840635e+01 3.653600e+01 8.745892e+00
         vertex 6.340635e+01 3.653600e+01 8.745892e+00
         vertex 6.340635e+01 3.695021e+01 9.063729e+00
      endloop
   endfacet
   facet normal 0.000000e+00 6.087616e-01 -7.933532e-01
      outer loop
         vertex 6.840635e+01 3.653600e+01 8.745892e+00
         vertex 6.340635e+01 3.695021e+01 9.063729e+00
         vertex 6.840635e+01 3.695021e+01 9.063729e+00
      endloop
   endfacet
   facet normal 0.000000e+00 7.933523e-01 -6.087628e-01
      outer loop
         vertex 6.840635e+01 3.695021e+01 9.063729e+00
         vertex 6.340635e+01 3.695021e+01 9.063729e+00
         vertex 6.340635e+01 3.726805e+01 9.477942e+00
      endloop
   endfacet
   facet normal 0.000000e+00 7.933523e-01 -6.087628e-01
      outer loop
         vertex 6.840635e+01 3.695021e+01 9.063729e+00
         vertex 6.340635e+01 3.726805e+01 9.477942e+00
         vertex 6.840635e+01 3.726805e+01 9.477942e+00
      endloop
   endfacet
   facet normal 0.000000e+00 9.238798e-01 -3.826827e-01
      outer loop
         vertex 6.840635e+01 3.726805e+01 9.477942e+00
         vertex 6.340635e+01 3.726805e+01 9.477942e+00
         vertex 6.340635e+01 3.746785e+01 9.960304e+00
      endloop
   endfacet
   facet normal 0.000000e+00 9.238798e-01 -3.826827e-01
      outer loop
         vertex 6.840635e+01 3.726805e+01 9.477942e+00
         vertex 6.340635e+01 3.746785e+01 9.960304e+00
         vertex 6.840635e+01 3.746785e+01 9.960304e+00
      endloop
   endfacet
   facet normal 0.000000e+00 9.914448e-01 -1.305266e-01
      outer loop
         vertex 6.840635e+01 3.746785e+01 9.960304e+00
         vertex 6.340635e+01 3.746785e+01 9.960304e+00
         vertex 6.340635e+01 3.753600e+01 1.047794e+01
      endloop
   endfacet
   facet normal 0.000000e+00 9.914448e-01 -1.305266e-01
      outer loop
         vertex 6.840635e+01 3.746785e+01 9.960304e+00
         vertex 6.340635e+01 3.753600e+01 1.047794e+01
         vertex 6.840635e+01 3.753600e+01 1.047794e+01
      endloop
   endfacet
   facet normal 0.000000e+00 1.000000e+00 0.000000e+00
      outer loop
         vertex 6.340635e+01 3.753600e+01 3.421795e+01
         vertex 6.340635e+01 3.753600e+01 3.560135e+01
         vertex 6.840635e+01 3.753600e+01 3.560135e+01
      endloop
   endfacet
   facet normal 0.000000e+00 1.000000e+00 0.000000e+00
      outer loop
         vertex 6.840635e+01 3.753600e+01 1.047794e+01
         vertex 6.340635e+01 3.753600e+01 1.047794e+01
         vertex 6.340635e+01 3.753600e+01 1.611135e+01
      endloop
   endfacet
   facet normal 0.000000e+00 1.000000e+00 -0.000000e+00
      outer loop
         vertex 6.840635e+01 3.753600e+01 1.047794e+01
         vertex 6.340635e+01 3.753600e+01 1.611135e+01
         vertex 6.840635e+01 3.753600e+01 2.303965e+01
      endloop
   endfacet
   facet normal 0.000000e+00 1.000000e+00 0.000000e+00
      outer loop
         vertex 6.340635e+01 3.753600e+01 1.611135e+01
         vertex 6.340635e+01 3.753600e+01 1.928965e+01
         vertex 6.840635e+01 3.753600e+01 2.303965e+01
      endloop
   endfacet
   facet normal 0.000000e+00 1.000000e+00 0.000000e+00
      outer loop
         vertex 6.840635e+01 3.753600e+01 2.303965e+01
         vertex 6.340635e+01 3.753600e+01 1.928965e+01
         vertex 6.340635e+01 3.753600e+01 2.678965e+01
      endloop
   endfacet
   facet normal 0.000000e+00 1.000000e+00 -0.000000e+00
      outer loop
         vertex 6.840635e+01 3.753600e+01 2.303965e+01
         vertex 6.340635e+01 3.753600e+01 2.678965e+01
         vertex 6.840635e+01 3.753600e+01 3.560135e+01
      endloop
   endfacet
   facet normal 0.000000e+00 1.000000e+00 0.000000e+00
      outer loop
         vertex 6.840635e+01 3.753600e+01 3.560135e+01
         vertex 6.340635e+01 3.753600e+01 2.678965e+01
         vertex 6.340635e+01 3.753600e+01 2.996795e+01
      endloop
   endfacet
   facet normal 0.000000e+00 1.000000e+00 0.000000e+00
      outer loop
         vertex 6.840635e+01 3.753600e+01 3.560135e+01
         vertex 6.340635e+01 3.753600e+01 2.996795e+01
         vertex 6.340635e+01 3.753600e+01 3.421795e+01
      endloop
   endfacet
   facet normal 0.000000e+00 9.914448e-01 1.305266e-01
      outer loop
         vertex 6.840635e+01 3.753600e+01 3.560135e+01
         vertex 6.340635e+01 3.753600e+01 3.560135e+01
         vertex 6.340635e+01 3.746785e+01 3.611899e+01
      endloop
   endfacet
   facet normal 0.000000e+00 9.914448e-01 1.305266e-01
      outer loop
         vertex 6.840635e+01 3.753600e+01 3.560135e+01
         vertex 6.340635e+01 3.746785e+01 3.611899e+01
         vertex 6.840635e+01 3.746785e+01 3.611899e+01
      endloop
   endfacet
   facet normal 0.000000e+00 9.238798e-01 3.826827e-01
      outer loop
         vertex 6.840635e+01 3.746785e+01 3.611899e+01
         vertex 6.340635e+01 3.746785e+01 3.611899e+01
         vertex 6.340635e+01 3.726805e+01 3.660135e+01
      endloop
   endfacet
   facet normal 0.000000e+00 9.238798e-01 3.826827e-01
      outer loop
         vertex 6.840635e+01 3.746785e+01 3.611899e+01
         vertex 6.340635e+01 3.726805e+01 3.660135e+01
         vertex 6.840635e+01 3.726805e+01 3.660135e+01
      endloop
   endfacet
   facet normal 0.000000e+00 7.933523e-01 6.087628e-01
      outer loop
         vertex 6.840635e+01 3.726805e+01 3.660135e+01
         vertex 6.340635e+01 3.726805e+01 3.660135e+01
         vertex 6.340635e+01 3.695021e+01 3.701556e+01
      endloop
   endfacet
   facet normal 0.000000e+00 7.933523e-01 6.087628e-01
      outer loop
         vertex 6.840635e+01 3.726805e+01 3.660135e+01
         vertex 6.340635e+01 3.695021e+01 3.701556e+01
         vertex 6.840635e+01 3.695021e+01 3.701556e+01
      endloop
   endfacet
   facet normal 0.000000e+00 6.087616e-01 7.933532e-01
      outer loop
         vertex 6.840635e+01 3.695021e+01 3.701556e+01
         vertex 6.340635e+01 3.695021e+01 3.701556e+01
         vertex 6.340635e+01 3.653600e+01 3.733340e+01
      endloop
   endfacet
   facet normal 0.000000e+00 6.087616e-01 7.933532e-01
      outer loop
         vertex 6.840635e+01 3.695021e+01 3.701556e+01
         vertex 6.340635e+01 3.653600e+01 3.733340e+01
         vertex 6.840635e+01 3.653600e+01 3.733340e+01
      endloop
   endfacet
   facet normal 0.000000e+00 3.826843e-01 9.238792e-01
      outer loop
         vertex 6.840635e+01 3.653600e+01 3.733340e+01
         vertex 6.340635e+01 3.653600e+01 3.733340e+01
         vertex 6.340635e+01 3.605364e+01 3.753320e+01
      endloop
   endfacet
   facet normal 0.000000e+00 3.826843e-01 9.238792e-01
      outer loop
         vertex 6.840635e+01 3.653600e+01 3.733340e+01
         vertex 6.340635e+01 3.605364e+01 3.753320e+01
         vertex 6.840635e+01 3.605364e+01 3.753320e+01
      endloop
   endfacet
   facet normal 0.000000e+00 1.305266e-01 9.914448e-01
      outer loop
         vertex 6.840635e+01 3.605364e+01 3.753320e+01
         vertex 6.340635e+01 3.605364e+01 3.753320e+01
         vertex 6.340635e+01 3.553600e+01 3.760135e+01
      endloop
   endfacet
   facet normal 0.000000e+00 1.305266e-01 9.914448e-01
      outer loop
         vertex 6.840635e+01 3.605364e+01 3.753320e+01
         vertex 6.340635e+01 3.553600e+01 3.760135e+01
         vertex 6.840635e+01 3.553600e+01 3.760135e+01
      endloop
   endfacet
   facet normal 0.000000e+00 0.000000e+00 1.000000e+00
      outer loop
         vertex 6.840635e+01 3.553600e+01 3.760135e+01
         vertex 6.340635e+01 3.553600e+01 3.760135e+01
         vertex 6.840635e+01 1.891100e+01 3.760135e+01
      endloop
   endfacet
   facet normal 0.000000e+00 0.000000e+00 1.000000e+00
      outer loop
         vertex 6.840635e+01 1.891100e+01 3.760135e+01
         vertex 6.340635e+01 3.553600e+01 3.760135e+01
         vertex 6.340635e+01 2.583930e+01 3.760135e+01
      endloop
   endfacet
   facet normal 0.000000e+00 0.000000e+00 1.000000e+00
      outer loop
         vertex 6.840635e+01 1.891100e+01 3.760135e+01
         vertex 6.340635e+01 2.583930e+01 3.760135e+01
         vertex 6.340635e+01 2.266100e+01 3.760135e+01
      endloop
   endfacet
   facet normal 0.000000e+00 0.000000e+00 1.000000e+00
      outer loop
         vertex 6.340635e+01 2.266100e+01 3.760135e+01
         vertex 6.340635e+01 1.516100e+01 3.760135e+01
         vertex 6.840635e+01 1.891100e+01 3.760135e+01
      endloop
   endfacet
   facet normal 0.000000e+00 0.000000e+00 1.000000e+00
      outer loop
         vertex 6.840635e+01 1.891100e+01 3.760135e+01
         vertex 6.340635e+01 1.516100e+01 3.760135e+01
         vertex 6.340635e+01 1.198270e+01 3.760135e+01
      endloop
   endfacet
   facet normal 0.000000e+00 0.000000e+00 1.000000e+00
      outer loop
         vertex 6.840635e+01 1.891100e+01 3.760135e+01
         vertex 6.340635e+01 1.198270e+01 3.760135e+01
         vertex 6.840635e+01 2.286000e+00 3.760135e+01
      endloop
   endfacet
   facet normal 0.000000e+00 0.000000e+00 1.000000e+00
      outer loop
         vertex 6.840635e+01 2.286000e+00 3.760135e+01
         vertex 6.340635e+01 1.198270e+01 3.760135e+01
         vertex 6.340635e+01 7.732699e+00 3.760135e+01
      endloop
   endfacet
   facet normal 0.000000e+00 0.000000e+00 1.000000e+00
      outer loop
         vertex 6.840635e+01 2.286000e+00 3.760135e+01
         vertex 6.340635e+01 7.732699e+00 3.760135e+01
         vertex 6.340635e+01 2.286000e+00 3.760135e+01
      endloop
   endfacet
   facet normal 0.000000e+00 -1.305266e-01 9.914448e-01
      outer loop
         vertex 6.840635e+01 2.286000e+00 3.760135e+01
         vertex 6.340635e+01 2.286000e+00 3.760135e+01
         vertex 6.340635e+01 1.768362e+00 3.753320e+01
      endloop
   endfacet
   facet normal 0.000000e+00 -1.305266e-01 9.914448e-01
      outer loop
         vertex 6.840635e+01 2.286000e+00 3.760135e+01
         vertex 6.340635e+01 1.768362e+00 3.753320e+01
         vertex 6.840635e+01 1.768362e+00 3.753320e+01
      endloop
   endfacet
   facet normal 0.000000e+00 -3.826843e-01 9.238792e-01
      outer loop
         vertex 6.840635e+01 1.768362e+00 3.753320e+01
         vertex 6.340635e+01 1.768362e+00 3.753320e+01
         vertex 6.340635e+01 1.286000e+00 3.733340e+01
      endloop
   endfacet
   facet normal 0.000000e+00 -3.826843e-01 9.238792e-01
      outer loop
         vertex 6.840635e+01 1.768362e+00 3.753320e+01
         vertex 6.340635e+01 1.286000e+00 3.733340e+01
         vertex 6.840635e+01 1.286000e+00 3.733340e+01
      endloop
   endfacet
   facet normal 0.000000e+00 -6.087616e-01 7.933532e-01
      outer loop
         vertex 6.840635e+01 1.286000e+00 3.733340e+01
         vertex 6.340635e+01 1.286000e+00 3.733340e+01
         vertex 6.340635e+01 8.717868e-01 3.701556e+01
      endloop
   endfacet
   facet normal 0.000000e+00 -6.087616e-01 7.933532e-01
      outer loop
         vertex 6.840635e+01 1.286000e+00 3.733340e+01
         vertex 6.340635e+01 8.717868e-01 3.701556e+01
         vertex 6.840635e+01 8.717868e-01 3.701556e+01
      endloop
   endfacet
   facet normal 0.000000e+00 -7.933523e-01 6.087628e-01
      outer loop
         vertex 6.840635e+01 8.717868e-01 3.701556e+01
         vertex 6.340635e+01 8.717868e-01 3.701556e+01
         vertex 6.340635e+01 5.539488e-01 3.660135e+01
      endloop
   endfacet
   facet normal 0.000000e+00 -7.933523e-01 6.087628e-01
      outer loop
         vertex 6.840635e+01 8.717868e-01 3.701556e+01
         vertex 6.340635e+01 5.539488e-01 3.660135e+01
         vertex 6.840635e+01 5.539488e-01 3.660135e+01
      endloop
   endfacet
   facet normal 0.000000e+00 -9.238798e-01 3.826827e-01
      outer loop
         vertex 6.840635e+01 5.539488e-01 3.660135e+01
         vertex 6.340635e+01 5.539488e-01 3.660135e+01
         vertex 6.340635e+01 3.541484e-01 3.611899e+01
      endloop
   endfacet
   facet normal 0.000000e+00 -9.238798e-01 3.826827e-01
      outer loop
         vertex 6.840635e+01 5.539488e-01 3.660135e+01
         vertex 6.340635e+01 3.541484e-01 3.611899e+01
         vertex 6.840635e+01 3.541484e-01 3.611899e+01
      endloop
   endfacet
   facet normal 0.000000e+00 -9.914448e-01 1.305266e-01
      outer loop
         vertex 6.840635e+01 3.541484e-01 3.611899e+01
         vertex 6.340635e+01 3.541484e-01 3.611899e+01
         vertex 6.340635e+01 2.859998e-01 3.560135e+01
      endloop
   endfacet
   facet normal 0.000000e+00 -9.914448e-01 1.305266e-01
      outer loop
         vertex 6.840635e+01 3.541484e-01 3.611899e+01
         vertex 6.340635e+01 2.859998e-01 3.560135e+01
         vertex 6.840635e+01 2.859998e-01 3.560135e+01
      endloop
   endfacet
   facet normal 0.000000e+00 -1.000000e+00 0.000000e+00
      outer loop
         vertex 6.340635e+01 2.859998e-01 3.560135e+01
         vertex 6.340635e+01 2.859998e-01 3.421795e+01
         vertex 6.840635e+01 2.859998e-01 3.560135e+01
      endloop
   endfacet
   facet normal 0.000000e+00 -1.000000e+00 0.000000e+00
      outer loop
         vertex 6.840635e+01 2.859998e-01 3.560135e+01
         vertex 6.340635e+01 2.859998e-01 3.421795e+01
         vertex 6.340635e+01 2.859998e-01 2.996795e+01
      endloop
   endfacet
   facet normal 0.000000e+00 -1.000000e+00 -0.000000e+00
      outer loop
         vertex 6.840635e+01 2.859998e-01 3.560135e+01
         vertex 6.340635e+01 2.859998e-01 2.996795e+01
         vertex 6.840635e+01 2.859998e-01 2.303965e+01
      endloop
   endfacet
   facet normal 0.000000e+00 -1.000000e+00 0.000000e+00
      outer loop
         vertex 6.340635e+01 2.859998e-01 2.996795e+01
         vertex 6.340635e+01 2.859998e-01 2.678965e+01
         vertex 6.840635e+01 2.859998e-01 2.303965e+01
      endloop
   endfacet
   facet normal -0.000000e+00 -1.000000e+00 0.000000e+00
      outer loop
         vertex 6.840635e+01 2.859998e-01 2.303965e+01
         vertex 6.340635e+01 2.859998e-01 2.678965e+01
         vertex 6.340635e+01 2.859998e-01 1.928965e+01
      endloop
   endfacet
   facet normal 0.000000e+00 -1.000000e+00 -0.000000e+00
      outer loop
         vertex 6.840635e+01 2.859998e-01 2.303965e+01
         vertex 6.340635e+01 2.859998e-01 1.928965e+01
         vertex 6.840635e+01 2.859998e-01 1.047794e+01
      endloop
   endfacet
   facet normal 0.000000e+00 -1.000000e+00 0.000000e+00
      outer loop
         vertex 6.840635e+01 2.859998e-01 1.047794e+01
         vertex 6.340635e+01 2.859998e-01 1.928965e+01
         vertex 6.340635e+01 2.859998e-01 1.611135e+01
      endloop
   endfacet
   facet normal 0.000000e+00 -1.000000e+00 0.000000e+00
      outer loop
         vertex 6.840635e+01 2.859998e-01 1.047794e+01
         vertex 6.340635e+01 2.859998e-01 1.611135e+01
         vertex 6.340635e+01 2.859998e-01 1.047794e+01
      endloop
   endfacet
   facet normal -0.000000e+00 -9.914448e-01 -1.305266e-01
      outer loop
         vertex 6.840635e+01 2.859998e-01 1.047794e+01
         vertex 6.340635e+01 2.859998e-01 1.047794e+01
         vertex 6.340635e+01 3.541484e-01 9.960304e+00
      endloop
   endfacet
   facet normal 0.000000e+00 -9.914448e-01 -1.305266e-01
      outer loop
         vertex 6.840635e+01 2.859998e-01 1.047794e+01
         vertex 6.340635e+01 3.541484e-01 9.960304e+00
         vertex 6.840635e+01 3.541484e-01 9.960304e+00
      endloop
   endfacet
   facet normal -0.000000e+00 -9.238798e-01 -3.826827e-01
      outer loop
         vertex 6.840635e+01 3.541484e-01 9.960304e+00
         vertex 6.340635e+01 3.541484e-01 9.960304e+00
         vertex 6.340635e+01 5.539488e-01 9.477942e+00
      endloop
   endfacet
   facet normal 0.000000e+00 -9.238798e-01 -3.826827e-01
      outer loop
         vertex 6.840635e+01 3.541484e-01 9.960304e+00
         vertex 6.340635e+01 5.539488e-01 9.477942e+00
         vertex 6.840635e+01 5.539488e-01 9.477942e+00
      endloop
   endfacet
   facet normal -0.000000e+00 -7.933523e-01 -6.087628e-01
      outer loop
         vertex 6.840635e+01 5.539488e-01 9.477942e+00
         vertex 6.340635e+01 5.539488e-01 9.477942e+00
         vertex 6.340635e+01 8.717868e-01 9.063729e+00
      endloop
   endfacet
   facet normal 0.000000e+00 -7.933523e-01 -6.087628e-01
      outer loop
         vertex 6.840635e+01 5.539488e-01 9.477942e+00
         vertex 6.340635e+01 8.717868e-01 9.063729e+00
         vertex 6.840635e+01 8.717868e-01 9.063729e+00
      endloop
   endfacet
   facet normal -0.000000e+00 -6.087616e-01 -7.933532e-01
      outer loop
         vertex 6.840635e+01 8.717868e-01 9.063729e+00
         vertex 6.340635e+01 8.717868e-01 9.063729e+00
         vertex 6.340635e+01 1.286000e+00 8.745892e+00
      endloop
   endfacet
   facet normal 0.000000e+00 -6.087616e-01 -7.933532e-01
      outer loop
         vertex 6.840635e+01 8.717868e-01 9.063729e+00
         vertex 6.340635e+01 1.286000e+00 8.745892e+00
         vertex 6.840635e+01 1.286000e+00 8.745892e+00
      endloop
   endfacet
   facet normal -0.000000e+00 -3.826843e-01 -9.238792e-01
      outer loop
         vertex 6.840635e+01 1.286000e+00 8.745892e+00
         vertex 6.340635e+01 1.286000e+00 8.745892e+00
         vertex 6.340635e+01 1.768362e+00 8.546091e+00
      endloop
   endfacet
   facet normal 0.000000e+00 -3.826843e-01 -9.238792e-01
      outer loop
         vertex 6.840635e+01 1.286000e+00 8.745892e+00
         vertex 6.340635e+01 1.768362e+00 8.546091e+00
         vertex 6.840635e+01 1.768362e+00 8.546091e+00
      endloop
   endfacet
   facet normal -0.000000e+00 -1.305266e-01 -9.914448e-01
      outer loop
         vertex 6.840635e+01 1.768362e+00 8.546091e+00
         vertex 6.340635e+01 1.768362e+00 8.546091e+00
         vertex 6.340635e+01 2.286000e+00 8.477942e+00
      endloop
   endfacet
   facet normal 0.000000e+00 -1.305266e-01 -9.914448e-01
      outer loop
         vertex 6.840635e+01 1.768362e+00 8.546091e+00
         vertex 6.340635e+01 2.286000e+00 8.477942e+00
         vertex 6.840635e+01 2.286000e+00 8.477942e+00
      endloop
   endfacet
   facet normal -1.000000e+00 0.000000e+00 0.000000e+00
      outer loop
         vertex 6.340635e+01 1.198270e+01 2.996795e+01
         vertex 6.340635e+01 1.198270e+01 3.421795e+01
         vertex 6.340635e+01 1.516100e+01 3.421795e+01
      endloop
   endfacet
   facet normal -1.000000e+00 0.000000e+00 0.000000e+00
      outer loop
         vertex 6.340635e+01 7.732699e+00 2.678965e+01
         vertex 6.340635e+01 7.732699e+00 2.996795e+01
         vertex 6.340635e+01 1.198270e+01 2.996795e+01
      endloop
   endfacet
   facet normal -1.000000e+00 0.000000e+00 0.000000e+00
      outer loop
         vertex 6.340635e+01 2.161922e+01 1.601718e+01
         vertex 6.340635e+01 2.159103e+01 1.611135e+01
         vertex 6.340635e+01 2.266100e+01 1.611135e+01
      endloop
   endfacet
   facet normal -1.000000e+00 0.000000e+00 0.000000e+00
      outer loop
         vertex 6.340635e+01 2.821856e+01 3.439625e+01
         vertex 6.340635e+01 2.814471e+01 3.421795e+01
         vertex 6.340635e+01 2.583930e+01 3.421795e+01
      endloop
   endfacet
   facet normal -1.000000e+00 0.000000e+00 0.000000e+00
      outer loop
         vertex 6.340635e+01 2.583930e+01 3.421795e+01
         vertex 6.340635e+01 2.814471e+01 3.421795e+01
         vertex 6.340635e+01 2.806871e+01 3.403448e+01
      endloop
   endfacet
   facet normal -1.000000e+00 0.000000e+00 0.000000e+00
      outer loop
         vertex 6.340635e+01 2.951760e+01 3.214625e+01
         vertex 6.340635e+01 2.990583e+01 3.219736e+01
         vertex 6.340635e+01 3.753600e+01 2.996795e+01
      endloop
   endfacet
   facet normal -1.000000e+00 0.000000e+00 0.000000e+00
      outer loop
         vertex 6.340635e+01 3.753600e+01 2.996795e+01
         vertex 6.340635e+01 2.990583e+01 3.219736e+01
         vertex 6.340635e+01 3.026760e+01 3.234721e+01
      endloop
   endfacet
   facet normal -1.000000e+00 0.000000e+00 0.000000e+00
      outer loop
         vertex 6.340635e+01 3.753600e+01 2.996795e+01
         vertex 6.340635e+01 3.026760e+01 3.234721e+01
         vertex 6.340635e+01 3.057826e+01 3.258559e+01
      endloop
   endfacet
   facet normal -1.000000e+00 0.000000e+00 0.000000e+00
      outer loop
         vertex 6.340635e+01 3.057826e+01 3.258559e+01
         vertex 6.340635e+01 3.081664e+01 3.289625e+01
         vertex 6.340635e+01 3.753600e+01 2.996795e+01
      endloop
   endfacet
   facet normal -1.000000e+00 0.000000e+00 0.000000e+00
      outer loop
         vertex 6.340635e+01 3.753600e+01 2.996795e+01
         vertex 6.340635e+01 3.081664e+01 3.289625e+01
         vertex 6.340635e+01 3.096649e+01 3.325802e+01
      endloop
   endfacet
   facet normal -1.000000e+00 0.000000e+00 0.000000e+00
      outer loop
         vertex 6.340635e+01 3.753600e+01 2.996795e+01
         vertex 6.340635e+01 3.096649e+01 3.325802e+01
         vertex 6.340635e+01 3.753600e+01 3.421795e+01
      endloop
   endfacet
   facet normal -1.000000e+00 0.000000e+00 0.000000e+00
      outer loop
         vertex 6.340635e+01 3.753600e+01 3.421795e+01
         vertex 6.340635e+01 3.096649e+01 3.325802e+01
         vertex 6.340635e+01 3.101760e+01 3.364625e+01
      endloop
   endfacet
   facet normal -1.000000e+00 0.000000e+00 -0.000000e+00
      outer loop
         vertex 6.340635e+01 2.845694e+01 3.258559e+01
         vertex 6.340635e+01 2.876760e+01 3.234721e+01
         vertex 6.340635e+01 2.583930e+01 2.996795e+01
      endloop
   endfacet
   facet normal -1.000000e+00 0.000000e+00 0.000000e+00
      outer loop
         vertex 6.340635e+01 2.583930e+01 2.996795e+01
         vertex 6.340635e+01 2.876760e+01 3.234721e+01
         vertex 6.340635e+01 2.912937e+01 3.219736e+01
      endloop
   endfacet
   facet normal -1.000000e+00 -0.000000e+00 0.000000e+00
      outer loop
         vertex 6.340635e+01 2.806871e+01 3.403448e+01
         vertex 6.340635e+01 2.801760e+01 3.364625e+01
         vertex 6.340635e+01 2.583930e+01 3.421795e+01
      endloop
   endfacet
   facet normal -1.000000e+00 0.000000e+00 0.000000e+00
      outer loop
         vertex 6.340635e+01 2.583930e+01 3.421795e+01
         vertex 6.340635e+01 2.801760e+01 3.364625e+01
         vertex 6.340635e+01 2.806871e+01 3.325802e+01
      endloop
   endfacet
   facet normal -1.000000e+00 0.000000e+00 0.000000e+00
      outer loop
         vertex 6.340635e+01 2.583930e+01 3.421795e+01
         vertex 6.340635e+01 2.806871e+01 3.325802e+01
         vertex 6.340635e+01 2.583930e+01 2.996795e+01
      endloop
   endfacet
   facet normal -1.000000e+00 0.000000e+00 0.000000e+00
      outer loop
         vertex 6.340635e+01 2.583930e+01 2.996795e+01
         vertex 6.340635e+01 2.806871e+01 3.325802e+01
         vertex 6.340635e+01 2.821856e+01 3.289625e+01
      endloop
   endfacet
   facet normal -1.000000e+00 0.000000e+00 0.000000e+00
      outer loop
         vertex 6.340635e+01 2.583930e+01 2.996795e+01
         vertex 6.340635e+01 2.821856e+01 3.289625e+01
         vertex 6.340635e+01 2.845694e+01 3.258559e+01
      endloop
   endfacet
   facet normal -1.000000e+00 -0.000000e+00 0.000000e+00
      outer loop
         vertex 6.340635e+01 2.912937e+01 3.509514e+01
         vertex 6.340635e+01 2.876760e+01 3.494529e+01
         vertex 6.340635e+01 2.583930e+01 3.760135e+01
      endloop
   endfacet
   facet normal -1.000000e+00 0.000000e+00 0.000000e+00
      outer loop
         vertex 6.340635e+01 2.583930e+01 3.760135e+01
         vertex 6.340635e+01 2.876760e+01 3.494529e+01
         vertex 6.340635e+01 2.845694e+01 3.470691e+01
      endloop
   endfacet
   facet normal -1.000000e+00 0.000000e+00 0.000000e+00
      outer loop
         vertex 6.340635e+01 2.583930e+01 3.760135e+01
         vertex 6.340635e+01 2.845694e+01 3.470691e+01
         vertex 6.340635e+01 2.821856e+01 3.439625e+01
      endloop
   endfacet
   facet normal -1.000000e+00 -0.000000e+00 0.000000e+00
      outer loop
         vertex 6.340635e+01 3.605364e+01 3.753320e+01
         vertex 6.340635e+01 3.081664e+01 3.439625e+01
         vertex 6.340635e+01 3.553600e+01 3.760135e+01
      endloop
   endfacet
   facet normal -1.000000e+00 0.000000e+00 0.000000e+00
      outer loop
         vertex 6.340635e+01 3.553600e+01 3.760135e+01
         vertex 6.340635e+01 3.081664e+01 3.439625e+01
         vertex 6.340635e+01 3.057826e+01 3.470691e+01
      endloop
   endfacet
   facet normal -1.000000e+00 0.000000e+00 -0.000000e+00
      outer loop
         vertex 6.340635e+01 3.605364e+01 3.753320e+01
         vertex 6.340635e+01 3.653600e+01 3.733340e+01
         vertex 6.340635e+01 3.081664e+01 3.439625e+01
      endloop
   endfacet
   facet normal -1.000000e+00 0.000000e+00 0.000000e+00
      outer loop
         vertex 6.340635e+01 3.081664e+01 3.439625e+01
         vertex 6.340635e+01 3.653600e+01 3.733340e+01
         vertex 6.340635e+01 3.695021e+01 3.701556e+01
      endloop
   endfacet
   facet normal -1.000000e+00 0.000000e+00 0.000000e+00
      outer loop
         vertex 6.340635e+01 3.081664e+01 3.439625e+01
         vertex 6.340635e+01 3.695021e+01 3.701556e+01
         vertex 6.340635e+01 3.726805e+01 3.660135e+01
      endloop
   endfacet
   facet normal -1.000000e+00 0.000000e+00 0.000000e+00
      outer loop
         vertex 6.340635e+01 3.101760e+01 3.364625e+01
         vertex 6.340635e+01 3.096649e+01 3.403448e+01
         vertex 6.340635e+01 3.753600e+01 3.421795e+01
      endloop
   endfacet
   facet normal -1.000000e+00 -0.000000e+00 0.000000e+00
      outer loop
         vertex 6.340635e+01 3.753600e+01 3.421795e+01
         vertex 6.340635e+01 3.096649e+01 3.403448e+01
         vertex 6.340635e+01 3.089049e+01 3.421795e+01
      endloop
   endfacet
   facet normal -1.000000e+00 0.000000e+00 0.000000e+00
      outer loop
         vertex 6.340635e+01 3.753600e+01 3.421795e+01
         vertex 6.340635e+01 3.089049e+01 3.421795e+01
         vertex 6.340635e+01 3.753600e+01 3.560135e+01
      endloop
   endfacet
   facet normal -1.000000e+00 0.000000e+00 0.000000e+00
      outer loop
         vertex 6.340635e+01 3.753600e+01 3.560135e+01
         vertex 6.340635e+01 3.089049e+01 3.421795e+01
         vertex 6.340635e+01 3.081664e+01 3.439625e+01
      endloop
   endfacet
   facet normal -1.000000e+00 -0.000000e+00 0.000000e+00
      outer loop
         vertex 6.340635e+01 3.753600e+01 3.560135e+01
         vertex 6.340635e+01 3.081664e+01 3.439625e+01
         vertex 6.340635e+01 3.746785e+01 3.611899e+01
      endloop
   endfacet
   facet normal -1.000000e+00 -0.000000e+00 0.000000e+00
      outer loop
         vertex 6.340635e+01 3.746785e+01 3.611899e+01
         vertex 6.340635e+01 3.081664e+01 3.439625e+01
         vertex 6.340635e+01 3.726805e+01 3.660135e+01
      endloop
   endfacet
   facet normal -1.000000e+00 0.000000e+00 0.000000e+00
      outer loop
         vertex 6.340635e+01 3.057826e+01 3.470691e+01
         vertex 6.340635e+01 3.026760e+01 3.494529e+01
         vertex 6.340635e+01 3.553600e+01 3.760135e+01
      endloop
   endfacet
   facet normal -1.000000e+00 0.000000e+00 0.000000e+00
      outer loop
         vertex 6.340635e+01 3.553600e+01 3.760135e+01
         vertex 6.340635e+01 3.026760e+01 3.494529e+01
         vertex 6.340635e+01 2.990583e+01 3.509514e+01
      endloop
   endfacet
   facet normal -1.000000e+00 -0.000000e+00 0.000000e+00
      outer loop
         vertex 6.340635e+01 3.553600e+01 3.760135e+01
         vertex 6.340635e+01 2.990583e+01 3.509514e+01
         vertex 6.340635e+01 2.583930e+01 3.760135e+01
      endloop
   endfacet
   facet normal -1.000000e+00 0.000000e+00 0.000000e+00
      outer loop
         vertex 6.340635e+01 2.583930e+01 3.760135e+01
         vertex 6.340635e+01 2.990583e+01 3.509514e+01
         vertex 6.340635e+01 2.951760e+01 3.514625e+01
      endloop
   endfacet
   facet normal -1.000000e+00 0.000000e+00 0.000000e+00
      outer loop
         vertex 6.340635e+01 2.583930e+01 3.760135e+01
         vertex 6.340635e+01 2.951760e+01 3.514625e+01
         vertex 6.340635e+01 2.912937e+01 3.509514e+01
      endloop
   endfacet
   facet normal -1.000000e+00 0.000000e+00 0.000000e+00
      outer loop
         vertex 6.340635e+01 7.732699e+00 8.477942e+00
         vertex 6.340635e+01 7.732699e+00 1.106015e+01
         vertex 6.340635e+01 7.916169e+00 1.098416e+01
      endloop
   endfacet
   facet normal -1.000000e+00 0.000000e+00 0.000000e+00
      outer loop
         vertex 6.340635e+01 1.198270e+01 1.611135e+01
         vertex 6.340635e+01 9.365058e+00 1.349370e+01
         vertex 6.340635e+01 9.054398e+00 1.373208e+01
      endloop
   endfacet
   facet normal -1.000000e+00 0.000000e+00 -0.000000e+00
      outer loop
         vertex 6.340635e+01 7.916169e+00 1.098416e+01
         vertex 6.340635e+01 8.304399e+00 1.093304e+01
         vertex 6.340635e+01 7.732699e+00 8.477942e+00
      endloop
   endfacet
   facet normal -1.000000e+00 0.000000e+00 0.000000e+00
      outer loop
         vertex 6.340635e+01 7.732699e+00 8.477942e+00
         vertex 6.340635e+01 8.304399e+00 1.093304e+01
         vertex 6.340635e+01 8.692626e+00 1.098416e+01
      endloop
   endfacet
   facet normal -1.000000e+00 0.000000e+00 0.000000e+00
      outer loop
         vertex 6.340635e+01 7.732699e+00 8.477942e+00
         vertex 6.340635e+01 8.692626e+00 1.098416e+01
         vertex 6.340635e+01 1.198270e+01 8.477942e+00
      endloop
   endfacet
   facet normal -1.000000e+00 0.000000e+00 0.000000e+00
      outer loop
         vertex 6.340635e+01 1.198270e+01 8.477942e+00
         vertex 6.340635e+01 8.692626e+00 1.098416e+01
         vertex 6.340635e+01 9.054398e+00 1.113401e+01
      endloop
   endfacet
   facet normal -1.000000e+00 0.000000e+00 0.000000e+00
      outer loop
         vertex 6.340635e+01 9.054398e+00 1.113401e+01
         vertex 6.340635e+01 9.365058e+00 1.137238e+01
         vertex 6.340635e+01 1.198270e+01 8.477942e+00
      endloop
   endfacet
   facet normal -1.000000e+00 0.000000e+00 0.000000e+00
      outer loop
         vertex 6.340635e+01 1.198270e+01 8.477942e+00
         vertex 6.340635e+01 9.365058e+00 1.137238e+01
         vertex 6.340635e+01 9.603435e+00 1.168304e+01
      endloop
   endfacet
   facet normal -1.000000e+00 0.000000e+00 0.000000e+00
      outer loop
         vertex 6.340635e+01 1.198270e+01 8.477942e+00
         vertex 6.340635e+01 9.603435e+00 1.168304e+01
         vertex 6.340635e+01 9.753287e+00 1.204482e+01
      endloop
   endfacet
   facet normal -1.000000e+00 -0.000000e+00 0.000000e+00
      outer loop
         vertex 6.340635e+01 1.198270e+01 1.611135e+01
         vertex 6.340635e+01 9.054398e+00 1.373208e+01
         vertex 6.340635e+01 7.732699e+00 1.611135e+01
      endloop
   endfacet
   facet normal -1.000000e+00 0.000000e+00 0.000000e+00
      outer loop
         vertex 6.340635e+01 9.054398e+00 1.373208e+01
         vertex 6.340635e+01 8.692626e+00 1.388193e+01
         vertex 6.340635e+01 7.732699e+00 1.611135e+01
      endloop
   endfacet
   facet normal -1.000000e+00 0.000000e+00 0.000000e+00
      outer loop
         vertex 6.340635e+01 7.732699e+00 1.611135e+01
         vertex 6.340635e+01 8.692626e+00 1.388193e+01
         vertex 6.340635e+01 8.304399e+00 1.393304e+01
      endloop
   endfacet
   facet normal -1.000000e+00 0.000000e+00 0.000000e+00
      outer loop
         vertex 6.340635e+01 7.732699e+00 1.611135e+01
         vertex 6.340635e+01 8.304399e+00 1.393304e+01
         vertex 6.340635e+01 7.916169e+00 1.388193e+01
      endloop
   endfacet
   facet normal -1.000000e+00 0.000000e+00 0.000000e+00
      outer loop
         vertex 6.340635e+01 9.804398e+00 1.243304e+01
         vertex 6.340635e+01 9.753287e+00 1.282127e+01
         vertex 6.340635e+01 1.198270e+01 1.611135e+01
      endloop
   endfacet
   facet normal -1.000000e+00 0.000000e+00 0.000000e+00
      outer loop
         vertex 6.340635e+01 1.198270e+01 1.611135e+01
         vertex 6.340635e+01 9.753287e+00 1.282127e+01
         vertex 6.340635e+01 9.603435e+00 1.318304e+01
      endloop
   endfacet
   facet normal -1.000000e+00 0.000000e+00 0.000000e+00
      outer loop
         vertex 6.340635e+01 1.198270e+01 1.611135e+01
         vertex 6.340635e+01 9.603435e+00 1.318304e+01
         vertex 6.340635e+01 9.365058e+00 1.349370e+01
      endloop
   endfacet
   facet normal -1.000000e+00 -0.000000e+00 -0.000000e+00
      outer loop
         vertex 6.340635e+01 7.732699e+00 1.106015e+01
         vertex 6.340635e+01 7.732699e+00 8.477942e+00
         vertex 6.340635e+01 7.554399e+00 1.113401e+01
      endloop
   endfacet
   facet normal -1.000000e+00 0.000000e+00 -0.000000e+00
      outer loop
         vertex 6.340635e+01 7.554399e+00 1.113401e+01
         vertex 6.340635e+01 7.732699e+00 8.477942e+00
         vertex 6.340635e+01 2.286000e+00 8.477942e+00
      endloop
   endfacet
   facet normal -1.000000e+00 -0.000000e+00 0.000000e+00
      outer loop
         vertex 6.340635e+01 7.554399e+00 1.113401e+01
         vertex 6.340635e+01 2.286000e+00 8.477942e+00
         vertex 6.340635e+01 7.243738e+00 1.137238e+01
      endloop
   endfacet
   facet normal -1.000000e+00 0.000000e+00 0.000000e+00
      outer loop
         vertex 6.340635e+01 7.243738e+00 1.349370e+01
         vertex 6.340635e+01 2.859998e-01 1.611135e+01
         vertex 6.340635e+01 7.554399e+00 1.373208e+01
      endloop
   endfacet
   facet normal -1.000000e+00 0.000000e+00 0.000000e+00
      outer loop
         vertex 6.340635e+01 7.554399e+00 1.373208e+01
         vertex 6.340635e+01 2.859998e-01 1.611135e+01
         vertex 6.340635e+01 7.732699e+00 1.611135e+01
      endloop
   endfacet
   facet normal -1.000000e+00 0.000000e+00 0.000000e+00
      outer loop
         vertex 6.340635e+01 7.554399e+00 1.373208e+01
         vertex 6.340635e+01 7.732699e+00 1.611135e+01
         vertex 6.340635e+01 7.732699e+00 1.380594e+01
      endloop
   endfacet
   facet normal -1.000000e+00 0.000000e+00 0.000000e+00
      outer loop
         vertex 6.340635e+01 7.732699e+00 1.380594e+01
         vertex 6.340635e+01 7.732699e+00 1.611135e+01
         vertex 6.340635e+01 7.916169e+00 1.388193e+01
      endloop
   endfacet
   facet normal -1.000000e+00 -0.000000e+00 0.000000e+00
      outer loop
         vertex 6.340635e+01 7.243738e+00 1.349370e+01
         vertex 6.340635e+01 7.005360e+00 1.318304e+01
         vertex 6.340635e+01 2.859998e-01 1.611135e+01
      endloop
   endfacet
   facet normal -1.000000e+00 0.000000e+00 0.000000e+00
      outer loop
         vertex 6.340635e+01 2.859998e-01 1.611135e+01
         vertex 6.340635e+01 7.005360e+00 1.318304e+01
         vertex 6.340635e+01 6.855508e+00 1.282127e+01
      endloop
   endfacet
   facet normal -1.000000e+00 0.000000e+00 0.000000e+00
      outer loop
         vertex 6.340635e+01 2.859998e-01 1.611135e+01
         vertex 6.340635e+01 6.855508e+00 1.282127e+01
         vertex 6.340635e+01 2.859998e-01 1.047794e+01
      endloop
   endfacet
   facet normal -1.000000e+00 0.000000e+00 0.000000e+00
      outer loop
         vertex 6.340635e+01 8.717868e-01 9.063729e+00
         vertex 6.340635e+01 5.539488e-01 9.477942e+00
         vertex 6.340635e+01 6.855508e+00 1.204482e+01
      endloop
   endfacet
   facet normal -1.000000e+00 -0.000000e+00 0.000000e+00
      outer loop
         vertex 6.340635e+01 7.243738e+00 1.137238e+01
         vertex 6.340635e+01 2.286000e+00 8.477942e+00
         vertex 6.340635e+01 7.005360e+00 1.168304e+01
      endloop
   endfacet
   facet normal -1.000000e+00 0.000000e+00 0.000000e+00
      outer loop
         vertex 6.340635e+01 7.005360e+00 1.168304e+01
         vertex 6.340635e+01 2.286000e+00 8.477942e+00
         vertex 6.340635e+01 1.768362e+00 8.546091e+00
      endloop
   endfacet
   facet normal -1.000000e+00 -0.000000e+00 0.000000e+00
      outer loop
         vertex 6.340635e+01 7.005360e+00 1.168304e+01
         vertex 6.340635e+01 1.768362e+00 8.546091e+00
         vertex 6.340635e+01 6.855508e+00 1.204482e+01
      endloop
   endfacet
   facet normal -1.000000e+00 0.000000e+00 0.000000e+00
      outer loop
         vertex 6.340635e+01 6.855508e+00 1.204482e+01
         vertex 6.340635e+01 1.768362e+00 8.546091e+00
         vertex 6.340635e+01 1.286000e+00 8.745892e+00
      endloop
   endfacet
   facet normal -1.000000e+00 0.000000e+00 0.000000e+00
      outer loop
         vertex 6.340635e+01 6.855508e+00 1.204482e+01
         vertex 6.340635e+01 1.286000e+00 8.745892e+00
         vertex 6.340635e+01 8.717868e-01 9.063729e+00
      endloop
   endfacet
   facet normal -1.000000e+00 0.000000e+00 0.000000e+00
      outer loop
         vertex 6.340635e+01 6.855508e+00 1.282127e+01
         vertex 6.340635e+01 6.804397e+00 1.243304e+01
         vertex 6.340635e+01 2.859998e-01 1.047794e+01
      endloop
   endfacet
   facet normal -1.000000e+00 0.000000e+00 0.000000e+00
      outer loop
         vertex 6.340635e+01 2.859998e-01 1.047794e+01
         vertex 6.340635e+01 6.804397e+00 1.243304e+01
         vertex 6.340635e+01 6.855508e+00 1.204482e+01
      endloop
   endfacet
   facet normal -1.000000e+00 0.000000e+00 0.000000e+00
      outer loop
         vertex 6.340635e+01 2.859998e-01 1.047794e+01
         vertex 6.340635e+01 6.855508e+00 1.204482e+01
         vertex 6.340635e+01 3.541484e-01 9.960304e+00
      endloop
   endfacet
   facet normal -1.000000e+00 0.000000e+00 0.000000e+00
      outer loop
         vertex 6.340635e+01 3.541484e-01 9.960304e+00
         vertex 6.340635e+01 6.855508e+00 1.204482e+01
         vertex 6.340635e+01 5.539488e-01 9.477942e+00
      endloop
   endfacet
   facet normal -1.000000e+00 0.000000e+00 0.000000e+00
      outer loop
         vertex 6.340635e+01 2.990583e+01 1.388193e+01
         vertex 6.340635e+01 2.951760e+01 1.393304e+01
         vertex 6.340635e+01 2.583930e+01 1.611135e+01
      endloop
   endfacet
   facet normal -1.000000e+00 0.000000e+00 0.000000e+00
      outer loop
         vertex 6.340635e+01 2.583930e+01 1.611135e+01
         vertex 6.340635e+01 2.951760e+01 1.393304e+01
         vertex 6.340635e+01 2.912937e+01 1.388193e+01
      endloop
   endfacet
   facet normal -1.000000e+00 0.000000e+00 0.000000e+00
      outer loop
         vertex 6.340635e+01 3.096649e+01 1.282127e+01
         vertex 6.340635e+01 3.081664e+01 1.318304e+01
         vertex 6.340635e+01 3.753600e+01 1.611135e+01
      endloop
   endfacet
   facet normal -1.000000e+00 0.000000e+00 0.000000e+00
      outer loop
         vertex 6.340635e+01 3.753600e+01 1.611135e+01
         vertex 6.340635e+01 3.081664e+01 1.318304e+01
         vertex 6.340635e+01 3.057826e+01 1.349370e+01
      endloop
   endfacet
   facet normal -1.000000e+00 0.000000e+00 0.000000e+00
      outer loop
         vertex 6.340635e+01 3.753600e+01 1.611135e+01
         vertex 6.340635e+01 3.057826e+01 1.349370e+01
         vertex 6.340635e+01 3.026760e+01 1.373208e+01
      endloop
   endfacet
   facet normal -1.000000e+00 -0.000000e+00 0.000000e+00
      outer loop
         vertex 6.340635e+01 2.912937e+01 1.388193e+01
         vertex 6.340635e+01 2.876760e+01 1.373208e+01
         vertex 6.340635e+01 2.583930e+01 1.611135e+01
      endloop
   endfacet
   facet normal -1.000000e+00 0.000000e+00 0.000000e+00
      outer loop
         vertex 6.340635e+01 2.583930e+01 1.611135e+01
         vertex 6.340635e+01 2.876760e+01 1.373208e+01
         vertex 6.340635e+01 2.845694e+01 1.349370e+01
      endloop
   endfacet
   facet normal -1.000000e+00 0.000000e+00 0.000000e+00
      outer loop
         vertex 6.340635e+01 2.583930e+01 1.611135e+01
         vertex 6.340635e+01 2.845694e+01 1.349370e+01
         vertex 6.340635e+01 2.821856e+01 1.318304e+01
      endloop
   endfacet
   facet normal -1.000000e+00 0.000000e+00 0.000000e+00
      outer loop
         vertex 6.340635e+01 3.096649e+01 1.282127e+01
         vertex 6.340635e+01 3.753600e+01 1.611135e+01
         vertex 6.340635e+01 3.101760e+01 1.243304e+01
      endloop
   endfacet
   facet normal -1.000000e+00 0.000000e+00 0.000000e+00
      outer loop
         vertex 6.340635e+01 3.101760e+01 1.243304e+01
         vertex 6.340635e+01 3.753600e+01 1.611135e+01
         vertex 6.340635e+01 3.753600e+01 1.047794e+01
      endloop
   endfacet
   facet normal -1.000000e+00 0.000000e+00 -0.000000e+00
      outer loop
         vertex 6.340635e+01 3.101760e+01 1.243304e+01
         vertex 6.340635e+01 3.753600e+01 1.047794e+01
         vertex 6.340635e+01 3.096649e+01 1.204482e+01
      endloop
   endfacet
   facet normal -1.000000e+00 0.000000e+00 0.000000e+00
      outer loop
         vertex 6.340635e+01 3.096649e+01 1.204482e+01
         vertex 6.340635e+01 3.753600e+01 1.047794e+01
         vertex 6.340635e+01 3.746785e+01 9.960304e+00
      endloop
   endfacet
   facet normal -1.000000e+00 0.000000e+00 0.000000e+00
      outer loop
         vertex 6.340635e+01 3.096649e+01 1.204482e+01
         vertex 6.340635e+01 3.746785e+01 9.960304e+00
         vertex 6.340635e+01 3.726805e+01 9.477942e+00
      endloop
   endfacet
   facet normal -1.000000e+00 0.000000e+00 -0.000000e+00
      outer loop
         vertex 6.340635e+01 2.821856e+01 1.168304e+01
         vertex 6.340635e+01 2.845694e+01 1.137238e+01
         vertex 6.340635e+01 2.583930e+01 8.477942e+00
      endloop
   endfacet
   facet normal -1.000000e+00 0.000000e+00 0.000000e+00
      outer loop
         vertex 6.340635e+01 2.583930e+01 8.477942e+00
         vertex 6.340635e+01 2.845694e+01 1.137238e+01
         vertex 6.340635e+01 2.876760e+01 1.113401e+01
      endloop
   endfacet
   facet normal -1.000000e+00 -0.000000e+00 0.000000e+00
      outer loop
         vertex 6.340635e+01 3.726805e+01 9.477942e+00
         vertex 6.340635e+01 3.695021e+01 9.063729e+00
         vertex 6.340635e+01 3.096649e+01 1.204482e+01
      endloop
   endfacet
   facet normal -1.000000e+00 0.000000e+00 0.000000e+00
      outer loop
         vertex 6.340635e+01 3.096649e+01 1.204482e+01
         vertex 6.340635e+01 3.695021e+01 9.063729e+00
         vertex 6.340635e+01 3.653600e+01 8.745892e+00
      endloop
   endfacet
   facet normal -1.000000e+00 0.000000e+00 -0.000000e+00
      outer loop
         vertex 6.340635e+01 3.096649e+01 1.204482e+01
         vertex 6.340635e+01 3.653600e+01 8.745892e+00
         vertex 6.340635e+01 3.081664e+01 1.168304e+01
      endloop
   endfacet
   facet normal -1.000000e+00 0.000000e+00 0.000000e+00
      outer loop
         vertex 6.340635e+01 3.081664e+01 1.168304e+01
         vertex 6.340635e+01 3.653600e+01 8.745892e+00
         vertex 6.340635e+01 3.605364e+01 8.546091e+00
      endloop
   endfacet
   facet normal -1.000000e+00 0.000000e+00 -0.000000e+00
      outer loop
         vertex 6.340635e+01 3.081664e+01 1.168304e+01
         vertex 6.340635e+01 3.605364e+01 8.546091e+00
         vertex 6.340635e+01 3.057826e+01 1.137238e+01
      endloop
   endfacet
   facet normal -1.000000e+00 0.000000e+00 0.000000e+00
      outer loop
         vertex 6.340635e+01 3.057826e+01 1.137238e+01
         vertex 6.340635e+01 3.605364e+01 8.546091e+00
         vertex 6.340635e+01 3.553600e+01 8.477942e+00
      endloop
   endfacet
   facet normal -1.000000e+00 0.000000e+00 -0.000000e+00
      outer loop
         vertex 6.340635e+01 3.057826e+01 1.137238e+01
         vertex 6.340635e+01 3.553600e+01 8.477942e+00
         vertex 6.340635e+01 3.026760e+01 1.113401e+01
      endloop
   endfacet
   facet normal -1.000000e+00 0.000000e+00 -0.000000e+00
      outer loop
         vertex 6.340635e+01 2.876760e+01 1.113401e+01
         vertex 6.340635e+01 2.912937e+01 1.098416e+01
         vertex 6.340635e+01 2.583930e+01 8.477942e+00
      endloop
   endfacet
   facet normal -1.000000e+00 0.000000e+00 0.000000e+00
      outer loop
         vertex 6.340635e+01 2.583930e+01 8.477942e+00
         vertex 6.340635e+01 2.912937e+01 1.098416e+01
         vertex 6.340635e+01 2.951760e+01 1.093304e+01
      endloop
   endfacet
   facet normal -1.000000e+00 0.000000e+00 0.000000e+00
      outer loop
         vertex 6.340635e+01 2.583930e+01 8.477942e+00
         vertex 6.340635e+01 2.951760e+01 1.093304e+01
         vertex 6.340635e+01 3.553600e+01 8.477942e+00
      endloop
   endfacet
   facet normal -1.000000e+00 0.000000e+00 0.000000e+00
      outer loop
         vertex 6.340635e+01 3.553600e+01 8.477942e+00
         vertex 6.340635e+01 2.951760e+01 1.093304e+01
         vertex 6.340635e+01 2.990583e+01 1.098416e+01
      endloop
   endfacet
   facet normal -1.000000e+00 0.000000e+00 0.000000e+00
      outer loop
         vertex 6.340635e+01 3.553600e+01 8.477942e+00
         vertex 6.340635e+01 2.990583e+01 1.098416e+01
         vertex 6.340635e+01 3.026760e+01 1.113401e+01
      endloop
   endfacet
   facet normal -1.000000e+00 -0.000000e+00 0.000000e+00
      outer loop
         vertex 6.340635e+01 2.821856e+01 1.318304e+01
         vertex 6.340635e+01 2.806871e+01 1.282127e+01
         vertex 6.340635e+01 2.583930e+01 1.611135e+01
      endloop
   endfacet
   facet normal -1.000000e+00 0.000000e+00 0.000000e+00
      outer loop
         vertex 6.340635e+01 2.583930e+01 1.611135e+01
         vertex 6.340635e+01 2.806871e+01 1.282127e+01
         vertex 6.340635e+01 2.801760e+01 1.243304e+01
      endloop
   endfacet
   facet normal -1.000000e+00 0.000000e+00 0.000000e+00
      outer loop
         vertex 6.340635e+01 2.583930e+01 1.611135e+01
         vertex 6.340635e+01 2.801760e+01 1.243304e+01
         vertex 6.340635e+01 2.583930e+01 8.477942e+00
      endloop
   endfacet
   facet normal -1.000000e+00 0.000000e+00 0.000000e+00
      outer loop
         vertex 6.340635e+01 2.583930e+01 8.477942e+00
         vertex 6.340635e+01 2.801760e+01 1.243304e+01
         vertex 6.340635e+01 2.806871e+01 1.204482e+01
      endloop
   endfacet
   facet normal -1.000000e+00 0.000000e+00 0.000000e+00
      outer loop
         vertex 6.340635e+01 2.583930e+01 8.477942e+00
         vertex 6.340635e+01 2.806871e+01 1.204482e+01
         vertex 6.340635e+01 2.821856e+01 1.168304e+01
      endloop
   endfacet
   facet normal -1.000000e+00 0.000000e+00 0.000000e+00
      outer loop
         vertex 6.340635e+01 6.931506e+00 3.421795e+01
         vertex 6.340635e+01 2.859998e-01 3.421795e+01
         vertex 6.340635e+01 7.005360e+00 3.439625e+01
      endloop
   endfacet
   facet normal -1.000000e+00 -0.000000e+00 0.000000e+00
      outer loop
         vertex 6.340635e+01 7.005360e+00 3.439625e+01
         vertex 6.340635e+01 2.859998e-01 3.421795e+01
         vertex 6.340635e+01 2.859998e-01 3.560135e+01
      endloop
   endfacet
   facet normal -1.000000e+00 0.000000e+00 0.000000e+00
      outer loop
         vertex 6.340635e+01 2.859998e-01 3.560135e+01
         vertex 6.340635e+01 3.541484e-01 3.611899e+01
         vertex 6.340635e+01 7.005360e+00 3.439625e+01
      endloop
   endfacet
   facet normal -1.000000e+00 0.000000e+00 0.000000e+00
      outer loop
         vertex 6.340635e+01 7.005360e+00 3.439625e+01
         vertex 6.340635e+01 3.541484e-01 3.611899e+01
         vertex 6.340635e+01 5.539488e-01 3.660135e+01
      endloop
   endfacet
   facet normal -1.000000e+00 0.000000e+00 0.000000e+00
      outer loop
         vertex 6.340635e+01 7.005360e+00 3.439625e+01
         vertex 6.340635e+01 5.539488e-01 3.660135e+01
         vertex 6.340635e+01 8.717868e-01 3.701556e+01
      endloop
   endfacet
   facet normal -1.000000e+00 0.000000e+00 -0.000000e+00
      outer loop
         vertex 6.340635e+01 2.286000e+00 3.760135e+01
         vertex 6.340635e+01 7.243738e+00 3.470691e+01
         vertex 6.340635e+01 1.768362e+00 3.753320e+01
      endloop
   endfacet
   facet normal -1.000000e+00 0.000000e+00 0.000000e+00
      outer loop
         vertex 6.340635e+01 1.768362e+00 3.753320e+01
         vertex 6.340635e+01 7.243738e+00 3.470691e+01
         vertex 6.340635e+01 7.005360e+00 3.439625e+01
      endloop
   endfacet
   facet normal -1.000000e+00 0.000000e+00 -0.000000e+00
      outer loop
         vertex 6.340635e+01 1.768362e+00 3.753320e+01
         vertex 6.340635e+01 7.005360e+00 3.439625e+01
         vertex 6.340635e+01 1.286000e+00 3.733340e+01
      endloop
   endfacet
   facet normal -1.000000e+00 0.000000e+00 -0.000000e+00
      outer loop
         vertex 6.340635e+01 1.286000e+00 3.733340e+01
         vertex 6.340635e+01 7.005360e+00 3.439625e+01
         vertex 6.340635e+01 8.717868e-01 3.701556e+01
      endloop
   endfacet
   facet normal -1.000000e+00 0.000000e+00 0.000000e+00
      outer loop
         vertex 6.340635e+01 9.677291e+00 3.421795e+01
         vertex 6.340635e+01 1.198270e+01 3.421795e+01
         vertex 6.340635e+01 9.753287e+00 3.403448e+01
      endloop
   endfacet
   facet normal -1.000000e+00 0.000000e+00 0.000000e+00
      outer loop
         vertex 6.340635e+01 9.753287e+00 3.403448e+01
         vertex 6.340635e+01 1.198270e+01 3.421795e+01
         vertex 6.340635e+01 9.804398e+00 3.364625e+01
      endloop
   endfacet
   facet normal -1.000000e+00 0.000000e+00 -0.000000e+00
      outer loop
         vertex 6.340635e+01 7.916169e+00 3.219736e+01
         vertex 6.340635e+01 8.304399e+00 3.214625e+01
         vertex 6.340635e+01 7.732699e+00 2.996795e+01
      endloop
   endfacet
   facet normal -1.000000e+00 0.000000e+00 0.000000e+00
      outer loop
         vertex 6.340635e+01 7.732699e+00 2.996795e+01
         vertex 6.340635e+01 8.304399e+00 3.214625e+01
         vertex 6.340635e+01 8.692626e+00 3.219736e+01
      endloop
   endfacet
   facet normal -1.000000e+00 0.000000e+00 0.000000e+00
      outer loop
         vertex 6.340635e+01 7.732699e+00 2.996795e+01
         vertex 6.340635e+01 8.692626e+00 3.219736e+01
         vertex 6.340635e+01 1.198270e+01 2.996795e+01
      endloop
   endfacet
   facet normal -1.000000e+00 0.000000e+00 0.000000e+00
      outer loop
         vertex 6.340635e+01 1.198270e+01 2.996795e+01
         vertex 6.340635e+01 8.692626e+00 3.219736e+01
         vertex 6.340635e+01 9.054398e+00 3.234721e+01
      endloop
   endfacet
   facet normal -1.000000e+00 0.000000e+00 0.000000e+00
      outer loop
         vertex 6.340635e+01 9.054398e+00 3.234721e+01
         vertex 6.340635e+01 9.365058e+00 3.258559e+01
         vertex 6.340635e+01 1.198270e+01 2.996795e+01
      endloop
   endfacet
   facet normal -1.000000e+00 0.000000e+00 0.000000e+00
      outer loop
         vertex 6.340635e+01 1.198270e+01 2.996795e+01
         vertex 6.340635e+01 9.365058e+00 3.258559e+01
         vertex 6.340635e+01 9.603435e+00 3.289625e+01
      endloop
   endfacet
   facet normal -1.000000e+00 0.000000e+00 0.000000e+00
      outer loop
         vertex 6.340635e+01 1.198270e+01 2.996795e+01
         vertex 6.340635e+01 9.603435e+00 3.289625e+01
         vertex 6.340635e+01 1.198270e+01 3.421795e+01
      endloop
   endfacet
   facet normal -1.000000e+00 0.000000e+00 0.000000e+00
      outer loop
         vertex 6.340635e+01 1.198270e+01 3.421795e+01
         vertex 6.340635e+01 9.603435e+00 3.289625e+01
         vertex 6.340635e+01 9.753287e+00 3.325802e+01
      endloop
   endfacet
   facet normal -1.000000e+00 0.000000e+00 0.000000e+00
      outer loop
         vertex 6.340635e+01 1.198270e+01 3.421795e+01
         vertex 6.340635e+01 9.753287e+00 3.325802e+01
         vertex 6.340635e+01 9.804398e+00 3.364625e+01
      endloop
   endfacet
   facet normal -1.000000e+00 0.000000e+00 0.000000e+00
      outer loop
         vertex 6.340635e+01 7.243738e+00 3.258559e+01
         vertex 6.340635e+01 7.554399e+00 3.234721e+01
         vertex 6.340635e+01 7.732699e+00 2.996795e+01
      endloop
   endfacet
   facet normal -1.000000e+00 0.000000e+00 0.000000e+00
      outer loop
         vertex 6.340635e+01 7.732699e+00 2.996795e+01
         vertex 6.340635e+01 7.554399e+00 3.234721e+01
         vertex 6.340635e+01 7.732699e+00 3.227336e+01
      endloop
   endfacet
   facet normal -1.000000e+00 0.000000e+00 0.000000e+00
      outer loop
         vertex 6.340635e+01 7.732699e+00 2.996795e+01
         vertex 6.340635e+01 7.732699e+00 3.227336e+01
         vertex 6.340635e+01 7.916169e+00 3.219736e+01
      endloop
   endfacet
   facet normal -1.000000e+00 -0.000000e+00 0.000000e+00
      outer loop
         vertex 6.340635e+01 6.931506e+00 3.421795e+01
         vertex 6.340635e+01 6.855508e+00 3.403448e+01
         vertex 6.340635e+01 2.859998e-01 3.421795e+01
      endloop
   endfacet
   facet normal -1.000000e+00 0.000000e+00 0.000000e+00
      outer loop
         vertex 6.340635e+01 2.859998e-01 3.421795e+01
         vertex 6.340635e+01 6.855508e+00 3.403448e+01
         vertex 6.340635e+01 6.804397e+00 3.364625e+01
      endloop
   endfacet
   facet normal -1.000000e+00 0.000000e+00 0.000000e+00
      outer loop
         vertex 6.340635e+01 2.859998e-01 3.421795e+01
         vertex 6.340635e+01 6.804397e+00 3.364625e+01
         vertex 6.340635e+01 2.859998e-01 2.996795e+01
      endloop
   endfacet
   facet normal -1.000000e+00 0.000000e+00 0.000000e+00
      outer loop
         vertex 6.340635e+01 2.859998e-01 2.996795e+01
         vertex 6.340635e+01 6.804397e+00 3.364625e+01
         vertex 6.340635e+01 6.855508e+00 3.325802e+01
      endloop
   endfacet
   facet normal -1.000000e+00 0.000000e+00 0.000000e+00
      outer loop
         vertex 6.340635e+01 2.859998e-01 2.996795e+01
         vertex 6.340635e+01 6.855508e+00 3.325802e+01
         vertex 6.340635e+01 7.005360e+00 3.289625e+01
      endloop
   endfacet
   facet normal -1.000000e+00 -0.000000e+00 0.000000e+00
      outer loop
         vertex 6.340635e+01 8.304399e+00 3.514625e+01
         vertex 6.340635e+01 7.916169e+00 3.509514e+01
         vertex 6.340635e+01 7.732699e+00 3.760135e+01
      endloop
   endfacet
   facet normal -1.000000e+00 0.000000e+00 0.000000e+00
      outer loop
         vertex 6.340635e+01 7.732699e+00 3.760135e+01
         vertex 6.340635e+01 7.916169e+00 3.509514e+01
         vertex 6.340635e+01 7.732699e+00 3.501914e+01
      endloop
   endfacet
   facet normal -1.000000e+00 -0.000000e+00 -0.000000e+00
      outer loop
         vertex 6.340635e+01 7.732699e+00 3.760135e+01
         vertex 6.340635e+01 7.732699e+00 3.501914e+01
         vertex 6.340635e+01 2.286000e+00 3.760135e+01
      endloop
   endfacet
   facet normal -1.000000e+00 0.000000e+00 0.000000e+00
      outer loop
         vertex 6.340635e+01 2.286000e+00 3.760135e+01
         vertex 6.340635e+01 7.732699e+00 3.501914e+01
         vertex 6.340635e+01 7.554399e+00 3.494529e+01
      endloop
   endfacet
   facet normal -1.000000e+00 0.000000e+00 0.000000e+00
      outer loop
         vertex 6.340635e+01 2.286000e+00 3.760135e+01
         vertex 6.340635e+01 7.554399e+00 3.494529e+01
         vertex 6.340635e+01 7.243738e+00 3.470691e+01
      endloop
   endfacet
   facet normal -1.000000e+00 0.000000e+00 0.000000e+00
      outer loop
         vertex 6.340635e+01 9.603435e+00 3.439625e+01
         vertex 6.340635e+01 9.365058e+00 3.470691e+01
         vertex 6.340635e+01 1.198270e+01 3.760135e+01
      endloop
   endfacet
   facet normal -1.000000e+00 0.000000e+00 0.000000e+00
      outer loop
         vertex 6.340635e+01 1.198270e+01 3.760135e+01
         vertex 6.340635e+01 9.365058e+00 3.470691e+01
         vertex 6.340635e+01 9.054398e+00 3.494529e+01
      endloop
   endfacet
   facet normal -1.000000e+00 -0.000000e+00 0.000000e+00
      outer loop
         vertex 6.340635e+01 1.198270e+01 3.760135e+01
         vertex 6.340635e+01 9.054398e+00 3.494529e+01
         vertex 6.340635e+01 7.732699e+00 3.760135e+01
      endloop
   endfacet
   facet normal -1.000000e+00 0.000000e+00 0.000000e+00
      outer loop
         vertex 6.340635e+01 7.732699e+00 3.760135e+01
         vertex 6.340635e+01 9.054398e+00 3.494529e+01
         vertex 6.340635e+01 8.692626e+00 3.509514e+01
      endloop
   endfacet
   facet normal -1.000000e+00 0.000000e+00 0.000000e+00
      outer loop
         vertex 6.340635e+01 7.732699e+00 3.760135e+01
         vertex 6.340635e+01 8.692626e+00 3.509514e+01
         vertex 6.340635e+01 8.304399e+00 3.514625e+01
      endloop
   endfacet
   facet normal -1.000000e+00 -0.000000e+00 0.000000e+00
      outer loop
         vertex 6.340635e+01 1.827681e+01 1.821552e+01
         vertex 6.340635e+01 1.767680e+01 1.799714e+01
         vertex 6.340635e+01 1.516100e+01 1.928965e+01
      endloop
   endfacet
   facet normal -1.000000e+00 0.000000e+00 0.000000e+00
      outer loop
         vertex 6.340635e+01 2.111684e+01 1.718183e+01
         vertex 6.340635e+01 2.067867e+01 1.764627e+01
         vertex 6.340635e+01 2.266100e+01 1.928965e+01
      endloop
   endfacet
   facet normal -1.000000e+00 0.000000e+00 0.000000e+00
      outer loop
         vertex 6.340635e+01 2.266100e+01 1.928965e+01
         vertex 6.340635e+01 2.067867e+01 1.764627e+01
         vertex 6.340635e+01 2.014520e+01 1.799714e+01
      endloop
   endfacet
   facet normal -1.000000e+00 0.000000e+00 0.000000e+00
      outer loop
         vertex 6.340635e+01 2.266100e+01 1.928965e+01
         vertex 6.340635e+01 2.014520e+01 1.799714e+01
         vertex 6.340635e+01 1.954519e+01 1.821552e+01
      endloop
   endfacet
   facet normal -1.000000e+00 0.000000e+00 0.000000e+00
      outer loop
         vertex 6.340635e+01 1.827681e+01 1.821552e+01
         vertex 6.340635e+01 1.516100e+01 1.928965e+01
         vertex 6.340635e+01 1.891100e+01 1.828965e+01
      endloop
   endfacet
   facet normal -1.000000e+00 -0.000000e+00 0.000000e+00
      outer loop
         vertex 6.340635e+01 1.767680e+01 1.799714e+01
         vertex 6.340635e+01 1.714333e+01 1.764627e+01
         vertex 6.340635e+01 1.516100e+01 1.928965e+01
      endloop
   endfacet
   facet normal -1.000000e+00 0.000000e+00 0.000000e+00
      outer loop
         vertex 6.340635e+01 1.516100e+01 1.928965e+01
         vertex 6.340635e+01 1.714333e+01 1.764627e+01
         vertex 6.340635e+01 1.670516e+01 1.718183e+01
      endloop
   endfacet
   facet normal -1.000000e+00 0.000000e+00 0.000000e+00
      outer loop
         vertex 6.340635e+01 1.516100e+01 1.928965e+01
         vertex 6.340635e+01 1.670516e+01 1.718183e+01
         vertex 6.340635e+01 1.638591e+01 1.662887e+01
      endloop
   endfacet
   facet normal -1.000000e+00 0.000000e+00 0.000000e+00
      outer loop
         vertex 6.340635e+01 2.266100e+01 1.611135e+01
         vertex 6.340635e+01 2.159103e+01 1.611135e+01
         vertex 6.340635e+01 2.266100e+01 1.928965e+01
      endloop
   endfacet
   facet normal -1.000000e+00 0.000000e+00 0.000000e+00
      outer loop
         vertex 6.340635e+01 2.266100e+01 1.928965e+01
         vertex 6.340635e+01 2.159103e+01 1.611135e+01
         vertex 6.340635e+01 2.143609e+01 1.662887e+01
      endloop
   endfacet
   facet normal -1.000000e+00 0.000000e+00 0.000000e+00
      outer loop
         vertex 6.340635e+01 2.266100e+01 1.928965e+01
         vertex 6.340635e+01 2.143609e+01 1.662887e+01
         vertex 6.340635e+01 2.111684e+01 1.718183e+01
      endloop
   endfacet
   facet normal -1.000000e+00 0.000000e+00 -0.000000e+00
      outer loop
         vertex 6.340635e+01 1.616565e+01 1.537975e+01
         vertex 6.340635e+01 1.627653e+01 1.475094e+01
         vertex 6.340635e+01 1.516100e+01 8.477942e+00
      endloop
   endfacet
   facet normal -1.000000e+00 0.000000e+00 0.000000e+00
      outer loop
         vertex 6.340635e+01 1.638591e+01 1.662887e+01
         vertex 6.340635e+01 1.623097e+01 1.611135e+01
         vertex 6.340635e+01 1.516100e+01 1.611135e+01
      endloop
   endfacet
   facet normal -1.000000e+00 0.000000e+00 0.000000e+00
      outer loop
         vertex 6.340635e+01 1.516100e+01 1.611135e+01
         vertex 6.340635e+01 1.623097e+01 1.611135e+01
         vertex 6.340635e+01 1.620278e+01 1.601718e+01
      endloop
   endfacet
   facet normal -1.000000e+00 0.000000e+00 0.000000e+00
      outer loop
         vertex 6.340635e+01 1.516100e+01 1.611135e+01
         vertex 6.340635e+01 1.620278e+01 1.601718e+01
         vertex 6.340635e+01 1.616565e+01 1.537975e+01
      endloop
   endfacet
   facet normal -1.000000e+00 0.000000e+00 -0.000000e+00
      outer loop
         vertex 6.340635e+01 1.627653e+01 1.475094e+01
         vertex 6.340635e+01 1.652943e+01 1.416465e+01
         vertex 6.340635e+01 1.516100e+01 8.477942e+00
      endloop
   endfacet
   facet normal -1.000000e+00 0.000000e+00 0.000000e+00
      outer loop
         vertex 6.340635e+01 1.516100e+01 8.477942e+00
         vertex 6.340635e+01 1.652943e+01 1.416465e+01
         vertex 6.340635e+01 1.691072e+01 1.365248e+01
      endloop
   endfacet
   facet normal -1.000000e+00 0.000000e+00 0.000000e+00
      outer loop
         vertex 6.340635e+01 1.516100e+01 8.477942e+00
         vertex 6.340635e+01 1.691072e+01 1.365248e+01
         vertex 6.340635e+01 1.739985e+01 1.324205e+01
      endloop
   endfacet
   facet normal -1.000000e+00 0.000000e+00 -0.000000e+00
      outer loop
         vertex 6.340635e+01 2.091128e+01 1.365248e+01
         vertex 6.340635e+01 2.266100e+01 8.477942e+00
         vertex 6.340635e+01 2.042215e+01 1.324205e+01
      endloop
   endfacet
   facet normal -1.000000e+00 0.000000e+00 -0.000000e+00
      outer loop
         vertex 6.340635e+01 2.042215e+01 1.324205e+01
         vertex 6.340635e+01 2.266100e+01 8.477942e+00
         vertex 6.340635e+01 1.985156e+01 1.295549e+01
      endloop
   endfacet
   facet normal -1.000000e+00 0.000000e+00 -0.000000e+00
      outer loop
         vertex 6.340635e+01 1.739985e+01 1.324205e+01
         vertex 6.340635e+01 1.797044e+01 1.295549e+01
         vertex 6.340635e+01 1.516100e+01 8.477942e+00
      endloop
   endfacet
   facet normal -1.000000e+00 0.000000e+00 0.000000e+00
      outer loop
         vertex 6.340635e+01 1.516100e+01 8.477942e+00
         vertex 6.340635e+01 1.797044e+01 1.295549e+01
         vertex 6.340635e+01 1.859174e+01 1.280824e+01
      endloop
   endfacet
   facet normal -1.000000e+00 0.000000e+00 0.000000e+00
      outer loop
         vertex 6.340635e+01 1.516100e+01 8.477942e+00
         vertex 6.340635e+01 1.859174e+01 1.280824e+01
         vertex 6.340635e+01 2.266100e+01 8.477942e+00
      endloop
   endfacet
   facet normal -1.000000e+00 0.000000e+00 0.000000e+00
      outer loop
         vertex 6.340635e+01 2.266100e+01 8.477942e+00
         vertex 6.340635e+01 1.859174e+01 1.280824e+01
         vertex 6.340635e+01 1.923025e+01 1.280824e+01
      endloop
   endfacet
   facet normal -1.000000e+00 0.000000e+00 0.000000e+00
      outer loop
         vertex 6.340635e+01 2.266100e+01 8.477942e+00
         vertex 6.340635e+01 1.923025e+01 1.280824e+01
         vertex 6.340635e+01 1.985156e+01 1.295549e+01
      endloop
   endfacet
   facet normal -1.000000e+00 0.000000e+00 0.000000e+00
      outer loop
         vertex 6.340635e+01 2.091128e+01 1.365248e+01
         vertex 6.340635e+01 2.129257e+01 1.416465e+01
         vertex 6.340635e+01 2.266100e+01 8.477942e+00
      endloop
   endfacet
   facet normal -1.000000e+00 0.000000e+00 0.000000e+00
      outer loop
         vertex 6.340635e+01 2.266100e+01 8.477942e+00
         vertex 6.340635e+01 2.129257e+01 1.416465e+01
         vertex 6.340635e+01 2.154547e+01 1.475094e+01
      endloop
   endfacet
   facet normal -1.000000e+00 0.000000e+00 0.000000e+00
      outer loop
         vertex 6.340635e+01 2.266100e+01 8.477942e+00
         vertex 6.340635e+01 2.154547e+01 1.475094e+01
         vertex 6.340635e+01 2.266100e+01 1.611135e+01
      endloop
   endfacet
   facet normal -1.000000e+00 0.000000e+00 0.000000e+00
      outer loop
         vertex 6.340635e+01 2.266100e+01 1.611135e+01
         vertex 6.340635e+01 2.154547e+01 1.475094e+01
         vertex 6.340635e+01 2.165635e+01 1.537975e+01
      endloop
   endfacet
   facet normal -1.000000e+00 0.000000e+00 0.000000e+00
      outer loop
         vertex 6.340635e+01 2.266100e+01 1.611135e+01
         vertex 6.340635e+01 2.165635e+01 1.537975e+01
         vertex 6.340635e+01 2.161922e+01 1.601718e+01
      endloop
   endfacet
   facet normal -1.000000e+00 -0.000000e+00 0.000000e+00
      outer loop
         vertex 6.340635e+01 1.077681e+01 2.571552e+01
         vertex 6.340635e+01 1.017680e+01 2.549714e+01
         vertex 6.340635e+01 7.732699e+00 2.678965e+01
      endloop
   endfacet
   facet normal -1.000000e+00 0.000000e+00 0.000000e+00
      outer loop
         vertex 6.340635e+01 1.204519e+01 2.571552e+01
         vertex 6.340635e+01 1.198270e+01 2.572282e+01
         vertex 6.340635e+01 1.198270e+01 2.678965e+01
      endloop
   endfacet
   facet normal -1.000000e+00 0.000000e+00 -0.000000e+00
      outer loop
         vertex 6.340635e+01 1.198270e+01 2.678965e+01
         vertex 6.340635e+01 1.198270e+01 2.572282e+01
         vertex 6.340635e+01 1.141100e+01 2.578965e+01
      endloop
   endfacet
   facet normal -1.000000e+00 -0.000000e+00 0.000000e+00
      outer loop
         vertex 6.340635e+01 1.017680e+01 2.549714e+01
         vertex 6.340635e+01 9.643333e+00 2.514627e+01
         vertex 6.340635e+01 7.732699e+00 2.678965e+01
      endloop
   endfacet
   facet normal -1.000000e+00 0.000000e+00 0.000000e+00
      outer loop
         vertex 6.340635e+01 7.732699e+00 2.678965e+01
         vertex 6.340635e+01 9.643333e+00 2.514627e+01
         vertex 6.340635e+01 9.205161e+00 2.468183e+01
      endloop
   endfacet
   facet normal -1.000000e+00 0.000000e+00 0.000000e+00
      outer loop
         vertex 6.340635e+01 7.732699e+00 2.678965e+01
         vertex 6.340635e+01 9.205161e+00 2.468183e+01
         vertex 6.340635e+01 8.885905e+00 2.412887e+01
      endloop
   endfacet
   facet normal -1.000000e+00 -0.000000e+00 0.000000e+00
      outer loop
         vertex 6.340635e+01 8.885905e+00 2.412887e+01
         vertex 6.340635e+01 8.702779e+00 2.351718e+01
         vertex 6.340635e+01 7.732699e+00 2.678965e+01
      endloop
   endfacet
   facet normal -1.000000e+00 0.000000e+00 0.000000e+00
      outer loop
         vertex 6.340635e+01 7.732699e+00 2.678965e+01
         vertex 6.340635e+01 8.702779e+00 2.351718e+01
         vertex 6.340635e+01 8.665653e+00 2.287975e+01
      endloop
   endfacet
   facet normal -1.000000e+00 0.000000e+00 0.000000e+00
      outer loop
         vertex 6.340635e+01 7.732699e+00 2.678965e+01
         vertex 6.340635e+01 8.665653e+00 2.287975e+01
         vertex 6.340635e+01 7.732699e+00 1.928965e+01
      endloop
   endfacet
   facet normal -1.000000e+00 0.000000e+00 -0.000000e+00
      outer loop
         vertex 6.340635e+01 8.665653e+00 2.287975e+01
         vertex 6.340635e+01 8.776529e+00 2.225094e+01
         vertex 6.340635e+01 7.732699e+00 1.928965e+01
      endloop
   endfacet
   facet normal -1.000000e+00 0.000000e+00 0.000000e+00
      outer loop
         vertex 6.340635e+01 7.732699e+00 1.928965e+01
         vertex 6.340635e+01 8.776529e+00 2.225094e+01
         vertex 6.340635e+01 9.029429e+00 2.166465e+01
      endloop
   endfacet
   facet normal -1.000000e+00 0.000000e+00 0.000000e+00
      outer loop
         vertex 6.340635e+01 7.732699e+00 1.928965e+01
         vertex 6.340635e+01 9.029429e+00 2.166465e+01
         vertex 6.340635e+01 9.410722e+00 2.115248e+01
      endloop
   endfacet
   facet normal -1.000000e+00 0.000000e+00 -0.000000e+00
      outer loop
         vertex 6.340635e+01 9.410722e+00 2.115248e+01
         vertex 6.340635e+01 9.899851e+00 2.074206e+01
         vertex 6.340635e+01 7.732699e+00 1.928965e+01
      endloop
   endfacet
   facet normal -1.000000e+00 0.000000e+00 0.000000e+00
      outer loop
         vertex 6.340635e+01 7.732699e+00 1.928965e+01
         vertex 6.340635e+01 9.899851e+00 2.074206e+01
         vertex 6.340635e+01 1.047044e+01 2.045549e+01
      endloop
   endfacet
   facet normal -1.000000e+00 0.000000e+00 0.000000e+00
      outer loop
         vertex 6.340635e+01 7.732699e+00 1.928965e+01
         vertex 6.340635e+01 1.047044e+01 2.045549e+01
         vertex 6.340635e+01 1.198270e+01 1.928965e+01
      endloop
   endfacet
   facet normal -1.000000e+00 0.000000e+00 0.000000e+00
      outer loop
         vertex 6.340635e+01 1.198270e+01 1.928965e+01
         vertex 6.340635e+01 1.047044e+01 2.045549e+01
         vertex 6.340635e+01 1.109174e+01 2.030824e+01
      endloop
   endfacet
   facet normal -1.000000e+00 0.000000e+00 0.000000e+00
      outer loop
         vertex 6.340635e+01 1.198270e+01 1.928965e+01
         vertex 6.340635e+01 1.109174e+01 2.030824e+01
         vertex 6.340635e+01 1.173026e+01 2.030824e+01
      endloop
   endfacet
   facet normal -1.000000e+00 0.000000e+00 0.000000e+00
      outer loop
         vertex 6.340635e+01 1.341128e+01 2.115248e+01
         vertex 6.340635e+01 1.379257e+01 2.166465e+01
         vertex 6.340635e+01 1.516100e+01 1.928965e+01
      endloop
   endfacet
   facet normal -1.000000e+00 0.000000e+00 0.000000e+00
      outer loop
         vertex 6.340635e+01 1.393609e+01 2.412887e+01
         vertex 6.340635e+01 1.361684e+01 2.468183e+01
         vertex 6.340635e+01 1.516100e+01 2.678965e+01
      endloop
   endfacet
   facet normal -1.000000e+00 0.000000e+00 0.000000e+00
      outer loop
         vertex 6.340635e+01 1.516100e+01 2.678965e+01
         vertex 6.340635e+01 1.361684e+01 2.468183e+01
         vertex 6.340635e+01 1.317867e+01 2.514627e+01
      endloop
   endfacet
   facet normal -1.000000e+00 0.000000e+00 0.000000e+00
      outer loop
         vertex 6.340635e+01 1.516100e+01 2.678965e+01
         vertex 6.340635e+01 1.317867e+01 2.514627e+01
         vertex 6.340635e+01 1.264520e+01 2.549714e+01
      endloop
   endfacet
   facet normal -1.000000e+00 0.000000e+00 0.000000e+00
      outer loop
         vertex 6.340635e+01 1.173026e+01 2.030824e+01
         vertex 6.340635e+01 1.198270e+01 2.036807e+01
         vertex 6.340635e+01 1.198270e+01 1.928965e+01
      endloop
   endfacet
   facet normal -1.000000e+00 0.000000e+00 0.000000e+00
      outer loop
         vertex 6.340635e+01 1.198270e+01 1.928965e+01
         vertex 6.340635e+01 1.198270e+01 2.036807e+01
         vertex 6.340635e+01 1.235156e+01 2.045549e+01
      endloop
   endfacet
   facet normal -1.000000e+00 0.000000e+00 0.000000e+00
      outer loop
         vertex 6.340635e+01 1.198270e+01 1.928965e+01
         vertex 6.340635e+01 1.235156e+01 2.045549e+01
         vertex 6.340635e+01 1.516100e+01 1.928965e+01
      endloop
   endfacet
   facet normal -1.000000e+00 0.000000e+00 0.000000e+00
      outer loop
         vertex 6.340635e+01 1.516100e+01 1.928965e+01
         vertex 6.340635e+01 1.235156e+01 2.045549e+01
         vertex 6.340635e+01 1.292215e+01 2.074206e+01
      endloop
   endfacet
   facet normal -1.000000e+00 0.000000e+00 0.000000e+00
      outer loop
         vertex 6.340635e+01 1.516100e+01 1.928965e+01
         vertex 6.340635e+01 1.292215e+01 2.074206e+01
         vertex 6.340635e+01 1.341128e+01 2.115248e+01
      endloop
   endfacet
   facet normal -1.000000e+00 0.000000e+00 0.000000e+00
      outer loop
         vertex 6.340635e+01 1.379257e+01 2.166465e+01
         vertex 6.340635e+01 1.404547e+01 2.225094e+01
         vertex 6.340635e+01 1.516100e+01 1.928965e+01
      endloop
   endfacet
   facet normal -1.000000e+00 0.000000e+00 0.000000e+00
      outer loop
         vertex 6.340635e+01 1.516100e+01 1.928965e+01
         vertex 6.340635e+01 1.404547e+01 2.225094e+01
         vertex 6.340635e+01 1.415635e+01 2.287975e+01
      endloop
   endfacet
   facet normal -1.000000e+00 0.000000e+00 0.000000e+00
      outer loop
         vertex 6.340635e+01 1.516100e+01 1.928965e+01
         vertex 6.340635e+01 1.415635e+01 2.287975e+01
         vertex 6.340635e+01 1.516100e+01 2.678965e+01
      endloop
   endfacet
   facet normal -1.000000e+00 0.000000e+00 0.000000e+00
      outer loop
         vertex 6.340635e+01 1.516100e+01 2.678965e+01
         vertex 6.340635e+01 1.415635e+01 2.287975e+01
         vertex 6.340635e+01 1.411922e+01 2.351718e+01
      endloop
   endfacet
   facet normal -1.000000e+00 0.000000e+00 0.000000e+00
      outer loop
         vertex 6.340635e+01 1.516100e+01 2.678965e+01
         vertex 6.340635e+01 1.411922e+01 2.351718e+01
         vertex 6.340635e+01 1.393609e+01 2.412887e+01
      endloop
   endfacet
   facet normal -1.000000e+00 0.000000e+00 0.000000e+00
      outer loop
         vertex 6.340635e+01 1.638591e+01 3.162887e+01
         vertex 6.340635e+01 1.620278e+01 3.101718e+01
         vertex 6.340635e+01 1.516100e+01 2.996795e+01
      endloop
   endfacet
   facet normal -1.000000e+00 0.000000e+00 0.000000e+00
      outer loop
         vertex 6.340635e+01 1.516100e+01 2.996795e+01
         vertex 6.340635e+01 1.620278e+01 3.101718e+01
         vertex 6.340635e+01 1.616565e+01 3.037975e+01
      endloop
   endfacet
   facet normal -1.000000e+00 0.000000e+00 0.000000e+00
      outer loop
         vertex 6.340635e+01 1.516100e+01 2.996795e+01
         vertex 6.340635e+01 1.616565e+01 3.037975e+01
         vertex 6.340635e+01 1.623826e+01 2.996795e+01
      endloop
   endfacet
   facet normal -1.000000e+00 -0.000000e+00 0.000000e+00
      outer loop
         vertex 6.340635e+01 1.767680e+01 3.299714e+01
         vertex 6.340635e+01 1.714333e+01 3.264627e+01
         vertex 6.340635e+01 1.516100e+01 3.421795e+01
      endloop
   endfacet
   facet normal -1.000000e+00 0.000000e+00 0.000000e+00
      outer loop
         vertex 6.340635e+01 1.516100e+01 3.421795e+01
         vertex 6.340635e+01 1.714333e+01 3.264627e+01
         vertex 6.340635e+01 1.670516e+01 3.218183e+01
      endloop
   endfacet
   facet normal -1.000000e+00 0.000000e+00 0.000000e+00
      outer loop
         vertex 6.340635e+01 2.143609e+01 3.162887e+01
         vertex 6.340635e+01 2.266100e+01 3.421795e+01
         vertex 6.340635e+01 2.161922e+01 3.101718e+01
      endloop
   endfacet
   facet normal -1.000000e+00 0.000000e+00 0.000000e+00
      outer loop
         vertex 6.340635e+01 2.161922e+01 3.101718e+01
         vertex 6.340635e+01 2.266100e+01 3.421795e+01
         vertex 6.340635e+01 2.266100e+01 2.996795e+01
      endloop
   endfacet
   facet normal -1.000000e+00 0.000000e+00 0.000000e+00
      outer loop
         vertex 6.340635e+01 2.161922e+01 3.101718e+01
         vertex 6.340635e+01 2.266100e+01 2.996795e+01
         vertex 6.340635e+01 2.165635e+01 3.037975e+01
      endloop
   endfacet
   facet normal -1.000000e+00 0.000000e+00 -0.000000e+00
      outer loop
         vertex 6.340635e+01 2.165635e+01 3.037975e+01
         vertex 6.340635e+01 2.266100e+01 2.996795e+01
         vertex 6.340635e+01 2.158374e+01 2.996795e+01
      endloop
   endfacet
   facet normal -1.000000e+00 0.000000e+00 0.000000e+00
      outer loop
         vertex 6.340635e+01 2.143609e+01 3.162887e+01
         vertex 6.340635e+01 2.111684e+01 3.218183e+01
         vertex 6.340635e+01 2.266100e+01 3.421795e+01
      endloop
   endfacet
   facet normal -1.000000e+00 0.000000e+00 0.000000e+00
      outer loop
         vertex 6.340635e+01 2.266100e+01 3.421795e+01
         vertex 6.340635e+01 2.111684e+01 3.218183e+01
         vertex 6.340635e+01 2.067867e+01 3.264627e+01
      endloop
   endfacet
   facet normal -1.000000e+00 0.000000e+00 0.000000e+00
      outer loop
         vertex 6.340635e+01 2.266100e+01 3.421795e+01
         vertex 6.340635e+01 2.067867e+01 3.264627e+01
         vertex 6.340635e+01 2.014520e+01 3.299714e+01
      endloop
   endfacet
   facet normal -1.000000e+00 0.000000e+00 0.000000e+00
      outer loop
         vertex 6.340635e+01 2.014520e+01 3.299714e+01
         vertex 6.340635e+01 1.954519e+01 3.321552e+01
         vertex 6.340635e+01 2.266100e+01 3.421795e+01
      endloop
   endfacet
   facet normal -1.000000e+00 0.000000e+00 0.000000e+00
      outer loop
         vertex 6.340635e+01 2.266100e+01 3.421795e+01
         vertex 6.340635e+01 1.954519e+01 3.321552e+01
         vertex 6.340635e+01 1.891100e+01 3.328965e+01
      endloop
   endfacet
   facet normal -1.000000e+00 -0.000000e+00 0.000000e+00
      outer loop
         vertex 6.340635e+01 2.266100e+01 3.421795e+01
         vertex 6.340635e+01 1.891100e+01 3.328965e+01
         vertex 6.340635e+01 1.516100e+01 3.421795e+01
      endloop
   endfacet
   facet normal -1.000000e+00 0.000000e+00 0.000000e+00
      outer loop
         vertex 6.340635e+01 1.516100e+01 3.421795e+01
         vertex 6.340635e+01 1.891100e+01 3.328965e+01
         vertex 6.340635e+01 1.827681e+01 3.321552e+01
      endloop
   endfacet
   facet normal -1.000000e+00 0.000000e+00 0.000000e+00
      outer loop
         vertex 6.340635e+01 1.516100e+01 3.421795e+01
         vertex 6.340635e+01 1.827681e+01 3.321552e+01
         vertex 6.340635e+01 1.767680e+01 3.299714e+01
      endloop
   endfacet
   facet normal -1.000000e+00 0.000000e+00 -0.000000e+00
      outer loop
         vertex 6.340635e+01 1.627653e+01 2.975094e+01
         vertex 6.340635e+01 1.652943e+01 2.916465e+01
         vertex 6.340635e+01 1.516100e+01 2.678965e+01
      endloop
   endfacet
   facet normal -1.000000e+00 0.000000e+00 0.000000e+00
      outer loop
         vertex 6.340635e+01 1.516100e+01 2.678965e+01
         vertex 6.340635e+01 1.652943e+01 2.916465e+01
         vertex 6.340635e+01 1.691072e+01 2.865248e+01
      endloop
   endfacet
   facet normal -1.000000e+00 0.000000e+00 -0.000000e+00
      outer loop
         vertex 6.340635e+01 1.691072e+01 2.865248e+01
         vertex 6.340635e+01 1.739985e+01 2.824205e+01
         vertex 6.340635e+01 1.516100e+01 2.678965e+01
      endloop
   endfacet
   facet normal -1.000000e+00 0.000000e+00 0.000000e+00
      outer loop
         vertex 6.340635e+01 1.516100e+01 2.678965e+01
         vertex 6.340635e+01 1.739985e+01 2.824205e+01
         vertex 6.340635e+01 1.797044e+01 2.795549e+01
      endloop
   endfacet
   facet normal -1.000000e+00 0.000000e+00 0.000000e+00
      outer loop
         vertex 6.340635e+01 1.516100e+01 2.678965e+01
         vertex 6.340635e+01 1.797044e+01 2.795549e+01
         vertex 6.340635e+01 1.859174e+01 2.780824e+01
      endloop
   endfacet
   facet normal -1.000000e+00 0.000000e+00 0.000000e+00
      outer loop
         vertex 6.340635e+01 1.923025e+01 2.780824e+01
         vertex 6.340635e+01 1.985156e+01 2.795549e+01
         vertex 6.340635e+01 2.266100e+01 2.678965e+01
      endloop
   endfacet
   facet normal -1.000000e+00 0.000000e+00 0.000000e+00
      outer loop
         vertex 6.340635e+01 2.266100e+01 2.678965e+01
         vertex 6.340635e+01 1.985156e+01 2.795549e+01
         vertex 6.340635e+01 2.042215e+01 2.824205e+01
      endloop
   endfacet
   facet normal -1.000000e+00 0.000000e+00 0.000000e+00
      outer loop
         vertex 6.340635e+01 2.042215e+01 2.824205e+01
         vertex 6.340635e+01 2.091128e+01 2.865248e+01
         vertex 6.340635e+01 2.266100e+01 2.678965e+01
      endloop
   endfacet
   facet normal -1.000000e+00 0.000000e+00 0.000000e+00
      outer loop
         vertex 6.340635e+01 2.266100e+01 2.678965e+01
         vertex 6.340635e+01 2.091128e+01 2.865248e+01
         vertex 6.340635e+01 2.129257e+01 2.916465e+01
      endloop
   endfacet
   facet normal -1.000000e+00 0.000000e+00 0.000000e+00
      outer loop
         vertex 6.340635e+01 2.266100e+01 2.678965e+01
         vertex 6.340635e+01 2.129257e+01 2.916465e+01
         vertex 6.340635e+01 2.266100e+01 2.996795e+01
      endloop
   endfacet
   facet normal -1.000000e+00 0.000000e+00 0.000000e+00
      outer loop
         vertex 6.340635e+01 2.266100e+01 2.996795e+01
         vertex 6.340635e+01 2.129257e+01 2.916465e+01
         vertex 6.340635e+01 2.154547e+01 2.975094e+01
      endloop
   endfacet
   facet normal -1.000000e+00 -0.000000e+00 0.000000e+00
      outer loop
         vertex 6.340635e+01 2.266100e+01 2.996795e+01
         vertex 6.340635e+01 2.154547e+01 2.975094e+01
         vertex 6.340635e+01 2.158374e+01 2.996795e+01
      endloop
   endfacet
   facet normal -1.000000e+00 0.000000e+00 0.000000e+00
      outer loop
         vertex 6.340635e+01 2.673026e+01 2.030824e+01
         vertex 6.340635e+01 2.735156e+01 2.045549e+01
         vertex 6.340635e+01 3.753600e+01 1.928965e+01
      endloop
   endfacet
   facet normal -1.000000e+00 0.000000e+00 0.000000e+00
      outer loop
         vertex 6.340635e+01 2.735156e+01 2.045549e+01
         vertex 6.340635e+01 2.792215e+01 2.074206e+01
         vertex 6.340635e+01 3.753600e+01 1.928965e+01
      endloop
   endfacet
   facet normal -1.000000e+00 0.000000e+00 0.000000e+00
      outer loop
         vertex 6.340635e+01 3.753600e+01 1.928965e+01
         vertex 6.340635e+01 2.792215e+01 2.074206e+01
         vertex 6.340635e+01 2.841128e+01 2.115248e+01
      endloop
   endfacet
   facet normal -1.000000e+00 0.000000e+00 0.000000e+00
      outer loop
         vertex 6.340635e+01 3.753600e+01 1.928965e+01
         vertex 6.340635e+01 2.841128e+01 2.115248e+01
         vertex 6.340635e+01 2.879257e+01 2.166465e+01
      endloop
   endfacet
   facet normal -1.000000e+00 0.000000e+00 0.000000e+00
      outer loop
         vertex 6.340635e+01 2.911922e+01 2.351718e+01
         vertex 6.340635e+01 3.753600e+01 2.678965e+01
         vertex 6.340635e+01 2.915635e+01 2.287975e+01
      endloop
   endfacet
   facet normal -1.000000e+00 0.000000e+00 0.000000e+00
      outer loop
         vertex 6.340635e+01 2.915635e+01 2.287975e+01
         vertex 6.340635e+01 3.753600e+01 2.678965e+01
         vertex 6.340635e+01 3.753600e+01 1.928965e+01
      endloop
   endfacet
   facet normal -1.000000e+00 0.000000e+00 -0.000000e+00
      outer loop
         vertex 6.340635e+01 2.915635e+01 2.287975e+01
         vertex 6.340635e+01 3.753600e+01 1.928965e+01
         vertex 6.340635e+01 2.904547e+01 2.225094e+01
      endloop
   endfacet
   facet normal -1.000000e+00 0.000000e+00 -0.000000e+00
      outer loop
         vertex 6.340635e+01 2.904547e+01 2.225094e+01
         vertex 6.340635e+01 3.753600e+01 1.928965e+01
         vertex 6.340635e+01 2.879257e+01 2.166465e+01
      endloop
   endfacet
   facet normal -1.000000e+00 0.000000e+00 0.000000e+00
      outer loop
         vertex 6.340635e+01 2.911922e+01 2.351718e+01
         vertex 6.340635e+01 2.893609e+01 2.412887e+01
         vertex 6.340635e+01 3.753600e+01 2.678965e+01
      endloop
   endfacet
   facet normal -1.000000e+00 0.000000e+00 0.000000e+00
      outer loop
         vertex 6.340635e+01 3.753600e+01 2.678965e+01
         vertex 6.340635e+01 2.893609e+01 2.412887e+01
         vertex 6.340635e+01 2.861684e+01 2.468183e+01
      endloop
   endfacet
   facet normal -1.000000e+00 0.000000e+00 0.000000e+00
      outer loop
         vertex 6.340635e+01 3.753600e+01 2.678965e+01
         vertex 6.340635e+01 2.861684e+01 2.468183e+01
         vertex 6.340635e+01 2.817867e+01 2.514627e+01
      endloop
   endfacet
   facet normal -1.000000e+00 0.000000e+00 0.000000e+00
      outer loop
         vertex 6.340635e+01 2.764520e+01 2.549714e+01
         vertex 6.340635e+01 2.704519e+01 2.571552e+01
         vertex 6.340635e+01 2.583930e+01 2.678965e+01
      endloop
   endfacet
   facet normal -1.000000e+00 0.000000e+00 0.000000e+00
      outer loop
         vertex 6.340635e+01 2.583930e+01 2.678965e+01
         vertex 6.340635e+01 2.704519e+01 2.571552e+01
         vertex 6.340635e+01 2.641100e+01 2.578965e+01
      endloop
   endfacet
   facet normal -1.000000e+00 0.000000e+00 0.000000e+00
      outer loop
         vertex 6.340635e+01 2.583930e+01 2.678965e+01
         vertex 6.340635e+01 2.641100e+01 2.578965e+01
         vertex 6.340635e+01 2.583930e+01 2.572282e+01
      endloop
   endfacet
   facet normal -1.000000e+00 -0.000000e+00 0.000000e+00
      outer loop
         vertex 6.340635e+01 2.577681e+01 2.571552e+01
         vertex 6.340635e+01 2.517680e+01 2.549714e+01
         vertex 6.340635e+01 2.266100e+01 2.678965e+01
      endloop
   endfacet
   facet normal -1.000000e+00 0.000000e+00 -0.000000e+00
      outer loop
         vertex 6.340635e+01 2.402943e+01 2.166465e+01
         vertex 6.340635e+01 2.441072e+01 2.115248e+01
         vertex 6.340635e+01 2.266100e+01 1.928965e+01
      endloop
   endfacet
   facet normal -1.000000e+00 -0.000000e+00 0.000000e+00
      outer loop
         vertex 6.340635e+01 2.517680e+01 2.549714e+01
         vertex 6.340635e+01 2.464333e+01 2.514627e+01
         vertex 6.340635e+01 2.266100e+01 2.678965e+01
      endloop
   endfacet
   facet normal -1.000000e+00 0.000000e+00 0.000000e+00
      outer loop
         vertex 6.340635e+01 2.266100e+01 2.678965e+01
         vertex 6.340635e+01 2.464333e+01 2.514627e+01
         vertex 6.340635e+01 2.420516e+01 2.468183e+01
      endloop
   endfacet
   facet normal -1.000000e+00 0.000000e+00 0.000000e+00
      outer loop
         vertex 6.340635e+01 2.266100e+01 2.678965e+01
         vertex 6.340635e+01 2.420516e+01 2.468183e+01
         vertex 6.340635e+01 2.388591e+01 2.412887e+01
      endloop
   endfacet
   facet normal -1.000000e+00 -0.000000e+00 0.000000e+00
      outer loop
         vertex 6.340635e+01 2.388591e+01 2.412887e+01
         vertex 6.340635e+01 2.370278e+01 2.351718e+01
         vertex 6.340635e+01 2.266100e+01 2.678965e+01
      endloop
   endfacet
   facet normal -1.000000e+00 0.000000e+00 0.000000e+00
      outer loop
         vertex 6.340635e+01 2.266100e+01 2.678965e+01
         vertex 6.340635e+01 2.370278e+01 2.351718e+01
         vertex 6.340635e+01 2.366565e+01 2.287975e+01
      endloop
   endfacet
   facet normal -1.000000e+00 0.000000e+00 0.000000e+00
      outer loop
         vertex 6.340635e+01 2.266100e+01 2.678965e+01
         vertex 6.340635e+01 2.366565e+01 2.287975e+01
         vertex 6.340635e+01 2.266100e+01 1.928965e+01
      endloop
   endfacet
   facet normal -1.000000e+00 0.000000e+00 0.000000e+00
      outer loop
         vertex 6.340635e+01 2.266100e+01 1.928965e+01
         vertex 6.340635e+01 2.366565e+01 2.287975e+01
         vertex 6.340635e+01 2.377653e+01 2.225094e+01
      endloop
   endfacet
   facet normal -1.000000e+00 0.000000e+00 0.000000e+00
      outer loop
         vertex 6.340635e+01 2.266100e+01 1.928965e+01
         vertex 6.340635e+01 2.377653e+01 2.225094e+01
         vertex 6.340635e+01 2.402943e+01 2.166465e+01
      endloop
   endfacet
   facet normal -1.000000e+00 0.000000e+00 0.000000e+00
      outer loop
         vertex 6.340635e+01 2.489985e+01 2.074206e+01
         vertex 6.340635e+01 2.547044e+01 2.045549e+01
         vertex 6.340635e+01 2.583930e+01 1.928965e+01
      endloop
   endfacet
   facet normal -1.000000e+00 0.000000e+00 0.000000e+00
      outer loop
         vertex 6.340635e+01 2.583930e+01 1.928965e+01
         vertex 6.340635e+01 2.547044e+01 2.045549e+01
         vertex 6.340635e+01 2.583930e+01 2.036807e+01
      endloop
   endfacet
   facet normal -1.000000e+00 0.000000e+00 0.000000e+00
      outer loop
         vertex 6.340635e+01 2.583930e+01 1.928965e+01
         vertex 6.340635e+01 2.583930e+01 2.036807e+01
         vertex 6.340635e+01 2.609174e+01 2.030824e+01
      endloop
   endfacet
   facet normal -1.000000e+00 0.000000e+00 -0.000000e+00
      outer loop
         vertex 6.340635e+01 7.005360e+00 3.289625e+01
         vertex 6.340635e+01 7.243738e+00 3.258559e+01
         vertex 6.340635e+01 2.859998e-01 2.996795e+01
      endloop
   endfacet
   facet normal -1.000000e+00 0.000000e+00 0.000000e+00
      outer loop
         vertex 6.340635e+01 2.859998e-01 2.996795e+01
         vertex 6.340635e+01 7.243738e+00 3.258559e+01
         vertex 6.340635e+01 7.732699e+00 2.996795e+01
      endloop
   endfacet
   facet normal -1.000000e+00 0.000000e+00 0.000000e+00
      outer loop
         vertex 6.340635e+01 2.859998e-01 2.996795e+01
         vertex 6.340635e+01 7.732699e+00 2.996795e+01
         vertex 6.340635e+01 2.859998e-01 2.678965e+01
      endloop
   endfacet
   facet normal -1.000000e+00 0.000000e+00 0.000000e+00
      outer loop
         vertex 6.340635e+01 2.859998e-01 2.678965e+01
         vertex 6.340635e+01 7.732699e+00 2.996795e+01
         vertex 6.340635e+01 7.732699e+00 2.678965e+01
      endloop
   endfacet
   facet normal -1.000000e+00 0.000000e+00 0.000000e+00
      outer loop
         vertex 6.340635e+01 2.859998e-01 2.678965e+01
         vertex 6.340635e+01 7.732699e+00 2.678965e+01
         vertex 6.340635e+01 2.859998e-01 1.928965e+01
      endloop
   endfacet
   facet normal -1.000000e+00 0.000000e+00 0.000000e+00
      outer loop
         vertex 6.340635e+01 2.859998e-01 1.928965e+01
         vertex 6.340635e+01 7.732699e+00 2.678965e+01
         vertex 6.340635e+01 7.732699e+00 1.928965e+01
      endloop
   endfacet
   facet normal -1.000000e+00 -0.000000e+00 0.000000e+00
      outer loop
         vertex 6.340635e+01 1.616565e+01 1.537975e+01
         vertex 6.340635e+01 1.516100e+01 8.477942e+00
         vertex 6.340635e+01 1.516100e+01 1.611135e+01
      endloop
   endfacet
   facet normal -1.000000e+00 0.000000e+00 -0.000000e+00
      outer loop
         vertex 6.340635e+01 1.516100e+01 1.611135e+01
         vertex 6.340635e+01 1.516100e+01 8.477942e+00
         vertex 6.340635e+01 1.198270e+01 8.477942e+00
      endloop
   endfacet
   facet normal -1.000000e+00 -0.000000e+00 0.000000e+00
      outer loop
         vertex 6.340635e+01 1.516100e+01 1.611135e+01
         vertex 6.340635e+01 1.198270e+01 8.477942e+00
         vertex 6.340635e+01 1.198270e+01 1.611135e+01
      endloop
   endfacet
   facet normal -1.000000e+00 0.000000e+00 -0.000000e+00
      outer loop
         vertex 6.340635e+01 1.198270e+01 1.611135e+01
         vertex 6.340635e+01 1.198270e+01 8.477942e+00
         vertex 6.340635e+01 9.753287e+00 1.204482e+01
      endloop
   endfacet
   facet normal -1.000000e+00 0.000000e+00 0.000000e+00
      outer loop
         vertex 6.340635e+01 1.198270e+01 1.611135e+01
         vertex 6.340635e+01 9.753287e+00 1.204482e+01
         vertex 6.340635e+01 9.804398e+00 1.243304e+01
      endloop
   endfacet
   facet normal -1.000000e+00 -0.000000e+00 0.000000e+00
      outer loop
         vertex 6.340635e+01 1.638591e+01 1.662887e+01
         vertex 6.340635e+01 1.516100e+01 1.611135e+01
         vertex 6.340635e+01 1.516100e+01 1.928965e+01
      endloop
   endfacet
   facet normal -1.000000e+00 0.000000e+00 -0.000000e+00
      outer loop
         vertex 6.340635e+01 1.516100e+01 1.928965e+01
         vertex 6.340635e+01 1.516100e+01 1.611135e+01
         vertex 6.340635e+01 1.198270e+01 1.611135e+01
      endloop
   endfacet
   facet normal -1.000000e+00 -0.000000e+00 0.000000e+00
      outer loop
         vertex 6.340635e+01 1.516100e+01 1.928965e+01
         vertex 6.340635e+01 1.198270e+01 1.611135e+01
         vertex 6.340635e+01 1.198270e+01 1.928965e+01
      endloop
   endfacet
   facet normal -1.000000e+00 0.000000e+00 -0.000000e+00
      outer loop
         vertex 6.340635e+01 1.198270e+01 1.928965e+01
         vertex 6.340635e+01 1.198270e+01 1.611135e+01
         vertex 6.340635e+01 7.732699e+00 1.611135e+01
      endloop
   endfacet
   facet normal -1.000000e+00 -0.000000e+00 0.000000e+00
      outer loop
         vertex 6.340635e+01 1.198270e+01 1.928965e+01
         vertex 6.340635e+01 7.732699e+00 1.611135e+01
         vertex 6.340635e+01 7.732699e+00 1.928965e+01
      endloop
   endfacet
   facet normal -1.000000e+00 0.000000e+00 -0.000000e+00
      outer loop
         vertex 6.340635e+01 7.732699e+00 1.928965e+01
         vertex 6.340635e+01 7.732699e+00 1.611135e+01
         vertex 6.340635e+01 2.859998e-01 1.611135e+01
      endloop
   endfacet
   facet normal -1.000000e+00 -0.000000e+00 0.000000e+00
      outer loop
         vertex 6.340635e+01 7.732699e+00 1.928965e+01
         vertex 6.340635e+01 2.859998e-01 1.611135e+01
         vertex 6.340635e+01 2.859998e-01 1.928965e+01
      endloop
   endfacet
   facet normal -1.000000e+00 -0.000000e+00 -0.000000e+00
      outer loop
         vertex 6.340635e+01 1.623826e+01 2.996795e+01
         vertex 6.340635e+01 1.627653e+01 2.975094e+01
         vertex 6.340635e+01 1.516100e+01 2.996795e+01
      endloop
   endfacet
   facet normal -1.000000e+00 0.000000e+00 0.000000e+00
      outer loop
         vertex 6.340635e+01 1.516100e+01 2.996795e+01
         vertex 6.340635e+01 1.627653e+01 2.975094e+01
         vertex 6.340635e+01 1.516100e+01 2.678965e+01
      endloop
   endfacet
   facet normal -1.000000e+00 0.000000e+00 -0.000000e+00
      outer loop
         vertex 6.340635e+01 1.516100e+01 2.996795e+01
         vertex 6.340635e+01 1.516100e+01 2.678965e+01
         vertex 6.340635e+01 1.198270e+01 2.678965e+01
      endloop
   endfacet
   facet normal -1.000000e+00 0.000000e+00 0.000000e+00
      outer loop
         vertex 6.340635e+01 1.198270e+01 2.678965e+01
         vertex 6.340635e+01 1.516100e+01 2.678965e+01
         vertex 6.340635e+01 1.264520e+01 2.549714e+01
      endloop
   endfacet
   facet normal -1.000000e+00 0.000000e+00 0.000000e+00
      outer loop
         vertex 6.340635e+01 1.198270e+01 2.678965e+01
         vertex 6.340635e+01 1.264520e+01 2.549714e+01
         vertex 6.340635e+01 1.204519e+01 2.571552e+01
      endloop
   endfacet
   facet normal -1.000000e+00 -0.000000e+00 0.000000e+00
      outer loop
         vertex 6.340635e+01 1.670516e+01 3.218183e+01
         vertex 6.340635e+01 1.638591e+01 3.162887e+01
         vertex 6.340635e+01 1.516100e+01 3.421795e+01
      endloop
   endfacet
   facet normal -1.000000e+00 0.000000e+00 0.000000e+00
      outer loop
         vertex 6.340635e+01 1.516100e+01 3.421795e+01
         vertex 6.340635e+01 1.638591e+01 3.162887e+01
         vertex 6.340635e+01 1.516100e+01 2.996795e+01
      endloop
   endfacet
   facet normal -1.000000e+00 0.000000e+00 -0.000000e+00
      outer loop
         vertex 6.340635e+01 1.516100e+01 3.421795e+01
         vertex 6.340635e+01 1.516100e+01 2.996795e+01
         vertex 6.340635e+01 1.198270e+01 2.996795e+01
      endloop
   endfacet
   facet normal -1.000000e+00 0.000000e+00 0.000000e+00
      outer loop
         vertex 6.340635e+01 1.198270e+01 2.996795e+01
         vertex 6.340635e+01 1.516100e+01 2.996795e+01
         vertex 6.340635e+01 1.198270e+01 2.678965e+01
      endloop
   endfacet
   facet normal -1.000000e+00 0.000000e+00 -0.000000e+00
      outer loop
         vertex 6.340635e+01 1.198270e+01 2.996795e+01
         vertex 6.340635e+01 1.198270e+01 2.678965e+01
         vertex 6.340635e+01 7.732699e+00 2.678965e+01
      endloop
   endfacet
   facet normal -1.000000e+00 0.000000e+00 0.000000e+00
      outer loop
         vertex 6.340635e+01 7.732699e+00 2.678965e+01
         vertex 6.340635e+01 1.198270e+01 2.678965e+01
         vertex 6.340635e+01 1.141100e+01 2.578965e+01
      endloop
   endfacet
   facet normal -1.000000e+00 0.000000e+00 0.000000e+00
      outer loop
         vertex 6.340635e+01 7.732699e+00 2.678965e+01
         vertex 6.340635e+01 1.141100e+01 2.578965e+01
         vertex 6.340635e+01 1.077681e+01 2.571552e+01
      endloop
   endfacet
   facet normal -1.000000e+00 0.000000e+00 -0.000000e+00
      outer loop
         vertex 6.340635e+01 1.859174e+01 2.780824e+01
         vertex 6.340635e+01 1.923025e+01 2.780824e+01
         vertex 6.340635e+01 1.516100e+01 2.678965e+01
      endloop
   endfacet
   facet normal -1.000000e+00 0.000000e+00 0.000000e+00
      outer loop
         vertex 6.340635e+01 1.516100e+01 2.678965e+01
         vertex 6.340635e+01 1.923025e+01 2.780824e+01
         vertex 6.340635e+01 2.266100e+01 2.678965e+01
      endloop
   endfacet
   facet normal -1.000000e+00 0.000000e+00 0.000000e+00
      outer loop
         vertex 6.340635e+01 1.516100e+01 2.678965e+01
         vertex 6.340635e+01 2.266100e+01 2.678965e+01
         vertex 6.340635e+01 1.516100e+01 1.928965e+01
      endloop
   endfacet
   facet normal -1.000000e+00 0.000000e+00 0.000000e+00
      outer loop
         vertex 6.340635e+01 1.516100e+01 1.928965e+01
         vertex 6.340635e+01 2.266100e+01 2.678965e+01
         vertex 6.340635e+01 2.266100e+01 1.928965e+01
      endloop
   endfacet
   facet normal -1.000000e+00 0.000000e+00 0.000000e+00
      outer loop
         vertex 6.340635e+01 1.516100e+01 1.928965e+01
         vertex 6.340635e+01 2.266100e+01 1.928965e+01
         vertex 6.340635e+01 1.891100e+01 1.828965e+01
      endloop
   endfacet
   facet normal -1.000000e+00 0.000000e+00 0.000000e+00
      outer loop
         vertex 6.340635e+01 1.891100e+01 1.828965e+01
         vertex 6.340635e+01 2.266100e+01 1.928965e+01
         vertex 6.340635e+01 1.954519e+01 1.821552e+01
      endloop
   endfacet
   facet normal -1.000000e+00 0.000000e+00 -0.000000e+00
      outer loop
         vertex 6.340635e+01 2.441072e+01 2.115248e+01
         vertex 6.340635e+01 2.489985e+01 2.074206e+01
         vertex 6.340635e+01 2.266100e+01 1.928965e+01
      endloop
   endfacet
   facet normal -1.000000e+00 0.000000e+00 0.000000e+00
      outer loop
         vertex 6.340635e+01 2.266100e+01 1.928965e+01
         vertex 6.340635e+01 2.489985e+01 2.074206e+01
         vertex 6.340635e+01 2.583930e+01 1.928965e+01
      endloop
   endfacet
   facet normal -1.000000e+00 0.000000e+00 0.000000e+00
      outer loop
         vertex 6.340635e+01 2.266100e+01 1.928965e+01
         vertex 6.340635e+01 2.583930e+01 1.928965e+01
         vertex 6.340635e+01 2.266100e+01 1.611135e+01
      endloop
   endfacet
   facet normal -1.000000e+00 0.000000e+00 0.000000e+00
      outer loop
         vertex 6.340635e+01 2.266100e+01 1.611135e+01
         vertex 6.340635e+01 2.583930e+01 1.928965e+01
         vertex 6.340635e+01 2.583930e+01 1.611135e+01
      endloop
   endfacet
   facet normal -1.000000e+00 0.000000e+00 0.000000e+00
      outer loop
         vertex 6.340635e+01 2.266100e+01 1.611135e+01
         vertex 6.340635e+01 2.583930e+01 1.611135e+01
         vertex 6.340635e+01 2.266100e+01 8.477942e+00
      endloop
   endfacet
   facet normal -1.000000e+00 0.000000e+00 0.000000e+00
      outer loop
         vertex 6.340635e+01 2.266100e+01 8.477942e+00
         vertex 6.340635e+01 2.583930e+01 1.611135e+01
         vertex 6.340635e+01 2.583930e+01 8.477942e+00
      endloop
   endfacet
   facet normal -1.000000e+00 0.000000e+00 0.000000e+00
      outer loop
         vertex 6.340635e+01 2.266100e+01 3.421795e+01
         vertex 6.340635e+01 2.583930e+01 3.421795e+01
         vertex 6.340635e+01 2.266100e+01 2.996795e+01
      endloop
   endfacet
   facet normal -1.000000e+00 0.000000e+00 0.000000e+00
      outer loop
         vertex 6.340635e+01 2.266100e+01 2.996795e+01
         vertex 6.340635e+01 2.583930e+01 3.421795e+01
         vertex 6.340635e+01 2.583930e+01 2.996795e+01
      endloop
   endfacet
   facet normal -1.000000e+00 0.000000e+00 0.000000e+00
      outer loop
         vertex 6.340635e+01 2.266100e+01 2.996795e+01
         vertex 6.340635e+01 2.583930e+01 2.996795e+01
         vertex 6.340635e+01 2.266100e+01 2.678965e+01
      endloop
   endfacet
   facet normal -1.000000e+00 0.000000e+00 0.000000e+00
      outer loop
         vertex 6.340635e+01 2.266100e+01 2.678965e+01
         vertex 6.340635e+01 2.583930e+01 2.996795e+01
         vertex 6.340635e+01 2.583930e+01 2.678965e+01
      endloop
   endfacet
   facet normal -1.000000e+00 0.000000e+00 0.000000e+00
      outer loop
         vertex 6.340635e+01 2.266100e+01 2.678965e+01
         vertex 6.340635e+01 2.583930e+01 2.678965e+01
         vertex 6.340635e+01 2.577681e+01 2.571552e+01
      endloop
   endfacet
   facet normal -1.000000e+00 0.000000e+00 0.000000e+00
      outer loop
         vertex 6.340635e+01 2.577681e+01 2.571552e+01
         vertex 6.340635e+01 2.583930e+01 2.678965e+01
         vertex 6.340635e+01 2.583930e+01 2.572282e+01
      endloop
   endfacet
   facet normal -1.000000e+00 -0.000000e+00 0.000000e+00
      outer loop
         vertex 6.340635e+01 2.821856e+01 3.439625e+01
         vertex 6.340635e+01 2.583930e+01 3.421795e+01
         vertex 6.340635e+01 2.583930e+01 3.760135e+01
      endloop
   endfacet
   facet normal -1.000000e+00 0.000000e+00 -0.000000e+00
      outer loop
         vertex 6.340635e+01 2.583930e+01 3.760135e+01
         vertex 6.340635e+01 2.583930e+01 3.421795e+01
         vertex 6.340635e+01 2.266100e+01 3.421795e+01
      endloop
   endfacet
   facet normal -1.000000e+00 -0.000000e+00 0.000000e+00
      outer loop
         vertex 6.340635e+01 2.583930e+01 3.760135e+01
         vertex 6.340635e+01 2.266100e+01 3.421795e+01
         vertex 6.340635e+01 2.266100e+01 3.760135e+01
      endloop
   endfacet
   facet normal -1.000000e+00 0.000000e+00 -0.000000e+00
      outer loop
         vertex 6.340635e+01 2.266100e+01 3.760135e+01
         vertex 6.340635e+01 2.266100e+01 3.421795e+01
         vertex 6.340635e+01 1.516100e+01 3.421795e+01
      endloop
   endfacet
   facet normal -1.000000e+00 -0.000000e+00 0.000000e+00
      outer loop
         vertex 6.340635e+01 2.266100e+01 3.760135e+01
         vertex 6.340635e+01 1.516100e+01 3.421795e+01
         vertex 6.340635e+01 1.516100e+01 3.760135e+01
      endloop
   endfacet
   facet normal -1.000000e+00 0.000000e+00 -0.000000e+00
      outer loop
         vertex 6.340635e+01 1.516100e+01 3.760135e+01
         vertex 6.340635e+01 1.516100e+01 3.421795e+01
         vertex 6.340635e+01 1.198270e+01 3.421795e+01
      endloop
   endfacet
   facet normal -1.000000e+00 -0.000000e+00 0.000000e+00
      outer loop
         vertex 6.340635e+01 1.516100e+01 3.760135e+01
         vertex 6.340635e+01 1.198270e+01 3.421795e+01
         vertex 6.340635e+01 1.198270e+01 3.760135e+01
      endloop
   endfacet
   facet normal -1.000000e+00 0.000000e+00 -0.000000e+00
      outer loop
         vertex 6.340635e+01 1.198270e+01 3.760135e+01
         vertex 6.340635e+01 1.198270e+01 3.421795e+01
         vertex 6.340635e+01 9.677291e+00 3.421795e+01
      endloop
   endfacet
   facet normal -1.000000e+00 0.000000e+00 0.000000e+00
      outer loop
         vertex 6.340635e+01 1.198270e+01 3.760135e+01
         vertex 6.340635e+01 9.677291e+00 3.421795e+01
         vertex 6.340635e+01 9.603435e+00 3.439625e+01
      endloop
   endfacet
   facet normal -1.000000e+00 0.000000e+00 -0.000000e+00
      outer loop
         vertex 6.340635e+01 2.609174e+01 2.030824e+01
         vertex 6.340635e+01 2.673026e+01 2.030824e+01
         vertex 6.340635e+01 2.583930e+01 1.928965e+01
      endloop
   endfacet
   facet normal -1.000000e+00 0.000000e+00 0.000000e+00
      outer loop
         vertex 6.340635e+01 2.583930e+01 1.928965e+01
         vertex 6.340635e+01 2.673026e+01 2.030824e+01
         vertex 6.340635e+01 3.753600e+01 1.928965e+01
      endloop
   endfacet
   facet normal -1.000000e+00 0.000000e+00 0.000000e+00
      outer loop
         vertex 6.340635e+01 2.583930e+01 1.928965e+01
         vertex 6.340635e+01 3.753600e+01 1.928965e+01
         vertex 6.340635e+01 2.583930e+01 1.611135e+01
      endloop
   endfacet
   facet normal -1.000000e+00 0.000000e+00 0.000000e+00
      outer loop
         vertex 6.340635e+01 2.583930e+01 1.611135e+01
         vertex 6.340635e+01 3.753600e+01 1.928965e+01
         vertex 6.340635e+01 3.753600e+01 1.611135e+01
      endloop
   endfacet
   facet normal -1.000000e+00 0.000000e+00 0.000000e+00
      outer loop
         vertex 6.340635e+01 2.583930e+01 1.611135e+01
         vertex 6.340635e+01 3.753600e+01 1.611135e+01
         vertex 6.340635e+01 2.990583e+01 1.388193e+01
      endloop
   endfacet
   facet normal -1.000000e+00 0.000000e+00 0.000000e+00
      outer loop
         vertex 6.340635e+01 2.990583e+01 1.388193e+01
         vertex 6.340635e+01 3.753600e+01 1.611135e+01
         vertex 6.340635e+01 3.026760e+01 1.373208e+01
      endloop
   endfacet
   facet normal -1.000000e+00 0.000000e+00 -0.000000e+00
      outer loop
         vertex 6.340635e+01 2.912937e+01 3.219736e+01
         vertex 6.340635e+01 2.951760e+01 3.214625e+01
         vertex 6.340635e+01 2.583930e+01 2.996795e+01
      endloop
   endfacet
   facet normal -1.000000e+00 0.000000e+00 0.000000e+00
      outer loop
         vertex 6.340635e+01 2.583930e+01 2.996795e+01
         vertex 6.340635e+01 2.951760e+01 3.214625e+01
         vertex 6.340635e+01 3.753600e+01 2.996795e+01
      endloop
   endfacet
   facet normal -1.000000e+00 0.000000e+00 0.000000e+00
      outer loop
         vertex 6.340635e+01 2.583930e+01 2.996795e+01
         vertex 6.340635e+01 3.753600e+01 2.996795e+01
         vertex 6.340635e+01 2.583930e+01 2.678965e+01
      endloop
   endfacet
   facet normal -1.000000e+00 0.000000e+00 0.000000e+00
      outer loop
         vertex 6.340635e+01 2.583930e+01 2.678965e+01
         vertex 6.340635e+01 3.753600e+01 2.996795e+01
         vertex 6.340635e+01 3.753600e+01 2.678965e+01
      endloop
   endfacet
   facet normal -1.000000e+00 0.000000e+00 0.000000e+00
      outer loop
         vertex 6.340635e+01 2.583930e+01 2.678965e+01
         vertex 6.340635e+01 3.753600e+01 2.678965e+01
         vertex 6.340635e+01 2.764520e+01 2.549714e+01
      endloop
   endfacet
   facet normal -1.000000e+00 0.000000e+00 0.000000e+00
      outer loop
         vertex 6.340635e+01 2.764520e+01 2.549714e+01
         vertex 6.340635e+01 3.753600e+01 2.678965e+01
         vertex 6.340635e+01 2.817867e+01 2.514627e+01
      endloop
   endfacet
   facet normal 1.000000e+00 0.000000e+00 -0.000000e+00
      outer loop
         vertex 6.890635e+01 1.826231e+01 1.210888e+01
         vertex 6.890635e+01 1.891100e+01 1.308965e+01
         vertex 6.890635e+01 1.697405e+01 1.226232e+01
      endloop
   endfacet
   facet normal 1.000000e+00 0.000000e+00 0.000000e+00
      outer loop
         vertex 6.890635e+01 1.697405e+01 1.226232e+01
         vertex 6.890635e+01 1.891100e+01 1.308965e+01
         vertex 6.890635e+01 1.766393e+01 1.316810e+01
      endloop
   endfacet
   facet normal 1.000000e+00 0.000000e+00 -0.000000e+00
      outer loop
         vertex 6.890635e+01 1.697405e+01 1.226232e+01
         vertex 6.890635e+01 1.766393e+01 1.316810e+01
         vertex 6.890635e+01 1.571298e+01 1.256706e+01
      endloop
   endfacet
   facet normal 1.000000e+00 0.000000e+00 0.000000e+00
      outer loop
         vertex 6.890635e+01 1.571298e+01 1.256706e+01
         vertex 6.890635e+01 1.766393e+01 1.316810e+01
         vertex 6.890635e+01 1.643653e+01 1.340224e+01
      endloop
   endfacet
   facet normal 1.000000e+00 0.000000e+00 -0.000000e+00
      outer loop
         vertex 6.890635e+01 1.571298e+01 1.256706e+01
         vertex 6.890635e+01 1.643653e+01 1.340224e+01
         vertex 6.890635e+01 1.449680e+01 1.301880e+01
      endloop
   endfacet
   facet normal 1.000000e+00 0.000000e+00 0.000000e+00
      outer loop
         vertex 6.890635e+01 1.449680e+01 1.301880e+01
         vertex 6.890635e+01 1.643653e+01 1.340224e+01
         vertex 6.890635e+01 1.524816e+01 1.378837e+01
      endloop
   endfacet
   facet normal 1.000000e+00 0.000000e+00 -0.000000e+00
      outer loop
         vertex 6.890635e+01 1.449680e+01 1.301880e+01
         vertex 6.890635e+01 1.524816e+01 1.378837e+01
         vertex 6.890635e+01 1.334258e+01 1.361122e+01
      endloop
   endfacet
   facet normal 1.000000e+00 0.000000e+00 0.000000e+00
      outer loop
         vertex 6.890635e+01 1.334258e+01 1.361122e+01
         vertex 6.890635e+01 1.524816e+01 1.378837e+01
         vertex 6.890635e+01 1.411755e+01 1.432039e+01
      endloop
   endfacet
   facet normal 1.000000e+00 0.000000e+00 -0.000000e+00
      outer loop
         vertex 6.890635e+01 1.334258e+01 1.361122e+01
         vertex 6.890635e+01 1.411755e+01 1.432039e+01
         vertex 6.890635e+01 1.226654e+01 1.433599e+01
      endloop
   endfacet
   facet normal 1.000000e+00 -0.000000e+00 0.000000e+00
      outer loop
         vertex 6.890635e+01 1.226654e+01 1.433599e+01
         vertex 6.890635e+01 1.411755e+01 1.432039e+01
         vertex 6.890635e+01 1.306254e+01 1.498993e+01
      endloop
   endfacet
   facet normal 1.000000e+00 0.000000e+00 -0.000000e+00
      outer loop
         vertex 6.890635e+01 1.226654e+01 1.433599e+01
         vertex 6.890635e+01 1.306254e+01 1.498993e+01
         vertex 6.890635e+01 1.128377e+01 1.518294e+01
      endloop
   endfacet
   facet normal 1.000000e+00 -0.000000e+00 0.000000e+00
      outer loop
         vertex 6.890635e+01 1.128377e+01 1.518294e+01
         vertex 6.890635e+01 1.306254e+01 1.498993e+01
         vertex 6.890635e+01 1.209976e+01 1.578641e+01
      endloop
   endfacet
   facet normal 1.000000e+00 0.000000e+00 -0.000000e+00
      outer loop
         vertex 6.890635e+01 1.128377e+01 1.518294e+01
         vertex 6.890635e+01 1.209976e+01 1.578641e+01
         vertex 6.890635e+01 1.040806e+01 1.614018e+01
      endloop
   endfacet
   facet normal 1.000000e+00 -0.000000e+00 0.000000e+00
      outer loop
         vertex 6.890635e+01 1.040806e+01 1.614018e+01
         vertex 6.890635e+01 1.209976e+01 1.578641e+01
         vertex 6.890635e+01 1.124439e+01 1.669728e+01
      endloop
   endfacet
   facet normal 1.000000e+00 0.000000e+00 -0.000000e+00
      outer loop
         vertex 6.890635e+01 1.040806e+01 1.614018e+01
         vertex 6.890635e+01 1.124439e+01 1.669728e+01
         vertex 6.890635e+01 9.651724e+00 1.719428e+01
      endloop
   endfacet
   facet normal 1.000000e+00 -0.000000e+00 0.000000e+00
      outer loop
         vertex 6.890635e+01 9.651724e+00 1.719428e+01
         vertex 6.890635e+01 1.124439e+01 1.669728e+01
         vertex 6.890635e+01 1.050994e+01 1.770817e+01
      endloop
   endfacet
   facet normal 1.000000e+00 0.000000e+00 -0.000000e+00
      outer loop
         vertex 6.890635e+01 9.651724e+00 1.719428e+01
         vertex 6.890635e+01 1.050994e+01 1.770817e+01
         vertex 6.890635e+01 9.025363e+00 1.833043e+01
      endloop
   endfacet
   facet normal 1.000000e+00 -0.000000e+00 0.000000e+00
      outer loop
         vertex 6.890635e+01 9.025363e+00 1.833043e+01
         vertex 6.890635e+01 1.050994e+01 1.770817e+01
         vertex 6.890635e+01 9.907970e+00 1.880314e+01
      endloop
   endfacet
   facet normal 1.000000e+00 0.000000e+00 -0.000000e+00
      outer loop
         vertex 6.890635e+01 9.025363e+00 1.833043e+01
         vertex 6.890635e+01 9.907970e+00 1.880314e+01
         vertex 6.890635e+01 8.537777e+00 1.953269e+01
      endloop
   endfacet
   facet normal 1.000000e+00 -0.000000e+00 0.000000e+00
      outer loop
         vertex 6.890635e+01 8.537777e+00 1.953269e+01
         vertex 6.890635e+01 9.907970e+00 1.880314e+01
         vertex 6.890635e+01 9.447988e+00 1.996493e+01
      endloop
   endfacet
   facet normal 1.000000e+00 0.000000e+00 -0.000000e+00
      outer loop
         vertex 6.890635e+01 8.537777e+00 1.953269e+01
         vertex 6.890635e+01 9.447988e+00 1.996493e+01
         vertex 6.890635e+01 8.195806e+00 2.078418e+01
      endloop
   endfacet
   facet normal 1.000000e+00 -0.000000e+00 0.000000e+00
      outer loop
         vertex 6.890635e+01 8.195806e+00 2.078418e+01
         vertex 6.890635e+01 9.447988e+00 1.996493e+01
         vertex 6.890635e+01 9.137241e+00 2.117520e+01
      endloop
   endfacet
   facet normal 1.000000e+00 0.000000e+00 -0.000000e+00
      outer loop
         vertex 6.890635e+01 8.195806e+00 2.078418e+01
         vertex 6.890635e+01 9.137241e+00 2.117520e+01
         vertex 6.890635e+01 8.004254e+00 2.206733e+01
      endloop
   endfacet
   facet normal 1.000000e+00 -0.000000e+00 0.000000e+00
      outer loop
         vertex 6.890635e+01 8.004254e+00 2.206733e+01
         vertex 6.890635e+01 9.137241e+00 2.117520e+01
         vertex 6.890635e+01 8.980634e+00 2.241488e+01
      endloop
   endfacet
   facet normal 1.000000e+00 0.000000e+00 -0.000000e+00
      outer loop
         vertex 6.890635e+01 8.004254e+00 2.206733e+01
         vertex 6.890635e+01 8.980634e+00 2.241488e+01
         vertex 6.890635e+01 7.965809e+00 2.336413e+01
      endloop
   endfacet
   facet normal 1.000000e+00 -0.000000e+00 0.000000e+00
      outer loop
         vertex 6.890635e+01 7.965809e+00 2.336413e+01
         vertex 6.890635e+01 8.980634e+00 2.241488e+01
         vertex 6.890635e+01 8.980634e+00 2.366441e+01
      endloop
   endfacet
   facet normal 1.000000e+00 0.000000e+00 0.000000e+00
      outer loop
         vertex 6.890635e+01 7.965809e+00 2.336413e+01
         vertex 6.890635e+01 8.980634e+00 2.366441e+01
         vertex 6.890635e+01 8.081010e+00 2.465638e+01
      endloop
   endfacet
   facet normal 1.000000e+00 -0.000000e+00 0.000000e+00
      outer loop
         vertex 6.890635e+01 8.081010e+00 2.465638e+01
         vertex 6.890635e+01 8.980634e+00 2.366441e+01
         vertex 6.890635e+01 9.137241e+00 2.490409e+01
      endloop
   endfacet
   facet normal 1.000000e+00 0.000000e+00 0.000000e+00
      outer loop
         vertex 6.890635e+01 8.081010e+00 2.465638e+01
         vertex 6.890635e+01 9.137241e+00 2.490409e+01
         vertex 6.890635e+01 8.348240e+00 2.592593e+01
      endloop
   endfacet
   facet normal 1.000000e+00 -0.000000e+00 0.000000e+00
      outer loop
         vertex 6.890635e+01 8.348240e+00 2.592593e+01
         vertex 6.890635e+01 9.137241e+00 2.490409e+01
         vertex 6.890635e+01 9.447988e+00 2.611437e+01
      endloop
   endfacet
   facet normal 1.000000e+00 0.000000e+00 0.000000e+00
      outer loop
         vertex 6.890635e+01 8.348240e+00 2.592593e+01
         vertex 6.890635e+01 9.447988e+00 2.611437e+01
         vertex 6.890635e+01 8.763749e+00 2.715496e+01
      endloop
   endfacet
   facet normal 1.000000e+00 -0.000000e+00 0.000000e+00
      outer loop
         vertex 6.890635e+01 8.763749e+00 2.715496e+01
         vertex 6.890635e+01 9.447988e+00 2.611437e+01
         vertex 6.890635e+01 9.907970e+00 2.727615e+01
      endloop
   endfacet
   facet normal 1.000000e+00 0.000000e+00 0.000000e+00
      outer loop
         vertex 6.890635e+01 8.763749e+00 2.715496e+01
         vertex 6.890635e+01 9.907970e+00 2.727615e+01
         vertex 6.890635e+01 9.321703e+00 2.832622e+01
      endloop
   endfacet
   facet normal 1.000000e+00 -0.000000e+00 0.000000e+00
      outer loop
         vertex 6.890635e+01 9.321703e+00 2.832622e+01
         vertex 6.890635e+01 9.907970e+00 2.727615e+01
         vertex 6.890635e+01 1.050994e+01 2.837112e+01
      endloop
   endfacet
   facet normal 1.000000e+00 0.000000e+00 -0.000000e+00
      outer loop
         vertex 6.890635e+01 2.731206e+01 2.837112e+01
         vertex 6.890635e+01 2.780773e+01 2.942327e+01
         vertex 6.890635e+01 2.657761e+01 2.938202e+01
      endloop
   endfacet
   facet normal 1.000000e+00 0.000000e+00 0.000000e+00
      outer loop
         vertex 6.890635e+01 2.657761e+01 2.938202e+01
         vertex 6.890635e+01 2.780773e+01 2.942327e+01
         vertex 6.890635e+01 2.699027e+01 3.043071e+01
      endloop
   endfacet
   facet normal 1.000000e+00 0.000000e+00 -0.000000e+00
      outer loop
         vertex 6.890635e+01 2.657761e+01 2.938202e+01
         vertex 6.890635e+01 2.699027e+01 3.043071e+01
         vertex 6.890635e+01 2.572224e+01 3.029288e+01
      endloop
   endfacet
   facet normal 1.000000e+00 0.000000e+00 0.000000e+00
      outer loop
         vertex 6.890635e+01 2.572224e+01 3.029288e+01
         vertex 6.890635e+01 2.699027e+01 3.043071e+01
         vertex 6.890635e+01 2.605940e+01 3.133439e+01
      endloop
   endfacet
   facet normal 1.000000e+00 0.000000e+00 -0.000000e+00
      outer loop
         vertex 6.890635e+01 2.572224e+01 3.029288e+01
         vertex 6.890635e+01 2.605940e+01 3.133439e+01
         vertex 6.890635e+01 2.475946e+01 3.108937e+01
      endloop
   endfacet
   facet normal 1.000000e+00 0.000000e+00 0.000000e+00
      outer loop
         vertex 6.890635e+01 2.475946e+01 3.108937e+01
         vertex 6.890635e+01 2.605940e+01 3.133439e+01
         vertex 6.890635e+01 2.502818e+01 3.212164e+01
      endloop
   endfacet
   facet normal 1.000000e+00 0.000000e+00 -0.000000e+00
      outer loop
         vertex 6.890635e+01 2.475946e+01 3.108937e+01
         vertex 6.890635e+01 2.502818e+01 3.212164e+01
         vertex 6.890635e+01 2.370445e+01 3.175890e+01
      endloop
   endfacet
   facet normal 1.000000e+00 0.000000e+00 0.000000e+00
      outer loop
         vertex 6.890635e+01 2.370445e+01 3.175890e+01
         vertex 6.890635e+01 2.502818e+01 3.212164e+01
         vertex 6.890635e+01 2.391109e+01 3.278139e+01
      endloop
   endfacet
   facet normal 1.000000e+00 0.000000e+00 -0.000000e+00
      outer loop
         vertex 6.890635e+01 2.370445e+01 3.175890e+01
         vertex 6.890635e+01 2.391109e+01 3.278139e+01
         vertex 6.890635e+01 2.257384e+01 3.229092e+01
      endloop
   endfacet
   facet normal 1.000000e+00 0.000000e+00 0.000000e+00
      outer loop
         vertex 6.890635e+01 2.257384e+01 3.229092e+01
         vertex 6.890635e+01 2.391109e+01 3.278139e+01
         vertex 6.890635e+01 2.272381e+01 3.330439e+01
      endloop
   endfacet
   facet normal 1.000000e+00 0.000000e+00 -0.000000e+00
      outer loop
         vertex 6.890635e+01 2.257384e+01 3.229092e+01
         vertex 6.890635e+01 2.272381e+01 3.330439e+01
         vertex 6.890635e+01 2.138546e+01 3.267705e+01
      endloop
   endfacet
   facet normal 1.000000e+00 0.000000e+00 0.000000e+00
      outer loop
         vertex 6.890635e+01 2.138546e+01 3.267705e+01
         vertex 6.890635e+01 2.272381e+01 3.330439e+01
         vertex 6.890635e+01 2.148300e+01 3.368330e+01
      endloop
   endfacet
   facet normal 1.000000e+00 0.000000e+00 -0.000000e+00
      outer loop
         vertex 6.890635e+01 2.138546e+01 3.267705e+01
         vertex 6.890635e+01 2.148300e+01 3.368330e+01
         vertex 6.890635e+01 2.015807e+01 3.291119e+01
      endloop
   endfacet
   facet normal 1.000000e+00 0.000000e+00 0.000000e+00
      outer loop
         vertex 6.890635e+01 2.015807e+01 3.291119e+01
         vertex 6.890635e+01 2.148300e+01 3.368330e+01
         vertex 6.890635e+01 2.020609e+01 3.391279e+01
      endloop
   endfacet
   facet normal 1.000000e+00 0.000000e+00 -0.000000e+00
      outer loop
         vertex 6.890635e+01 2.015807e+01 3.291119e+01
         vertex 6.890635e+01 2.020609e+01 3.391279e+01
         vertex 6.890635e+01 1.891100e+01 3.298965e+01
      endloop
   endfacet
   facet normal 1.000000e+00 0.000000e+00 0.000000e+00
      outer loop
         vertex 6.890635e+01 1.891100e+01 3.298965e+01
         vertex 6.890635e+01 2.020609e+01 3.391279e+01
         vertex 6.890635e+01 1.891100e+01 3.398965e+01
      endloop
   endfacet
   facet normal 1.000000e+00 0.000000e+00 -0.000000e+00
      outer loop
         vertex 6.890635e+01 1.891100e+01 3.298965e+01
         vertex 6.890635e+01 1.891100e+01 3.398965e+01
         vertex 6.890635e+01 1.766393e+01 3.291119e+01
      endloop
   endfacet
   facet normal 1.000000e+00 0.000000e+00 -0.000000e+00
      outer loop
         vertex 6.890635e+01 1.766393e+01 3.291119e+01
         vertex 6.890635e+01 1.891100e+01 3.398965e+01
         vertex 6.890635e+01 1.761591e+01 3.391279e+01
      endloop
   endfacet
   facet normal 1.000000e+00 0.000000e+00 0.000000e+00
      outer loop
         vertex 6.890635e+01 1.766393e+01 3.291119e+01
         vertex 6.890635e+01 1.761591e+01 3.391279e+01
         vertex 6.890635e+01 1.643653e+01 3.267705e+01
      endloop
   endfacet
   facet normal 1.000000e+00 0.000000e+00 -0.000000e+00
      outer loop
         vertex 6.890635e+01 1.643653e+01 3.267705e+01
         vertex 6.890635e+01 1.761591e+01 3.391279e+01
         vertex 6.890635e+01 1.633900e+01 3.368330e+01
      endloop
   endfacet
   facet normal 1.000000e+00 0.000000e+00 0.000000e+00
      outer loop
         vertex 6.890635e+01 1.643653e+01 3.267705e+01
         vertex 6.890635e+01 1.633900e+01 3.368330e+01
         vertex 6.890635e+01 1.524816e+01 3.229092e+01
      endloop
   endfacet
   facet normal 1.000000e+00 0.000000e+00 -0.000000e+00
      outer loop
         vertex 6.890635e+01 1.524816e+01 3.229092e+01
         vertex 6.890635e+01 1.633900e+01 3.368330e+01
         vertex 6.890635e+01 1.509819e+01 3.330439e+01
      endloop
   endfacet
   facet normal 1.000000e+00 0.000000e+00 0.000000e+00
      outer loop
         vertex 6.890635e+01 1.524816e+01 3.229092e+01
         vertex 6.890635e+01 1.509819e+01 3.330439e+01
         vertex 6.890635e+01 1.411755e+01 3.175890e+01
      endloop
   endfacet
   facet normal 1.000000e+00 0.000000e+00 -0.000000e+00
      outer loop
         vertex 6.890635e+01 1.411755e+01 3.175890e+01
         vertex 6.890635e+01 1.509819e+01 3.330439e+01
         vertex 6.890635e+01 1.391091e+01 3.278139e+01
      endloop
   endfacet
   facet normal 1.000000e+00 0.000000e+00 0.000000e+00
      outer loop
         vertex 6.890635e+01 1.411755e+01 3.175890e+01
         vertex 6.890635e+01 1.391091e+01 3.278139e+01
         vertex 6.890635e+01 1.306254e+01 3.108937e+01
      endloop
   endfacet
   facet normal 1.000000e+00 0.000000e+00 -0.000000e+00
      outer loop
         vertex 6.890635e+01 1.306254e+01 3.108937e+01
         vertex 6.890635e+01 1.391091e+01 3.278139e+01
         vertex 6.890635e+01 1.279382e+01 3.212164e+01
      endloop
   endfacet
   facet normal 1.000000e+00 0.000000e+00 0.000000e+00
      outer loop
         vertex 6.890635e+01 1.306254e+01 3.108937e+01
         vertex 6.890635e+01 1.279382e+01 3.212164e+01
         vertex 6.890635e+01 1.209976e+01 3.029288e+01
      endloop
   endfacet
   facet normal 1.000000e+00 0.000000e+00 -0.000000e+00
      outer loop
         vertex 6.890635e+01 1.209976e+01 3.029288e+01
         vertex 6.890635e+01 1.279382e+01 3.212164e+01
         vertex 6.890635e+01 1.176260e+01 3.133439e+01
      endloop
   endfacet
   facet normal 1.000000e+00 0.000000e+00 0.000000e+00
      outer loop
         vertex 6.890635e+01 1.209976e+01 3.029288e+01
         vertex 6.890635e+01 1.176260e+01 3.133439e+01
         vertex 6.890635e+01 1.124439e+01 2.938202e+01
      endloop
   endfacet
   facet normal 1.000000e+00 0.000000e+00 -0.000000e+00
      outer loop
         vertex 6.890635e+01 1.124439e+01 2.938202e+01
         vertex 6.890635e+01 1.176260e+01 3.133439e+01
         vertex 6.890635e+01 1.083172e+01 3.043071e+01
      endloop
   endfacet
   facet normal 1.000000e+00 0.000000e+00 0.000000e+00
      outer loop
         vertex 6.890635e+01 1.124439e+01 2.938202e+01
         vertex 6.890635e+01 1.083172e+01 3.043071e+01
         vertex 6.890635e+01 1.050994e+01 2.837112e+01
      endloop
   endfacet
   facet normal 1.000000e+00 0.000000e+00 -0.000000e+00
      outer loop
         vertex 6.890635e+01 1.050994e+01 2.837112e+01
         vertex 6.890635e+01 1.083172e+01 3.043071e+01
         vertex 6.890635e+01 1.001427e+01 2.942327e+01
      endloop
   endfacet
   facet normal 1.000000e+00 0.000000e+00 0.000000e+00
      outer loop
         vertex 6.890635e+01 1.050994e+01 2.837112e+01
         vertex 6.890635e+01 1.001427e+01 2.942327e+01
         vertex 6.890635e+01 9.321703e+00 2.832622e+01
      endloop
   endfacet
   facet normal 1.000000e+00 -0.000000e+00 0.000000e+00
      outer loop
         vertex 6.890635e+01 1.826231e+01 1.210888e+01
         vertex 6.890635e+01 1.891100e+01 1.208965e+01
         vertex 6.890635e+01 1.891100e+01 1.308965e+01
      endloop
   endfacet
   facet normal 1.000000e+00 0.000000e+00 0.000000e+00
      outer loop
         vertex 6.890635e+01 1.891100e+01 1.308965e+01
         vertex 6.890635e+01 1.891100e+01 1.208965e+01
         vertex 6.890635e+01 1.955968e+01 1.210888e+01
      endloop
   endfacet
   facet normal 1.000000e+00 -0.000000e+00 0.000000e+00
      outer loop
         vertex 6.890635e+01 1.891100e+01 1.308965e+01
         vertex 6.890635e+01 1.955968e+01 1.210888e+01
         vertex 6.890635e+01 2.015807e+01 1.316810e+01
      endloop
   endfacet
   facet normal 1.000000e+00 0.000000e+00 0.000000e+00
      outer loop
         vertex 6.890635e+01 2.015807e+01 1.316810e+01
         vertex 6.890635e+01 1.955968e+01 1.210888e+01
         vertex 6.890635e+01 2.084795e+01 1.226232e+01
      endloop
   endfacet
   facet normal 1.000000e+00 -0.000000e+00 0.000000e+00
      outer loop
         vertex 6.890635e+01 2.015807e+01 1.316810e+01
         vertex 6.890635e+01 2.084795e+01 1.226232e+01
         vertex 6.890635e+01 2.138546e+01 1.340224e+01
      endloop
   endfacet
   facet normal 1.000000e+00 0.000000e+00 0.000000e+00
      outer loop
         vertex 6.890635e+01 2.138546e+01 1.340224e+01
         vertex 6.890635e+01 2.084795e+01 1.226232e+01
         vertex 6.890635e+01 2.210902e+01 1.256706e+01
      endloop
   endfacet
   facet normal 1.000000e+00 -0.000000e+00 0.000000e+00
      outer loop
         vertex 6.890635e+01 2.138546e+01 1.340224e+01
         vertex 6.890635e+01 2.210902e+01 1.256706e+01
         vertex 6.890635e+01 2.257384e+01 1.378837e+01
      endloop
   endfacet
   facet normal 1.000000e+00 0.000000e+00 0.000000e+00
      outer loop
         vertex 6.890635e+01 2.257384e+01 1.378837e+01
         vertex 6.890635e+01 2.210902e+01 1.256706e+01
         vertex 6.890635e+01 2.332520e+01 1.301880e+01
      endloop
   endfacet
   facet normal 1.000000e+00 -0.000000e+00 0.000000e+00
      outer loop
         vertex 6.890635e+01 2.257384e+01 1.378837e+01
         vertex 6.890635e+01 2.332520e+01 1.301880e+01
         vertex 6.890635e+01 2.370445e+01 1.432039e+01
      endloop
   endfacet
   facet normal 1.000000e+00 0.000000e+00 0.000000e+00
      outer loop
         vertex 6.890635e+01 2.370445e+01 1.432039e+01
         vertex 6.890635e+01 2.332520e+01 1.301880e+01
         vertex 6.890635e+01 2.447942e+01 1.361122e+01
      endloop
   endfacet
   facet normal 1.000000e+00 -0.000000e+00 0.000000e+00
      outer loop
         vertex 6.890635e+01 2.370445e+01 1.432039e+01
         vertex 6.890635e+01 2.447942e+01 1.361122e+01
         vertex 6.890635e+01 2.475946e+01 1.498993e+01
      endloop
   endfacet
   facet normal 1.000000e+00 0.000000e+00 0.000000e+00
      outer loop
         vertex 6.890635e+01 2.475946e+01 1.498993e+01
         vertex 6.890635e+01 2.447942e+01 1.361122e+01
         vertex 6.890635e+01 2.555546e+01 1.433599e+01
      endloop
   endfacet
   facet normal 1.000000e+00 -0.000000e+00 0.000000e+00
      outer loop
         vertex 6.890635e+01 2.475946e+01 1.498993e+01
         vertex 6.890635e+01 2.555546e+01 1.433599e+01
         vertex 6.890635e+01 2.572224e+01 1.578641e+01
      endloop
   endfacet
   facet normal 1.000000e+00 0.000000e+00 0.000000e+00
      outer loop
         vertex 6.890635e+01 2.572224e+01 1.578641e+01
         vertex 6.890635e+01 2.555546e+01 1.433599e+01
         vertex 6.890635e+01 2.653823e+01 1.518294e+01
      endloop
   endfacet
   facet normal 1.000000e+00 -0.000000e+00 0.000000e+00
      outer loop
         vertex 6.890635e+01 2.572224e+01 1.578641e+01
         vertex 6.890635e+01 2.653823e+01 1.518294e+01
         vertex 6.890635e+01 2.657761e+01 1.669728e+01
      endloop
   endfacet
   facet normal 1.000000e+00 0.000000e+00 0.000000e+00
      outer loop
         vertex 6.890635e+01 2.657761e+01 1.669728e+01
         vertex 6.890635e+01 2.653823e+01 1.518294e+01
         vertex 6.890635e+01 2.741394e+01 1.614018e+01
      endloop
   endfacet
   facet normal 1.000000e+00 -0.000000e+00 0.000000e+00
      outer loop
         vertex 6.890635e+01 2.657761e+01 1.669728e+01
         vertex 6.890635e+01 2.741394e+01 1.614018e+01
         vertex 6.890635e+01 2.731206e+01 1.770817e+01
      endloop
   endfacet
   facet normal 1.000000e+00 0.000000e+00 0.000000e+00
      outer loop
         vertex 6.890635e+01 2.731206e+01 1.770817e+01
         vertex 6.890635e+01 2.741394e+01 1.614018e+01
         vertex 6.890635e+01 2.817028e+01 1.719428e+01
      endloop
   endfacet
   facet normal 1.000000e+00 -0.000000e+00 0.000000e+00
      outer loop
         vertex 6.890635e+01 2.731206e+01 1.770817e+01
         vertex 6.890635e+01 2.817028e+01 1.719428e+01
         vertex 6.890635e+01 2.791403e+01 1.880314e+01
      endloop
   endfacet
   facet normal 1.000000e+00 0.000000e+00 0.000000e+00
      outer loop
         vertex 6.890635e+01 2.791403e+01 1.880314e+01
         vertex 6.890635e+01 2.817028e+01 1.719428e+01
         vertex 6.890635e+01 2.879664e+01 1.833043e+01
      endloop
   endfacet
   facet normal 1.000000e+00 -0.000000e+00 0.000000e+00
      outer loop
         vertex 6.890635e+01 2.791403e+01 1.880314e+01
         vertex 6.890635e+01 2.879664e+01 1.833043e+01
         vertex 6.890635e+01 2.837401e+01 1.996493e+01
      endloop
   endfacet
   facet normal 1.000000e+00 0.000000e+00 0.000000e+00
      outer loop
         vertex 6.890635e+01 2.837401e+01 1.996493e+01
         vertex 6.890635e+01 2.879664e+01 1.833043e+01
         vertex 6.890635e+01 2.928422e+01 1.953269e+01
      endloop
   endfacet
   facet normal 1.000000e+00 -0.000000e+00 0.000000e+00
      outer loop
         vertex 6.890635e+01 2.837401e+01 1.996493e+01
         vertex 6.890635e+01 2.928422e+01 1.953269e+01
         vertex 6.890635e+01 2.868476e+01 2.117520e+01
      endloop
   endfacet
   facet normal 1.000000e+00 0.000000e+00 0.000000e+00
      outer loop
         vertex 6.890635e+01 2.868476e+01 2.117520e+01
         vertex 6.890635e+01 2.928422e+01 1.953269e+01
         vertex 6.890635e+01 2.962619e+01 2.078418e+01
      endloop
   endfacet
   facet normal 1.000000e+00 -0.000000e+00 0.000000e+00
      outer loop
         vertex 6.890635e+01 2.868476e+01 2.117520e+01
         vertex 6.890635e+01 2.962619e+01 2.078418e+01
         vertex 6.890635e+01 2.884137e+01 2.241488e+01
      endloop
   endfacet
   facet normal 1.000000e+00 0.000000e+00 0.000000e+00
      outer loop
         vertex 6.890635e+01 2.884137e+01 2.241488e+01
         vertex 6.890635e+01 2.962619e+01 2.078418e+01
         vertex 6.890635e+01 2.981775e+01 2.206733e+01
      endloop
   endfacet
   facet normal 1.000000e+00 -0.000000e+00 0.000000e+00
      outer loop
         vertex 6.890635e+01 2.884137e+01 2.241488e+01
         vertex 6.890635e+01 2.981775e+01 2.206733e+01
         vertex 6.890635e+01 2.884137e+01 2.366441e+01
      endloop
   endfacet
   facet normal 1.000000e+00 0.000000e+00 0.000000e+00
      outer loop
         vertex 6.890635e+01 2.884137e+01 2.366441e+01
         vertex 6.890635e+01 2.981775e+01 2.206733e+01
         vertex 6.890635e+01 2.985619e+01 2.336413e+01
      endloop
   endfacet
   facet normal 1.000000e+00 -0.000000e+00 -0.000000e+00
      outer loop
         vertex 6.890635e+01 2.884137e+01 2.366441e+01
         vertex 6.890635e+01 2.985619e+01 2.336413e+01
         vertex 6.890635e+01 2.868476e+01 2.490409e+01
      endloop
   endfacet
   facet normal 1.000000e+00 0.000000e+00 0.000000e+00
      outer loop
         vertex 6.890635e+01 2.868476e+01 2.490409e+01
         vertex 6.890635e+01 2.985619e+01 2.336413e+01
         vertex 6.890635e+01 2.974099e+01 2.465638e+01
      endloop
   endfacet
   facet normal 1.000000e+00 -0.000000e+00 -0.000000e+00
      outer loop
         vertex 6.890635e+01 2.868476e+01 2.490409e+01
         vertex 6.890635e+01 2.974099e+01 2.465638e+01
         vertex 6.890635e+01 2.837401e+01 2.611437e+01
      endloop
   endfacet
   facet normal 1.000000e+00 0.000000e+00 0.000000e+00
      outer loop
         vertex 6.890635e+01 2.837401e+01 2.611437e+01
         vertex 6.890635e+01 2.974099e+01 2.465638e+01
         vertex 6.890635e+01 2.947376e+01 2.592593e+01
      endloop
   endfacet
   facet normal 1.000000e+00 -0.000000e+00 -0.000000e+00
      outer loop
         vertex 6.890635e+01 2.837401e+01 2.611437e+01
         vertex 6.890635e+01 2.947376e+01 2.592593e+01
         vertex 6.890635e+01 2.791403e+01 2.727615e+01
      endloop
   endfacet
   facet normal 1.000000e+00 0.000000e+00 0.000000e+00
      outer loop
         vertex 6.890635e+01 2.791403e+01 2.727615e+01
         vertex 6.890635e+01 2.947376e+01 2.592593e+01
         vertex 6.890635e+01 2.905825e+01 2.715496e+01
      endloop
   endfacet
   facet normal 1.000000e+00 -0.000000e+00 -0.000000e+00
      outer loop
         vertex 6.890635e+01 2.791403e+01 2.727615e+01
         vertex 6.890635e+01 2.905825e+01 2.715496e+01
         vertex 6.890635e+01 2.731206e+01 2.837112e+01
      endloop
   endfacet
   facet normal 1.000000e+00 0.000000e+00 0.000000e+00
      outer loop
         vertex 6.890635e+01 2.731206e+01 2.837112e+01
         vertex 6.890635e+01 2.905825e+01 2.715496e+01
         vertex 6.890635e+01 2.850030e+01 2.832622e+01
      endloop
   endfacet
   facet normal 1.000000e+00 -0.000000e+00 0.000000e+00
      outer loop
         vertex 6.890635e+01 2.731206e+01 2.837112e+01
         vertex 6.890635e+01 2.850030e+01 2.832622e+01
         vertex 6.890635e+01 2.780773e+01 2.942327e+01
      endloop
   endfacet
   facet normal 0.000000e+00 -9.890401e-01 -1.476469e-01
      outer loop
         vertex 6.890635e+01 8.004254e+00 2.206733e+01
         vertex 6.840635e+01 8.195806e+00 2.078418e+01
         vertex 6.890635e+01 8.195806e+00 2.078418e+01
      endloop
   endfacet
   facet normal -0.000000e+00 -9.646355e-01 -2.635875e-01
      outer loop
         vertex 6.890635e+01 8.195806e+00 2.078418e+01
         vertex 6.840635e+01 8.195806e+00 2.078418e+01
         vertex 6.840635e+01 8.537777e+00 1.953269e+01
      endloop
   endfacet
   facet normal 0.000000e+00 -9.646355e-01 -2.635875e-01
      outer loop
         vertex 6.890635e+01 8.195806e+00 2.078418e+01
         vertex 6.840635e+01 8.537777e+00 1.953269e+01
         vertex 6.890635e+01 8.537777e+00 1.953269e+01
      endloop
   endfacet
   facet normal -0.000000e+00 -9.266898e-01 -3.758270e-01
      outer loop
         vertex 6.890635e+01 8.537777e+00 1.953269e+01
         vertex 6.840635e+01 8.537777e+00 1.953269e+01
         vertex 6.840635e+01 9.025363e+00 1.833043e+01
      endloop
   endfacet
   facet normal 0.000000e+00 -9.266898e-01 -3.758270e-01
      outer loop
         vertex 6.890635e+01 8.537777e+00 1.953269e+01
         vertex 6.840635e+01 9.025363e+00 1.833043e+01
         vertex 6.890635e+01 9.025363e+00 1.833043e+01
      endloop
   endfacet
   facet normal -0.000000e+00 -8.757346e-01 -4.827928e-01
      outer loop
         vertex 6.890635e+01 9.025363e+00 1.833043e+01
         vertex 6.840635e+01 9.025363e+00 1.833043e+01
         vertex 6.840635e+01 9.651724e+00 1.719428e+01
      endloop
   endfacet
   facet normal 0.000000e+00 -8.757346e-01 -4.827928e-01
      outer loop
         vertex 6.890635e+01 9.025363e+00 1.833043e+01
         vertex 6.840635e+01 9.651724e+00 1.719428e+01
         vertex 6.890635e+01 9.651724e+00 1.719428e+01
      endloop
   endfacet
   facet normal -0.000000e+00 -8.124875e-01 -5.829786e-01
      outer loop
         vertex 6.890635e+01 9.651724e+00 1.719428e+01
         vertex 6.840635e+01 9.651724e+00 1.719428e+01
         vertex 6.840635e+01 1.040806e+01 1.614018e+01
      endloop
   endfacet
   facet normal 0.000000e+00 -8.124875e-01 -5.829786e-01
      outer loop
         vertex 6.890635e+01 9.651724e+00 1.719428e+01
         vertex 6.840635e+01 1.040806e+01 1.614018e+01
         vertex 6.890635e+01 1.040806e+01 1.614018e+01
      endloop
   endfacet
   facet normal -0.000000e+00 -7.378326e-01 -6.749838e-01
      outer loop
         vertex 6.890635e+01 1.040806e+01 1.614018e+01
         vertex 6.840635e+01 1.040806e+01 1.614018e+01
         vertex 6.840635e+01 1.128377e+01 1.518294e+01
      endloop
   endfacet
   facet normal 0.000000e+00 -7.378326e-01 -6.749838e-01
      outer loop
         vertex 6.890635e+01 1.040806e+01 1.614018e+01
         vertex 6.840635e+01 1.128377e+01 1.518294e+01
         vertex 6.890635e+01 1.128377e+01 1.518294e+01
      endloop
   endfacet
   facet normal -0.000000e+00 -6.528229e-01 -7.575106e-01
      outer loop
         vertex 6.890635e+01 1.128377e+01 1.518294e+01
         vertex 6.840635e+01 1.128377e+01 1.518294e+01
         vertex 6.840635e+01 1.226654e+01 1.433599e+01
      endloop
   endfacet
   facet normal 0.000000e+00 -6.528229e-01 -7.575106e-01
      outer loop
         vertex 6.890635e+01 1.128377e+01 1.518294e+01
         vertex 6.840635e+01 1.226654e+01 1.433599e+01
         vertex 6.890635e+01 1.226654e+01 1.433599e+01
      endloop
   endfacet
   facet normal -0.000000e+00 -5.586464e-01 -8.294059e-01
      outer loop
         vertex 6.890635e+01 1.226654e+01 1.433599e+01
         vertex 6.840635e+01 1.226654e+01 1.433599e+01
         vertex 6.840635e+01 1.334258e+01 1.361122e+01
      endloop
   endfacet
   facet normal 0.000000e+00 -5.586464e-01 -8.294059e-01
      outer loop
         vertex 6.890635e+01 1.226654e+01 1.433599e+01
         vertex 6.840635e+01 1.334258e+01 1.361122e+01
         vertex 6.890635e+01 1.334258e+01 1.361122e+01
      endloop
   endfacet
   facet normal -0.000000e+00 -4.566293e-01 -8.896570e-01
      outer loop
         vertex 6.890635e+01 1.334258e+01 1.361122e+01
         vertex 6.840635e+01 1.334258e+01 1.361122e+01
         vertex 6.840635e+01 1.449680e+01 1.301880e+01
      endloop
   endfacet
   facet normal 0.000000e+00 -4.566293e-01 -8.896570e-01
      outer loop
         vertex 6.890635e+01 1.334258e+01 1.361122e+01
         vertex 6.840635e+01 1.449680e+01 1.301880e+01
         vertex 6.890635e+01 1.449680e+01 1.301880e+01
      endloop
   endfacet
   facet normal -0.000000e+00 -3.482015e-01 -9.374197e-01
      outer loop
         vertex 6.890635e+01 1.449680e+01 1.301880e+01
         vertex 6.840635e+01 1.449680e+01 1.301880e+01
         vertex 6.840635e+01 1.571298e+01 1.256706e+01
      endloop
   endfacet
   facet normal 0.000000e+00 -3.482015e-01 -9.374197e-01
      outer loop
         vertex 6.890635e+01 1.449680e+01 1.301880e+01
         vertex 6.840635e+01 1.571298e+01 1.256706e+01
         vertex 6.890635e+01 1.571298e+01 1.256706e+01
      endloop
   endfacet
   facet normal -0.000000e+00 -2.348856e-01 -9.720230e-01
      outer loop
         vertex 6.890635e+01 1.571298e+01 1.256706e+01
         vertex 6.840635e+01 1.571298e+01 1.256706e+01
         vertex 6.840635e+01 1.697405e+01 1.226232e+01
      endloop
   endfacet
   facet normal 0.000000e+00 -2.348856e-01 -9.720230e-01
      outer loop
         vertex 6.890635e+01 1.571298e+01 1.256706e+01
         vertex 6.840635e+01 1.697405e+01 1.226232e+01
         vertex 6.890635e+01 1.697405e+01 1.226232e+01
      endloop
   endfacet
   facet normal -0.000000e+00 -1.182737e-01 -9.929810e-01
      outer loop
         vertex 6.890635e+01 1.697405e+01 1.226232e+01
         vertex 6.840635e+01 1.697405e+01 1.226232e+01
         vertex 6.840635e+01 1.826231e+01 1.210888e+01
      endloop
   endfacet
   facet normal 0.000000e+00 -1.182737e-01 -9.929810e-01
      outer loop
         vertex 6.890635e+01 1.697405e+01 1.226232e+01
         vertex 6.840635e+01 1.826231e+01 1.210888e+01
         vertex 6.890635e+01 1.826231e+01 1.210888e+01
      endloop
   endfacet
   facet normal -0.000000e+00 -2.963294e-02 -9.995608e-01
      outer loop
         vertex 6.890635e+01 1.826231e+01 1.210888e+01
         vertex 6.840635e+01 1.826231e+01 1.210888e+01
         vertex 6.890635e+01 1.891100e+01 1.208965e+01
      endloop
   endfacet
   facet normal -0.000000e+00 -2.963294e-02 -9.995608e-01
      outer loop
         vertex 6.890635e+01 1.891100e+01 1.208965e+01
         vertex 6.840635e+01 1.826231e+01 1.210888e+01
         vertex 6.840635e+01 1.891100e+01 1.208965e+01
      endloop
   endfacet
   facet normal 0.000000e+00 2.963294e-02 -9.995608e-01
      outer loop
         vertex 6.890635e+01 1.891100e+01 1.208965e+01
         vertex 6.840635e+01 1.891100e+01 1.208965e+01
         vertex 6.890635e+01 1.955968e+01 1.210888e+01
      endloop
   endfacet
   facet normal 0.000000e+00 9.890402e-01 -1.476466e-01
      outer loop
         vertex 6.840635e+01 2.981775e+01 2.206733e+01
         vertex 6.890635e+01 2.962619e+01 2.078418e+01
         vertex 6.840635e+01 2.962619e+01 2.078418e+01
      endloop
   endfacet
   facet normal 0.000000e+00 9.646356e-01 -2.635871e-01
      outer loop
         vertex 6.840635e+01 2.962619e+01 2.078418e+01
         vertex 6.890635e+01 2.962619e+01 2.078418e+01
         vertex 6.890635e+01 2.928422e+01 1.953269e+01
      endloop
   endfacet
   facet normal 0.000000e+00 9.646356e-01 -2.635871e-01
      outer loop
         vertex 6.840635e+01 2.962619e+01 2.078418e+01
         vertex 6.890635e+01 2.928422e+01 1.953269e+01
         vertex 6.840635e+01 2.928422e+01 1.953269e+01
      endloop
   endfacet
   facet normal 0.000000e+00 9.266896e-01 -3.758276e-01
      outer loop
         vertex 6.840635e+01 2.928422e+01 1.953269e+01
         vertex 6.890635e+01 2.928422e+01 1.953269e+01
         vertex 6.890635e+01 2.879664e+01 1.833043e+01
      endloop
   endfacet
   facet normal 0.000000e+00 9.266896e-01 -3.758276e-01
      outer loop
         vertex 6.840635e+01 2.928422e+01 1.953269e+01
         vertex 6.890635e+01 2.879664e+01 1.833043e+01
         vertex 6.840635e+01 2.879664e+01 1.833043e+01
      endloop
   endfacet
   facet normal 0.000000e+00 8.757349e-01 -4.827922e-01
      outer loop
         vertex 6.840635e+01 2.879664e+01 1.833043e+01
         vertex 6.890635e+01 2.879664e+01 1.833043e+01
         vertex 6.890635e+01 2.817028e+01 1.719428e+01
      endloop
   endfacet
   facet normal 0.000000e+00 8.757349e-01 -4.827922e-01
      outer loop
         vertex 6.840635e+01 2.879664e+01 1.833043e+01
         vertex 6.890635e+01 2.817028e+01 1.719428e+01
         vertex 6.840635e+01 2.817028e+01 1.719428e+01
      endloop
   endfacet
   facet normal 0.000000e+00 8.124869e-01 -5.829794e-01
      outer loop
         vertex 6.840635e+01 2.817028e+01 1.719428e+01
         vertex 6.890635e+01 2.817028e+01 1.719428e+01
         vertex 6.890635e+01 2.741394e+01 1.614018e+01
      endloop
   endfacet
   facet normal 0.000000e+00 8.124869e-01 -5.829794e-01
      outer loop
         vertex 6.840635e+01 2.817028e+01 1.719428e+01
         vertex 6.890635e+01 2.741394e+01 1.614018e+01
         vertex 6.840635e+01 2.741394e+01 1.614018e+01
      endloop
   endfacet
   facet normal 0.000000e+00 7.378332e-01 -6.749831e-01
      outer loop
         vertex 6.840635e+01 2.741394e+01 1.614018e+01
         vertex 6.890635e+01 2.741394e+01 1.614018e+01
         vertex 6.890635e+01 2.653823e+01 1.518294e+01
      endloop
   endfacet
   facet normal 0.000000e+00 7.378332e-01 -6.749831e-01
      outer loop
         vertex 6.840635e+01 2.741394e+01 1.614018e+01
         vertex 6.890635e+01 2.653823e+01 1.518294e+01
         vertex 6.840635e+01 2.653823e+01 1.518294e+01
      endloop
   endfacet
   facet normal 0.000000e+00 6.528223e-01 -7.575111e-01
      outer loop
         vertex 6.840635e+01 2.653823e+01 1.518294e+01
         vertex 6.890635e+01 2.653823e+01 1.518294e+01
         vertex 6.890635e+01 2.555546e+01 1.433599e+01
      endloop
   endfacet
   facet normal 0.000000e+00 6.528223e-01 -7.575111e-01
      outer loop
         vertex 6.840635e+01 2.653823e+01 1.518294e+01
         vertex 6.890635e+01 2.555546e+01 1.433599e+01
         vertex 6.840635e+01 2.555546e+01 1.433599e+01
      endloop
   endfacet
   facet normal 0.000000e+00 5.586466e-01 -8.294058e-01
      outer loop
         vertex 6.840635e+01 2.555546e+01 1.433599e+01
         vertex 6.890635e+01 2.555546e+01 1.433599e+01
         vertex 6.890635e+01 2.447942e+01 1.361122e+01
      endloop
   endfacet
   facet normal 0.000000e+00 5.586466e-01 -8.294058e-01
      outer loop
         vertex 6.840635e+01 2.555546e+01 1.433599e+01
         vertex 6.890635e+01 2.447942e+01 1.361122e+01
         vertex 6.840635e+01 2.447942e+01 1.361122e+01
      endloop
   endfacet
   facet normal 0.000000e+00 4.566293e-01 -8.896570e-01
      outer loop
         vertex 6.840635e+01 2.447942e+01 1.361122e+01
         vertex 6.890635e+01 2.447942e+01 1.361122e+01
         vertex 6.890635e+01 2.332520e+01 1.301880e+01
      endloop
   endfacet
   facet normal 0.000000e+00 4.566293e-01 -8.896570e-01
      outer loop
         vertex 6.840635e+01 2.447942e+01 1.361122e+01
         vertex 6.890635e+01 2.332520e+01 1.301880e+01
         vertex 6.840635e+01 2.332520e+01 1.301880e+01
      endloop
   endfacet
   facet normal 0.000000e+00 3.482018e-01 -9.374196e-01
      outer loop
         vertex 6.840635e+01 2.332520e+01 1.301880e+01
         vertex 6.890635e+01 2.332520e+01 1.301880e+01
         vertex 6.890635e+01 2.210902e+01 1.256706e+01
      endloop
   endfacet
   facet normal 0.000000e+00 3.482018e-01 -9.374196e-01
      outer loop
         vertex 6.840635e+01 2.332520e+01 1.301880e+01
         vertex 6.890635e+01 2.210902e+01 1.256706e+01
         vertex 6.840635e+01 2.210902e+01 1.256706e+01
      endloop
   endfacet
   facet normal 0.000000e+00 2.348856e-01 -9.720230e-01
      outer loop
         vertex 6.840635e+01 2.210902e+01 1.256706e+01
         vertex 6.890635e+01 2.210902e+01 1.256706e+01
         vertex 6.890635e+01 2.084795e+01 1.226232e+01
      endloop
   endfacet
   facet normal 0.000000e+00 2.348856e-01 -9.720230e-01
      outer loop
         vertex 6.840635e+01 2.210902e+01 1.256706e+01
         vertex 6.890635e+01 2.084795e+01 1.226232e+01
         vertex 6.840635e+01 2.084795e+01 1.226232e+01
      endloop
   endfacet
   facet normal 0.000000e+00 1.182736e-01 -9.929810e-01
      outer loop
         vertex 6.840635e+01 2.084795e+01 1.226232e+01
         vertex 6.890635e+01 2.084795e+01 1.226232e+01
         vertex 6.890635e+01 1.955968e+01 1.210888e+01
      endloop
   endfacet
   facet normal 0.000000e+00 1.182736e-01 -9.929810e-01
      outer loop
         vertex 6.840635e+01 2.084795e+01 1.226232e+01
         vertex 6.890635e+01 1.955968e+01 1.210888e+01
         vertex 6.840635e+01 1.955968e+01 1.210888e+01
      endloop
   endfacet
   facet normal 0.000000e+00 2.963294e-02 -9.995608e-01
      outer loop
         vertex 6.840635e+01 1.955968e+01 1.210888e+01
         vertex 6.890635e+01 1.955968e+01 1.210888e+01
         vertex 6.840635e+01 1.891100e+01 1.208965e+01
      endloop
   endfacet
   facet normal -5.687180e-08 9.995608e-01 -2.963328e-02
      outer loop
         vertex 6.840635e+01 2.984657e+01 2.303965e+01
         vertex 6.890635e+01 2.985619e+01 2.336413e+01
         vertex 6.840635e+01 2.981775e+01 2.206733e+01
      endloop
   endfacet
   facet normal 0.000000e+00 9.995608e-01 -2.963330e-02
      outer loop
         vertex 6.840635e+01 2.981775e+01 2.206733e+01
         vertex 6.890635e+01 2.985619e+01 2.336413e+01
         vertex 6.890635e+01 2.981775e+01 2.206733e+01
      endloop
   endfacet
   facet normal 0.000000e+00 9.890402e-01 -1.476466e-01
      outer loop
         vertex 6.840635e+01 2.981775e+01 2.206733e+01
         vertex 6.890635e+01 2.981775e+01 2.206733e+01
         vertex 6.890635e+01 2.962619e+01 2.078418e+01
      endloop
   endfacet
   facet normal 0.000000e+00 9.995608e-01 -2.963336e-02
      outer loop
         vertex 6.840635e+01 2.984657e+01 2.303965e+01
         vertex 6.840635e+01 2.985619e+01 2.336413e+01
         vertex 6.890635e+01 2.985619e+01 2.336413e+01
      endloop
   endfacet
   facet normal 0.000000e+00 9.960498e-01 8.879590e-02
      outer loop
         vertex 6.890635e+01 2.985619e+01 2.336413e+01
         vertex 6.840635e+01 2.985619e+01 2.336413e+01
         vertex 6.840635e+01 2.974099e+01 2.465638e+01
      endloop
   endfacet
   facet normal 0.000000e+00 9.960498e-01 8.879590e-02
      outer loop
         vertex 6.890635e+01 2.985619e+01 2.336413e+01
         vertex 6.840635e+01 2.974099e+01 2.465638e+01
         vertex 6.890635e+01 2.974099e+01 2.465638e+01
      endloop
   endfacet
   facet normal 0.000000e+00 9.785565e-01 2.059786e-01
      outer loop
         vertex 6.890635e+01 2.974099e+01 2.465638e+01
         vertex 6.840635e+01 2.974099e+01 2.465638e+01
         vertex 6.840635e+01 2.947376e+01 2.592593e+01
      endloop
   endfacet
   facet normal 0.000000e+00 9.785565e-01 2.059786e-01
      outer loop
         vertex 6.890635e+01 2.974099e+01 2.465638e+01
         vertex 6.840635e+01 2.947376e+01 2.592593e+01
         vertex 6.890635e+01 2.947376e+01 2.592593e+01
      endloop
   endfacet
   facet normal 0.000000e+00 9.473263e-01 3.202699e-01
      outer loop
         vertex 6.890635e+01 2.947376e+01 2.592593e+01
         vertex 6.840635e+01 2.947376e+01 2.592593e+01
         vertex 6.840635e+01 2.905825e+01 2.715496e+01
      endloop
   endfacet
   facet normal 0.000000e+00 9.473263e-01 3.202699e-01
      outer loop
         vertex 6.890635e+01 2.947376e+01 2.592593e+01
         vertex 6.840635e+01 2.905825e+01 2.715496e+01
         vertex 6.890635e+01 2.905825e+01 2.715496e+01
      endloop
   endfacet
   facet normal 0.000000e+00 9.027979e-01 4.300651e-01
      outer loop
         vertex 6.890635e+01 2.905825e+01 2.715496e+01
         vertex 6.840635e+01 2.905825e+01 2.715496e+01
         vertex 6.840635e+01 2.850030e+01 2.832622e+01
      endloop
   endfacet
   facet normal 0.000000e+00 9.027979e-01 4.300651e-01
      outer loop
         vertex 6.890635e+01 2.905825e+01 2.715496e+01
         vertex 6.840635e+01 2.850030e+01 2.832622e+01
         vertex 6.890635e+01 2.850030e+01 2.832622e+01
      endloop
   endfacet
   facet normal 0.000000e+00 8.455960e-01 5.338234e-01
      outer loop
         vertex 6.890635e+01 2.850030e+01 2.832622e+01
         vertex 6.840635e+01 2.850030e+01 2.832622e+01
         vertex 6.840635e+01 2.780773e+01 2.942327e+01
      endloop
   endfacet
   facet normal 0.000000e+00 8.455960e-01 5.338234e-01
      outer loop
         vertex 6.890635e+01 2.850030e+01 2.832622e+01
         vertex 6.840635e+01 2.780773e+01 2.942327e+01
         vertex 6.890635e+01 2.780773e+01 2.942327e+01
      endloop
   endfacet
   facet normal 0.000000e+00 7.765239e-01 6.300879e-01
      outer loop
         vertex 6.890635e+01 2.780773e+01 2.942327e+01
         vertex 6.840635e+01 2.780773e+01 2.942327e+01
         vertex 6.840635e+01 2.699027e+01 3.043071e+01
      endloop
   endfacet
   facet normal 0.000000e+00 7.765239e-01 6.300879e-01
      outer loop
         vertex 6.890635e+01 2.780773e+01 2.942327e+01
         vertex 6.840635e+01 2.699027e+01 3.043071e+01
         vertex 6.890635e+01 2.699027e+01 3.043071e+01
      endloop
   endfacet
   facet normal 0.000000e+00 6.965510e-01 7.175073e-01
      outer loop
         vertex 6.890635e+01 2.699027e+01 3.043071e+01
         vertex 6.840635e+01 2.699027e+01 3.043071e+01
         vertex 6.840635e+01 2.605940e+01 3.133439e+01
      endloop
   endfacet
   facet normal 0.000000e+00 6.965510e-01 7.175073e-01
      outer loop
         vertex 6.890635e+01 2.699027e+01 3.043071e+01
         vertex 6.840635e+01 2.605940e+01 3.133439e+01
         vertex 6.890635e+01 2.605940e+01 3.133439e+01
      endloop
   endfacet
   facet normal 0.000000e+00 6.068001e-01 7.948545e-01
      outer loop
         vertex 6.890635e+01 2.605940e+01 3.133439e+01
         vertex 6.840635e+01 2.605940e+01 3.133439e+01
         vertex 6.840635e+01 2.502818e+01 3.212164e+01
      endloop
   endfacet
   facet normal 0.000000e+00 6.068001e-01 7.948545e-01
      outer loop
         vertex 6.890635e+01 2.605940e+01 3.133439e+01
         vertex 6.840635e+01 2.502818e+01 3.212164e+01
         vertex 6.890635e+01 2.502818e+01 3.212164e+01
      endloop
   endfacet
   facet normal 0.000000e+00 5.085309e-01 8.610437e-01
      outer loop
         vertex 6.890635e+01 2.502818e+01 3.212164e+01
         vertex 6.840635e+01 2.502818e+01 3.212164e+01
         vertex 6.840635e+01 2.391109e+01 3.278139e+01
      endloop
   endfacet
   facet normal 0.000000e+00 5.085309e-01 8.610437e-01
      outer loop
         vertex 6.890635e+01 2.502818e+01 3.212164e+01
         vertex 6.840635e+01 2.391109e+01 3.278139e+01
         vertex 6.890635e+01 2.391109e+01 3.278139e+01
      endloop
   endfacet
   facet normal 0.000000e+00 4.031234e-01 9.151456e-01
      outer loop
         vertex 6.890635e+01 2.391109e+01 3.278139e+01
         vertex 6.840635e+01 2.391109e+01 3.278139e+01
         vertex 6.840635e+01 2.272381e+01 3.330439e+01
      endloop
   endfacet
   facet normal 0.000000e+00 4.031234e-01 9.151456e-01
      outer loop
         vertex 6.890635e+01 2.391109e+01 3.278139e+01
         vertex 6.840635e+01 2.272381e+01 3.330439e+01
         vertex 6.890635e+01 2.272381e+01 3.330439e+01
      endloop
   endfacet
   facet normal 0.000000e+00 2.920569e-01 9.564009e-01
      outer loop
         vertex 6.890635e+01 2.272381e+01 3.330439e+01
         vertex 6.840635e+01 2.272381e+01 3.330439e+01
         vertex 6.840635e+01 2.148300e+01 3.368330e+01
      endloop
   endfacet
   facet normal 0.000000e+00 2.920569e-01 9.564009e-01
      outer loop
         vertex 6.890635e+01 2.272381e+01 3.330439e+01
         vertex 6.840635e+01 2.148300e+01 3.368330e+01
         vertex 6.890635e+01 2.148300e+01 3.368330e+01
      endloop
   endfacet
   facet normal 0.000000e+00 1.768901e-01 9.842306e-01
      outer loop
         vertex 6.890635e+01 2.148300e+01 3.368330e+01
         vertex 6.840635e+01 2.148300e+01 3.368330e+01
         vertex 6.840635e+01 2.020609e+01 3.391279e+01
      endloop
   endfacet
   facet normal 0.000000e+00 1.768901e-01 9.842306e-01
      outer loop
         vertex 6.890635e+01 2.148300e+01 3.368330e+01
         vertex 6.840635e+01 2.020609e+01 3.391279e+01
         vertex 6.890635e+01 2.020609e+01 3.391279e+01
      endloop
   endfacet
   facet normal 0.000000e+00 5.924092e-02 9.982437e-01
      outer loop
         vertex 6.890635e+01 2.020609e+01 3.391279e+01
         vertex 6.840635e+01 2.020609e+01 3.391279e+01
         vertex 6.840635e+01 1.891100e+01 3.398965e+01
      endloop
   endfacet
   facet normal 0.000000e+00 5.924092e-02 9.982437e-01
      outer loop
         vertex 6.890635e+01 2.020609e+01 3.391279e+01
         vertex 6.840635e+01 1.891100e+01 3.398965e+01
         vertex 6.890635e+01 1.891100e+01 3.398965e+01
      endloop
   endfacet
   facet normal 0.000000e+00 -5.924096e-02 9.982437e-01
      outer loop
         vertex 6.890635e+01 1.891100e+01 3.398965e+01
         vertex 6.840635e+01 1.891100e+01 3.398965e+01
         vertex 6.840635e+01 1.761591e+01 3.391279e+01
      endloop
   endfacet
   facet normal 0.000000e+00 -5.924096e-02 9.982437e-01
      outer loop
         vertex 6.890635e+01 1.891100e+01 3.398965e+01
         vertex 6.840635e+01 1.761591e+01 3.391279e+01
         vertex 6.890635e+01 1.761591e+01 3.391279e+01
      endloop
   endfacet
   facet normal 0.000000e+00 -1.768901e-01 9.842306e-01
      outer loop
         vertex 6.890635e+01 1.761591e+01 3.391279e+01
         vertex 6.840635e+01 1.761591e+01 3.391279e+01
         vertex 6.840635e+01 1.633900e+01 3.368330e+01
      endloop
   endfacet
   facet normal 0.000000e+00 -1.768901e-01 9.842306e-01
      outer loop
         vertex 6.890635e+01 1.761591e+01 3.391279e+01
         vertex 6.840635e+01 1.633900e+01 3.368330e+01
         vertex 6.890635e+01 1.633900e+01 3.368330e+01
      endloop
   endfacet
   facet normal 0.000000e+00 -2.920569e-01 9.564009e-01
      outer loop
         vertex 6.890635e+01 1.633900e+01 3.368330e+01
         vertex 6.840635e+01 1.633900e+01 3.368330e+01
         vertex 6.840635e+01 1.509819e+01 3.330439e+01
      endloop
   endfacet
   facet normal 0.000000e+00 -2.920569e-01 9.564009e-01
      outer loop
         vertex 6.890635e+01 1.633900e+01 3.368330e+01
         vertex 6.840635e+01 1.509819e+01 3.330439e+01
         vertex 6.890635e+01 1.509819e+01 3.330439e+01
      endloop
   endfacet
   facet normal 0.000000e+00 -4.031232e-01 9.151457e-01
      outer loop
         vertex 6.890635e+01 1.509819e+01 3.330439e+01
         vertex 6.840635e+01 1.509819e+01 3.330439e+01
         vertex 6.840635e+01 1.391091e+01 3.278139e+01
      endloop
   endfacet
   facet normal 0.000000e+00 -4.031232e-01 9.151457e-01
      outer loop
         vertex 6.890635e+01 1.509819e+01 3.330439e+01
         vertex 6.840635e+01 1.391091e+01 3.278139e+01
         vertex 6.890635e+01 1.391091e+01 3.278139e+01
      endloop
   endfacet
   facet normal 0.000000e+00 -5.085314e-01 8.610434e-01
      outer loop
         vertex 6.890635e+01 1.391091e+01 3.278139e+01
         vertex 6.840635e+01 1.391091e+01 3.278139e+01
         vertex 6.840635e+01 1.279382e+01 3.212164e+01
      endloop
   endfacet
   facet normal 0.000000e+00 -5.085314e-01 8.610434e-01
      outer loop
         vertex 6.890635e+01 1.391091e+01 3.278139e+01
         vertex 6.840635e+01 1.279382e+01 3.212164e+01
         vertex 6.890635e+01 1.279382e+01 3.212164e+01
      endloop
   endfacet
   facet normal 0.000000e+00 -6.067995e-01 7.948549e-01
      outer loop
         vertex 6.890635e+01 1.279382e+01 3.212164e+01
         vertex 6.840635e+01 1.279382e+01 3.212164e+01
         vertex 6.840635e+01 1.176260e+01 3.133439e+01
      endloop
   endfacet
   facet normal 0.000000e+00 -6.067995e-01 7.948549e-01
      outer loop
         vertex 6.890635e+01 1.279382e+01 3.212164e+01
         vertex 6.840635e+01 1.176260e+01 3.133439e+01
         vertex 6.890635e+01 1.176260e+01 3.133439e+01
      endloop
   endfacet
   facet normal 0.000000e+00 -6.965512e-01 7.175071e-01
      outer loop
         vertex 6.890635e+01 1.176260e+01 3.133439e+01
         vertex 6.840635e+01 1.176260e+01 3.133439e+01
         vertex 6.840635e+01 1.083172e+01 3.043071e+01
      endloop
   endfacet
   facet normal 0.000000e+00 -6.965512e-01 7.175071e-01
      outer loop
         vertex 6.890635e+01 1.176260e+01 3.133439e+01
         vertex 6.840635e+01 1.083172e+01 3.043071e+01
         vertex 6.890635e+01 1.083172e+01 3.043071e+01
      endloop
   endfacet
   facet normal 0.000000e+00 -7.765238e-01 6.300880e-01
      outer loop
         vertex 6.890635e+01 1.083172e+01 3.043071e+01
         vertex 6.840635e+01 1.083172e+01 3.043071e+01
         vertex 6.840635e+01 1.001427e+01 2.942327e+01
      endloop
   endfacet
   facet normal 0.000000e+00 -7.765238e-01 6.300880e-01
      outer loop
         vertex 6.890635e+01 1.083172e+01 3.043071e+01
         vertex 6.840635e+01 1.001427e+01 2.942327e+01
         vertex 6.890635e+01 1.001427e+01 2.942327e+01
      endloop
   endfacet
   facet normal 0.000000e+00 -8.455964e-01 5.338227e-01
      outer loop
         vertex 6.890635e+01 1.001427e+01 2.942327e+01
         vertex 6.840635e+01 1.001427e+01 2.942327e+01
         vertex 6.840635e+01 9.321703e+00 2.832622e+01
      endloop
   endfacet
   facet normal 0.000000e+00 -8.455964e-01 5.338227e-01
      outer loop
         vertex 6.890635e+01 1.001427e+01 2.942327e+01
         vertex 6.840635e+01 9.321703e+00 2.832622e+01
         vertex 6.890635e+01 9.321703e+00 2.832622e+01
      endloop
   endfacet
   facet normal 0.000000e+00 -9.027979e-01 4.300650e-01
      outer loop
         vertex 6.890635e+01 9.321703e+00 2.832622e+01
         vertex 6.840635e+01 9.321703e+00 2.832622e+01
         vertex 6.840635e+01 8.763749e+00 2.715496e+01
      endloop
   endfacet
   facet normal 0.000000e+00 -9.027979e-01 4.300650e-01
      outer loop
         vertex 6.890635e+01 9.321703e+00 2.832622e+01
         vertex 6.840635e+01 8.763749e+00 2.715496e+01
         vertex 6.890635e+01 8.763749e+00 2.715496e+01
      endloop
   endfacet
   facet normal 0.000000e+00 -9.473261e-01 3.202707e-01
      outer loop
         vertex 6.890635e+01 8.763749e+00 2.715496e+01
         vertex 6.840635e+01 8.763749e+00 2.715496e+01
         vertex 6.840635e+01 8.348240e+00 2.592593e+01
      endloop
   endfacet
   facet normal 0.000000e+00 -9.473261e-01 3.202707e-01
      outer loop
         vertex 6.890635e+01 8.763749e+00 2.715496e+01
         vertex 6.840635e+01 8.348240e+00 2.592593e+01
         vertex 6.890635e+01 8.348240e+00 2.592593e+01
      endloop
   endfacet
   facet normal 0.000000e+00 -9.785566e-01 2.059783e-01
      outer loop
         vertex 6.890635e+01 8.348240e+00 2.592593e+01
         vertex 6.840635e+01 8.348240e+00 2.592593e+01
         vertex 6.840635e+01 8.081010e+00 2.465638e+01
      endloop
   endfacet
   facet normal 0.000000e+00 -9.785566e-01 2.059783e-01
      outer loop
         vertex 6.890635e+01 8.348240e+00 2.592593e+01
         vertex 6.840635e+01 8.081010e+00 2.465638e+01
         vertex 6.890635e+01 8.081010e+00 2.465638e+01
      endloop
   endfacet
   facet normal 0.000000e+00 -9.960499e-01 8.879572e-02
      outer loop
         vertex 6.890635e+01 8.081010e+00 2.465638e+01
         vertex 6.840635e+01 8.081010e+00 2.465638e+01
         vertex 6.840635e+01 7.965809e+00 2.336413e+01
      endloop
   endfacet
   facet normal 0.000000e+00 -9.960499e-01 8.879572e-02
      outer loop
         vertex 6.890635e+01 8.081010e+00 2.465638e+01
         vertex 6.840635e+01 7.965809e+00 2.336413e+01
         vertex 6.890635e+01 7.965809e+00 2.336413e+01
      endloop
   endfacet
   facet normal -0.000000e+00 -9.995609e-01 -2.962996e-02
      outer loop
         vertex 6.890635e+01 7.965809e+00 2.336413e+01
         vertex 6.840635e+01 7.965809e+00 2.336413e+01
         vertex 6.840635e+01 7.975427e+00 2.303965e+01
      endloop
   endfacet
   facet normal 1.993575e-06 -9.995608e-01 -2.963303e-02
      outer loop
         vertex 6.890635e+01 7.965809e+00 2.336413e+01
         vertex 6.840635e+01 7.975427e+00 2.303965e+01
         vertex 6.890635e+01 8.004254e+00 2.206733e+01
      endloop
   endfacet
   facet normal -0.000000e+00 -9.995608e-01 -2.963405e-02
      outer loop
         vertex 6.890635e+01 8.004254e+00 2.206733e+01
         vertex 6.840635e+01 7.975427e+00 2.303965e+01
         vertex 6.840635e+01 8.004254e+00 2.206733e+01
      endloop
   endfacet
   facet normal -0.000000e+00 -9.890401e-01 -1.476469e-01
      outer loop
         vertex 6.890635e+01 8.004254e+00 2.206733e+01
         vertex 6.840635e+01 8.004254e+00 2.206733e+01
         vertex 6.840635e+01 8.195806e+00 2.078418e+01
      endloop
   endfacet
   facet normal -0.000000e+00 -1.305261e-01 -9.914449e-01
      outer loop
         vertex 7.495635e+01 2.641100e+01 2.453965e+01
         vertex 6.890635e+01 2.641100e+01 2.453965e+01
         vertex 7.495635e+01 2.679923e+01 2.448854e+01
      endloop
   endfacet
   facet normal -0.000000e+00 -1.305261e-01 -9.914449e-01
      outer loop
         vertex 7.495635e+01 2.679923e+01 2.448854e+01
         vertex 6.890635e+01 2.641100e+01 2.453965e+01
         vertex 6.890635e+01 2.679923e+01 2.448854e+01
      endloop
   endfacet
   facet normal -0.000000e+00 -3.826836e-01 -9.238794e-01
      outer loop
         vertex 7.495635e+01 2.679923e+01 2.448854e+01
         vertex 6.890635e+01 2.679923e+01 2.448854e+01
         vertex 7.495635e+01 2.716100e+01 2.433868e+01
      endloop
   endfacet
   facet normal -0.000000e+00 -3.826836e-01 -9.238794e-01
      outer loop
         vertex 7.495635e+01 2.716100e+01 2.433868e+01
         vertex 6.890635e+01 2.679923e+01 2.448854e+01
         vertex 6.890635e+01 2.716100e+01 2.433868e+01
      endloop
   endfacet
   facet normal -0.000000e+00 -6.087615e-01 -7.933533e-01
      outer loop
         vertex 7.495635e+01 2.716100e+01 2.433868e+01
         vertex 6.890635e+01 2.716100e+01 2.433868e+01
         vertex 7.495635e+01 2.747166e+01 2.410031e+01
      endloop
   endfacet
   facet normal -0.000000e+00 -6.087615e-01 -7.933533e-01
      outer loop
         vertex 7.495635e+01 2.747166e+01 2.410031e+01
         vertex 6.890635e+01 2.716100e+01 2.433868e+01
         vertex 6.890635e+01 2.747166e+01 2.410031e+01
      endloop
   endfacet
   facet normal -0.000000e+00 -7.933533e-01 -6.087615e-01
      outer loop
         vertex 7.495635e+01 2.747166e+01 2.410031e+01
         vertex 6.890635e+01 2.747166e+01 2.410031e+01
         vertex 7.495635e+01 2.771004e+01 2.378965e+01
      endloop
   endfacet
   facet normal -0.000000e+00 -7.933533e-01 -6.087615e-01
      outer loop
         vertex 7.495635e+01 2.771004e+01 2.378965e+01
         vertex 6.890635e+01 2.747166e+01 2.410031e+01
         vertex 6.890635e+01 2.771004e+01 2.378965e+01
      endloop
   endfacet
   facet normal -0.000000e+00 -9.238796e-01 -3.826834e-01
      outer loop
         vertex 7.495635e+01 2.771004e+01 2.378965e+01
         vertex 6.890635e+01 2.771004e+01 2.378965e+01
         vertex 7.495635e+01 2.785989e+01 2.342788e+01
      endloop
   endfacet
   facet normal -0.000000e+00 -9.238796e-01 -3.826834e-01
      outer loop
         vertex 7.495635e+01 2.785989e+01 2.342788e+01
         vertex 6.890635e+01 2.771004e+01 2.378965e+01
         vertex 6.890635e+01 2.785989e+01 2.342788e+01
      endloop
   endfacet
   facet normal -0.000000e+00 -9.914448e-01 -1.305264e-01
      outer loop
         vertex 7.495635e+01 2.785989e+01 2.342788e+01
         vertex 6.890635e+01 2.785989e+01 2.342788e+01
         vertex 7.495635e+01 2.791100e+01 2.303965e+01
      endloop
   endfacet
   facet normal -0.000000e+00 -9.914448e-01 -1.305264e-01
      outer loop
         vertex 7.495635e+01 2.791100e+01 2.303965e+01
         vertex 6.890635e+01 2.785989e+01 2.342788e+01
         vertex 6.890635e+01 2.791100e+01 2.303965e+01
      endloop
   endfacet
   facet normal 0.000000e+00 -9.914448e-01 1.305264e-01
      outer loop
         vertex 7.495635e+01 2.791100e+01 2.303965e+01
         vertex 6.890635e+01 2.791100e+01 2.303965e+01
         vertex 7.495635e+01 2.785989e+01 2.265142e+01
      endloop
   endfacet
   facet normal 0.000000e+00 -9.914448e-01 1.305264e-01
      outer loop
         vertex 7.495635e+01 2.785989e+01 2.265142e+01
         vertex 6.890635e+01 2.791100e+01 2.303965e+01
         vertex 6.890635e+01 2.785989e+01 2.265142e+01
      endloop
   endfacet
   facet normal 0.000000e+00 -9.238796e-01 3.826834e-01
      outer loop
         vertex 7.495635e+01 2.785989e+01 2.265142e+01
         vertex 6.890635e+01 2.785989e+01 2.265142e+01
         vertex 7.495635e+01 2.771004e+01 2.228965e+01
      endloop
   endfacet
   facet normal 0.000000e+00 -9.238796e-01 3.826834e-01
      outer loop
         vertex 7.495635e+01 2.771004e+01 2.228965e+01
         vertex 6.890635e+01 2.785989e+01 2.265142e+01
         vertex 6.890635e+01 2.771004e+01 2.228965e+01
      endloop
   endfacet
   facet normal 0.000000e+00 -7.933533e-01 6.087615e-01
      outer loop
         vertex 7.495635e+01 2.771004e+01 2.228965e+01
         vertex 6.890635e+01 2.771004e+01 2.228965e+01
         vertex 7.495635e+01 2.747166e+01 2.197899e+01
      endloop
   endfacet
   facet normal 0.000000e+00 -7.933533e-01 6.087615e-01
      outer loop
         vertex 7.495635e+01 2.747166e+01 2.197899e+01
         vertex 6.890635e+01 2.771004e+01 2.228965e+01
         vertex 6.890635e+01 2.747166e+01 2.197899e+01
      endloop
   endfacet
   facet normal 0.000000e+00 -6.087615e-01 7.933533e-01
      outer loop
         vertex 7.495635e+01 2.747166e+01 2.197899e+01
         vertex 6.890635e+01 2.747166e+01 2.197899e+01
         vertex 7.495635e+01 2.716100e+01 2.174061e+01
      endloop
   endfacet
   facet normal 0.000000e+00 -6.087615e-01 7.933533e-01
      outer loop
         vertex 7.495635e+01 2.716100e+01 2.174061e+01
         vertex 6.890635e+01 2.747166e+01 2.197899e+01
         vertex 6.890635e+01 2.716100e+01 2.174061e+01
      endloop
   endfacet
   facet normal 0.000000e+00 -3.826836e-01 9.238794e-01
      outer loop
         vertex 7.495635e+01 2.716100e+01 2.174061e+01
         vertex 6.890635e+01 2.716100e+01 2.174061e+01
         vertex 7.495635e+01 2.679923e+01 2.159076e+01
      endloop
   endfacet
   facet normal 0.000000e+00 -3.826836e-01 9.238794e-01
      outer loop
         vertex 7.495635e+01 2.679923e+01 2.159076e+01
         vertex 6.890635e+01 2.716100e+01 2.174061e+01
         vertex 6.890635e+01 2.679923e+01 2.159076e+01
      endloop
   endfacet
   facet normal 0.000000e+00 -1.305261e-01 9.914449e-01
      outer loop
         vertex 7.495635e+01 2.679923e+01 2.159076e+01
         vertex 6.890635e+01 2.679923e+01 2.159076e+01
         vertex 7.495635e+01 2.641100e+01 2.153965e+01
      endloop
   endfacet
   facet normal 0.000000e+00 -1.305261e-01 9.914449e-01
      outer loop
         vertex 7.495635e+01 2.641100e+01 2.153965e+01
         vertex 6.890635e+01 2.679923e+01 2.159076e+01
         vertex 6.890635e+01 2.641100e+01 2.153965e+01
      endloop
   endfacet
   facet normal 0.000000e+00 1.305261e-01 9.914449e-01
      outer loop
         vertex 7.495635e+01 2.641100e+01 2.153965e+01
         vertex 6.890635e+01 2.641100e+01 2.153965e+01
         vertex 7.495635e+01 2.602277e+01 2.159076e+01
      endloop
   endfacet
   facet normal 0.000000e+00 1.305261e-01 9.914449e-01
      outer loop
         vertex 7.495635e+01 2.602277e+01 2.159076e+01
         vertex 6.890635e+01 2.641100e+01 2.153965e+01
         vertex 6.890635e+01 2.602277e+01 2.159076e+01
      endloop
   endfacet
   facet normal 0.000000e+00 3.826835e-01 9.238795e-01
      outer loop
         vertex 7.495635e+01 2.602277e+01 2.159076e+01
         vertex 6.890635e+01 2.602277e+01 2.159076e+01
         vertex 7.495635e+01 2.566100e+01 2.174061e+01
      endloop
   endfacet
   facet normal 0.000000e+00 3.826835e-01 9.238795e-01
      outer loop
         vertex 7.495635e+01 2.566100e+01 2.174061e+01
         vertex 6.890635e+01 2.602277e+01 2.159076e+01
         vertex 6.890635e+01 2.566100e+01 2.174061e+01
      endloop
   endfacet
   facet normal 0.000000e+00 6.087615e-01 7.933533e-01
      outer loop
         vertex 7.495635e+01 2.566100e+01 2.174061e+01
         vertex 6.890635e+01 2.566100e+01 2.174061e+01
         vertex 7.495635e+01 2.535034e+01 2.197899e+01
      endloop
   endfacet
   facet normal 0.000000e+00 6.087615e-01 7.933533e-01
      outer loop
         vertex 7.495635e+01 2.535034e+01 2.197899e+01
         vertex 6.890635e+01 2.566100e+01 2.174061e+01
         vertex 6.890635e+01 2.535034e+01 2.197899e+01
      endloop
   endfacet
   facet normal 0.000000e+00 7.933534e-01 6.087613e-01
      outer loop
         vertex 7.495635e+01 2.535034e+01 2.197899e+01
         vertex 6.890635e+01 2.535034e+01 2.197899e+01
         vertex 7.495635e+01 2.511196e+01 2.228965e+01
      endloop
   endfacet
   facet normal 0.000000e+00 7.933534e-01 6.087613e-01
      outer loop
         vertex 7.495635e+01 2.511196e+01 2.228965e+01
         vertex 6.890635e+01 2.535034e+01 2.197899e+01
         vertex 6.890635e+01 2.511196e+01 2.228965e+01
      endloop
   endfacet
   facet normal 0.000000e+00 9.238794e-01 3.826836e-01
      outer loop
         vertex 7.495635e+01 2.511196e+01 2.228965e+01
         vertex 6.890635e+01 2.511196e+01 2.228965e+01
         vertex 7.495635e+01 2.496211e+01 2.265142e+01
      endloop
   endfacet
   facet normal 0.000000e+00 9.238794e-01 3.826836e-01
      outer loop
         vertex 7.495635e+01 2.496211e+01 2.265142e+01
         vertex 6.890635e+01 2.511196e+01 2.228965e+01
         vertex 6.890635e+01 2.496211e+01 2.265142e+01
      endloop
   endfacet
   facet normal 0.000000e+00 9.914448e-01 1.305267e-01
      outer loop
         vertex 7.495635e+01 2.496211e+01 2.265142e+01
         vertex 6.890635e+01 2.496211e+01 2.265142e+01
         vertex 7.495635e+01 2.491100e+01 2.303965e+01
      endloop
   endfacet
   facet normal 0.000000e+00 9.914448e-01 1.305267e-01
      outer loop
         vertex 7.495635e+01 2.491100e+01 2.303965e+01
         vertex 6.890635e+01 2.496211e+01 2.265142e+01
         vertex 6.890635e+01 2.491100e+01 2.303965e+01
      endloop
   endfacet
   facet normal 0.000000e+00 9.914448e-01 -1.305267e-01
      outer loop
         vertex 7.495635e+01 2.491100e+01 2.303965e+01
         vertex 6.890635e+01 2.491100e+01 2.303965e+01
         vertex 7.495635e+01 2.496211e+01 2.342788e+01
      endloop
   endfacet
   facet normal 0.000000e+00 9.914448e-01 -1.305267e-01
      outer loop
         vertex 7.495635e+01 2.496211e+01 2.342788e+01
         vertex 6.890635e+01 2.491100e+01 2.303965e+01
         vertex 6.890635e+01 2.496211e+01 2.342788e+01
      endloop
   endfacet
   facet normal 0.000000e+00 9.238794e-01 -3.826836e-01
      outer loop
         vertex 7.495635e+01 2.496211e+01 2.342788e+01
         vertex 6.890635e+01 2.496211e+01 2.342788e+01
         vertex 7.495635e+01 2.511196e+01 2.378965e+01
      endloop
   endfacet
   facet normal 0.000000e+00 9.238794e-01 -3.826836e-01
      outer loop
         vertex 7.495635e+01 2.511196e+01 2.378965e+01
         vertex 6.890635e+01 2.496211e+01 2.342788e+01
         vertex 6.890635e+01 2.511196e+01 2.378965e+01
      endloop
   endfacet
   facet normal 0.000000e+00 7.933534e-01 -6.087613e-01
      outer loop
         vertex 7.495635e+01 2.511196e+01 2.378965e+01
         vertex 6.890635e+01 2.511196e+01 2.378965e+01
         vertex 7.495635e+01 2.535034e+01 2.410031e+01
      endloop
   endfacet
   facet normal 0.000000e+00 7.933534e-01 -6.087613e-01
      outer loop
         vertex 7.495635e+01 2.535034e+01 2.410031e+01
         vertex 6.890635e+01 2.511196e+01 2.378965e+01
         vertex 6.890635e+01 2.535034e+01 2.410031e+01
      endloop
   endfacet
   facet normal 0.000000e+00 6.087615e-01 -7.933533e-01
      outer loop
         vertex 7.495635e+01 2.535034e+01 2.410031e+01
         vertex 6.890635e+01 2.535034e+01 2.410031e+01
         vertex 7.495635e+01 2.566100e+01 2.433868e+01
      endloop
   endfacet
   facet normal 0.000000e+00 6.087615e-01 -7.933533e-01
      outer loop
         vertex 7.495635e+01 2.566100e+01 2.433868e+01
         vertex 6.890635e+01 2.535034e+01 2.410031e+01
         vertex 6.890635e+01 2.566100e+01 2.433868e+01
      endloop
   endfacet
   facet normal 0.000000e+00 3.826835e-01 -9.238795e-01
      outer loop
         vertex 7.495635e+01 2.566100e+01 2.433868e+01
         vertex 6.890635e+01 2.566100e+01 2.433868e+01
         vertex 7.495635e+01 2.602277e+01 2.448854e+01
      endloop
   endfacet
   facet normal 0.000000e+00 3.826835e-01 -9.238795e-01
      outer loop
         vertex 7.495635e+01 2.602277e+01 2.448854e+01
         vertex 6.890635e+01 2.566100e+01 2.433868e+01
         vertex 6.890635e+01 2.602277e+01 2.448854e+01
      endloop
   endfacet
   facet normal 0.000000e+00 1.305261e-01 -9.914449e-01
      outer loop
         vertex 7.495635e+01 2.602277e+01 2.448854e+01
         vertex 6.890635e+01 2.602277e+01 2.448854e+01
         vertex 7.495635e+01 2.641100e+01 2.453965e+01
      endloop
   endfacet
   facet normal 0.000000e+00 1.305261e-01 -9.914449e-01
      outer loop
         vertex 7.495635e+01 2.641100e+01 2.453965e+01
         vertex 6.890635e+01 2.602277e+01 2.448854e+01
         vertex 6.890635e+01 2.641100e+01 2.453965e+01
      endloop
   endfacet
   facet normal -0.000000e+00 -1.305265e-01 -9.914448e-01
      outer loop
         vertex 7.495635e+01 1.141100e+01 2.453965e+01
         vertex 6.890635e+01 1.141100e+01 2.453965e+01
         vertex 7.495635e+01 1.179923e+01 2.448854e+01
      endloop
   endfacet
   facet normal -0.000000e+00 -1.305265e-01 -9.914448e-01
      outer loop
         vertex 7.495635e+01 1.179923e+01 2.448854e+01
         vertex 6.890635e+01 1.141100e+01 2.453965e+01
         vertex 6.890635e+01 1.179923e+01 2.448854e+01
      endloop
   endfacet
   facet normal -0.000000e+00 -3.826829e-01 -9.238797e-01
      outer loop
         vertex 7.495635e+01 1.179923e+01 2.448854e+01
         vertex 6.890635e+01 1.179923e+01 2.448854e+01
         vertex 7.495635e+01 1.216100e+01 2.433868e+01
      endloop
   endfacet
   facet normal -0.000000e+00 -3.826829e-01 -9.238797e-01
      outer loop
         vertex 7.495635e+01 1.216100e+01 2.433868e+01
         vertex 6.890635e+01 1.179923e+01 2.448854e+01
         vertex 6.890635e+01 1.216100e+01 2.433868e+01
      endloop
   endfacet
   facet normal -0.000000e+00 -6.087624e-01 -7.933526e-01
      outer loop
         vertex 7.495635e+01 1.216100e+01 2.433868e+01
         vertex 6.890635e+01 1.216100e+01 2.433868e+01
         vertex 7.495635e+01 1.247166e+01 2.410031e+01
      endloop
   endfacet
   facet normal -0.000000e+00 -6.087624e-01 -7.933526e-01
      outer loop
         vertex 7.495635e+01 1.247166e+01 2.410031e+01
         vertex 6.890635e+01 1.216100e+01 2.433868e+01
         vertex 6.890635e+01 1.247166e+01 2.410031e+01
      endloop
   endfacet
   facet normal -0.000000e+00 -7.933514e-01 -6.087640e-01
      outer loop
         vertex 7.495635e+01 1.247166e+01 2.410031e+01
         vertex 6.890635e+01 1.247166e+01 2.410031e+01
         vertex 7.495635e+01 1.271004e+01 2.378965e+01
      endloop
   endfacet
   facet normal -0.000000e+00 -7.933514e-01 -6.087640e-01
      outer loop
         vertex 7.495635e+01 1.271004e+01 2.378965e+01
         vertex 6.890635e+01 1.247166e+01 2.410031e+01
         vertex 6.890635e+01 1.271004e+01 2.378965e+01
      endloop
   endfacet
   facet normal -0.000000e+00 -9.238803e-01 -3.826816e-01
      outer loop
         vertex 7.495635e+01 1.271004e+01 2.378965e+01
         vertex 6.890635e+01 1.271004e+01 2.378965e+01
         vertex 7.495635e+01 1.285989e+01 2.342788e+01
      endloop
   endfacet
   facet normal -0.000000e+00 -9.238803e-01 -3.826816e-01
      outer loop
         vertex 7.495635e+01 1.285989e+01 2.342788e+01
         vertex 6.890635e+01 1.271004e+01 2.378965e+01
         vertex 6.890635e+01 1.285989e+01 2.342788e+01
      endloop
   endfacet
   facet normal -0.000000e+00 -9.914450e-01 -1.305255e-01
      outer loop
         vertex 7.495635e+01 1.285989e+01 2.342788e+01
         vertex 6.890635e+01 1.285989e+01 2.342788e+01
         vertex 7.495635e+01 1.291100e+01 2.303965e+01
      endloop
   endfacet
   facet normal -0.000000e+00 -9.914450e-01 -1.305255e-01
      outer loop
         vertex 7.495635e+01 1.291100e+01 2.303965e+01
         vertex 6.890635e+01 1.285989e+01 2.342788e+01
         vertex 6.890635e+01 1.291100e+01 2.303965e+01
      endloop
   endfacet
   facet normal 0.000000e+00 -9.914450e-01 1.305255e-01
      outer loop
         vertex 7.495635e+01 1.291100e+01 2.303965e+01
         vertex 6.890635e+01 1.291100e+01 2.303965e+01
         vertex 7.495635e+01 1.285989e+01 2.265142e+01
      endloop
   endfacet
   facet normal 0.000000e+00 -9.914450e-01 1.305255e-01
      outer loop
         vertex 7.495635e+01 1.285989e+01 2.265142e+01
         vertex 6.890635e+01 1.291100e+01 2.303965e+01
         vertex 6.890635e+01 1.285989e+01 2.265142e+01
      endloop
   endfacet
   facet normal 0.000000e+00 -9.238803e-01 3.826816e-01
      outer loop
         vertex 7.495635e+01 1.285989e+01 2.265142e+01
         vertex 6.890635e+01 1.285989e+01 2.265142e+01
         vertex 7.495635e+01 1.271004e+01 2.228965e+01
      endloop
   endfacet
   facet normal 0.000000e+00 -9.238803e-01 3.826816e-01
      outer loop
         vertex 7.495635e+01 1.271004e+01 2.228965e+01
         vertex 6.890635e+01 1.285989e+01 2.265142e+01
         vertex 6.890635e+01 1.271004e+01 2.228965e+01
      endloop
   endfacet
   facet normal 0.000000e+00 -7.933514e-01 6.087640e-01
      outer loop
         vertex 7.495635e+01 1.271004e+01 2.228965e+01
         vertex 6.890635e+01 1.271004e+01 2.228965e+01
         vertex 7.495635e+01 1.247166e+01 2.197899e+01
      endloop
   endfacet
   facet normal 0.000000e+00 -7.933514e-01 6.087640e-01
      outer loop
         vertex 7.495635e+01 1.247166e+01 2.197899e+01
         vertex 6.890635e+01 1.271004e+01 2.228965e+01
         vertex 6.890635e+01 1.247166e+01 2.197899e+01
      endloop
   endfacet
   facet normal 0.000000e+00 -6.087624e-01 7.933526e-01
      outer loop
         vertex 7.495635e+01 1.247166e+01 2.197899e+01
         vertex 6.890635e+01 1.247166e+01 2.197899e+01
         vertex 7.495635e+01 1.216100e+01 2.174061e+01
      endloop
   endfacet
   facet normal 0.000000e+00 -6.087624e-01 7.933526e-01
      outer loop
         vertex 7.495635e+01 1.216100e+01 2.174061e+01
         vertex 6.890635e+01 1.247166e+01 2.197899e+01
         vertex 6.890635e+01 1.216100e+01 2.174061e+01
      endloop
   endfacet
   facet normal 0.000000e+00 -3.826829e-01 9.238797e-01
      outer loop
         vertex 7.495635e+01 1.216100e+01 2.174061e+01
         vertex 6.890635e+01 1.216100e+01 2.174061e+01
         vertex 7.495635e+01 1.179923e+01 2.159076e+01
      endloop
   endfacet
   facet normal 0.000000e+00 -3.826829e-01 9.238797e-01
      outer loop
         vertex 7.495635e+01 1.179923e+01 2.159076e+01
         vertex 6.890635e+01 1.216100e+01 2.174061e+01
         vertex 6.890635e+01 1.179923e+01 2.159076e+01
      endloop
   endfacet
   facet normal 0.000000e+00 -1.305265e-01 9.914448e-01
      outer loop
         vertex 7.495635e+01 1.179923e+01 2.159076e+01
         vertex 6.890635e+01 1.179923e+01 2.159076e+01
         vertex 7.495635e+01 1.141100e+01 2.153965e+01
      endloop
   endfacet
   facet normal 0.000000e+00 -1.305265e-01 9.914448e-01
      outer loop
         vertex 7.495635e+01 1.141100e+01 2.153965e+01
         vertex 6.890635e+01 1.179923e+01 2.159076e+01
         vertex 6.890635e+01 1.141100e+01 2.153965e+01
      endloop
   endfacet
   facet normal 0.000000e+00 1.305258e-01 9.914449e-01
      outer loop
         vertex 7.495635e+01 1.141100e+01 2.153965e+01
         vertex 6.890635e+01 1.141100e+01 2.153965e+01
         vertex 7.495635e+01 1.102277e+01 2.159076e+01
      endloop
   endfacet
   facet normal 0.000000e+00 1.305258e-01 9.914449e-01
      outer loop
         vertex 7.495635e+01 1.102277e+01 2.159076e+01
         vertex 6.890635e+01 1.141100e+01 2.153965e+01
         vertex 6.890635e+01 1.102277e+01 2.159076e+01
      endloop
   endfacet
   facet normal 0.000000e+00 3.826846e-01 9.238791e-01
      outer loop
         vertex 7.495635e+01 1.102277e+01 2.159076e+01
         vertex 6.890635e+01 1.102277e+01 2.159076e+01
         vertex 7.495635e+01 1.066100e+01 2.174061e+01
      endloop
   endfacet
   facet normal 0.000000e+00 3.826846e-01 9.238791e-01
      outer loop
         vertex 7.495635e+01 1.066100e+01 2.174061e+01
         vertex 6.890635e+01 1.102277e+01 2.159076e+01
         vertex 6.890635e+01 1.066100e+01 2.174061e+01
      endloop
   endfacet
   facet normal 0.000000e+00 6.087601e-01 7.933544e-01
      outer loop
         vertex 7.495635e+01 1.066100e+01 2.174061e+01
         vertex 6.890635e+01 1.066100e+01 2.174061e+01
         vertex 7.495635e+01 1.035034e+01 2.197899e+01
      endloop
   endfacet
   facet normal 0.000000e+00 6.087601e-01 7.933544e-01
      outer loop
         vertex 7.495635e+01 1.035034e+01 2.197899e+01
         vertex 6.890635e+01 1.066100e+01 2.174061e+01
         vertex 6.890635e+01 1.035034e+01 2.197899e+01
      endloop
   endfacet
   facet normal 0.000000e+00 7.933537e-01 6.087610e-01
      outer loop
         vertex 7.495635e+01 1.035034e+01 2.197899e+01
         vertex 6.890635e+01 1.035034e+01 2.197899e+01
         vertex 7.495635e+01 1.011196e+01 2.228965e+01
      endloop
   endfacet
   facet normal 0.000000e+00 7.933537e-01 6.087610e-01
      outer loop
         vertex 7.495635e+01 1.011196e+01 2.228965e+01
         vertex 6.890635e+01 1.035034e+01 2.197899e+01
         vertex 6.890635e+01 1.011196e+01 2.228965e+01
      endloop
   endfacet
   facet normal 0.000000e+00 9.238803e-01 3.826816e-01
      outer loop
         vertex 7.495635e+01 1.011196e+01 2.228965e+01
         vertex 6.890635e+01 1.011196e+01 2.228965e+01
         vertex 7.495635e+01 9.962112e+00 2.265142e+01
      endloop
   endfacet
   facet normal 0.000000e+00 9.238803e-01 3.826816e-01
      outer loop
         vertex 7.495635e+01 9.962112e+00 2.265142e+01
         vertex 6.890635e+01 1.011196e+01 2.228965e+01
         vertex 6.890635e+01 9.962112e+00 2.265142e+01
      endloop
   endfacet
   facet normal 0.000000e+00 9.914443e-01 1.305302e-01
      outer loop
         vertex 7.495635e+01 9.962112e+00 2.265142e+01
         vertex 6.890635e+01 9.962112e+00 2.265142e+01
         vertex 7.495635e+01 9.910999e+00 2.303965e+01
      endloop
   endfacet
   facet normal 0.000000e+00 9.914443e-01 1.305302e-01
      outer loop
         vertex 7.495635e+01 9.910999e+00 2.303965e+01
         vertex 6.890635e+01 9.962112e+00 2.265142e+01
         vertex 6.890635e+01 9.910999e+00 2.303965e+01
      endloop
   endfacet
   facet normal 0.000000e+00 9.914443e-01 -1.305302e-01
      outer loop
         vertex 7.495635e+01 9.910999e+00 2.303965e+01
         vertex 6.890635e+01 9.910999e+00 2.303965e+01
         vertex 7.495635e+01 9.962112e+00 2.342788e+01
      endloop
   endfacet
   facet normal 0.000000e+00 9.914443e-01 -1.305302e-01
      outer loop
         vertex 7.495635e+01 9.962112e+00 2.342788e+01
         vertex 6.890635e+01 9.910999e+00 2.303965e+01
         vertex 6.890635e+01 9.962112e+00 2.342788e+01
      endloop
   endfacet
   facet normal 0.000000e+00 9.238803e-01 -3.826816e-01
      outer loop
         vertex 7.495635e+01 9.962112e+00 2.342788e+01
         vertex 6.890635e+01 9.962112e+00 2.342788e+01
         vertex 7.495635e+01 1.011196e+01 2.378965e+01
      endloop
   endfacet
   facet normal 0.000000e+00 9.238803e-01 -3.826816e-01
      outer loop
         vertex 7.495635e+01 1.011196e+01 2.378965e+01
         vertex 6.890635e+01 9.962112e+00 2.342788e+01
         vertex 6.890635e+01 1.011196e+01 2.378965e+01
      endloop
   endfacet
   facet normal 0.000000e+00 7.933537e-01 -6.087610e-01
      outer loop
         vertex 7.495635e+01 1.011196e+01 2.378965e+01
         vertex 6.890635e+01 1.011196e+01 2.378965e+01
         vertex 7.495635e+01 1.035034e+01 2.410031e+01
      endloop
   endfacet
   facet normal 0.000000e+00 7.933537e-01 -6.087610e-01
      outer loop
         vertex 7.495635e+01 1.035034e+01 2.410031e+01
         vertex 6.890635e+01 1.011196e+01 2.378965e+01
         vertex 6.890635e+01 1.035034e+01 2.410031e+01
      endloop
   endfacet
   facet normal 0.000000e+00 6.087601e-01 -7.933544e-01
      outer loop
         vertex 7.495635e+01 1.035034e+01 2.410031e+01
         vertex 6.890635e+01 1.035034e+01 2.410031e+01
         vertex 7.495635e+01 1.066100e+01 2.433868e+01
      endloop
   endfacet
   facet normal 0.000000e+00 6.087601e-01 -7.933544e-01
      outer loop
         vertex 7.495635e+01 1.066100e+01 2.433868e+01
         vertex 6.890635e+01 1.035034e+01 2.410031e+01
         vertex 6.890635e+01 1.066100e+01 2.433868e+01
      endloop
   endfacet
   facet normal 0.000000e+00 3.826846e-01 -9.238791e-01
      outer loop
         vertex 7.495635e+01 1.066100e+01 2.433868e+01
         vertex 6.890635e+01 1.066100e+01 2.433868e+01
         vertex 7.495635e+01 1.102277e+01 2.448854e+01
      endloop
   endfacet
   facet normal 0.000000e+00 3.826846e-01 -9.238791e-01
      outer loop
         vertex 7.495635e+01 1.102277e+01 2.448854e+01
         vertex 6.890635e+01 1.066100e+01 2.433868e+01
         vertex 6.890635e+01 1.102277e+01 2.448854e+01
      endloop
   endfacet
   facet normal 0.000000e+00 1.305258e-01 -9.914449e-01
      outer loop
         vertex 7.495635e+01 1.102277e+01 2.448854e+01
         vertex 6.890635e+01 1.102277e+01 2.448854e+01
         vertex 7.495635e+01 1.141100e+01 2.453965e+01
      endloop
   endfacet
   facet normal 0.000000e+00 1.305258e-01 -9.914449e-01
      outer loop
         vertex 7.495635e+01 1.141100e+01 2.453965e+01
         vertex 6.890635e+01 1.102277e+01 2.448854e+01
         vertex 6.890635e+01 1.141100e+01 2.453965e+01
      endloop
   endfacet
   facet normal -0.000000e+00 -1.305253e-01 -9.914450e-01
      outer loop
         vertex 7.495635e+01 1.891100e+01 1.703965e+01
         vertex 6.890635e+01 1.891100e+01 1.703965e+01
         vertex 7.495635e+01 1.929923e+01 1.698854e+01
      endloop
   endfacet
   facet normal -0.000000e+00 -1.305253e-01 -9.914450e-01
      outer loop
         vertex 7.495635e+01 1.929923e+01 1.698854e+01
         vertex 6.890635e+01 1.891100e+01 1.703965e+01
         vertex 6.890635e+01 1.929923e+01 1.698854e+01
      endloop
   endfacet
   facet normal -0.000000e+00 -3.826837e-01 -9.238794e-01
      outer loop
         vertex 7.495635e+01 1.929923e+01 1.698854e+01
         vertex 6.890635e+01 1.929923e+01 1.698854e+01
         vertex 7.495635e+01 1.966100e+01 1.683868e+01
      endloop
   endfacet
   facet normal -0.000000e+00 -3.826837e-01 -9.238794e-01
      outer loop
         vertex 7.495635e+01 1.966100e+01 1.683868e+01
         vertex 6.890635e+01 1.929923e+01 1.698854e+01
         vertex 6.890635e+01 1.966100e+01 1.683868e+01
      endloop
   endfacet
   facet normal -0.000000e+00 -6.087626e-01 -7.933525e-01
      outer loop
         vertex 7.495635e+01 1.966100e+01 1.683868e+01
         vertex 6.890635e+01 1.966100e+01 1.683868e+01
         vertex 7.495635e+01 1.997166e+01 1.660031e+01
      endloop
   endfacet
   facet normal -0.000000e+00 -6.087626e-01 -7.933525e-01
      outer loop
         vertex 7.495635e+01 1.997166e+01 1.660031e+01
         vertex 6.890635e+01 1.966100e+01 1.683868e+01
         vertex 6.890635e+01 1.997166e+01 1.660031e+01
      endloop
   endfacet
   facet normal -0.000000e+00 -7.933528e-01 -6.087622e-01
      outer loop
         vertex 7.495635e+01 1.997166e+01 1.660031e+01
         vertex 6.890635e+01 1.997166e+01 1.660031e+01
         vertex 7.495635e+01 2.021004e+01 1.628965e+01
      endloop
   endfacet
   facet normal -0.000000e+00 -7.933528e-01 -6.087622e-01
      outer loop
         vertex 7.495635e+01 2.021004e+01 1.628965e+01
         vertex 6.890635e+01 1.997166e+01 1.660031e+01
         vertex 6.890635e+01 2.021004e+01 1.628965e+01
      endloop
   endfacet
   facet normal -0.000000e+00 -9.238794e-01 -3.826837e-01
      outer loop
         vertex 7.495635e+01 2.021004e+01 1.628965e+01
         vertex 6.890635e+01 2.021004e+01 1.628965e+01
         vertex 7.495635e+01 2.035989e+01 1.592787e+01
      endloop
   endfacet
   facet normal -0.000000e+00 -9.238794e-01 -3.826837e-01
      outer loop
         vertex 7.495635e+01 2.035989e+01 1.592787e+01
         vertex 6.890635e+01 2.021004e+01 1.628965e+01
         vertex 6.890635e+01 2.035989e+01 1.592787e+01
      endloop
   endfacet
   facet normal -0.000000e+00 -9.914449e-01 -1.305256e-01
      outer loop
         vertex 7.495635e+01 2.035989e+01 1.592787e+01
         vertex 6.890635e+01 2.035989e+01 1.592787e+01
         vertex 7.495635e+01 2.041100e+01 1.553965e+01
      endloop
   endfacet
   facet normal -0.000000e+00 -9.914449e-01 -1.305256e-01
      outer loop
         vertex 7.495635e+01 2.041100e+01 1.553965e+01
         vertex 6.890635e+01 2.035989e+01 1.592787e+01
         vertex 6.890635e+01 2.041100e+01 1.553965e+01
      endloop
   endfacet
   facet normal 0.000000e+00 -9.914450e-01 1.305254e-01
      outer loop
         vertex 7.495635e+01 2.041100e+01 1.553965e+01
         vertex 6.890635e+01 2.041100e+01 1.553965e+01
         vertex 7.495635e+01 2.035989e+01 1.515142e+01
      endloop
   endfacet
   facet normal 0.000000e+00 -9.914450e-01 1.305254e-01
      outer loop
         vertex 7.495635e+01 2.035989e+01 1.515142e+01
         vertex 6.890635e+01 2.041100e+01 1.553965e+01
         vertex 6.890635e+01 2.035989e+01 1.515142e+01
      endloop
   endfacet
   facet normal 0.000000e+00 -9.238794e-01 3.826837e-01
      outer loop
         vertex 7.495635e+01 2.035989e+01 1.515142e+01
         vertex 6.890635e+01 2.035989e+01 1.515142e+01
         vertex 7.495635e+01 2.021004e+01 1.478965e+01
      endloop
   endfacet
   facet normal 0.000000e+00 -9.238794e-01 3.826837e-01
      outer loop
         vertex 7.495635e+01 2.021004e+01 1.478965e+01
         vertex 6.890635e+01 2.035989e+01 1.515142e+01
         vertex 6.890635e+01 2.021004e+01 1.478965e+01
      endloop
   endfacet
   facet normal 0.000000e+00 -7.933528e-01 6.087622e-01
      outer loop
         vertex 7.495635e+01 2.021004e+01 1.478965e+01
         vertex 6.890635e+01 2.021004e+01 1.478965e+01
         vertex 7.495635e+01 1.997166e+01 1.447899e+01
      endloop
   endfacet
   facet normal 0.000000e+00 -7.933528e-01 6.087622e-01
      outer loop
         vertex 7.495635e+01 1.997166e+01 1.447899e+01
         vertex 6.890635e+01 2.021004e+01 1.478965e+01
         vertex 6.890635e+01 1.997166e+01 1.447899e+01
      endloop
   endfacet
   facet normal 0.000000e+00 -6.087618e-01 7.933530e-01
      outer loop
         vertex 7.495635e+01 1.997166e+01 1.447899e+01
         vertex 6.890635e+01 1.997166e+01 1.447899e+01
         vertex 7.495635e+01 1.966100e+01 1.424061e+01
      endloop
   endfacet
   facet normal 0.000000e+00 -6.087618e-01 7.933530e-01
      outer loop
         vertex 7.495635e+01 1.966100e+01 1.424061e+01
         vertex 6.890635e+01 1.997166e+01 1.447899e+01
         vertex 6.890635e+01 1.966100e+01 1.424061e+01
      endloop
   endfacet
   facet normal 0.000000e+00 -3.826837e-01 9.238794e-01
      outer loop
         vertex 7.495635e+01 1.966100e+01 1.424061e+01
         vertex 6.890635e+01 1.966100e+01 1.424061e+01
         vertex 7.495635e+01 1.929923e+01 1.409076e+01
      endloop
   endfacet
   facet normal 0.000000e+00 -3.826837e-01 9.238794e-01
      outer loop
         vertex 7.495635e+01 1.929923e+01 1.409076e+01
         vertex 6.890635e+01 1.966100e+01 1.424061e+01
         vertex 6.890635e+01 1.929923e+01 1.409076e+01
      endloop
   endfacet
   facet normal 0.000000e+00 -1.305253e-01 9.914450e-01
      outer loop
         vertex 7.495635e+01 1.929923e+01 1.409076e+01
         vertex 6.890635e+01 1.929923e+01 1.409076e+01
         vertex 7.495635e+01 1.891100e+01 1.403965e+01
      endloop
   endfacet
   facet normal 0.000000e+00 -1.305253e-01 9.914450e-01
      outer loop
         vertex 7.495635e+01 1.891100e+01 1.403965e+01
         vertex 6.890635e+01 1.929923e+01 1.409076e+01
         vertex 6.890635e+01 1.891100e+01 1.403965e+01
      endloop
   endfacet
   facet normal 0.000000e+00 1.305256e-01 9.914449e-01
      outer loop
         vertex 7.495635e+01 1.891100e+01 1.403965e+01
         vertex 6.890635e+01 1.891100e+01 1.403965e+01
         vertex 7.495635e+01 1.852277e+01 1.409076e+01
      endloop
   endfacet
   facet normal 0.000000e+00 1.305256e-01 9.914449e-01
      outer loop
         vertex 7.495635e+01 1.852277e+01 1.409076e+01
         vertex 6.890635e+01 1.891100e+01 1.403965e+01
         vertex 6.890635e+01 1.852277e+01 1.409076e+01
      endloop
   endfacet
   facet normal 0.000000e+00 3.826837e-01 9.238794e-01
      outer loop
         vertex 7.495635e+01 1.852277e+01 1.409076e+01
         vertex 6.890635e+01 1.852277e+01 1.409076e+01
         vertex 7.495635e+01 1.816100e+01 1.424061e+01
      endloop
   endfacet
   facet normal 0.000000e+00 3.826837e-01 9.238794e-01
      outer loop
         vertex 7.495635e+01 1.816100e+01 1.424061e+01
         vertex 6.890635e+01 1.852277e+01 1.409076e+01
         vertex 6.890635e+01 1.816100e+01 1.424061e+01
      endloop
   endfacet
   facet normal 0.000000e+00 6.087607e-01 7.933539e-01
      outer loop
         vertex 7.495635e+01 1.816100e+01 1.424061e+01
         vertex 6.890635e+01 1.816100e+01 1.424061e+01
         vertex 7.495635e+01 1.785034e+01 1.447899e+01
      endloop
   endfacet
   facet normal 0.000000e+00 6.087607e-01 7.933539e-01
      outer loop
         vertex 7.495635e+01 1.785034e+01 1.447899e+01
         vertex 6.890635e+01 1.816100e+01 1.424061e+01
         vertex 6.890635e+01 1.785034e+01 1.447899e+01
      endloop
   endfacet
   facet normal 0.000000e+00 7.933539e-01 6.087607e-01
      outer loop
         vertex 7.495635e+01 1.785034e+01 1.447899e+01
         vertex 6.890635e+01 1.785034e+01 1.447899e+01
         vertex 7.495635e+01 1.761196e+01 1.478965e+01
      endloop
   endfacet
   facet normal 0.000000e+00 7.933539e-01 6.087607e-01
      outer loop
         vertex 7.495635e+01 1.761196e+01 1.478965e+01
         vertex 6.890635e+01 1.785034e+01 1.447899e+01
         vertex 6.890635e+01 1.761196e+01 1.478965e+01
      endloop
   endfacet
   facet normal 0.000000e+00 9.238794e-01 3.826837e-01
      outer loop
         vertex 7.495635e+01 1.761196e+01 1.478965e+01
         vertex 6.890635e+01 1.761196e+01 1.478965e+01
         vertex 7.495635e+01 1.746211e+01 1.515142e+01
      endloop
   endfacet
   facet normal 0.000000e+00 9.238794e-01 3.826837e-01
      outer loop
         vertex 7.495635e+01 1.746211e+01 1.515142e+01
         vertex 6.890635e+01 1.761196e+01 1.478965e+01
         vertex 6.890635e+01 1.746211e+01 1.515142e+01
      endloop
   endfacet
   facet normal 0.000000e+00 9.914450e-01 1.305254e-01
      outer loop
         vertex 7.495635e+01 1.746211e+01 1.515142e+01
         vertex 6.890635e+01 1.746211e+01 1.515142e+01
         vertex 7.495635e+01 1.741100e+01 1.553965e+01
      endloop
   endfacet
   facet normal 0.000000e+00 9.914450e-01 1.305254e-01
      outer loop
         vertex 7.495635e+01 1.741100e+01 1.553965e+01
         vertex 6.890635e+01 1.746211e+01 1.515142e+01
         vertex 6.890635e+01 1.741100e+01 1.553965e+01
      endloop
   endfacet
   facet normal 0.000000e+00 9.914449e-01 -1.305256e-01
      outer loop
         vertex 7.495635e+01 1.741100e+01 1.553965e+01
         vertex 6.890635e+01 1.741100e+01 1.553965e+01
         vertex 7.495635e+01 1.746211e+01 1.592787e+01
      endloop
   endfacet
   facet normal 0.000000e+00 9.914449e-01 -1.305256e-01
      outer loop
         vertex 7.495635e+01 1.746211e+01 1.592787e+01
         vertex 6.890635e+01 1.741100e+01 1.553965e+01
         vertex 6.890635e+01 1.746211e+01 1.592787e+01
      endloop
   endfacet
   facet normal 0.000000e+00 9.238794e-01 -3.826837e-01
      outer loop
         vertex 7.495635e+01 1.746211e+01 1.592787e+01
         vertex 6.890635e+01 1.746211e+01 1.592787e+01
         vertex 7.495635e+01 1.761196e+01 1.628965e+01
      endloop
   endfacet
   facet normal 0.000000e+00 9.238794e-01 -3.826837e-01
      outer loop
         vertex 7.495635e+01 1.761196e+01 1.628965e+01
         vertex 6.890635e+01 1.746211e+01 1.592787e+01
         vertex 6.890635e+01 1.761196e+01 1.628965e+01
      endloop
   endfacet
   facet normal 0.000000e+00 7.933539e-01 -6.087607e-01
      outer loop
         vertex 7.495635e+01 1.761196e+01 1.628965e+01
         vertex 6.890635e+01 1.761196e+01 1.628965e+01
         vertex 7.495635e+01 1.785034e+01 1.660031e+01
      endloop
   endfacet
   facet normal 0.000000e+00 7.933539e-01 -6.087607e-01
      outer loop
         vertex 7.495635e+01 1.785034e+01 1.660031e+01
         vertex 6.890635e+01 1.761196e+01 1.628965e+01
         vertex 6.890635e+01 1.785034e+01 1.660031e+01
      endloop
   endfacet
   facet normal 0.000000e+00 6.087614e-01 -7.933533e-01
      outer loop
         vertex 7.495635e+01 1.785034e+01 1.660031e+01
         vertex 6.890635e+01 1.785034e+01 1.660031e+01
         vertex 7.495635e+01 1.816100e+01 1.683868e+01
      endloop
   endfacet
   facet normal 0.000000e+00 6.087614e-01 -7.933533e-01
      outer loop
         vertex 7.495635e+01 1.816100e+01 1.683868e+01
         vertex 6.890635e+01 1.785034e+01 1.660031e+01
         vertex 6.890635e+01 1.816100e+01 1.683868e+01
      endloop
   endfacet
   facet normal 0.000000e+00 3.826837e-01 -9.238794e-01
      outer loop
         vertex 7.495635e+01 1.816100e+01 1.683868e+01
         vertex 6.890635e+01 1.816100e+01 1.683868e+01
         vertex 7.495635e+01 1.852277e+01 1.698854e+01
      endloop
   endfacet
   facet normal 0.000000e+00 3.826837e-01 -9.238794e-01
      outer loop
         vertex 7.495635e+01 1.852277e+01 1.698854e+01
         vertex 6.890635e+01 1.816100e+01 1.683868e+01
         vertex 6.890635e+01 1.852277e+01 1.698854e+01
      endloop
   endfacet
   facet normal 0.000000e+00 1.305256e-01 -9.914449e-01
      outer loop
         vertex 7.495635e+01 1.852277e+01 1.698854e+01
         vertex 6.890635e+01 1.852277e+01 1.698854e+01
         vertex 7.495635e+01 1.891100e+01 1.703965e+01
      endloop
   endfacet
   facet normal 0.000000e+00 1.305256e-01 -9.914449e-01
      outer loop
         vertex 7.495635e+01 1.891100e+01 1.703965e+01
         vertex 6.890635e+01 1.852277e+01 1.698854e+01
         vertex 6.890635e+01 1.891100e+01 1.703965e+01
      endloop
   endfacet
   facet normal -0.000000e+00 -1.305253e-01 -9.914450e-01
      outer loop
         vertex 7.495635e+01 1.891100e+01 3.203965e+01
         vertex 6.890635e+01 1.891100e+01 3.203965e+01
         vertex 7.495635e+01 1.929923e+01 3.198854e+01
      endloop
   endfacet
   facet normal -0.000000e+00 -1.305253e-01 -9.914450e-01
      outer loop
         vertex 7.495635e+01 1.929923e+01 3.198854e+01
         vertex 6.890635e+01 1.891100e+01 3.203965e+01
         vertex 6.890635e+01 1.929923e+01 3.198854e+01
      endloop
   endfacet
   facet normal -0.000000e+00 -3.826837e-01 -9.238794e-01
      outer loop
         vertex 7.495635e+01 1.929923e+01 3.198854e+01
         vertex 6.890635e+01 1.929923e+01 3.198854e+01
         vertex 7.495635e+01 1.966100e+01 3.183868e+01
      endloop
   endfacet
   facet normal -0.000000e+00 -3.826837e-01 -9.238794e-01
      outer loop
         vertex 7.495635e+01 1.966100e+01 3.183868e+01
         vertex 6.890635e+01 1.929923e+01 3.198854e+01
         vertex 6.890635e+01 1.966100e+01 3.183868e+01
      endloop
   endfacet
   facet normal -0.000000e+00 -6.087618e-01 -7.933530e-01
      outer loop
         vertex 7.495635e+01 1.966100e+01 3.183868e+01
         vertex 6.890635e+01 1.966100e+01 3.183868e+01
         vertex 7.495635e+01 1.997166e+01 3.160031e+01
      endloop
   endfacet
   facet normal -0.000000e+00 -6.087618e-01 -7.933530e-01
      outer loop
         vertex 7.495635e+01 1.997166e+01 3.160031e+01
         vertex 6.890635e+01 1.966100e+01 3.183868e+01
         vertex 6.890635e+01 1.997166e+01 3.160031e+01
      endloop
   endfacet
   facet normal -0.000000e+00 -7.933528e-01 -6.087622e-01
      outer loop
         vertex 7.495635e+01 1.997166e+01 3.160031e+01
         vertex 6.890635e+01 1.997166e+01 3.160031e+01
         vertex 7.495635e+01 2.021004e+01 3.128965e+01
      endloop
   endfacet
   facet normal -0.000000e+00 -7.933528e-01 -6.087622e-01
      outer loop
         vertex 7.495635e+01 2.021004e+01 3.128965e+01
         vertex 6.890635e+01 1.997166e+01 3.160031e+01
         vertex 6.890635e+01 2.021004e+01 3.128965e+01
      endloop
   endfacet
   facet normal -0.000000e+00 -9.238794e-01 -3.826837e-01
      outer loop
         vertex 7.495635e+01 2.021004e+01 3.128965e+01
         vertex 6.890635e+01 2.021004e+01 3.128965e+01
         vertex 7.495635e+01 2.035989e+01 3.092788e+01
      endloop
   endfacet
   facet normal -0.000000e+00 -9.238794e-01 -3.826837e-01
      outer loop
         vertex 7.495635e+01 2.035989e+01 3.092788e+01
         vertex 6.890635e+01 2.021004e+01 3.128965e+01
         vertex 6.890635e+01 2.035989e+01 3.092788e+01
      endloop
   endfacet
   facet normal -0.000000e+00 -9.914450e-01 -1.305254e-01
      outer loop
         vertex 7.495635e+01 2.035989e+01 3.092788e+01
         vertex 6.890635e+01 2.035989e+01 3.092788e+01
         vertex 7.495635e+01 2.041100e+01 3.053965e+01
      endloop
   endfacet
   facet normal -0.000000e+00 -9.914450e-01 -1.305254e-01
      outer loop
         vertex 7.495635e+01 2.041100e+01 3.053965e+01
         vertex 6.890635e+01 2.035989e+01 3.092788e+01
         vertex 6.890635e+01 2.041100e+01 3.053965e+01
      endloop
   endfacet
   facet normal 0.000000e+00 -9.914449e-01 1.305256e-01
      outer loop
         vertex 7.495635e+01 2.041100e+01 3.053965e+01
         vertex 6.890635e+01 2.041100e+01 3.053965e+01
         vertex 7.495635e+01 2.035989e+01 3.015142e+01
      endloop
   endfacet
   facet normal 0.000000e+00 -9.914449e-01 1.305256e-01
      outer loop
         vertex 7.495635e+01 2.035989e+01 3.015142e+01
         vertex 6.890635e+01 2.041100e+01 3.053965e+01
         vertex 6.890635e+01 2.035989e+01 3.015142e+01
      endloop
   endfacet
   facet normal 0.000000e+00 -9.238794e-01 3.826837e-01
      outer loop
         vertex 7.495635e+01 2.035989e+01 3.015142e+01
         vertex 6.890635e+01 2.035989e+01 3.015142e+01
         vertex 7.495635e+01 2.021004e+01 2.978965e+01
      endloop
   endfacet
   facet normal 0.000000e+00 -9.238794e-01 3.826837e-01
      outer loop
         vertex 7.495635e+01 2.021004e+01 2.978965e+01
         vertex 6.890635e+01 2.035989e+01 3.015142e+01
         vertex 6.890635e+01 2.021004e+01 2.978965e+01
      endloop
   endfacet
   facet normal 0.000000e+00 -7.933528e-01 6.087622e-01
      outer loop
         vertex 7.495635e+01 2.021004e+01 2.978965e+01
         vertex 6.890635e+01 2.021004e+01 2.978965e+01
         vertex 7.495635e+01 1.997166e+01 2.947899e+01
      endloop
   endfacet
   facet normal 0.000000e+00 -7.933528e-01 6.087622e-01
      outer loop
         vertex 7.495635e+01 1.997166e+01 2.947899e+01
         vertex 6.890635e+01 2.021004e+01 2.978965e+01
         vertex 6.890635e+01 1.997166e+01 2.947899e+01
      endloop
   endfacet
   facet normal 0.000000e+00 -6.087626e-01 7.933525e-01
      outer loop
         vertex 7.495635e+01 1.997166e+01 2.947899e+01
         vertex 6.890635e+01 1.997166e+01 2.947899e+01
         vertex 7.495635e+01 1.966100e+01 2.924061e+01
      endloop
   endfacet
   facet normal 0.000000e+00 -6.087626e-01 7.933525e-01
      outer loop
         vertex 7.495635e+01 1.966100e+01 2.924061e+01
         vertex 6.890635e+01 1.997166e+01 2.947899e+01
         vertex 6.890635e+01 1.966100e+01 2.924061e+01
      endloop
   endfacet
   facet normal 0.000000e+00 -3.826837e-01 9.238794e-01
      outer loop
         vertex 7.495635e+01 1.966100e+01 2.924061e+01
         vertex 6.890635e+01 1.966100e+01 2.924061e+01
         vertex 7.495635e+01 1.929923e+01 2.909076e+01
      endloop
   endfacet
   facet normal 0.000000e+00 -3.826837e-01 9.238794e-01
      outer loop
         vertex 7.495635e+01 1.929923e+01 2.909076e+01
         vertex 6.890635e+01 1.966100e+01 2.924061e+01
         vertex 6.890635e+01 1.929923e+01 2.909076e+01
      endloop
   endfacet
   facet normal 0.000000e+00 -1.305253e-01 9.914450e-01
      outer loop
         vertex 7.495635e+01 1.929923e+01 2.909076e+01
         vertex 6.890635e+01 1.929923e+01 2.909076e+01
         vertex 7.495635e+01 1.891100e+01 2.903965e+01
      endloop
   endfacet
   facet normal 0.000000e+00 -1.305253e-01 9.914450e-01
      outer loop
         vertex 7.495635e+01 1.891100e+01 2.903965e+01
         vertex 6.890635e+01 1.929923e+01 2.909076e+01
         vertex 6.890635e+01 1.891100e+01 2.903965e+01
      endloop
   endfacet
   facet normal 0.000000e+00 1.305256e-01 9.914449e-01
      outer loop
         vertex 7.495635e+01 1.891100e+01 2.903965e+01
         vertex 6.890635e+01 1.891100e+01 2.903965e+01
         vertex 7.495635e+01 1.852277e+01 2.909076e+01
      endloop
   endfacet
   facet normal 0.000000e+00 1.305256e-01 9.914449e-01
      outer loop
         vertex 7.495635e+01 1.852277e+01 2.909076e+01
         vertex 6.890635e+01 1.891100e+01 2.903965e+01
         vertex 6.890635e+01 1.852277e+01 2.909076e+01
      endloop
   endfacet
   facet normal 0.000000e+00 3.826837e-01 9.238794e-01
      outer loop
         vertex 7.495635e+01 1.852277e+01 2.909076e+01
         vertex 6.890635e+01 1.852277e+01 2.909076e+01
         vertex 7.495635e+01 1.816100e+01 2.924061e+01
      endloop
   endfacet
   facet normal 0.000000e+00 3.826837e-01 9.238794e-01
      outer loop
         vertex 7.495635e+01 1.816100e+01 2.924061e+01
         vertex 6.890635e+01 1.852277e+01 2.909076e+01
         vertex 6.890635e+01 1.816100e+01 2.924061e+01
      endloop
   endfacet
   facet normal 0.000000e+00 6.087614e-01 7.933533e-01
      outer loop
         vertex 7.495635e+01 1.816100e+01 2.924061e+01
         vertex 6.890635e+01 1.816100e+01 2.924061e+01
         vertex 7.495635e+01 1.785034e+01 2.947899e+01
      endloop
   endfacet
   facet normal 0.000000e+00 6.087614e-01 7.933533e-01
      outer loop
         vertex 7.495635e+01 1.785034e+01 2.947899e+01
         vertex 6.890635e+01 1.816100e+01 2.924061e+01
         vertex 6.890635e+01 1.785034e+01 2.947899e+01
      endloop
   endfacet
   facet normal 0.000000e+00 7.933539e-01 6.087607e-01
      outer loop
         vertex 7.495635e+01 1.785034e+01 2.947899e+01
         vertex 6.890635e+01 1.785034e+01 2.947899e+01
         vertex 7.495635e+01 1.761196e+01 2.978965e+01
      endloop
   endfacet
   facet normal 0.000000e+00 7.933539e-01 6.087607e-01
      outer loop
         vertex 7.495635e+01 1.761196e+01 2.978965e+01
         vertex 6.890635e+01 1.785034e+01 2.947899e+01
         vertex 6.890635e+01 1.761196e+01 2.978965e+01
      endloop
   endfacet
   facet normal 0.000000e+00 9.238794e-01 3.826837e-01
      outer loop
         vertex 7.495635e+01 1.761196e+01 2.978965e+01
         vertex 6.890635e+01 1.761196e+01 2.978965e+01
         vertex 7.495635e+01 1.746211e+01 3.015142e+01
      endloop
   endfacet
   facet normal 0.000000e+00 9.238794e-01 3.826837e-01
      outer loop
         vertex 7.495635e+01 1.746211e+01 3.015142e+01
         vertex 6.890635e+01 1.761196e+01 2.978965e+01
         vertex 6.890635e+01 1.746211e+01 3.015142e+01
      endloop
   endfacet
   facet normal 0.000000e+00 9.914449e-01 1.305256e-01
      outer loop
         vertex 7.495635e+01 1.746211e+01 3.015142e+01
         vertex 6.890635e+01 1.746211e+01 3.015142e+01
         vertex 7.495635e+01 1.741100e+01 3.053965e+01
      endloop
   endfacet
   facet normal 0.000000e+00 9.914449e-01 1.305256e-01
      outer loop
         vertex 7.495635e+01 1.741100e+01 3.053965e+01
         vertex 6.890635e+01 1.746211e+01 3.015142e+01
         vertex 6.890635e+01 1.741100e+01 3.053965e+01
      endloop
   endfacet
   facet normal 0.000000e+00 9.914450e-01 -1.305254e-01
      outer loop
         vertex 7.495635e+01 1.741100e+01 3.053965e+01
         vertex 6.890635e+01 1.741100e+01 3.053965e+01
         vertex 7.495635e+01 1.746211e+01 3.092788e+01
      endloop
   endfacet
   facet normal 0.000000e+00 9.914450e-01 -1.305254e-01
      outer loop
         vertex 7.495635e+01 1.746211e+01 3.092788e+01
         vertex 6.890635e+01 1.741100e+01 3.053965e+01
         vertex 6.890635e+01 1.746211e+01 3.092788e+01
      endloop
   endfacet
   facet normal 0.000000e+00 9.238794e-01 -3.826837e-01
      outer loop
         vertex 7.495635e+01 1.746211e+01 3.092788e+01
         vertex 6.890635e+01 1.746211e+01 3.092788e+01
         vertex 7.495635e+01 1.761196e+01 3.128965e+01
      endloop
   endfacet
   facet normal 0.000000e+00 9.238794e-01 -3.826837e-01
      outer loop
         vertex 7.495635e+01 1.761196e+01 3.128965e+01
         vertex 6.890635e+01 1.746211e+01 3.092788e+01
         vertex 6.890635e+01 1.761196e+01 3.128965e+01
      endloop
   endfacet
   facet normal 0.000000e+00 7.933539e-01 -6.087607e-01
      outer loop
         vertex 7.495635e+01 1.761196e+01 3.128965e+01
         vertex 6.890635e+01 1.761196e+01 3.128965e+01
         vertex 7.495635e+01 1.785034e+01 3.160031e+01
      endloop
   endfacet
   facet normal 0.000000e+00 7.933539e-01 -6.087607e-01
      outer loop
         vertex 7.495635e+01 1.785034e+01 3.160031e+01
         vertex 6.890635e+01 1.761196e+01 3.128965e+01
         vertex 6.890635e+01 1.785034e+01 3.160031e+01
      endloop
   endfacet
   facet normal 0.000000e+00 6.087607e-01 -7.933539e-01
      outer loop
         vertex 7.495635e+01 1.785034e+01 3.160031e+01
         vertex 6.890635e+01 1.785034e+01 3.160031e+01
         vertex 7.495635e+01 1.816100e+01 3.183868e+01
      endloop
   endfacet
   facet normal 0.000000e+00 6.087607e-01 -7.933539e-01
      outer loop
         vertex 7.495635e+01 1.816100e+01 3.183868e+01
         vertex 6.890635e+01 1.785034e+01 3.160031e+01
         vertex 6.890635e+01 1.816100e+01 3.183868e+01
      endloop
   endfacet
   facet normal 0.000000e+00 3.826837e-01 -9.238794e-01
      outer loop
         vertex 7.495635e+01 1.816100e+01 3.183868e+01
         vertex 6.890635e+01 1.816100e+01 3.183868e+01
         vertex 7.495635e+01 1.852277e+01 3.198854e+01
      endloop
   endfacet
   facet normal 0.000000e+00 3.826837e-01 -9.238794e-01
      outer loop
         vertex 7.495635e+01 1.852277e+01 3.198854e+01
         vertex 6.890635e+01 1.816100e+01 3.183868e+01
         vertex 6.890635e+01 1.852277e+01 3.198854e+01
      endloop
   endfacet
   facet normal 0.000000e+00 1.305256e-01 -9.914449e-01
      outer loop
         vertex 7.495635e+01 1.852277e+01 3.198854e+01
         vertex 6.890635e+01 1.852277e+01 3.198854e+01
         vertex 7.495635e+01 1.891100e+01 3.203965e+01
      endloop
   endfacet
   facet normal 0.000000e+00 1.305256e-01 -9.914449e-01
      outer loop
         vertex 7.495635e+01 1.891100e+01 3.203965e+01
         vertex 6.890635e+01 1.852277e+01 3.198854e+01
         vertex 6.890635e+01 1.891100e+01 3.203965e+01
      endloop
   endfacet
   facet normal 1.000000e+00 0.000000e+00 0.000000e+00
      outer loop
         vertex 7.495635e+01 9.137241e+00 2.117520e+01
         vertex 7.495635e+01 1.035034e+01 2.197899e+01
         vertex 7.495635e+01 1.011196e+01 2.228965e+01
      endloop
   endfacet
   facet normal 1.000000e+00 0.000000e+00 -0.000000e+00
      outer loop
         vertex 7.495635e+01 9.137241e+00 2.117520e+01
         vertex 7.495635e+01 1.011196e+01 2.228965e+01
         vertex 7.495635e+01 8.980634e+00 2.241488e+01
      endloop
   endfacet
   facet normal 1.000000e+00 0.000000e+00 0.000000e+00
      outer loop
         vertex 7.495635e+01 1.035034e+01 2.197899e+01
         vertex 7.495635e+01 9.137241e+00 2.117520e+01
         vertex 7.495635e+01 1.066100e+01 2.174061e+01
      endloop
   endfacet
   facet normal 1.000000e+00 0.000000e+00 0.000000e+00
      outer loop
         vertex 7.495635e+01 1.066100e+01 2.174061e+01
         vertex 7.495635e+01 9.137241e+00 2.117520e+01
         vertex 7.495635e+01 9.447988e+00 1.996493e+01
      endloop
   endfacet
   facet normal 1.000000e+00 0.000000e+00 0.000000e+00
      outer loop
         vertex 7.495635e+01 1.066100e+01 2.174061e+01
         vertex 7.495635e+01 9.447988e+00 1.996493e+01
         vertex 7.495635e+01 1.102277e+01 2.159076e+01
      endloop
   endfacet
   facet normal 1.000000e+00 0.000000e+00 0.000000e+00
      outer loop
         vertex 7.495635e+01 1.102277e+01 2.159076e+01
         vertex 7.495635e+01 9.447988e+00 1.996493e+01
         vertex 7.495635e+01 9.907970e+00 1.880314e+01
      endloop
   endfacet
   facet normal 1.000000e+00 0.000000e+00 0.000000e+00
      outer loop
         vertex 7.495635e+01 1.102277e+01 2.159076e+01
         vertex 7.495635e+01 9.907970e+00 1.880314e+01
         vertex 7.495635e+01 1.141100e+01 2.153965e+01
      endloop
   endfacet
   facet normal 1.000000e+00 0.000000e+00 0.000000e+00
      outer loop
         vertex 7.495635e+01 1.285989e+01 2.342788e+01
         vertex 7.495635e+01 1.291100e+01 2.303965e+01
         vertex 7.495635e+01 1.891100e+01 1.703965e+01
      endloop
   endfacet
   facet normal 1.000000e+00 0.000000e+00 0.000000e+00
      outer loop
         vertex 7.495635e+01 1.766393e+01 3.291119e+01
         vertex 7.495635e+01 1.816100e+01 3.183868e+01
         vertex 7.495635e+01 1.852277e+01 3.198854e+01
      endloop
   endfacet
   facet normal 1.000000e+00 0.000000e+00 -0.000000e+00
      outer loop
         vertex 7.495635e+01 1.816100e+01 1.683868e+01
         vertex 7.495635e+01 1.852277e+01 1.698854e+01
         vertex 7.495635e+01 1.271004e+01 2.228965e+01
      endloop
   endfacet
   facet normal 1.000000e+00 0.000000e+00 0.000000e+00
      outer loop
         vertex 7.495635e+01 1.271004e+01 2.228965e+01
         vertex 7.495635e+01 1.852277e+01 1.698854e+01
         vertex 7.495635e+01 1.891100e+01 1.703965e+01
      endloop
   endfacet
   facet normal 1.000000e+00 -0.000000e+00 0.000000e+00
      outer loop
         vertex 7.495635e+01 1.271004e+01 2.228965e+01
         vertex 7.495635e+01 1.891100e+01 1.703965e+01
         vertex 7.495635e+01 1.285989e+01 2.265142e+01
      endloop
   endfacet
   facet normal 1.000000e+00 -0.000000e+00 0.000000e+00
      outer loop
         vertex 7.495635e+01 1.285989e+01 2.265142e+01
         vertex 7.495635e+01 1.891100e+01 1.703965e+01
         vertex 7.495635e+01 1.291100e+01 2.303965e+01
      endloop
   endfacet
   facet normal 1.000000e+00 -0.000000e+00 0.000000e+00
      outer loop
         vertex 7.495635e+01 9.907970e+00 1.880314e+01
         vertex 7.495635e+01 1.050994e+01 1.770817e+01
         vertex 7.495635e+01 1.141100e+01 2.153965e+01
      endloop
   endfacet
   facet normal 1.000000e+00 0.000000e+00 0.000000e+00
      outer loop
         vertex 7.495635e+01 1.141100e+01 2.153965e+01
         vertex 7.495635e+01 1.050994e+01 1.770817e+01
         vertex 7.495635e+01 1.124439e+01 1.669728e+01
      endloop
   endfacet
   facet normal 1.000000e+00 -0.000000e+00 0.000000e+00
      outer loop
         vertex 7.495635e+01 1.141100e+01 2.153965e+01
         vertex 7.495635e+01 1.124439e+01 1.669728e+01
         vertex 7.495635e+01 1.179923e+01 2.159076e+01
      endloop
   endfacet
   facet normal 1.000000e+00 0.000000e+00 0.000000e+00
      outer loop
         vertex 7.495635e+01 1.179923e+01 2.159076e+01
         vertex 7.495635e+01 1.124439e+01 1.669728e+01
         vertex 7.495635e+01 1.209976e+01 1.578641e+01
      endloop
   endfacet
   facet normal 1.000000e+00 -0.000000e+00 0.000000e+00
      outer loop
         vertex 7.495635e+01 1.766393e+01 3.291119e+01
         vertex 7.495635e+01 1.852277e+01 3.198854e+01
         vertex 7.495635e+01 1.891100e+01 3.298965e+01
      endloop
   endfacet
   facet normal 1.000000e+00 0.000000e+00 0.000000e+00
      outer loop
         vertex 7.495635e+01 1.891100e+01 3.298965e+01
         vertex 7.495635e+01 1.852277e+01 3.198854e+01
         vertex 7.495635e+01 1.891100e+01 3.203965e+01
      endloop
   endfacet
   facet normal 1.000000e+00 0.000000e+00 0.000000e+00
      outer loop
         vertex 7.495635e+01 1.891100e+01 3.298965e+01
         vertex 7.495635e+01 1.891100e+01 3.203965e+01
         vertex 7.495635e+01 2.015807e+01 3.291119e+01
      endloop
   endfacet
   facet normal 1.000000e+00 0.000000e+00 0.000000e+00
      outer loop
         vertex 7.495635e+01 2.015807e+01 1.316810e+01
         vertex 7.495635e+01 1.929923e+01 1.409076e+01
         vertex 7.495635e+01 1.891100e+01 1.308965e+01
      endloop
   endfacet
   facet normal 1.000000e+00 0.000000e+00 0.000000e+00
      outer loop
         vertex 7.495635e+01 1.891100e+01 1.308965e+01
         vertex 7.495635e+01 1.929923e+01 1.409076e+01
         vertex 7.495635e+01 1.891100e+01 1.403965e+01
      endloop
   endfacet
   facet normal 1.000000e+00 0.000000e+00 -0.000000e+00
      outer loop
         vertex 7.495635e+01 1.891100e+01 1.308965e+01
         vertex 7.495635e+01 1.891100e+01 1.403965e+01
         vertex 7.495635e+01 1.766393e+01 1.316810e+01
      endloop
   endfacet
   facet normal 1.000000e+00 0.000000e+00 0.000000e+00
      outer loop
         vertex 7.495635e+01 1.816100e+01 1.683868e+01
         vertex 7.495635e+01 1.271004e+01 2.228965e+01
         vertex 7.495635e+01 1.785034e+01 1.660031e+01
      endloop
   endfacet
   facet normal 1.000000e+00 0.000000e+00 0.000000e+00
      outer loop
         vertex 7.495635e+01 1.785034e+01 1.660031e+01
         vertex 7.495635e+01 1.271004e+01 2.228965e+01
         vertex 7.495635e+01 1.247166e+01 2.197899e+01
      endloop
   endfacet
   facet normal 1.000000e+00 0.000000e+00 0.000000e+00
      outer loop
         vertex 7.495635e+01 1.785034e+01 1.660031e+01
         vertex 7.495635e+01 1.247166e+01 2.197899e+01
         vertex 7.495635e+01 1.761196e+01 1.628965e+01
      endloop
   endfacet
   facet normal 1.000000e+00 -0.000000e+00 0.000000e+00
      outer loop
         vertex 7.495635e+01 9.447988e+00 2.611437e+01
         vertex 7.495635e+01 9.137241e+00 2.490409e+01
         vertex 7.495635e+01 1.761196e+01 2.978965e+01
      endloop
   endfacet
   facet normal 1.000000e+00 0.000000e+00 0.000000e+00
      outer loop
         vertex 7.495635e+01 1.891100e+01 1.403965e+01
         vertex 7.495635e+01 1.852277e+01 1.409076e+01
         vertex 7.495635e+01 1.766393e+01 1.316810e+01
      endloop
   endfacet
   facet normal 1.000000e+00 0.000000e+00 0.000000e+00
      outer loop
         vertex 7.495635e+01 1.766393e+01 1.316810e+01
         vertex 7.495635e+01 1.852277e+01 1.409076e+01
         vertex 7.495635e+01 1.816100e+01 1.424061e+01
      endloop
   endfacet
   facet normal 1.000000e+00 0.000000e+00 -0.000000e+00
      outer loop
         vertex 7.495635e+01 1.766393e+01 1.316810e+01
         vertex 7.495635e+01 1.816100e+01 1.424061e+01
         vertex 7.495635e+01 1.643653e+01 1.340224e+01
      endloop
   endfacet
   facet normal 1.000000e+00 0.000000e+00 0.000000e+00
      outer loop
         vertex 7.495635e+01 1.643653e+01 1.340224e+01
         vertex 7.495635e+01 1.816100e+01 1.424061e+01
         vertex 7.495635e+01 1.785034e+01 1.447899e+01
      endloop
   endfacet
   facet normal 1.000000e+00 0.000000e+00 -0.000000e+00
      outer loop
         vertex 7.495635e+01 1.643653e+01 1.340224e+01
         vertex 7.495635e+01 1.785034e+01 1.447899e+01
         vertex 7.495635e+01 1.524816e+01 1.378837e+01
      endloop
   endfacet
   facet normal 1.000000e+00 0.000000e+00 0.000000e+00
      outer loop
         vertex 7.495635e+01 1.524816e+01 1.378837e+01
         vertex 7.495635e+01 1.785034e+01 1.447899e+01
         vertex 7.495635e+01 1.761196e+01 1.478965e+01
      endloop
   endfacet
   facet normal 1.000000e+00 0.000000e+00 -0.000000e+00
      outer loop
         vertex 7.495635e+01 1.524816e+01 1.378837e+01
         vertex 7.495635e+01 1.761196e+01 1.478965e+01
         vertex 7.495635e+01 1.411755e+01 1.432039e+01
      endloop
   endfacet
   facet normal 1.000000e+00 0.000000e+00 0.000000e+00
      outer loop
         vertex 7.495635e+01 1.411755e+01 1.432039e+01
         vertex 7.495635e+01 1.761196e+01 1.478965e+01
         vertex 7.495635e+01 1.746211e+01 1.515142e+01
      endloop
   endfacet
   facet normal 1.000000e+00 0.000000e+00 -0.000000e+00
      outer loop
         vertex 7.495635e+01 1.411755e+01 1.432039e+01
         vertex 7.495635e+01 1.746211e+01 1.515142e+01
         vertex 7.495635e+01 1.306254e+01 1.498993e+01
      endloop
   endfacet
   facet normal 1.000000e+00 0.000000e+00 0.000000e+00
      outer loop
         vertex 7.495635e+01 1.306254e+01 1.498993e+01
         vertex 7.495635e+01 1.746211e+01 1.515142e+01
         vertex 7.495635e+01 1.741100e+01 1.553965e+01
      endloop
   endfacet
   facet normal 1.000000e+00 0.000000e+00 -0.000000e+00
      outer loop
         vertex 7.495635e+01 1.306254e+01 1.498993e+01
         vertex 7.495635e+01 1.741100e+01 1.553965e+01
         vertex 7.495635e+01 1.209976e+01 1.578641e+01
      endloop
   endfacet
   facet normal 1.000000e+00 -0.000000e+00 0.000000e+00
      outer loop
         vertex 7.495635e+01 1.209976e+01 1.578641e+01
         vertex 7.495635e+01 1.741100e+01 1.553965e+01
         vertex 7.495635e+01 1.746211e+01 1.592787e+01
      endloop
   endfacet
   facet normal 1.000000e+00 0.000000e+00 -0.000000e+00
      outer loop
         vertex 7.495635e+01 1.209976e+01 1.578641e+01
         vertex 7.495635e+01 1.746211e+01 1.592787e+01
         vertex 7.495635e+01 1.179923e+01 2.159076e+01
      endloop
   endfacet
   facet normal 1.000000e+00 0.000000e+00 0.000000e+00
      outer loop
         vertex 7.495635e+01 1.179923e+01 2.159076e+01
         vertex 7.495635e+01 1.746211e+01 1.592787e+01
         vertex 7.495635e+01 1.761196e+01 1.628965e+01
      endloop
   endfacet
   facet normal 1.000000e+00 -0.000000e+00 0.000000e+00
      outer loop
         vertex 7.495635e+01 1.179923e+01 2.159076e+01
         vertex 7.495635e+01 1.761196e+01 1.628965e+01
         vertex 7.495635e+01 1.216100e+01 2.174061e+01
      endloop
   endfacet
   facet normal 1.000000e+00 -0.000000e+00 0.000000e+00
      outer loop
         vertex 7.495635e+01 1.216100e+01 2.174061e+01
         vertex 7.495635e+01 1.761196e+01 1.628965e+01
         vertex 7.495635e+01 1.247166e+01 2.197899e+01
      endloop
   endfacet
   facet normal 1.000000e+00 0.000000e+00 0.000000e+00
      outer loop
         vertex 7.495635e+01 1.966100e+01 2.924061e+01
         vertex 7.495635e+01 1.929923e+01 2.909076e+01
         vertex 7.495635e+01 1.966100e+01 1.683868e+01
      endloop
   endfacet
   facet normal 1.000000e+00 0.000000e+00 0.000000e+00
      outer loop
         vertex 7.495635e+01 2.511196e+01 2.378965e+01
         vertex 7.495635e+01 2.535034e+01 2.410031e+01
         vertex 7.495635e+01 2.657761e+01 2.938202e+01
      endloop
   endfacet
   facet normal 1.000000e+00 0.000000e+00 0.000000e+00
      outer loop
         vertex 7.495635e+01 1.746211e+01 3.015142e+01
         vertex 7.495635e+01 1.741100e+01 3.053965e+01
         vertex 7.495635e+01 1.209976e+01 3.029288e+01
      endloop
   endfacet
   facet normal 1.000000e+00 -0.000000e+00 0.000000e+00
      outer loop
         vertex 7.495635e+01 1.891100e+01 3.203965e+01
         vertex 7.495635e+01 1.929923e+01 3.198854e+01
         vertex 7.495635e+01 2.015807e+01 3.291119e+01
      endloop
   endfacet
   facet normal 1.000000e+00 0.000000e+00 0.000000e+00
      outer loop
         vertex 7.495635e+01 2.015807e+01 3.291119e+01
         vertex 7.495635e+01 1.929923e+01 3.198854e+01
         vertex 7.495635e+01 1.966100e+01 3.183868e+01
      endloop
   endfacet
   facet normal 1.000000e+00 0.000000e+00 0.000000e+00
      outer loop
         vertex 7.495635e+01 2.015807e+01 3.291119e+01
         vertex 7.495635e+01 1.966100e+01 3.183868e+01
         vertex 7.495635e+01 2.138546e+01 3.267705e+01
      endloop
   endfacet
   facet normal 1.000000e+00 0.000000e+00 0.000000e+00
      outer loop
         vertex 7.495635e+01 2.138546e+01 3.267705e+01
         vertex 7.495635e+01 1.966100e+01 3.183868e+01
         vertex 7.495635e+01 1.997166e+01 3.160031e+01
      endloop
   endfacet
   facet normal 1.000000e+00 0.000000e+00 0.000000e+00
      outer loop
         vertex 7.495635e+01 2.138546e+01 3.267705e+01
         vertex 7.495635e+01 1.997166e+01 3.160031e+01
         vertex 7.495635e+01 2.257384e+01 3.229092e+01
      endloop
   endfacet
   facet normal 1.000000e+00 0.000000e+00 0.000000e+00
      outer loop
         vertex 7.495635e+01 2.257384e+01 3.229092e+01
         vertex 7.495635e+01 1.997166e+01 3.160031e+01
         vertex 7.495635e+01 2.021004e+01 3.128965e+01
      endloop
   endfacet
   facet normal 1.000000e+00 0.000000e+00 0.000000e+00
      outer loop
         vertex 7.495635e+01 2.257384e+01 3.229092e+01
         vertex 7.495635e+01 2.021004e+01 3.128965e+01
         vertex 7.495635e+01 2.370445e+01 3.175890e+01
      endloop
   endfacet
   facet normal 1.000000e+00 0.000000e+00 0.000000e+00
      outer loop
         vertex 7.495635e+01 2.370445e+01 3.175890e+01
         vertex 7.495635e+01 2.021004e+01 3.128965e+01
         vertex 7.495635e+01 2.035989e+01 3.092788e+01
      endloop
   endfacet
   facet normal 1.000000e+00 0.000000e+00 0.000000e+00
      outer loop
         vertex 7.495635e+01 2.370445e+01 3.175890e+01
         vertex 7.495635e+01 2.035989e+01 3.092788e+01
         vertex 7.495635e+01 2.475946e+01 3.108937e+01
      endloop
   endfacet
   facet normal 1.000000e+00 0.000000e+00 0.000000e+00
      outer loop
         vertex 7.495635e+01 2.475946e+01 3.108937e+01
         vertex 7.495635e+01 2.035989e+01 3.092788e+01
         vertex 7.495635e+01 2.041100e+01 3.053965e+01
      endloop
   endfacet
   facet normal 1.000000e+00 0.000000e+00 0.000000e+00
      outer loop
         vertex 7.495635e+01 2.475946e+01 3.108937e+01
         vertex 7.495635e+01 2.041100e+01 3.053965e+01
         vertex 7.495635e+01 2.572224e+01 3.029288e+01
      endloop
   endfacet
   facet normal 1.000000e+00 -0.000000e+00 0.000000e+00
      outer loop
         vertex 7.495635e+01 2.035989e+01 1.592787e+01
         vertex 7.495635e+01 2.041100e+01 1.553965e+01
         vertex 7.495635e+01 2.566100e+01 2.174061e+01
      endloop
   endfacet
   facet normal 1.000000e+00 0.000000e+00 0.000000e+00
      outer loop
         vertex 7.495635e+01 1.011196e+01 2.228965e+01
         vertex 7.495635e+01 9.962112e+00 2.265142e+01
         vertex 7.495635e+01 8.980634e+00 2.241488e+01
      endloop
   endfacet
   facet normal 1.000000e+00 0.000000e+00 0.000000e+00
      outer loop
         vertex 7.495635e+01 8.980634e+00 2.241488e+01
         vertex 7.495635e+01 9.962112e+00 2.265142e+01
         vertex 7.495635e+01 9.910999e+00 2.303965e+01
      endloop
   endfacet
   facet normal 1.000000e+00 0.000000e+00 0.000000e+00
      outer loop
         vertex 7.495635e+01 8.980634e+00 2.241488e+01
         vertex 7.495635e+01 9.910999e+00 2.303965e+01
         vertex 7.495635e+01 8.980634e+00 2.366441e+01
      endloop
   endfacet
   facet normal 1.000000e+00 0.000000e+00 0.000000e+00
      outer loop
         vertex 7.495635e+01 8.980634e+00 2.366441e+01
         vertex 7.495635e+01 9.910999e+00 2.303965e+01
         vertex 7.495635e+01 9.962112e+00 2.342788e+01
      endloop
   endfacet
   facet normal 1.000000e+00 -0.000000e+00 0.000000e+00
      outer loop
         vertex 7.495635e+01 8.980634e+00 2.366441e+01
         vertex 7.495635e+01 9.962112e+00 2.342788e+01
         vertex 7.495635e+01 9.137241e+00 2.490409e+01
      endloop
   endfacet
   facet normal 1.000000e+00 0.000000e+00 0.000000e+00
      outer loop
         vertex 7.495635e+01 9.137241e+00 2.490409e+01
         vertex 7.495635e+01 9.962112e+00 2.342788e+01
         vertex 7.495635e+01 1.011196e+01 2.378965e+01
      endloop
   endfacet
   facet normal 1.000000e+00 0.000000e+00 0.000000e+00
      outer loop
         vertex 7.495635e+01 9.137241e+00 2.490409e+01
         vertex 7.495635e+01 1.011196e+01 2.378965e+01
         vertex 7.495635e+01 1.035034e+01 2.410031e+01
      endloop
   endfacet
   facet normal 1.000000e+00 0.000000e+00 0.000000e+00
      outer loop
         vertex 7.495635e+01 1.891100e+01 2.903965e+01
         vertex 7.495635e+01 1.852277e+01 2.909076e+01
         vertex 7.495635e+01 1.271004e+01 2.378965e+01
      endloop
   endfacet
   facet normal 1.000000e+00 0.000000e+00 0.000000e+00
      outer loop
         vertex 7.495635e+01 1.271004e+01 2.378965e+01
         vertex 7.495635e+01 1.852277e+01 2.909076e+01
         vertex 7.495635e+01 1.816100e+01 2.924061e+01
      endloop
   endfacet
   facet normal 1.000000e+00 0.000000e+00 -0.000000e+00
      outer loop
         vertex 7.495635e+01 1.271004e+01 2.378965e+01
         vertex 7.495635e+01 1.816100e+01 2.924061e+01
         vertex 7.495635e+01 1.247166e+01 2.410031e+01
      endloop
   endfacet
   facet normal 1.000000e+00 0.000000e+00 0.000000e+00
      outer loop
         vertex 7.495635e+01 1.247166e+01 2.410031e+01
         vertex 7.495635e+01 1.816100e+01 2.924061e+01
         vertex 7.495635e+01 1.785034e+01 2.947899e+01
      endloop
   endfacet
   facet normal 1.000000e+00 0.000000e+00 -0.000000e+00
      outer loop
         vertex 7.495635e+01 1.247166e+01 2.410031e+01
         vertex 7.495635e+01 1.785034e+01 2.947899e+01
         vertex 7.495635e+01 1.216100e+01 2.433868e+01
      endloop
   endfacet
   facet normal 1.000000e+00 0.000000e+00 0.000000e+00
      outer loop
         vertex 7.495635e+01 1.216100e+01 2.433868e+01
         vertex 7.495635e+01 1.785034e+01 2.947899e+01
         vertex 7.495635e+01 1.761196e+01 2.978965e+01
      endloop
   endfacet
   facet normal 1.000000e+00 0.000000e+00 -0.000000e+00
      outer loop
         vertex 7.495635e+01 1.216100e+01 2.433868e+01
         vertex 7.495635e+01 1.761196e+01 2.978965e+01
         vertex 7.495635e+01 1.179923e+01 2.448854e+01
      endloop
   endfacet
   facet normal 1.000000e+00 0.000000e+00 0.000000e+00
      outer loop
         vertex 7.495635e+01 1.209976e+01 3.029288e+01
         vertex 7.495635e+01 1.124439e+01 2.938202e+01
         vertex 7.495635e+01 1.746211e+01 3.015142e+01
      endloop
   endfacet
   facet normal 1.000000e+00 0.000000e+00 0.000000e+00
      outer loop
         vertex 7.495635e+01 1.746211e+01 3.015142e+01
         vertex 7.495635e+01 1.124439e+01 2.938202e+01
         vertex 7.495635e+01 1.050994e+01 2.837112e+01
      endloop
   endfacet
   facet normal 1.000000e+00 0.000000e+00 0.000000e+00
      outer loop
         vertex 7.495635e+01 1.746211e+01 3.015142e+01
         vertex 7.495635e+01 1.050994e+01 2.837112e+01
         vertex 7.495635e+01 1.761196e+01 2.978965e+01
      endloop
   endfacet
   facet normal 1.000000e+00 0.000000e+00 0.000000e+00
      outer loop
         vertex 7.495635e+01 1.761196e+01 2.978965e+01
         vertex 7.495635e+01 1.050994e+01 2.837112e+01
         vertex 7.495635e+01 9.907970e+00 2.727615e+01
      endloop
   endfacet
   facet normal 1.000000e+00 0.000000e+00 0.000000e+00
      outer loop
         vertex 7.495635e+01 1.761196e+01 2.978965e+01
         vertex 7.495635e+01 9.907970e+00 2.727615e+01
         vertex 7.495635e+01 9.447988e+00 2.611437e+01
      endloop
   endfacet
   facet normal 1.000000e+00 0.000000e+00 0.000000e+00
      outer loop
         vertex 7.495635e+01 2.572224e+01 3.029288e+01
         vertex 7.495635e+01 2.041100e+01 3.053965e+01
         vertex 7.495635e+01 2.657761e+01 2.938202e+01
      endloop
   endfacet
   facet normal 1.000000e+00 0.000000e+00 0.000000e+00
      outer loop
         vertex 7.495635e+01 2.657761e+01 2.938202e+01
         vertex 7.495635e+01 2.041100e+01 3.053965e+01
         vertex 7.495635e+01 2.035989e+01 3.015142e+01
      endloop
   endfacet
   facet normal 1.000000e+00 0.000000e+00 0.000000e+00
      outer loop
         vertex 7.495635e+01 2.657761e+01 2.938202e+01
         vertex 7.495635e+01 2.035989e+01 3.015142e+01
         vertex 7.495635e+01 2.021004e+01 2.978965e+01
      endloop
   endfacet
   facet normal 1.000000e+00 -0.000000e+00 0.000000e+00
      outer loop
         vertex 7.495635e+01 1.966100e+01 2.924061e+01
         vertex 7.495635e+01 1.966100e+01 1.683868e+01
         vertex 7.495635e+01 1.997166e+01 2.947899e+01
      endloop
   endfacet
   facet normal 1.000000e+00 -0.000000e+00 0.000000e+00
      outer loop
         vertex 7.495635e+01 1.271004e+01 2.378965e+01
         vertex 7.495635e+01 1.285989e+01 2.342788e+01
         vertex 7.495635e+01 1.891100e+01 2.903965e+01
      endloop
   endfacet
   facet normal 1.000000e+00 0.000000e+00 0.000000e+00
      outer loop
         vertex 7.495635e+01 1.891100e+01 2.903965e+01
         vertex 7.495635e+01 1.285989e+01 2.342788e+01
         vertex 7.495635e+01 1.891100e+01 1.703965e+01
      endloop
   endfacet
   facet normal 1.000000e+00 -0.000000e+00 0.000000e+00
      outer loop
         vertex 7.495635e+01 1.891100e+01 2.903965e+01
         vertex 7.495635e+01 1.891100e+01 1.703965e+01
         vertex 7.495635e+01 1.929923e+01 2.909076e+01
      endloop
   endfacet
   facet normal 1.000000e+00 0.000000e+00 0.000000e+00
      outer loop
         vertex 7.495635e+01 1.929923e+01 2.909076e+01
         vertex 7.495635e+01 1.891100e+01 1.703965e+01
         vertex 7.495635e+01 1.929923e+01 1.698854e+01
      endloop
   endfacet
   facet normal 1.000000e+00 0.000000e+00 0.000000e+00
      outer loop
         vertex 7.495635e+01 1.929923e+01 2.909076e+01
         vertex 7.495635e+01 1.929923e+01 1.698854e+01
         vertex 7.495635e+01 1.966100e+01 1.683868e+01
      endloop
   endfacet
   facet normal 1.000000e+00 0.000000e+00 0.000000e+00
      outer loop
         vertex 7.495635e+01 2.370445e+01 1.432039e+01
         vertex 7.495635e+01 2.475946e+01 1.498993e+01
         vertex 7.495635e+01 2.602277e+01 2.159076e+01
      endloop
   endfacet
   facet normal 1.000000e+00 0.000000e+00 0.000000e+00
      outer loop
         vertex 7.495635e+01 2.602277e+01 2.159076e+01
         vertex 7.495635e+01 2.475946e+01 1.498993e+01
         vertex 7.495635e+01 2.572224e+01 1.578641e+01
      endloop
   endfacet
   facet normal 1.000000e+00 0.000000e+00 0.000000e+00
      outer loop
         vertex 7.495635e+01 2.602277e+01 2.159076e+01
         vertex 7.495635e+01 2.572224e+01 1.578641e+01
         vertex 7.495635e+01 2.641100e+01 2.153965e+01
      endloop
   endfacet
   facet normal 1.000000e+00 0.000000e+00 0.000000e+00
      outer loop
         vertex 7.495635e+01 2.511196e+01 2.228965e+01
         vertex 7.495635e+01 2.496211e+01 2.265142e+01
         vertex 7.495635e+01 1.966100e+01 1.683868e+01
      endloop
   endfacet
   facet normal 1.000000e+00 0.000000e+00 0.000000e+00
      outer loop
         vertex 7.495635e+01 1.966100e+01 1.683868e+01
         vertex 7.495635e+01 2.496211e+01 2.265142e+01
         vertex 7.495635e+01 2.491100e+01 2.303965e+01
      endloop
   endfacet
   facet normal 1.000000e+00 0.000000e+00 0.000000e+00
      outer loop
         vertex 7.495635e+01 1.966100e+01 1.683868e+01
         vertex 7.495635e+01 2.491100e+01 2.303965e+01
         vertex 7.495635e+01 2.496211e+01 2.342788e+01
      endloop
   endfacet
   facet normal 1.000000e+00 0.000000e+00 0.000000e+00
      outer loop
         vertex 7.495635e+01 2.035989e+01 1.515142e+01
         vertex 7.495635e+01 2.021004e+01 1.478965e+01
         vertex 7.495635e+01 2.138546e+01 1.340224e+01
      endloop
   endfacet
   facet normal 1.000000e+00 0.000000e+00 0.000000e+00
      outer loop
         vertex 7.495635e+01 2.138546e+01 1.340224e+01
         vertex 7.495635e+01 2.021004e+01 1.478965e+01
         vertex 7.495635e+01 1.997166e+01 1.447899e+01
      endloop
   endfacet
   facet normal 1.000000e+00 0.000000e+00 0.000000e+00
      outer loop
         vertex 7.495635e+01 2.138546e+01 1.340224e+01
         vertex 7.495635e+01 1.997166e+01 1.447899e+01
         vertex 7.495635e+01 2.015807e+01 1.316810e+01
      endloop
   endfacet
   facet normal 1.000000e+00 0.000000e+00 0.000000e+00
      outer loop
         vertex 7.495635e+01 2.015807e+01 1.316810e+01
         vertex 7.495635e+01 1.997166e+01 1.447899e+01
         vertex 7.495635e+01 1.966100e+01 1.424061e+01
      endloop
   endfacet
   facet normal 1.000000e+00 0.000000e+00 0.000000e+00
      outer loop
         vertex 7.495635e+01 2.015807e+01 1.316810e+01
         vertex 7.495635e+01 1.966100e+01 1.424061e+01
         vertex 7.495635e+01 1.929923e+01 1.409076e+01
      endloop
   endfacet
   facet normal 1.000000e+00 0.000000e+00 0.000000e+00
      outer loop
         vertex 7.495635e+01 2.021004e+01 2.978965e+01
         vertex 7.495635e+01 1.997166e+01 2.947899e+01
         vertex 7.495635e+01 2.657761e+01 2.938202e+01
      endloop
   endfacet
   facet normal 1.000000e+00 0.000000e+00 0.000000e+00
      outer loop
         vertex 7.495635e+01 2.657761e+01 2.938202e+01
         vertex 7.495635e+01 1.997166e+01 2.947899e+01
         vertex 7.495635e+01 1.966100e+01 1.683868e+01
      endloop
   endfacet
   facet normal 1.000000e+00 0.000000e+00 0.000000e+00
      outer loop
         vertex 7.495635e+01 2.657761e+01 2.938202e+01
         vertex 7.495635e+01 1.966100e+01 1.683868e+01
         vertex 7.495635e+01 2.511196e+01 2.378965e+01
      endloop
   endfacet
   facet normal 1.000000e+00 0.000000e+00 0.000000e+00
      outer loop
         vertex 7.495635e+01 2.511196e+01 2.378965e+01
         vertex 7.495635e+01 1.966100e+01 1.683868e+01
         vertex 7.495635e+01 2.496211e+01 2.342788e+01
      endloop
   endfacet
   facet normal 1.000000e+00 0.000000e+00 -0.000000e+00
      outer loop
         vertex 7.495635e+01 1.035034e+01 2.410031e+01
         vertex 7.495635e+01 1.066100e+01 2.433868e+01
         vertex 7.495635e+01 9.137241e+00 2.490409e+01
      endloop
   endfacet
   facet normal 1.000000e+00 0.000000e+00 0.000000e+00
      outer loop
         vertex 7.495635e+01 9.137241e+00 2.490409e+01
         vertex 7.495635e+01 1.066100e+01 2.433868e+01
         vertex 7.495635e+01 1.102277e+01 2.448854e+01
      endloop
   endfacet
   facet normal 1.000000e+00 -0.000000e+00 0.000000e+00
      outer loop
         vertex 7.495635e+01 9.137241e+00 2.490409e+01
         vertex 7.495635e+01 1.102277e+01 2.448854e+01
         vertex 7.495635e+01 1.761196e+01 2.978965e+01
      endloop
   endfacet
   facet normal 1.000000e+00 0.000000e+00 0.000000e+00
      outer loop
         vertex 7.495635e+01 1.761196e+01 2.978965e+01
         vertex 7.495635e+01 1.102277e+01 2.448854e+01
         vertex 7.495635e+01 1.141100e+01 2.453965e+01
      endloop
   endfacet
   facet normal 1.000000e+00 0.000000e+00 0.000000e+00
      outer loop
         vertex 7.495635e+01 1.761196e+01 2.978965e+01
         vertex 7.495635e+01 1.141100e+01 2.453965e+01
         vertex 7.495635e+01 1.179923e+01 2.448854e+01
      endloop
   endfacet
   facet normal 1.000000e+00 0.000000e+00 0.000000e+00
      outer loop
         vertex 7.495635e+01 1.816100e+01 3.183868e+01
         vertex 7.495635e+01 1.766393e+01 3.291119e+01
         vertex 7.495635e+01 1.785034e+01 3.160031e+01
      endloop
   endfacet
   facet normal 1.000000e+00 0.000000e+00 0.000000e+00
      outer loop
         vertex 7.495635e+01 1.785034e+01 3.160031e+01
         vertex 7.495635e+01 1.766393e+01 3.291119e+01
         vertex 7.495635e+01 1.643653e+01 3.267705e+01
      endloop
   endfacet
   facet normal 1.000000e+00 0.000000e+00 0.000000e+00
      outer loop
         vertex 7.495635e+01 1.785034e+01 3.160031e+01
         vertex 7.495635e+01 1.643653e+01 3.267705e+01
         vertex 7.495635e+01 1.761196e+01 3.128965e+01
      endloop
   endfacet
   facet normal 1.000000e+00 0.000000e+00 0.000000e+00
      outer loop
         vertex 7.495635e+01 1.761196e+01 3.128965e+01
         vertex 7.495635e+01 1.643653e+01 3.267705e+01
         vertex 7.495635e+01 1.524816e+01 3.229092e+01
      endloop
   endfacet
   facet normal 1.000000e+00 0.000000e+00 0.000000e+00
      outer loop
         vertex 7.495635e+01 1.761196e+01 3.128965e+01
         vertex 7.495635e+01 1.524816e+01 3.229092e+01
         vertex 7.495635e+01 1.746211e+01 3.092788e+01
      endloop
   endfacet
   facet normal 1.000000e+00 0.000000e+00 0.000000e+00
      outer loop
         vertex 7.495635e+01 1.746211e+01 3.092788e+01
         vertex 7.495635e+01 1.524816e+01 3.229092e+01
         vertex 7.495635e+01 1.411755e+01 3.175890e+01
      endloop
   endfacet
   facet normal 1.000000e+00 0.000000e+00 0.000000e+00
      outer loop
         vertex 7.495635e+01 1.746211e+01 3.092788e+01
         vertex 7.495635e+01 1.411755e+01 3.175890e+01
         vertex 7.495635e+01 1.741100e+01 3.053965e+01
      endloop
   endfacet
   facet normal 1.000000e+00 0.000000e+00 0.000000e+00
      outer loop
         vertex 7.495635e+01 1.741100e+01 3.053965e+01
         vertex 7.495635e+01 1.411755e+01 3.175890e+01
         vertex 7.495635e+01 1.306254e+01 3.108937e+01
      endloop
   endfacet
   facet normal 1.000000e+00 0.000000e+00 0.000000e+00
      outer loop
         vertex 7.495635e+01 1.741100e+01 3.053965e+01
         vertex 7.495635e+01 1.306254e+01 3.108937e+01
         vertex 7.495635e+01 1.209976e+01 3.029288e+01
      endloop
   endfacet
   facet normal 1.000000e+00 0.000000e+00 0.000000e+00
      outer loop
         vertex 7.495635e+01 2.511196e+01 2.228965e+01
         vertex 7.495635e+01 1.966100e+01 1.683868e+01
         vertex 7.495635e+01 2.535034e+01 2.197899e+01
      endloop
   endfacet
   facet normal 1.000000e+00 0.000000e+00 0.000000e+00
      outer loop
         vertex 7.495635e+01 2.535034e+01 2.197899e+01
         vertex 7.495635e+01 1.966100e+01 1.683868e+01
         vertex 7.495635e+01 1.997166e+01 1.660031e+01
      endloop
   endfacet
   facet normal 1.000000e+00 0.000000e+00 0.000000e+00
      outer loop
         vertex 7.495635e+01 2.535034e+01 2.197899e+01
         vertex 7.495635e+01 1.997166e+01 1.660031e+01
         vertex 7.495635e+01 2.566100e+01 2.174061e+01
      endloop
   endfacet
   facet normal 1.000000e+00 0.000000e+00 0.000000e+00
      outer loop
         vertex 7.495635e+01 2.566100e+01 2.174061e+01
         vertex 7.495635e+01 1.997166e+01 1.660031e+01
         vertex 7.495635e+01 2.021004e+01 1.628965e+01
      endloop
   endfacet
   facet normal 1.000000e+00 0.000000e+00 0.000000e+00
      outer loop
         vertex 7.495635e+01 2.566100e+01 2.174061e+01
         vertex 7.495635e+01 2.021004e+01 1.628965e+01
         vertex 7.495635e+01 2.035989e+01 1.592787e+01
      endloop
   endfacet
   facet normal 1.000000e+00 0.000000e+00 -0.000000e+00
      outer loop
         vertex 7.495635e+01 2.370445e+01 1.432039e+01
         vertex 7.495635e+01 2.602277e+01 2.159076e+01
         vertex 7.495635e+01 2.257384e+01 1.378837e+01
      endloop
   endfacet
   facet normal 1.000000e+00 0.000000e+00 0.000000e+00
      outer loop
         vertex 7.495635e+01 2.257384e+01 1.378837e+01
         vertex 7.495635e+01 2.602277e+01 2.159076e+01
         vertex 7.495635e+01 2.566100e+01 2.174061e+01
      endloop
   endfacet
   facet normal 1.000000e+00 0.000000e+00 -0.000000e+00
      outer loop
         vertex 7.495635e+01 2.257384e+01 1.378837e+01
         vertex 7.495635e+01 2.566100e+01 2.174061e+01
         vertex 7.495635e+01 2.138546e+01 1.340224e+01
      endloop
   endfacet
   facet normal 1.000000e+00 0.000000e+00 -0.000000e+00
      outer loop
         vertex 7.495635e+01 2.138546e+01 1.340224e+01
         vertex 7.495635e+01 2.566100e+01 2.174061e+01
         vertex 7.495635e+01 2.041100e+01 1.553965e+01
      endloop
   endfacet
   facet normal 1.000000e+00 0.000000e+00 0.000000e+00
      outer loop
         vertex 7.495635e+01 2.138546e+01 1.340224e+01
         vertex 7.495635e+01 2.041100e+01 1.553965e+01
         vertex 7.495635e+01 2.035989e+01 1.515142e+01
      endloop
   endfacet
   facet normal 1.000000e+00 0.000000e+00 0.000000e+00
      outer loop
         vertex 7.495635e+01 2.535034e+01 2.410031e+01
         vertex 7.495635e+01 2.566100e+01 2.433868e+01
         vertex 7.495635e+01 2.657761e+01 2.938202e+01
      endloop
   endfacet
   facet normal 1.000000e+00 0.000000e+00 0.000000e+00
      outer loop
         vertex 7.495635e+01 2.657761e+01 2.938202e+01
         vertex 7.495635e+01 2.566100e+01 2.433868e+01
         vertex 7.495635e+01 2.602277e+01 2.448854e+01
      endloop
   endfacet
   facet normal 1.000000e+00 0.000000e+00 0.000000e+00
      outer loop
         vertex 7.495635e+01 2.657761e+01 2.938202e+01
         vertex 7.495635e+01 2.602277e+01 2.448854e+01
         vertex 7.495635e+01 2.641100e+01 2.453965e+01
      endloop
   endfacet
   facet normal 1.000000e+00 0.000000e+00 0.000000e+00
      outer loop
         vertex 7.495635e+01 2.868476e+01 2.490409e+01
         vertex 7.495635e+01 2.747166e+01 2.410031e+01
         vertex 7.495635e+01 2.771004e+01 2.378965e+01
      endloop
   endfacet
   facet normal 1.000000e+00 0.000000e+00 0.000000e+00
      outer loop
         vertex 7.495635e+01 2.868476e+01 2.490409e+01
         vertex 7.495635e+01 2.771004e+01 2.378965e+01
         vertex 7.495635e+01 2.884137e+01 2.366441e+01
      endloop
   endfacet
   facet normal 1.000000e+00 0.000000e+00 0.000000e+00
      outer loop
         vertex 7.495635e+01 2.868476e+01 2.117520e+01
         vertex 7.495635e+01 2.747166e+01 2.197899e+01
         vertex 7.495635e+01 2.837401e+01 1.996493e+01
      endloop
   endfacet
   facet normal 1.000000e+00 0.000000e+00 0.000000e+00
      outer loop
         vertex 7.495635e+01 2.837401e+01 1.996493e+01
         vertex 7.495635e+01 2.747166e+01 2.197899e+01
         vertex 7.495635e+01 2.716100e+01 2.174061e+01
      endloop
   endfacet
   facet normal 1.000000e+00 0.000000e+00 0.000000e+00
      outer loop
         vertex 7.495635e+01 2.837401e+01 1.996493e+01
         vertex 7.495635e+01 2.716100e+01 2.174061e+01
         vertex 7.495635e+01 2.791403e+01 1.880314e+01
      endloop
   endfacet
   facet normal 1.000000e+00 0.000000e+00 0.000000e+00
      outer loop
         vertex 7.495635e+01 2.791403e+01 1.880314e+01
         vertex 7.495635e+01 2.716100e+01 2.174061e+01
         vertex 7.495635e+01 2.679923e+01 2.159076e+01
      endloop
   endfacet
   facet normal 1.000000e+00 0.000000e+00 0.000000e+00
      outer loop
         vertex 7.495635e+01 2.791403e+01 1.880314e+01
         vertex 7.495635e+01 2.679923e+01 2.159076e+01
         vertex 7.495635e+01 2.731206e+01 1.770817e+01
      endloop
   endfacet
   facet normal 1.000000e+00 0.000000e+00 0.000000e+00
      outer loop
         vertex 7.495635e+01 2.731206e+01 1.770817e+01
         vertex 7.495635e+01 2.679923e+01 2.159076e+01
         vertex 7.495635e+01 2.641100e+01 2.153965e+01
      endloop
   endfacet
   facet normal 1.000000e+00 0.000000e+00 0.000000e+00
      outer loop
         vertex 7.495635e+01 2.731206e+01 1.770817e+01
         vertex 7.495635e+01 2.641100e+01 2.153965e+01
         vertex 7.495635e+01 2.657761e+01 1.669728e+01
      endloop
   endfacet
   facet normal 1.000000e+00 0.000000e+00 0.000000e+00
      outer loop
         vertex 7.495635e+01 2.657761e+01 1.669728e+01
         vertex 7.495635e+01 2.641100e+01 2.153965e+01
         vertex 7.495635e+01 2.572224e+01 1.578641e+01
      endloop
   endfacet
   facet normal 1.000000e+00 0.000000e+00 0.000000e+00
      outer loop
         vertex 7.495635e+01 2.771004e+01 2.378965e+01
         vertex 7.495635e+01 2.785989e+01 2.342788e+01
         vertex 7.495635e+01 2.884137e+01 2.366441e+01
      endloop
   endfacet
   facet normal 1.000000e+00 0.000000e+00 0.000000e+00
      outer loop
         vertex 7.495635e+01 2.884137e+01 2.366441e+01
         vertex 7.495635e+01 2.785989e+01 2.342788e+01
         vertex 7.495635e+01 2.791100e+01 2.303965e+01
      endloop
   endfacet
   facet normal 1.000000e+00 0.000000e+00 0.000000e+00
      outer loop
         vertex 7.495635e+01 2.884137e+01 2.366441e+01
         vertex 7.495635e+01 2.791100e+01 2.303965e+01
         vertex 7.495635e+01 2.884137e+01 2.241488e+01
      endloop
   endfacet
   facet normal 1.000000e+00 0.000000e+00 0.000000e+00
      outer loop
         vertex 7.495635e+01 2.884137e+01 2.241488e+01
         vertex 7.495635e+01 2.791100e+01 2.303965e+01
         vertex 7.495635e+01 2.785989e+01 2.265142e+01
      endloop
   endfacet
   facet normal 1.000000e+00 0.000000e+00 0.000000e+00
      outer loop
         vertex 7.495635e+01 2.884137e+01 2.241488e+01
         vertex 7.495635e+01 2.785989e+01 2.265142e+01
         vertex 7.495635e+01 2.868476e+01 2.117520e+01
      endloop
   endfacet
   facet normal 1.000000e+00 0.000000e+00 0.000000e+00
      outer loop
         vertex 7.495635e+01 2.868476e+01 2.117520e+01
         vertex 7.495635e+01 2.785989e+01 2.265142e+01
         vertex 7.495635e+01 2.771004e+01 2.228965e+01
      endloop
   endfacet
   facet normal 1.000000e+00 0.000000e+00 0.000000e+00
      outer loop
         vertex 7.495635e+01 2.868476e+01 2.117520e+01
         vertex 7.495635e+01 2.771004e+01 2.228965e+01
         vertex 7.495635e+01 2.747166e+01 2.197899e+01
      endloop
   endfacet
   facet normal 1.000000e+00 0.000000e+00 -0.000000e+00
      outer loop
         vertex 7.495635e+01 2.747166e+01 2.410031e+01
         vertex 7.495635e+01 2.868476e+01 2.490409e+01
         vertex 7.495635e+01 2.716100e+01 2.433868e+01
      endloop
   endfacet
   facet normal 1.000000e+00 0.000000e+00 0.000000e+00
      outer loop
         vertex 7.495635e+01 2.716100e+01 2.433868e+01
         vertex 7.495635e+01 2.868476e+01 2.490409e+01
         vertex 7.495635e+01 2.837401e+01 2.611437e+01
      endloop
   endfacet
   facet normal 1.000000e+00 0.000000e+00 -0.000000e+00
      outer loop
         vertex 7.495635e+01 2.716100e+01 2.433868e+01
         vertex 7.495635e+01 2.837401e+01 2.611437e+01
         vertex 7.495635e+01 2.679923e+01 2.448854e+01
      endloop
   endfacet
   facet normal 1.000000e+00 0.000000e+00 0.000000e+00
      outer loop
         vertex 7.495635e+01 2.679923e+01 2.448854e+01
         vertex 7.495635e+01 2.837401e+01 2.611437e+01
         vertex 7.495635e+01 2.791403e+01 2.727615e+01
      endloop
   endfacet
   facet normal 1.000000e+00 0.000000e+00 -0.000000e+00
      outer loop
         vertex 7.495635e+01 2.679923e+01 2.448854e+01
         vertex 7.495635e+01 2.791403e+01 2.727615e+01
         vertex 7.495635e+01 2.641100e+01 2.453965e+01
      endloop
   endfacet
   facet normal 1.000000e+00 0.000000e+00 0.000000e+00
      outer loop
         vertex 7.495635e+01 2.641100e+01 2.453965e+01
         vertex 7.495635e+01 2.791403e+01 2.727615e+01
         vertex 7.495635e+01 2.731206e+01 2.837112e+01
      endloop
   endfacet
   facet normal 1.000000e+00 0.000000e+00 0.000000e+00
      outer loop
         vertex 7.495635e+01 2.641100e+01 2.453965e+01
         vertex 7.495635e+01 2.731206e+01 2.837112e+01
         vertex 7.495635e+01 2.657761e+01 2.938202e+01
      endloop
   endfacet
   facet normal 0.000000e+00 6.279019e-02 9.980267e-01
      outer loop
         vertex 6.890635e+01 1.891100e+01 3.298965e+01
         vertex 7.495635e+01 2.015807e+01 3.291119e+01
         vertex 6.890635e+01 2.015807e+01 3.291119e+01
      endloop
   endfacet
   facet normal -0.000000e+00 1.873816e-01 9.822872e-01
      outer loop
         vertex 6.890635e+01 2.015807e+01 3.291119e+01
         vertex 7.495635e+01 2.015807e+01 3.291119e+01
         vertex 7.495635e+01 2.138546e+01 3.267705e+01
      endloop
   endfacet
   facet normal 0.000000e+00 1.873816e-01 9.822872e-01
      outer loop
         vertex 6.890635e+01 2.015807e+01 3.291119e+01
         vertex 7.495635e+01 2.138546e+01 3.267705e+01
         vertex 6.890635e+01 2.138546e+01 3.267705e+01
      endloop
   endfacet
   facet normal -0.000000e+00 3.090169e-01 9.510565e-01
      outer loop
         vertex 6.890635e+01 2.138546e+01 3.267705e+01
         vertex 7.495635e+01 2.138546e+01 3.267705e+01
         vertex 7.495635e+01 2.257384e+01 3.229092e+01
      endloop
   endfacet
   facet normal 0.000000e+00 3.090169e-01 9.510565e-01
      outer loop
         vertex 6.890635e+01 2.138546e+01 3.267705e+01
         vertex 7.495635e+01 2.257384e+01 3.229092e+01
         vertex 6.890635e+01 2.257384e+01 3.229092e+01
      endloop
   endfacet
   facet normal -0.000000e+00 4.257793e-01 9.048271e-01
      outer loop
         vertex 6.890635e+01 2.257384e+01 3.229092e+01
         vertex 7.495635e+01 2.257384e+01 3.229092e+01
         vertex 7.495635e+01 2.370445e+01 3.175890e+01
      endloop
   endfacet
   facet normal 0.000000e+00 4.257793e-01 9.048271e-01
      outer loop
         vertex 6.890635e+01 2.257384e+01 3.229092e+01
         vertex 7.495635e+01 2.370445e+01 3.175890e+01
         vertex 6.890635e+01 2.370445e+01 3.175890e+01
      endloop
   endfacet
   facet normal -0.000000e+00 5.358268e-01 8.443279e-01
      outer loop
         vertex 6.890635e+01 2.370445e+01 3.175890e+01
         vertex 7.495635e+01 2.370445e+01 3.175890e+01
         vertex 7.495635e+01 2.475946e+01 3.108937e+01
      endloop
   endfacet
   facet normal 0.000000e+00 5.358268e-01 8.443279e-01
      outer loop
         vertex 6.890635e+01 2.370445e+01 3.175890e+01
         vertex 7.495635e+01 2.475946e+01 3.108937e+01
         vertex 6.890635e+01 2.475946e+01 3.108937e+01
      endloop
   endfacet
   facet normal -0.000000e+00 6.374239e-01 7.705133e-01
      outer loop
         vertex 6.890635e+01 2.475946e+01 3.108937e+01
         vertex 7.495635e+01 2.475946e+01 3.108937e+01
         vertex 7.495635e+01 2.572224e+01 3.029288e+01
      endloop
   endfacet
   facet normal 0.000000e+00 6.374239e-01 7.705133e-01
      outer loop
         vertex 6.890635e+01 2.475946e+01 3.108937e+01
         vertex 7.495635e+01 2.572224e+01 3.029288e+01
         vertex 6.890635e+01 2.572224e+01 3.029288e+01
      endloop
   endfacet
   facet normal -0.000000e+00 7.289686e-01 6.845471e-01
      outer loop
         vertex 6.890635e+01 2.572224e+01 3.029288e+01
         vertex 7.495635e+01 2.572224e+01 3.029288e+01
         vertex 7.495635e+01 2.657761e+01 2.938202e+01
      endloop
   endfacet
   facet normal 0.000000e+00 7.289686e-01 6.845471e-01
      outer loop
         vertex 6.890635e+01 2.572224e+01 3.029288e+01
         vertex 7.495635e+01 2.657761e+01 2.938202e+01
         vertex 6.890635e+01 2.657761e+01 2.938202e+01
      endloop
   endfacet
   facet normal -0.000000e+00 8.090170e-01 5.877852e-01
      outer loop
         vertex 6.890635e+01 2.657761e+01 2.938202e+01
         vertex 7.495635e+01 2.657761e+01 2.938202e+01
         vertex 7.495635e+01 2.731206e+01 2.837112e+01
      endloop
   endfacet
   facet normal 0.000000e+00 8.090170e-01 5.877852e-01
      outer loop
         vertex 6.890635e+01 2.657761e+01 2.938202e+01
         vertex 7.495635e+01 2.731206e+01 2.837112e+01
         vertex 6.890635e+01 2.731206e+01 2.837112e+01
      endloop
   endfacet
   facet normal -0.000000e+00 8.763067e-01 4.817536e-01
      outer loop
         vertex 6.890635e+01 2.731206e+01 2.837112e+01
         vertex 7.495635e+01 2.731206e+01 2.837112e+01
         vertex 7.495635e+01 2.791403e+01 2.727615e+01
      endloop
   endfacet
   facet normal 0.000000e+00 8.763067e-01 4.817536e-01
      outer loop
         vertex 6.890635e+01 2.731206e+01 2.837112e+01
         vertex 7.495635e+01 2.791403e+01 2.727615e+01
         vertex 6.890635e+01 2.791403e+01 2.727615e+01
      endloop
   endfacet
   facet normal -0.000000e+00 9.297765e-01 3.681246e-01
      outer loop
         vertex 6.890635e+01 2.791403e+01 2.727615e+01
         vertex 7.495635e+01 2.791403e+01 2.727615e+01
         vertex 7.495635e+01 2.837401e+01 2.611437e+01
      endloop
   endfacet
   facet normal 0.000000e+00 9.297765e-01 3.681246e-01
      outer loop
         vertex 6.890635e+01 2.791403e+01 2.727615e+01
         vertex 7.495635e+01 2.837401e+01 2.611437e+01
         vertex 6.890635e+01 2.837401e+01 2.611437e+01
      endloop
   endfacet
   facet normal -0.000000e+00 9.685832e-01 2.486899e-01
      outer loop
         vertex 6.890635e+01 2.837401e+01 2.611437e+01
         vertex 7.495635e+01 2.837401e+01 2.611437e+01
         vertex 7.495635e+01 2.868476e+01 2.490409e+01
      endloop
   endfacet
   facet normal 0.000000e+00 9.685832e-01 2.486899e-01
      outer loop
         vertex 6.890635e+01 2.837401e+01 2.611437e+01
         vertex 7.495635e+01 2.868476e+01 2.490409e+01
         vertex 6.890635e+01 2.868476e+01 2.490409e+01
      endloop
   endfacet
   facet normal -0.000000e+00 9.921147e-01 1.253332e-01
      outer loop
         vertex 6.890635e+01 2.868476e+01 2.490409e+01
         vertex 7.495635e+01 2.868476e+01 2.490409e+01
         vertex 7.495635e+01 2.884137e+01 2.366441e+01
      endloop
   endfacet
   facet normal 0.000000e+00 9.921147e-01 1.253332e-01
      outer loop
         vertex 6.890635e+01 2.868476e+01 2.490409e+01
         vertex 7.495635e+01 2.884137e+01 2.366441e+01
         vertex 6.890635e+01 2.884137e+01 2.366441e+01
      endloop
   endfacet
   facet normal -0.000000e+00 1.000000e+00 0.000000e+00
      outer loop
         vertex 6.890635e+01 2.884137e+01 2.366441e+01
         vertex 7.495635e+01 2.884137e+01 2.366441e+01
         vertex 7.495635e+01 2.884137e+01 2.241488e+01
      endloop
   endfacet
   facet normal 0.000000e+00 1.000000e+00 0.000000e+00
      outer loop
         vertex 6.890635e+01 2.884137e+01 2.366441e+01
         vertex 7.495635e+01 2.884137e+01 2.241488e+01
         vertex 6.890635e+01 2.884137e+01 2.241488e+01
      endloop
   endfacet
   facet normal 0.000000e+00 9.921147e-01 -1.253332e-01
      outer loop
         vertex 6.890635e+01 2.884137e+01 2.241488e+01
         vertex 7.495635e+01 2.884137e+01 2.241488e+01
         vertex 7.495635e+01 2.868476e+01 2.117520e+01
      endloop
   endfacet
   facet normal 0.000000e+00 9.921147e-01 -1.253332e-01
      outer loop
         vertex 6.890635e+01 2.884137e+01 2.241488e+01
         vertex 7.495635e+01 2.868476e+01 2.117520e+01
         vertex 6.890635e+01 2.868476e+01 2.117520e+01
      endloop
   endfacet
   facet normal 0.000000e+00 9.685832e-01 -2.486899e-01
      outer loop
         vertex 6.890635e+01 2.868476e+01 2.117520e+01
         vertex 7.495635e+01 2.868476e+01 2.117520e+01
         vertex 7.495635e+01 2.837401e+01 1.996493e+01
      endloop
   endfacet
   facet normal 0.000000e+00 9.685832e-01 -2.486899e-01
      outer loop
         vertex 6.890635e+01 2.868476e+01 2.117520e+01
         vertex 7.495635e+01 2.837401e+01 1.996493e+01
         vertex 6.890635e+01 2.837401e+01 1.996493e+01
      endloop
   endfacet
   facet normal 0.000000e+00 9.297765e-01 -3.681246e-01
      outer loop
         vertex 6.890635e+01 2.837401e+01 1.996493e+01
         vertex 7.495635e+01 2.837401e+01 1.996493e+01
         vertex 7.495635e+01 2.791403e+01 1.880314e+01
      endloop
   endfacet
   facet normal 0.000000e+00 9.297765e-01 -3.681246e-01
      outer loop
         vertex 6.890635e+01 2.837401e+01 1.996493e+01
         vertex 7.495635e+01 2.791403e+01 1.880314e+01
         vertex 6.890635e+01 2.791403e+01 1.880314e+01
      endloop
   endfacet
   facet normal 0.000000e+00 8.763067e-01 -4.817536e-01
      outer loop
         vertex 6.890635e+01 2.791403e+01 1.880314e+01
         vertex 7.495635e+01 2.791403e+01 1.880314e+01
         vertex 7.495635e+01 2.731206e+01 1.770817e+01
      endloop
   endfacet
   facet normal 0.000000e+00 8.763067e-01 -4.817536e-01
      outer loop
         vertex 6.890635e+01 2.791403e+01 1.880314e+01
         vertex 7.495635e+01 2.731206e+01 1.770817e+01
         vertex 6.890635e+01 2.731206e+01 1.770817e+01
      endloop
   endfacet
   facet normal 0.000000e+00 8.090170e-01 -5.877852e-01
      outer loop
         vertex 6.890635e+01 2.731206e+01 1.770817e+01
         vertex 7.495635e+01 2.731206e+01 1.770817e+01
         vertex 7.495635e+01 2.657761e+01 1.669728e+01
      endloop
   endfacet
   facet normal 0.000000e+00 8.090170e-01 -5.877852e-01
      outer loop
         vertex 6.890635e+01 2.731206e+01 1.770817e+01
         vertex 7.495635e+01 2.657761e+01 1.669728e+01
         vertex 6.890635e+01 2.657761e+01 1.669728e+01
      endloop
   endfacet
   facet normal 0.000000e+00 7.289686e-01 -6.845471e-01
      outer loop
         vertex 6.890635e+01 2.657761e+01 1.669728e+01
         vertex 7.495635e+01 2.657761e+01 1.669728e+01
         vertex 7.495635e+01 2.572224e+01 1.578641e+01
      endloop
   endfacet
   facet normal 0.000000e+00 7.289686e-01 -6.845471e-01
      outer loop
         vertex 6.890635e+01 2.657761e+01 1.669728e+01
         vertex 7.495635e+01 2.572224e+01 1.578641e+01
         vertex 6.890635e+01 2.572224e+01 1.578641e+01
      endloop
   endfacet
   facet normal 0.000000e+00 6.374239e-01 -7.705133e-01
      outer loop
         vertex 6.890635e+01 2.572224e+01 1.578641e+01
         vertex 7.495635e+01 2.572224e+01 1.578641e+01
         vertex 7.495635e+01 2.475946e+01 1.498993e+01
      endloop
   endfacet
   facet normal 0.000000e+00 6.374239e-01 -7.705133e-01
      outer loop
         vertex 6.890635e+01 2.572224e+01 1.578641e+01
         vertex 7.495635e+01 2.475946e+01 1.498993e+01
         vertex 6.890635e+01 2.475946e+01 1.498993e+01
      endloop
   endfacet
   facet normal 0.000000e+00 5.358268e-01 -8.443279e-01
      outer loop
         vertex 6.890635e+01 2.475946e+01 1.498993e+01
         vertex 7.495635e+01 2.475946e+01 1.498993e+01
         vertex 7.495635e+01 2.370445e+01 1.432039e+01
      endloop
   endfacet
   facet normal 0.000000e+00 5.358268e-01 -8.443279e-01
      outer loop
         vertex 6.890635e+01 2.475946e+01 1.498993e+01
         vertex 7.495635e+01 2.370445e+01 1.432039e+01
         vertex 6.890635e+01 2.370445e+01 1.432039e+01
      endloop
   endfacet
   facet normal 0.000000e+00 4.257793e-01 -9.048271e-01
      outer loop
         vertex 6.890635e+01 2.370445e+01 1.432039e+01
         vertex 7.495635e+01 2.370445e+01 1.432039e+01
         vertex 7.495635e+01 2.257384e+01 1.378837e+01
      endloop
   endfacet
   facet normal 0.000000e+00 4.257793e-01 -9.048271e-01
      outer loop
         vertex 6.890635e+01 2.370445e+01 1.432039e+01
         vertex 7.495635e+01 2.257384e+01 1.378837e+01
         vertex 6.890635e+01 2.257384e+01 1.378837e+01
      endloop
   endfacet
   facet normal 0.000000e+00 3.090169e-01 -9.510565e-01
      outer loop
         vertex 6.890635e+01 2.257384e+01 1.378837e+01
         vertex 7.495635e+01 2.257384e+01 1.378837e+01
         vertex 7.495635e+01 2.138546e+01 1.340224e+01
      endloop
   endfacet
   facet normal 0.000000e+00 3.090169e-01 -9.510565e-01
      outer loop
         vertex 6.890635e+01 2.257384e+01 1.378837e+01
         vertex 7.495635e+01 2.138546e+01 1.340224e+01
         vertex 6.890635e+01 2.138546e+01 1.340224e+01
      endloop
   endfacet
   facet normal 0.000000e+00 1.873816e-01 -9.822872e-01
      outer loop
         vertex 6.890635e+01 2.138546e+01 1.340224e+01
         vertex 7.495635e+01 2.138546e+01 1.340224e+01
         vertex 7.495635e+01 2.015807e+01 1.316810e+01
      endloop
   endfacet
   facet normal 0.000000e+00 1.873816e-01 -9.822872e-01
      outer loop
         vertex 6.890635e+01 2.138546e+01 1.340224e+01
         vertex 7.495635e+01 2.015807e+01 1.316810e+01
         vertex 6.890635e+01 2.015807e+01 1.316810e+01
      endloop
   endfacet
   facet normal 0.000000e+00 6.279019e-02 -9.980267e-01
      outer loop
         vertex 6.890635e+01 2.015807e+01 1.316810e+01
         vertex 7.495635e+01 2.015807e+01 1.316810e+01
         vertex 7.495635e+01 1.891100e+01 1.308965e+01
      endloop
   endfacet
   facet normal 0.000000e+00 6.279019e-02 -9.980267e-01
      outer loop
         vertex 6.890635e+01 2.015807e+01 1.316810e+01
         vertex 7.495635e+01 1.891100e+01 1.308965e+01
         vertex 6.890635e+01 1.891100e+01 1.308965e+01
      endloop
   endfacet
   facet normal 0.000000e+00 -6.279024e-02 -9.980267e-01
      outer loop
         vertex 6.890635e+01 1.891100e+01 1.308965e+01
         vertex 7.495635e+01 1.891100e+01 1.308965e+01
         vertex 7.495635e+01 1.766393e+01 1.316810e+01
      endloop
   endfacet
   facet normal 0.000000e+00 -6.279024e-02 -9.980267e-01
      outer loop
         vertex 6.890635e+01 1.891100e+01 1.308965e+01
         vertex 7.495635e+01 1.766393e+01 1.316810e+01
         vertex 6.890635e+01 1.766393e+01 1.316810e+01
      endloop
   endfacet
   facet normal 0.000000e+00 -1.873815e-01 -9.822872e-01
      outer loop
         vertex 6.890635e+01 1.766393e+01 1.316810e+01
         vertex 7.495635e+01 1.766393e+01 1.316810e+01
         vertex 7.495635e+01 1.643653e+01 1.340224e+01
      endloop
   endfacet
   facet normal 0.000000e+00 -1.873815e-01 -9.822872e-01
      outer loop
         vertex 6.890635e+01 1.766393e+01 1.316810e+01
         vertex 7.495635e+01 1.643653e+01 1.340224e+01
         vertex 6.890635e+01 1.643653e+01 1.340224e+01
      endloop
   endfacet
   facet normal 0.000000e+00 -3.090171e-01 -9.510565e-01
      outer loop
         vertex 6.890635e+01 1.643653e+01 1.340224e+01
         vertex 7.495635e+01 1.643653e+01 1.340224e+01
         vertex 7.495635e+01 1.524816e+01 1.378837e+01
      endloop
   endfacet
   facet normal 0.000000e+00 -3.090171e-01 -9.510565e-01
      outer loop
         vertex 6.890635e+01 1.643653e+01 1.340224e+01
         vertex 7.495635e+01 1.524816e+01 1.378837e+01
         vertex 6.890635e+01 1.524816e+01 1.378837e+01
      endloop
   endfacet
   facet normal 0.000000e+00 -4.257793e-01 -9.048271e-01
      outer loop
         vertex 6.890635e+01 1.524816e+01 1.378837e+01
         vertex 7.495635e+01 1.524816e+01 1.378837e+01
         vertex 7.495635e+01 1.411755e+01 1.432039e+01
      endloop
   endfacet
   facet normal 0.000000e+00 -4.257793e-01 -9.048271e-01
      outer loop
         vertex 6.890635e+01 1.524816e+01 1.378837e+01
         vertex 7.495635e+01 1.411755e+01 1.432039e+01
         vertex 6.890635e+01 1.411755e+01 1.432039e+01
      endloop
   endfacet
   facet normal 0.000000e+00 -5.358268e-01 -8.443279e-01
      outer loop
         vertex 6.890635e+01 1.411755e+01 1.432039e+01
         vertex 7.495635e+01 1.411755e+01 1.432039e+01
         vertex 7.495635e+01 1.306254e+01 1.498993e+01
      endloop
   endfacet
   facet normal 0.000000e+00 -5.358268e-01 -8.443279e-01
      outer loop
         vertex 6.890635e+01 1.411755e+01 1.432039e+01
         vertex 7.495635e+01 1.306254e+01 1.498993e+01
         vertex 6.890635e+01 1.306254e+01 1.498993e+01
      endloop
   endfacet
   facet normal 0.000000e+00 -6.374238e-01 -7.705134e-01
      outer loop
         vertex 6.890635e+01 1.306254e+01 1.498993e+01
         vertex 7.495635e+01 1.306254e+01 1.498993e+01
         vertex 7.495635e+01 1.209976e+01 1.578641e+01
      endloop
   endfacet
   facet normal 0.000000e+00 -6.374238e-01 -7.705134e-01
      outer loop
         vertex 6.890635e+01 1.306254e+01 1.498993e+01
         vertex 7.495635e+01 1.209976e+01 1.578641e+01
         vertex 6.890635e+01 1.209976e+01 1.578641e+01
      endloop
   endfacet
   facet normal 0.000000e+00 -7.289684e-01 -6.845474e-01
      outer loop
         vertex 6.890635e+01 1.209976e+01 1.578641e+01
         vertex 7.495635e+01 1.209976e+01 1.578641e+01
         vertex 7.495635e+01 1.124439e+01 1.669728e+01
      endloop
   endfacet
   facet normal 0.000000e+00 -7.289684e-01 -6.845474e-01
      outer loop
         vertex 6.890635e+01 1.209976e+01 1.578641e+01
         vertex 7.495635e+01 1.124439e+01 1.669728e+01
         vertex 6.890635e+01 1.124439e+01 1.669728e+01
      endloop
   endfacet
   facet normal 0.000000e+00 -8.090170e-01 -5.877852e-01
      outer loop
         vertex 6.890635e+01 1.124439e+01 1.669728e+01
         vertex 7.495635e+01 1.124439e+01 1.669728e+01
         vertex 7.495635e+01 1.050994e+01 1.770817e+01
      endloop
   endfacet
   facet normal 0.000000e+00 -8.090170e-01 -5.877852e-01
      outer loop
         vertex 6.890635e+01 1.124439e+01 1.669728e+01
         vertex 7.495635e+01 1.050994e+01 1.770817e+01
         vertex 6.890635e+01 1.050994e+01 1.770817e+01
      endloop
   endfacet
   facet normal 0.000000e+00 -8.763068e-01 -4.817534e-01
      outer loop
         vertex 6.890635e+01 1.050994e+01 1.770817e+01
         vertex 7.495635e+01 1.050994e+01 1.770817e+01
         vertex 7.495635e+01 9.907970e+00 1.880314e+01
      endloop
   endfacet
   facet normal 0.000000e+00 -8.763068e-01 -4.817534e-01
      outer loop
         vertex 6.890635e+01 1.050994e+01 1.770817e+01
         vertex 7.495635e+01 9.907970e+00 1.880314e+01
         vertex 6.890635e+01 9.907970e+00 1.880314e+01
      endloop
   endfacet
   facet normal 0.000000e+00 -9.297768e-01 -3.681238e-01
      outer loop
         vertex 6.890635e+01 9.907970e+00 1.880314e+01
         vertex 7.495635e+01 9.907970e+00 1.880314e+01
         vertex 7.495635e+01 9.447988e+00 1.996493e+01
      endloop
   endfacet
   facet normal 0.000000e+00 -9.297768e-01 -3.681238e-01
      outer loop
         vertex 6.890635e+01 9.907970e+00 1.880314e+01
         vertex 7.495635e+01 9.447988e+00 1.996493e+01
         vertex 6.890635e+01 9.447988e+00 1.996493e+01
      endloop
   endfacet
   facet normal 0.000000e+00 -9.685829e-01 -2.486908e-01
      outer loop
         vertex 6.890635e+01 9.447988e+00 1.996493e+01
         vertex 7.495635e+01 9.447988e+00 1.996493e+01
         vertex 7.495635e+01 9.137241e+00 2.117520e+01
      endloop
   endfacet
   facet normal 0.000000e+00 -9.685829e-01 -2.486908e-01
      outer loop
         vertex 6.890635e+01 9.447988e+00 1.996493e+01
         vertex 7.495635e+01 9.137241e+00 2.117520e+01
         vertex 6.890635e+01 9.137241e+00 2.117520e+01
      endloop
   endfacet
   facet normal 0.000000e+00 -9.921147e-01 -1.253330e-01
      outer loop
         vertex 6.890635e+01 9.137241e+00 2.117520e+01
         vertex 7.495635e+01 9.137241e+00 2.117520e+01
         vertex 7.495635e+01 8.980634e+00 2.241488e+01
      endloop
   endfacet
   facet normal 0.000000e+00 -9.921147e-01 -1.253330e-01
      outer loop
         vertex 6.890635e+01 9.137241e+00 2.117520e+01
         vertex 7.495635e+01 8.980634e+00 2.241488e+01
         vertex 6.890635e+01 8.980634e+00 2.241488e+01
      endloop
   endfacet
   facet normal 0.000000e+00 -1.000000e+00 0.000000e+00
      outer loop
         vertex 6.890635e+01 8.980634e+00 2.241488e+01
         vertex 7.495635e+01 8.980634e+00 2.241488e+01
         vertex 7.495635e+01 8.980634e+00 2.366441e+01
      endloop
   endfacet
   facet normal 0.000000e+00 -1.000000e+00 0.000000e+00
      outer loop
         vertex 6.890635e+01 8.980634e+00 2.241488e+01
         vertex 7.495635e+01 8.980634e+00 2.366441e+01
         vertex 6.890635e+01 8.980634e+00 2.366441e+01
      endloop
   endfacet
   facet normal 0.000000e+00 -9.921147e-01 1.253330e-01
      outer loop
         vertex 6.890635e+01 8.980634e+00 2.366441e+01
         vertex 7.495635e+01 8.980634e+00 2.366441e+01
         vertex 7.495635e+01 9.137241e+00 2.490409e+01
      endloop
   endfacet
   facet normal 0.000000e+00 -9.921147e-01 1.253330e-01
      outer loop
         vertex 6.890635e+01 8.980634e+00 2.366441e+01
         vertex 7.495635e+01 9.137241e+00 2.490409e+01
         vertex 6.890635e+01 9.137241e+00 2.490409e+01
      endloop
   endfacet
   facet normal 0.000000e+00 -9.685829e-01 2.486908e-01
      outer loop
         vertex 6.890635e+01 9.137241e+00 2.490409e+01
         vertex 7.495635e+01 9.137241e+00 2.490409e+01
         vertex 7.495635e+01 9.447988e+00 2.611437e+01
      endloop
   endfacet
   facet normal 0.000000e+00 -9.685829e-01 2.486908e-01
      outer loop
         vertex 6.890635e+01 9.137241e+00 2.490409e+01
         vertex 7.495635e+01 9.447988e+00 2.611437e+01
         vertex 6.890635e+01 9.447988e+00 2.611437e+01
      endloop
   endfacet
   facet normal 0.000000e+00 -9.297768e-01 3.681238e-01
      outer loop
         vertex 6.890635e+01 9.447988e+00 2.611437e+01
         vertex 7.495635e+01 9.447988e+00 2.611437e+01
         vertex 7.495635e+01 9.907970e+00 2.727615e+01
      endloop
   endfacet
   facet normal 0.000000e+00 -9.297768e-01 3.681238e-01
      outer loop
         vertex 6.890635e+01 9.447988e+00 2.611437e+01
         vertex 7.495635e+01 9.907970e+00 2.727615e+01
         vertex 6.890635e+01 9.907970e+00 2.727615e+01
      endloop
   endfacet
   facet normal 0.000000e+00 -8.763068e-01 4.817534e-01
      outer loop
         vertex 6.890635e+01 9.907970e+00 2.727615e+01
         vertex 7.495635e+01 9.907970e+00 2.727615e+01
         vertex 7.495635e+01 1.050994e+01 2.837112e+01
      endloop
   endfacet
   facet normal 0.000000e+00 -8.763068e-01 4.817534e-01
      outer loop
         vertex 6.890635e+01 9.907970e+00 2.727615e+01
         vertex 7.495635e+01 1.050994e+01 2.837112e+01
         vertex 6.890635e+01 1.050994e+01 2.837112e+01
      endloop
   endfacet
   facet normal 0.000000e+00 -8.090170e-01 5.877852e-01
      outer loop
         vertex 6.890635e+01 1.050994e+01 2.837112e+01
         vertex 7.495635e+01 1.050994e+01 2.837112e+01
         vertex 7.495635e+01 1.124439e+01 2.938202e+01
      endloop
   endfacet
   facet normal 0.000000e+00 -8.090170e-01 5.877852e-01
      outer loop
         vertex 6.890635e+01 1.050994e+01 2.837112e+01
         vertex 7.495635e+01 1.124439e+01 2.938202e+01
         vertex 6.890635e+01 1.124439e+01 2.938202e+01
      endloop
   endfacet
   facet normal 0.000000e+00 -7.289684e-01 6.845474e-01
      outer loop
         vertex 6.890635e+01 1.124439e+01 2.938202e+01
         vertex 7.495635e+01 1.124439e+01 2.938202e+01
         vertex 7.495635e+01 1.209976e+01 3.029288e+01
      endloop
   endfacet
   facet normal 0.000000e+00 -7.289684e-01 6.845474e-01
      outer loop
         vertex 6.890635e+01 1.124439e+01 2.938202e+01
         vertex 7.495635e+01 1.209976e+01 3.029288e+01
         vertex 6.890635e+01 1.209976e+01 3.029288e+01
      endloop
   endfacet
   facet normal 0.000000e+00 -6.374238e-01 7.705134e-01
      outer loop
         vertex 6.890635e+01 1.209976e+01 3.029288e+01
         vertex 7.495635e+01 1.209976e+01 3.029288e+01
         vertex 7.495635e+01 1.306254e+01 3.108937e+01
      endloop
   endfacet
   facet normal 0.000000e+00 -6.374238e-01 7.705134e-01
      outer loop
         vertex 6.890635e+01 1.209976e+01 3.029288e+01
         vertex 7.495635e+01 1.306254e+01 3.108937e+01
         vertex 6.890635e+01 1.306254e+01 3.108937e+01
      endloop
   endfacet
   facet normal 0.000000e+00 -5.358268e-01 8.443279e-01
      outer loop
         vertex 6.890635e+01 1.306254e+01 3.108937e+01
         vertex 7.495635e+01 1.306254e+01 3.108937e+01
         vertex 7.495635e+01 1.411755e+01 3.175890e+01
      endloop
   endfacet
   facet normal 0.000000e+00 -5.358268e-01 8.443279e-01
      outer loop
         vertex 6.890635e+01 1.306254e+01 3.108937e+01
         vertex 7.495635e+01 1.411755e+01 3.175890e+01
         vertex 6.890635e+01 1.411755e+01 3.175890e+01
      endloop
   endfacet
   facet normal 0.000000e+00 -4.257793e-01 9.048271e-01
      outer loop
         vertex 6.890635e+01 1.411755e+01 3.175890e+01
         vertex 7.495635e+01 1.411755e+01 3.175890e+01
         vertex 7.495635e+01 1.524816e+01 3.229092e+01
      endloop
   endfacet
   facet normal 0.000000e+00 -4.257793e-01 9.048271e-01
      outer loop
         vertex 6.890635e+01 1.411755e+01 3.175890e+01
         vertex 7.495635e+01 1.524816e+01 3.229092e+01
         vertex 6.890635e+01 1.524816e+01 3.229092e+01
      endloop
   endfacet
   facet normal 0.000000e+00 -3.090171e-01 9.510565e-01
      outer loop
         vertex 6.890635e+01 1.524816e+01 3.229092e+01
         vertex 7.495635e+01 1.524816e+01 3.229092e+01
         vertex 7.495635e+01 1.643653e+01 3.267705e+01
      endloop
   endfacet
   facet normal 0.000000e+00 -3.090171e-01 9.510565e-01
      outer loop
         vertex 6.890635e+01 1.524816e+01 3.229092e+01
         vertex 7.495635e+01 1.643653e+01 3.267705e+01
         vertex 6.890635e+01 1.643653e+01 3.267705e+01
      endloop
   endfacet
   facet normal 0.000000e+00 -1.873815e-01 9.822872e-01
      outer loop
         vertex 6.890635e+01 1.643653e+01 3.267705e+01
         vertex 7.495635e+01 1.643653e+01 3.267705e+01
         vertex 7.495635e+01 1.766393e+01 3.291119e+01
      endloop
   endfacet
   facet normal 0.000000e+00 -1.873815e-01 9.822872e-01
      outer loop
         vertex 6.890635e+01 1.643653e+01 3.267705e+01
         vertex 7.495635e+01 1.766393e+01 3.291119e+01
         vertex 6.890635e+01 1.766393e+01 3.291119e+01
      endloop
   endfacet
   facet normal 0.000000e+00 -6.279024e-02 9.980267e-01
      outer loop
         vertex 6.890635e+01 1.766393e+01 3.291119e+01
         vertex 7.495635e+01 1.766393e+01 3.291119e+01
         vertex 7.495635e+01 1.891100e+01 3.298965e+01
      endloop
   endfacet
   facet normal 0.000000e+00 -6.279024e-02 9.980267e-01
      outer loop
         vertex 6.890635e+01 1.766393e+01 3.291119e+01
         vertex 7.495635e+01 1.891100e+01 3.298965e+01
         vertex 6.890635e+01 1.891100e+01 3.298965e+01
      endloop
   endfacet
   facet normal -0.000000e+00 6.279019e-02 9.980267e-01
      outer loop
         vertex 6.890635e+01 1.891100e+01 3.298965e+01
         vertex 7.495635e+01 1.891100e+01 3.298965e+01
         vertex 7.495635e+01 2.015807e+01 3.291119e+01
      endloop
   endfacet
   facet normal 1.000000e+00 -0.000000e+00 0.000000e+00
      outer loop
         vertex 6.890635e+01 1.816100e+01 1.424061e+01
         vertex 6.890635e+01 1.852277e+01 1.409076e+01
         vertex 6.890635e+01 1.891100e+01 1.553965e+01
      endloop
   endfacet
   facet normal 1.000000e+00 0.000000e+00 0.000000e+00
      outer loop
         vertex 6.890635e+01 1.891100e+01 1.553965e+01
         vertex 6.890635e+01 1.852277e+01 1.409076e+01
         vertex 6.890635e+01 1.891100e+01 1.403965e+01
      endloop
   endfacet
   facet normal 1.000000e+00 0.000000e+00 0.000000e+00
      outer loop
         vertex 6.890635e+01 1.891100e+01 1.553965e+01
         vertex 6.890635e+01 1.891100e+01 1.403965e+01
         vertex 6.890635e+01 1.929923e+01 1.409076e+01
      endloop
   endfacet
   facet normal 1.000000e+00 -0.000000e+00 0.000000e+00
      outer loop
         vertex 6.890635e+01 1.746211e+01 1.515142e+01
         vertex 6.890635e+01 1.761196e+01 1.478965e+01
         vertex 6.890635e+01 1.891100e+01 1.553965e+01
      endloop
   endfacet
   facet normal 1.000000e+00 0.000000e+00 0.000000e+00
      outer loop
         vertex 6.890635e+01 1.891100e+01 1.553965e+01
         vertex 6.890635e+01 1.761196e+01 1.478965e+01
         vertex 6.890635e+01 1.785034e+01 1.447899e+01
      endloop
   endfacet
   facet normal 1.000000e+00 0.000000e+00 0.000000e+00
      outer loop
         vertex 6.890635e+01 1.891100e+01 1.553965e+01
         vertex 6.890635e+01 1.785034e+01 1.447899e+01
         vertex 6.890635e+01 1.816100e+01 1.424061e+01
      endloop
   endfacet
   facet normal 1.000000e+00 0.000000e+00 0.000000e+00
      outer loop
         vertex 6.890635e+01 1.761196e+01 1.628965e+01
         vertex 6.890635e+01 1.746211e+01 1.592787e+01
         vertex 6.890635e+01 1.891100e+01 1.553965e+01
      endloop
   endfacet
   facet normal 1.000000e+00 0.000000e+00 0.000000e+00
      outer loop
         vertex 6.890635e+01 1.891100e+01 1.553965e+01
         vertex 6.890635e+01 1.746211e+01 1.592787e+01
         vertex 6.890635e+01 1.741100e+01 1.553965e+01
      endloop
   endfacet
   facet normal 1.000000e+00 0.000000e+00 0.000000e+00
      outer loop
         vertex 6.890635e+01 1.891100e+01 1.553965e+01
         vertex 6.890635e+01 1.741100e+01 1.553965e+01
         vertex 6.890635e+01 1.746211e+01 1.515142e+01
      endloop
   endfacet
   facet normal 1.000000e+00 0.000000e+00 0.000000e+00
      outer loop
         vertex 6.890635e+01 1.852277e+01 1.698854e+01
         vertex 6.890635e+01 1.816100e+01 1.683868e+01
         vertex 6.890635e+01 1.891100e+01 1.553965e+01
      endloop
   endfacet
   facet normal 1.000000e+00 0.000000e+00 0.000000e+00
      outer loop
         vertex 6.890635e+01 1.891100e+01 1.553965e+01
         vertex 6.890635e+01 1.816100e+01 1.683868e+01
         vertex 6.890635e+01 1.785034e+01 1.660031e+01
      endloop
   endfacet
   facet normal 1.000000e+00 0.000000e+00 0.000000e+00
      outer loop
         vertex 6.890635e+01 1.891100e+01 1.553965e+01
         vertex 6.890635e+01 1.785034e+01 1.660031e+01
         vertex 6.890635e+01 1.761196e+01 1.628965e+01
      endloop
   endfacet
   facet normal 1.000000e+00 0.000000e+00 0.000000e+00
      outer loop
         vertex 6.890635e+01 1.966100e+01 1.683868e+01
         vertex 6.890635e+01 1.929923e+01 1.698854e+01
         vertex 6.890635e+01 1.891100e+01 1.553965e+01
      endloop
   endfacet
   facet normal 1.000000e+00 0.000000e+00 0.000000e+00
      outer loop
         vertex 6.890635e+01 1.891100e+01 1.553965e+01
         vertex 6.890635e+01 1.929923e+01 1.698854e+01
         vertex 6.890635e+01 1.891100e+01 1.703965e+01
      endloop
   endfacet
   facet normal 1.000000e+00 0.000000e+00 -0.000000e+00
      outer loop
         vertex 6.890635e+01 1.891100e+01 1.553965e+01
         vertex 6.890635e+01 1.891100e+01 1.703965e+01
         vertex 6.890635e+01 1.852277e+01 1.698854e+01
      endloop
   endfacet
   facet normal 1.000000e+00 0.000000e+00 0.000000e+00
      outer loop
         vertex 6.890635e+01 2.035989e+01 1.592787e+01
         vertex 6.890635e+01 2.021004e+01 1.628965e+01
         vertex 6.890635e+01 1.891100e+01 1.553965e+01
      endloop
   endfacet
   facet normal 1.000000e+00 0.000000e+00 0.000000e+00
      outer loop
         vertex 6.890635e+01 1.891100e+01 1.553965e+01
         vertex 6.890635e+01 2.021004e+01 1.628965e+01
         vertex 6.890635e+01 1.997166e+01 1.660031e+01
      endloop
   endfacet
   facet normal 1.000000e+00 0.000000e+00 0.000000e+00
      outer loop
         vertex 6.890635e+01 1.891100e+01 1.553965e+01
         vertex 6.890635e+01 1.997166e+01 1.660031e+01
         vertex 6.890635e+01 1.966100e+01 1.683868e+01
      endloop
   endfacet
   facet normal 1.000000e+00 0.000000e+00 -0.000000e+00
      outer loop
         vertex 6.890635e+01 2.021004e+01 1.478965e+01
         vertex 6.890635e+01 2.035989e+01 1.515142e+01
         vertex 6.890635e+01 1.891100e+01 1.553965e+01
      endloop
   endfacet
   facet normal 1.000000e+00 -0.000000e+00 0.000000e+00
      outer loop
         vertex 6.890635e+01 1.891100e+01 1.553965e+01
         vertex 6.890635e+01 2.035989e+01 1.515142e+01
         vertex 6.890635e+01 2.041100e+01 1.553965e+01
      endloop
   endfacet
   facet normal 1.000000e+00 0.000000e+00 0.000000e+00
      outer loop
         vertex 6.890635e+01 1.891100e+01 1.553965e+01
         vertex 6.890635e+01 2.041100e+01 1.553965e+01
         vertex 6.890635e+01 2.035989e+01 1.592787e+01
      endloop
   endfacet
   facet normal 1.000000e+00 0.000000e+00 -0.000000e+00
      outer loop
         vertex 6.890635e+01 1.929923e+01 1.409076e+01
         vertex 6.890635e+01 1.966100e+01 1.424061e+01
         vertex 6.890635e+01 1.891100e+01 1.553965e+01
      endloop
   endfacet
   facet normal 1.000000e+00 0.000000e+00 0.000000e+00
      outer loop
         vertex 6.890635e+01 1.891100e+01 1.553965e+01
         vertex 6.890635e+01 1.966100e+01 1.424061e+01
         vertex 6.890635e+01 1.997166e+01 1.447899e+01
      endloop
   endfacet
   facet normal 1.000000e+00 0.000000e+00 0.000000e+00
      outer loop
         vertex 6.890635e+01 1.891100e+01 1.553965e+01
         vertex 6.890635e+01 1.997166e+01 1.447899e+01
         vertex 6.890635e+01 2.021004e+01 1.478965e+01
      endloop
   endfacet
   facet normal 1.000000e+00 -0.000000e+00 0.000000e+00
      outer loop
         vertex 6.890635e+01 2.566100e+01 2.174061e+01
         vertex 6.890635e+01 2.602277e+01 2.159076e+01
         vertex 6.890635e+01 2.641100e+01 2.303965e+01
      endloop
   endfacet
   facet normal 1.000000e+00 0.000000e+00 0.000000e+00
      outer loop
         vertex 6.890635e+01 2.641100e+01 2.303965e+01
         vertex 6.890635e+01 2.602277e+01 2.159076e+01
         vertex 6.890635e+01 2.641100e+01 2.153965e+01
      endloop
   endfacet
   facet normal 1.000000e+00 0.000000e+00 0.000000e+00
      outer loop
         vertex 6.890635e+01 2.641100e+01 2.303965e+01
         vertex 6.890635e+01 2.641100e+01 2.153965e+01
         vertex 6.890635e+01 2.679923e+01 2.159076e+01
      endloop
   endfacet
   facet normal 1.000000e+00 -0.000000e+00 0.000000e+00
      outer loop
         vertex 6.890635e+01 2.496211e+01 2.265142e+01
         vertex 6.890635e+01 2.511196e+01 2.228965e+01
         vertex 6.890635e+01 2.641100e+01 2.303965e+01
      endloop
   endfacet
   facet normal 1.000000e+00 0.000000e+00 0.000000e+00
      outer loop
         vertex 6.890635e+01 2.641100e+01 2.303965e+01
         vertex 6.890635e+01 2.511196e+01 2.228965e+01
         vertex 6.890635e+01 2.535034e+01 2.197899e+01
      endloop
   endfacet
   facet normal 1.000000e+00 0.000000e+00 0.000000e+00
      outer loop
         vertex 6.890635e+01 2.641100e+01 2.303965e+01
         vertex 6.890635e+01 2.535034e+01 2.197899e+01
         vertex 6.890635e+01 2.566100e+01 2.174061e+01
      endloop
   endfacet
   facet normal 1.000000e+00 0.000000e+00 0.000000e+00
      outer loop
         vertex 6.890635e+01 2.511196e+01 2.378965e+01
         vertex 6.890635e+01 2.496211e+01 2.342788e+01
         vertex 6.890635e+01 2.641100e+01 2.303965e+01
      endloop
   endfacet
   facet normal 1.000000e+00 0.000000e+00 0.000000e+00
      outer loop
         vertex 6.890635e+01 2.641100e+01 2.303965e+01
         vertex 6.890635e+01 2.496211e+01 2.342788e+01
         vertex 6.890635e+01 2.491100e+01 2.303965e+01
      endloop
   endfacet
   facet normal 1.000000e+00 0.000000e+00 0.000000e+00
      outer loop
         vertex 6.890635e+01 2.641100e+01 2.303965e+01
         vertex 6.890635e+01 2.491100e+01 2.303965e+01
         vertex 6.890635e+01 2.496211e+01 2.265142e+01
      endloop
   endfacet
   facet normal 1.000000e+00 0.000000e+00 0.000000e+00
      outer loop
         vertex 6.890635e+01 2.602277e+01 2.448854e+01
         vertex 6.890635e+01 2.566100e+01 2.433868e+01
         vertex 6.890635e+01 2.641100e+01 2.303965e+01
      endloop
   endfacet
   facet normal 1.000000e+00 0.000000e+00 0.000000e+00
      outer loop
         vertex 6.890635e+01 2.641100e+01 2.303965e+01
         vertex 6.890635e+01 2.566100e+01 2.433868e+01
         vertex 6.890635e+01 2.535034e+01 2.410031e+01
      endloop
   endfacet
   facet normal 1.000000e+00 0.000000e+00 0.000000e+00
      outer loop
         vertex 6.890635e+01 2.641100e+01 2.303965e+01
         vertex 6.890635e+01 2.535034e+01 2.410031e+01
         vertex 6.890635e+01 2.511196e+01 2.378965e+01
      endloop
   endfacet
   facet normal 1.000000e+00 0.000000e+00 0.000000e+00
      outer loop
         vertex 6.890635e+01 2.716100e+01 2.433868e+01
         vertex 6.890635e+01 2.679923e+01 2.448854e+01
         vertex 6.890635e+01 2.641100e+01 2.303965e+01
      endloop
   endfacet
   facet normal 1.000000e+00 0.000000e+00 0.000000e+00
      outer loop
         vertex 6.890635e+01 2.641100e+01 2.303965e+01
         vertex 6.890635e+01 2.679923e+01 2.448854e+01
         vertex 6.890635e+01 2.641100e+01 2.453965e+01
      endloop
   endfacet
   facet normal 1.000000e+00 0.000000e+00 -0.000000e+00
      outer loop
         vertex 6.890635e+01 2.641100e+01 2.303965e+01
         vertex 6.890635e+01 2.641100e+01 2.453965e+01
         vertex 6.890635e+01 2.602277e+01 2.448854e+01
      endloop
   endfacet
   facet normal 1.000000e+00 0.000000e+00 0.000000e+00
      outer loop
         vertex 6.890635e+01 2.785989e+01 2.342788e+01
         vertex 6.890635e+01 2.771004e+01 2.378965e+01
         vertex 6.890635e+01 2.641100e+01 2.303965e+01
      endloop
   endfacet
   facet normal 1.000000e+00 0.000000e+00 0.000000e+00
      outer loop
         vertex 6.890635e+01 2.641100e+01 2.303965e+01
         vertex 6.890635e+01 2.771004e+01 2.378965e+01
         vertex 6.890635e+01 2.747166e+01 2.410031e+01
      endloop
   endfacet
   facet normal 1.000000e+00 0.000000e+00 0.000000e+00
      outer loop
         vertex 6.890635e+01 2.641100e+01 2.303965e+01
         vertex 6.890635e+01 2.747166e+01 2.410031e+01
         vertex 6.890635e+01 2.716100e+01 2.433868e+01
      endloop
   endfacet
   facet normal 1.000000e+00 0.000000e+00 -0.000000e+00
      outer loop
         vertex 6.890635e+01 2.771004e+01 2.228965e+01
         vertex 6.890635e+01 2.785989e+01 2.265142e+01
         vertex 6.890635e+01 2.641100e+01 2.303965e+01
      endloop
   endfacet
   facet normal 1.000000e+00 -0.000000e+00 0.000000e+00
      outer loop
         vertex 6.890635e+01 2.641100e+01 2.303965e+01
         vertex 6.890635e+01 2.785989e+01 2.265142e+01
         vertex 6.890635e+01 2.791100e+01 2.303965e+01
      endloop
   endfacet
   facet normal 1.000000e+00 0.000000e+00 0.000000e+00
      outer loop
         vertex 6.890635e+01 2.641100e+01 2.303965e+01
         vertex 6.890635e+01 2.791100e+01 2.303965e+01
         vertex 6.890635e+01 2.785989e+01 2.342788e+01
      endloop
   endfacet
   facet normal 1.000000e+00 0.000000e+00 -0.000000e+00
      outer loop
         vertex 6.890635e+01 2.679923e+01 2.159076e+01
         vertex 6.890635e+01 2.716100e+01 2.174061e+01
         vertex 6.890635e+01 2.641100e+01 2.303965e+01
      endloop
   endfacet
   facet normal 1.000000e+00 0.000000e+00 0.000000e+00
      outer loop
         vertex 6.890635e+01 2.641100e+01 2.303965e+01
         vertex 6.890635e+01 2.716100e+01 2.174061e+01
         vertex 6.890635e+01 2.747166e+01 2.197899e+01
      endloop
   endfacet
   facet normal 1.000000e+00 0.000000e+00 0.000000e+00
      outer loop
         vertex 6.890635e+01 2.641100e+01 2.303965e+01
         vertex 6.890635e+01 2.747166e+01 2.197899e+01
         vertex 6.890635e+01 2.771004e+01 2.228965e+01
      endloop
   endfacet
   facet normal 1.000000e+00 -0.000000e+00 0.000000e+00
      outer loop
         vertex 6.890635e+01 1.816100e+01 2.924061e+01
         vertex 6.890635e+01 1.852277e+01 2.909076e+01
         vertex 6.890635e+01 1.891100e+01 3.053965e+01
      endloop
   endfacet
   facet normal 1.000000e+00 0.000000e+00 0.000000e+00
      outer loop
         vertex 6.890635e+01 1.891100e+01 3.053965e+01
         vertex 6.890635e+01 1.852277e+01 2.909076e+01
         vertex 6.890635e+01 1.891100e+01 2.903965e+01
      endloop
   endfacet
   facet normal 1.000000e+00 0.000000e+00 0.000000e+00
      outer loop
         vertex 6.890635e+01 1.891100e+01 3.053965e+01
         vertex 6.890635e+01 1.891100e+01 2.903965e+01
         vertex 6.890635e+01 1.929923e+01 2.909076e+01
      endloop
   endfacet
   facet normal 1.000000e+00 -0.000000e+00 0.000000e+00
      outer loop
         vertex 6.890635e+01 1.746211e+01 3.015142e+01
         vertex 6.890635e+01 1.761196e+01 2.978965e+01
         vertex 6.890635e+01 1.891100e+01 3.053965e+01
      endloop
   endfacet
   facet normal 1.000000e+00 0.000000e+00 0.000000e+00
      outer loop
         vertex 6.890635e+01 1.891100e+01 3.053965e+01
         vertex 6.890635e+01 1.761196e+01 2.978965e+01
         vertex 6.890635e+01 1.785034e+01 2.947899e+01
      endloop
   endfacet
   facet normal 1.000000e+00 0.000000e+00 0.000000e+00
      outer loop
         vertex 6.890635e+01 1.891100e+01 3.053965e+01
         vertex 6.890635e+01 1.785034e+01 2.947899e+01
         vertex 6.890635e+01 1.816100e+01 2.924061e+01
      endloop
   endfacet
   facet normal 1.000000e+00 0.000000e+00 0.000000e+00
      outer loop
         vertex 6.890635e+01 1.761196e+01 3.128965e+01
         vertex 6.890635e+01 1.746211e+01 3.092788e+01
         vertex 6.890635e+01 1.891100e+01 3.053965e+01
      endloop
   endfacet
   facet normal 1.000000e+00 0.000000e+00 0.000000e+00
      outer loop
         vertex 6.890635e+01 1.891100e+01 3.053965e+01
         vertex 6.890635e+01 1.746211e+01 3.092788e+01
         vertex 6.890635e+01 1.741100e+01 3.053965e+01
      endloop
   endfacet
   facet normal 1.000000e+00 0.000000e+00 0.000000e+00
      outer loop
         vertex 6.890635e+01 1.891100e+01 3.053965e+01
         vertex 6.890635e+01 1.741100e+01 3.053965e+01
         vertex 6.890635e+01 1.746211e+01 3.015142e+01
      endloop
   endfacet
   facet normal 1.000000e+00 0.000000e+00 0.000000e+00
      outer loop
         vertex 6.890635e+01 1.852277e+01 3.198854e+01
         vertex 6.890635e+01 1.816100e+01 3.183868e+01
         vertex 6.890635e+01 1.891100e+01 3.053965e+01
      endloop
   endfacet
   facet normal 1.000000e+00 0.000000e+00 0.000000e+00
      outer loop
         vertex 6.890635e+01 1.891100e+01 3.053965e+01
         vertex 6.890635e+01 1.816100e+01 3.183868e+01
         vertex 6.890635e+01 1.785034e+01 3.160031e+01
      endloop
   endfacet
   facet normal 1.000000e+00 0.000000e+00 0.000000e+00
      outer loop
         vertex 6.890635e+01 1.891100e+01 3.053965e+01
         vertex 6.890635e+01 1.785034e+01 3.160031e+01
         vertex 6.890635e+01 1.761196e+01 3.128965e+01
      endloop
   endfacet
   facet normal 1.000000e+00 0.000000e+00 0.000000e+00
      outer loop
         vertex 6.890635e+01 1.966100e+01 3.183868e+01
         vertex 6.890635e+01 1.929923e+01 3.198854e+01
         vertex 6.890635e+01 1.891100e+01 3.053965e+01
      endloop
   endfacet
   facet normal 1.000000e+00 0.000000e+00 0.000000e+00
      outer loop
         vertex 6.890635e+01 1.891100e+01 3.053965e+01
         vertex 6.890635e+01 1.929923e+01 3.198854e+01
         vertex 6.890635e+01 1.891100e+01 3.203965e+01
      endloop
   endfacet
   facet normal 1.000000e+00 0.000000e+00 -0.000000e+00
      outer loop
         vertex 6.890635e+01 1.891100e+01 3.053965e+01
         vertex 6.890635e+01 1.891100e+01 3.203965e+01
         vertex 6.890635e+01 1.852277e+01 3.198854e+01
      endloop
   endfacet
   facet normal 1.000000e+00 0.000000e+00 0.000000e+00
      outer loop
         vertex 6.890635e+01 2.035989e+01 3.092788e+01
         vertex 6.890635e+01 2.021004e+01 3.128965e+01
         vertex 6.890635e+01 1.891100e+01 3.053965e+01
      endloop
   endfacet
   facet normal 1.000000e+00 0.000000e+00 0.000000e+00
      outer loop
         vertex 6.890635e+01 1.891100e+01 3.053965e+01
         vertex 6.890635e+01 2.021004e+01 3.128965e+01
         vertex 6.890635e+01 1.997166e+01 3.160031e+01
      endloop
   endfacet
   facet normal 1.000000e+00 0.000000e+00 0.000000e+00
      outer loop
         vertex 6.890635e+01 1.891100e+01 3.053965e+01
         vertex 6.890635e+01 1.997166e+01 3.160031e+01
         vertex 6.890635e+01 1.966100e+01 3.183868e+01
      endloop
   endfacet
   facet normal 1.000000e+00 0.000000e+00 -0.000000e+00
      outer loop
         vertex 6.890635e+01 2.021004e+01 2.978965e+01
         vertex 6.890635e+01 2.035989e+01 3.015142e+01
         vertex 6.890635e+01 1.891100e+01 3.053965e+01
      endloop
   endfacet
   facet normal 1.000000e+00 -0.000000e+00 0.000000e+00
      outer loop
         vertex 6.890635e+01 1.891100e+01 3.053965e+01
         vertex 6.890635e+01 2.035989e+01 3.015142e+01
         vertex 6.890635e+01 2.041100e+01 3.053965e+01
      endloop
   endfacet
   facet normal 1.000000e+00 0.000000e+00 0.000000e+00
      outer loop
         vertex 6.890635e+01 1.891100e+01 3.053965e+01
         vertex 6.890635e+01 2.041100e+01 3.053965e+01
         vertex 6.890635e+01 2.035989e+01 3.092788e+01
      endloop
   endfacet
   facet normal 1.000000e+00 0.000000e+00 -0.000000e+00
      outer loop
         vertex 6.890635e+01 1.929923e+01 2.909076e+01
         vertex 6.890635e+01 1.966100e+01 2.924061e+01
         vertex 6.890635e+01 1.891100e+01 3.053965e+01
      endloop
   endfacet
   facet normal 1.000000e+00 0.000000e+00 0.000000e+00
      outer loop
         vertex 6.890635e+01 1.891100e+01 3.053965e+01
         vertex 6.890635e+01 1.966100e+01 2.924061e+01
         vertex 6.890635e+01 1.997166e+01 2.947899e+01
      endloop
   endfacet
   facet normal 1.000000e+00 0.000000e+00 0.000000e+00
      outer loop
         vertex 6.890635e+01 1.891100e+01 3.053965e+01
         vertex 6.890635e+01 1.997166e+01 2.947899e+01
         vertex 6.890635e+01 2.021004e+01 2.978965e+01
      endloop
   endfacet
   facet normal 1.000000e+00 -0.000000e+00 0.000000e+00
      outer loop
         vertex 6.890635e+01 1.066100e+01 2.174061e+01
         vertex 6.890635e+01 1.102277e+01 2.159076e+01
         vertex 6.890635e+01 1.141100e+01 2.303965e+01
      endloop
   endfacet
   facet normal 1.000000e+00 0.000000e+00 0.000000e+00
      outer loop
         vertex 6.890635e+01 1.141100e+01 2.303965e+01
         vertex 6.890635e+01 1.102277e+01 2.159076e+01
         vertex 6.890635e+01 1.141100e+01 2.153965e+01
      endloop
   endfacet
   facet normal 1.000000e+00 0.000000e+00 0.000000e+00
      outer loop
         vertex 6.890635e+01 1.141100e+01 2.303965e+01
         vertex 6.890635e+01 1.141100e+01 2.153965e+01
         vertex 6.890635e+01 1.179923e+01 2.159076e+01
      endloop
   endfacet
   facet normal 1.000000e+00 -0.000000e+00 0.000000e+00
      outer loop
         vertex 6.890635e+01 9.962112e+00 2.265142e+01
         vertex 6.890635e+01 1.011196e+01 2.228965e+01
         vertex 6.890635e+01 1.141100e+01 2.303965e+01
      endloop
   endfacet
   facet normal 1.000000e+00 0.000000e+00 0.000000e+00
      outer loop
         vertex 6.890635e+01 1.141100e+01 2.303965e+01
         vertex 6.890635e+01 1.011196e+01 2.228965e+01
         vertex 6.890635e+01 1.035034e+01 2.197899e+01
      endloop
   endfacet
   facet normal 1.000000e+00 0.000000e+00 0.000000e+00
      outer loop
         vertex 6.890635e+01 1.141100e+01 2.303965e+01
         vertex 6.890635e+01 1.035034e+01 2.197899e+01
         vertex 6.890635e+01 1.066100e+01 2.174061e+01
      endloop
   endfacet
   facet normal 1.000000e+00 0.000000e+00 0.000000e+00
      outer loop
         vertex 6.890635e+01 1.011196e+01 2.378965e+01
         vertex 6.890635e+01 9.962112e+00 2.342788e+01
         vertex 6.890635e+01 1.141100e+01 2.303965e+01
      endloop
   endfacet
   facet normal 1.000000e+00 0.000000e+00 0.000000e+00
      outer loop
         vertex 6.890635e+01 1.141100e+01 2.303965e+01
         vertex 6.890635e+01 9.962112e+00 2.342788e+01
         vertex 6.890635e+01 9.910999e+00 2.303965e+01
      endloop
   endfacet
   facet normal 1.000000e+00 0.000000e+00 0.000000e+00
      outer loop
         vertex 6.890635e+01 1.141100e+01 2.303965e+01
         vertex 6.890635e+01 9.910999e+00 2.303965e+01
         vertex 6.890635e+01 9.962112e+00 2.265142e+01
      endloop
   endfacet
   facet normal 1.000000e+00 0.000000e+00 0.000000e+00
      outer loop
         vertex 6.890635e+01 1.102277e+01 2.448854e+01
         vertex 6.890635e+01 1.066100e+01 2.433868e+01
         vertex 6.890635e+01 1.141100e+01 2.303965e+01
      endloop
   endfacet
   facet normal 1.000000e+00 0.000000e+00 0.000000e+00
      outer loop
         vertex 6.890635e+01 1.141100e+01 2.303965e+01
         vertex 6.890635e+01 1.066100e+01 2.433868e+01
         vertex 6.890635e+01 1.035034e+01 2.410031e+01
      endloop
   endfacet
   facet normal 1.000000e+00 0.000000e+00 0.000000e+00
      outer loop
         vertex 6.890635e+01 1.141100e+01 2.303965e+01
         vertex 6.890635e+01 1.035034e+01 2.410031e+01
         vertex 6.890635e+01 1.011196e+01 2.378965e+01
      endloop
   endfacet
   facet normal 1.000000e+00 0.000000e+00 0.000000e+00
      outer loop
         vertex 6.890635e+01 1.216100e+01 2.433868e+01
         vertex 6.890635e+01 1.179923e+01 2.448854e+01
         vertex 6.890635e+01 1.141100e+01 2.303965e+01
      endloop
   endfacet
   facet normal 1.000000e+00 0.000000e+00 0.000000e+00
      outer loop
         vertex 6.890635e+01 1.141100e+01 2.303965e+01
         vertex 6.890635e+01 1.179923e+01 2.448854e+01
         vertex 6.890635e+01 1.141100e+01 2.453965e+01
      endloop
   endfacet
   facet normal 1.000000e+00 0.000000e+00 -0.000000e+00
      outer loop
         vertex 6.890635e+01 1.141100e+01 2.303965e+01
         vertex 6.890635e+01 1.141100e+01 2.453965e+01
         vertex 6.890635e+01 1.102277e+01 2.448854e+01
      endloop
   endfacet
   facet normal 1.000000e+00 0.000000e+00 0.000000e+00
      outer loop
         vertex 6.890635e+01 1.285989e+01 2.342788e+01
         vertex 6.890635e+01 1.271004e+01 2.378965e+01
         vertex 6.890635e+01 1.141100e+01 2.303965e+01
      endloop
   endfacet
   facet normal 1.000000e+00 0.000000e+00 0.000000e+00
      outer loop
         vertex 6.890635e+01 1.141100e+01 2.303965e+01
         vertex 6.890635e+01 1.271004e+01 2.378965e+01
         vertex 6.890635e+01 1.247166e+01 2.410031e+01
      endloop
   endfacet
   facet normal 1.000000e+00 0.000000e+00 0.000000e+00
      outer loop
         vertex 6.890635e+01 1.141100e+01 2.303965e+01
         vertex 6.890635e+01 1.247166e+01 2.410031e+01
         vertex 6.890635e+01 1.216100e+01 2.433868e+01
      endloop
   endfacet
   facet normal 1.000000e+00 0.000000e+00 -0.000000e+00
      outer loop
         vertex 6.890635e+01 1.271004e+01 2.228965e+01
         vertex 6.890635e+01 1.285989e+01 2.265142e+01
         vertex 6.890635e+01 1.141100e+01 2.303965e+01
      endloop
   endfacet
   facet normal 1.000000e+00 -0.000000e+00 0.000000e+00
      outer loop
         vertex 6.890635e+01 1.141100e+01 2.303965e+01
         vertex 6.890635e+01 1.285989e+01 2.265142e+01
         vertex 6.890635e+01 1.291100e+01 2.303965e+01
      endloop
   endfacet
   facet normal 1.000000e+00 0.000000e+00 0.000000e+00
      outer loop
         vertex 6.890635e+01 1.141100e+01 2.303965e+01
         vertex 6.890635e+01 1.291100e+01 2.303965e+01
         vertex 6.890635e+01 1.285989e+01 2.342788e+01
      endloop
   endfacet
   facet normal 1.000000e+00 0.000000e+00 -0.000000e+00
      outer loop
         vertex 6.890635e+01 1.179923e+01 2.159076e+01
         vertex 6.890635e+01 1.216100e+01 2.174061e+01
         vertex 6.890635e+01 1.141100e+01 2.303965e+01
      endloop
   endfacet
   facet normal 1.000000e+00 0.000000e+00 0.000000e+00
      outer loop
         vertex 6.890635e+01 1.141100e+01 2.303965e+01
         vertex 6.890635e+01 1.216100e+01 2.174061e+01
         vertex 6.890635e+01 1.247166e+01 2.197899e+01
      endloop
   endfacet
   facet normal 1.000000e+00 0.000000e+00 0.000000e+00
      outer loop
         vertex 6.890635e+01 1.141100e+01 2.303965e+01
         vertex 6.890635e+01 1.247166e+01 2.197899e+01
         vertex 6.890635e+01 1.271004e+01 2.228965e+01
      endloop
   endfacet
   facet normal -1.885432e-08 -9.579893e-01 -2.868038e-01
      outer loop
         vertex 6.640635e+01 2.143609e+01 1.662887e+01
         vertex 6.340635e+01 2.159103e+01 1.611135e+01
         vertex 6.640635e+01 2.161922e+01 1.601718e+01
      endloop
   endfacet
   facet normal -0.000000e+00 -9.579895e-01 -2.868033e-01
      outer loop
         vertex 6.640635e+01 2.161922e+01 1.601718e+01
         vertex 6.340635e+01 2.159103e+01 1.611135e+01
         vertex 6.340635e+01 2.161922e+01 1.601718e+01
      endloop
   endfacet
   facet normal -0.000000e+00 -9.983082e-01 -5.814431e-02
      outer loop
         vertex 6.640635e+01 2.161922e+01 1.601718e+01
         vertex 6.340635e+01 2.161922e+01 1.601718e+01
         vertex 6.640635e+01 2.165635e+01 1.537975e+01
      endloop
   endfacet
   facet normal -0.000000e+00 -9.983082e-01 -5.814431e-02
      outer loop
         vertex 6.640635e+01 2.165635e+01 1.537975e+01
         vertex 6.340635e+01 2.161922e+01 1.601718e+01
         vertex 6.340635e+01 2.165635e+01 1.537975e+01
      endloop
   endfacet
   facet normal 0.000000e+00 -9.848077e-01 1.736482e-01
      outer loop
         vertex 6.640635e+01 2.165635e+01 1.537975e+01
         vertex 6.340635e+01 2.165635e+01 1.537975e+01
         vertex 6.640635e+01 2.154547e+01 1.475094e+01
      endloop
   endfacet
   facet normal 0.000000e+00 -9.848077e-01 1.736482e-01
      outer loop
         vertex 6.640635e+01 2.154547e+01 1.475094e+01
         vertex 6.340635e+01 2.165635e+01 1.537975e+01
         vertex 6.340635e+01 2.154547e+01 1.475094e+01
      endloop
   endfacet
   facet normal 0.000000e+00 -9.182164e-01 3.960791e-01
      outer loop
         vertex 6.640635e+01 2.154547e+01 1.475094e+01
         vertex 6.340635e+01 2.154547e+01 1.475094e+01
         vertex 6.640635e+01 2.129257e+01 1.416465e+01
      endloop
   endfacet
   facet normal 0.000000e+00 -9.182164e-01 3.960791e-01
      outer loop
         vertex 6.640635e+01 2.129257e+01 1.416465e+01
         vertex 6.340635e+01 2.154547e+01 1.475094e+01
         vertex 6.340635e+01 2.129257e+01 1.416465e+01
      endloop
   endfacet
   facet normal 0.000000e+00 -8.021230e-01 5.971589e-01
      outer loop
         vertex 6.640635e+01 2.129257e+01 1.416465e+01
         vertex 6.340635e+01 2.129257e+01 1.416465e+01
         vertex 6.640635e+01 2.091128e+01 1.365248e+01
      endloop
   endfacet
   facet normal 0.000000e+00 -8.021230e-01 5.971589e-01
      outer loop
         vertex 6.640635e+01 2.091128e+01 1.365248e+01
         vertex 6.340635e+01 2.129257e+01 1.416465e+01
         vertex 6.340635e+01 2.091128e+01 1.365248e+01
      endloop
   endfacet
   facet normal 0.000000e+00 -6.427879e-01 7.660442e-01
      outer loop
         vertex 6.640635e+01 2.091128e+01 1.365248e+01
         vertex 6.340635e+01 2.091128e+01 1.365248e+01
         vertex 6.640635e+01 2.042215e+01 1.324205e+01
      endloop
   endfacet
   facet normal 0.000000e+00 -6.427879e-01 7.660442e-01
      outer loop
         vertex 6.640635e+01 2.042215e+01 1.324205e+01
         vertex 6.340635e+01 2.091128e+01 1.365248e+01
         vertex 6.340635e+01 2.042215e+01 1.324205e+01
      endloop
   endfacet
   facet normal 0.000000e+00 -4.487992e-01 8.936326e-01
      outer loop
         vertex 6.640635e+01 2.042215e+01 1.324205e+01
         vertex 6.340635e+01 2.042215e+01 1.324205e+01
         vertex 6.640635e+01 1.985156e+01 1.295549e+01
      endloop
   endfacet
   facet normal 0.000000e+00 -4.487992e-01 8.936326e-01
      outer loop
         vertex 6.640635e+01 1.985156e+01 1.295549e+01
         vertex 6.340635e+01 2.042215e+01 1.324205e+01
         vertex 6.340635e+01 1.985156e+01 1.295549e+01
      endloop
   endfacet
   facet normal 0.000000e+00 -2.306153e-01 9.730450e-01
      outer loop
         vertex 6.640635e+01 1.985156e+01 1.295549e+01
         vertex 6.340635e+01 1.985156e+01 1.295549e+01
         vertex 6.640635e+01 1.923025e+01 1.280824e+01
      endloop
   endfacet
   facet normal 0.000000e+00 -2.306153e-01 9.730450e-01
      outer loop
         vertex 6.640635e+01 1.923025e+01 1.280824e+01
         vertex 6.340635e+01 1.985156e+01 1.295549e+01
         vertex 6.340635e+01 1.923025e+01 1.280824e+01
      endloop
   endfacet
   facet normal 0.000000e+00 0.000000e+00 1.000000e+00
      outer loop
         vertex 6.640635e+01 1.923025e+01 1.280824e+01
         vertex 6.340635e+01 1.923025e+01 1.280824e+01
         vertex 6.640635e+01 1.859174e+01 1.280824e+01
      endloop
   endfacet
   facet normal 0.000000e+00 0.000000e+00 1.000000e+00
      outer loop
         vertex 6.640635e+01 1.859174e+01 1.280824e+01
         vertex 6.340635e+01 1.923025e+01 1.280824e+01
         vertex 6.340635e+01 1.859174e+01 1.280824e+01
      endloop
   endfacet
   facet normal 0.000000e+00 2.306157e-01 9.730449e-01
      outer loop
         vertex 6.640635e+01 1.859174e+01 1.280824e+01
         vertex 6.340635e+01 1.859174e+01 1.280824e+01
         vertex 6.640635e+01 1.797044e+01 1.295549e+01
      endloop
   endfacet
   facet normal 0.000000e+00 2.306157e-01 9.730449e-01
      outer loop
         vertex 6.640635e+01 1.797044e+01 1.295549e+01
         vertex 6.340635e+01 1.859174e+01 1.280824e+01
         vertex 6.340635e+01 1.797044e+01 1.295549e+01
      endloop
   endfacet
   facet normal 0.000000e+00 4.487992e-01 8.936326e-01
      outer loop
         vertex 6.640635e+01 1.797044e+01 1.295549e+01
         vertex 6.340635e+01 1.797044e+01 1.295549e+01
         vertex 6.640635e+01 1.739985e+01 1.324205e+01
      endloop
   endfacet
   facet normal 0.000000e+00 4.487992e-01 8.936326e-01
      outer loop
         vertex 6.640635e+01 1.739985e+01 1.324205e+01
         vertex 6.340635e+01 1.797044e+01 1.295549e+01
         vertex 6.340635e+01 1.739985e+01 1.324205e+01
      endloop
   endfacet
   facet normal 0.000000e+00 6.427879e-01 7.660442e-01
      outer loop
         vertex 6.640635e+01 1.739985e+01 1.324205e+01
         vertex 6.340635e+01 1.739985e+01 1.324205e+01
         vertex 6.640635e+01 1.691072e+01 1.365248e+01
      endloop
   endfacet
   facet normal 0.000000e+00 6.427879e-01 7.660442e-01
      outer loop
         vertex 6.640635e+01 1.691072e+01 1.365248e+01
         vertex 6.340635e+01 1.739985e+01 1.324205e+01
         vertex 6.340635e+01 1.691072e+01 1.365248e+01
      endloop
   endfacet
   facet normal 0.000000e+00 8.021226e-01 5.971593e-01
      outer loop
         vertex 6.640635e+01 1.691072e+01 1.365248e+01
         vertex 6.340635e+01 1.691072e+01 1.365248e+01
         vertex 6.640635e+01 1.652943e+01 1.416465e+01
      endloop
   endfacet
   facet normal 0.000000e+00 8.021226e-01 5.971593e-01
      outer loop
         vertex 6.640635e+01 1.652943e+01 1.416465e+01
         vertex 6.340635e+01 1.691072e+01 1.365248e+01
         vertex 6.340635e+01 1.652943e+01 1.416465e+01
      endloop
   endfacet
   facet normal 0.000000e+00 9.182161e-01 3.960798e-01
      outer loop
         vertex 6.640635e+01 1.652943e+01 1.416465e+01
         vertex 6.340635e+01 1.652943e+01 1.416465e+01
         vertex 6.640635e+01 1.627653e+01 1.475094e+01
      endloop
   endfacet
   facet normal 0.000000e+00 9.182161e-01 3.960798e-01
      outer loop
         vertex 6.640635e+01 1.627653e+01 1.475094e+01
         vertex 6.340635e+01 1.652943e+01 1.416465e+01
         vertex 6.340635e+01 1.627653e+01 1.475094e+01
      endloop
   endfacet
   facet normal 0.000000e+00 9.848079e-01 1.736475e-01
      outer loop
         vertex 6.640635e+01 1.627653e+01 1.475094e+01
         vertex 6.340635e+01 1.627653e+01 1.475094e+01
         vertex 6.640635e+01 1.616565e+01 1.537975e+01
      endloop
   endfacet
   facet normal 0.000000e+00 9.848079e-01 1.736475e-01
      outer loop
         vertex 6.640635e+01 1.616565e+01 1.537975e+01
         vertex 6.340635e+01 1.627653e+01 1.475094e+01
         vertex 6.340635e+01 1.616565e+01 1.537975e+01
      endloop
   endfacet
   facet normal 0.000000e+00 9.983081e-01 -5.814504e-02
      outer loop
         vertex 6.640635e+01 1.616565e+01 1.537975e+01
         vertex 6.340635e+01 1.616565e+01 1.537975e+01
         vertex 6.640635e+01 1.620278e+01 1.601718e+01
      endloop
   endfacet
   facet normal 0.000000e+00 9.983081e-01 -5.814504e-02
      outer loop
         vertex 6.340635e+01 1.616565e+01 1.537975e+01
         vertex 6.340635e+01 1.620278e+01 1.601718e+01
         vertex 6.640635e+01 1.620278e+01 1.601718e+01
      endloop
   endfacet
   facet normal 0.000000e+00 9.579908e-01 -2.867989e-01
      outer loop
         vertex 6.640635e+01 1.620278e+01 1.601718e+01
         vertex 6.340635e+01 1.620278e+01 1.601718e+01
         vertex 6.340635e+01 1.623097e+01 1.611135e+01
      endloop
   endfacet
   facet normal -1.446622e-07 9.579895e-01 -2.868031e-01
      outer loop
         vertex 6.640635e+01 1.620278e+01 1.601718e+01
         vertex 6.340635e+01 1.623097e+01 1.611135e+01
         vertex 6.640635e+01 1.638591e+01 1.662887e+01
      endloop
   endfacet
   facet normal 0.000000e+00 9.579893e-01 -2.868039e-01
      outer loop
         vertex 6.640635e+01 1.638591e+01 1.662887e+01
         vertex 6.340635e+01 1.623097e+01 1.611135e+01
         vertex 6.340635e+01 1.638591e+01 1.662887e+01
      endloop
   endfacet
   facet normal 0.000000e+00 8.660254e-01 -5.000000e-01
      outer loop
         vertex 6.640635e+01 1.638591e+01 1.662887e+01
         vertex 6.340635e+01 1.638591e+01 1.662887e+01
         vertex 6.640635e+01 1.670516e+01 1.718183e+01
      endloop
   endfacet
   facet normal 0.000000e+00 8.660254e-01 -5.000000e-01
      outer loop
         vertex 6.640635e+01 1.670516e+01 1.718183e+01
         vertex 6.340635e+01 1.638591e+01 1.662887e+01
         vertex 6.340635e+01 1.670516e+01 1.718183e+01
      endloop
   endfacet
   facet normal 0.000000e+00 7.273740e-01 -6.862412e-01
      outer loop
         vertex 6.640635e+01 1.670516e+01 1.718183e+01
         vertex 6.340635e+01 1.670516e+01 1.718183e+01
         vertex 6.640635e+01 1.714333e+01 1.764627e+01
      endloop
   endfacet
   facet normal 0.000000e+00 7.273740e-01 -6.862412e-01
      outer loop
         vertex 6.640635e+01 1.714333e+01 1.764627e+01
         vertex 6.340635e+01 1.670516e+01 1.718183e+01
         vertex 6.340635e+01 1.714333e+01 1.764627e+01
      endloop
   endfacet
   facet normal 0.000000e+00 5.495087e-01 -8.354880e-01
      outer loop
         vertex 6.640635e+01 1.714333e+01 1.764627e+01
         vertex 6.340635e+01 1.714333e+01 1.764627e+01
         vertex 6.640635e+01 1.767680e+01 1.799714e+01
      endloop
   endfacet
   facet normal 0.000000e+00 5.495087e-01 -8.354880e-01
      outer loop
         vertex 6.640635e+01 1.767680e+01 1.799714e+01
         vertex 6.340635e+01 1.714333e+01 1.764627e+01
         vertex 6.340635e+01 1.767680e+01 1.799714e+01
      endloop
   endfacet
   facet normal 0.000000e+00 3.420202e-01 -9.396926e-01
      outer loop
         vertex 6.640635e+01 1.767680e+01 1.799714e+01
         vertex 6.340635e+01 1.767680e+01 1.799714e+01
         vertex 6.640635e+01 1.827681e+01 1.821552e+01
      endloop
   endfacet
   facet normal 0.000000e+00 3.420202e-01 -9.396926e-01
      outer loop
         vertex 6.640635e+01 1.827681e+01 1.821552e+01
         vertex 6.340635e+01 1.767680e+01 1.799714e+01
         vertex 6.340635e+01 1.827681e+01 1.821552e+01
      endloop
   endfacet
   facet normal 0.000000e+00 1.160932e-01 -9.932383e-01
      outer loop
         vertex 6.640635e+01 1.827681e+01 1.821552e+01
         vertex 6.340635e+01 1.827681e+01 1.821552e+01
         vertex 6.640635e+01 1.891100e+01 1.828965e+01
      endloop
   endfacet
   facet normal 0.000000e+00 1.160932e-01 -9.932383e-01
      outer loop
         vertex 6.640635e+01 1.891100e+01 1.828965e+01
         vertex 6.340635e+01 1.827681e+01 1.821552e+01
         vertex 6.340635e+01 1.891100e+01 1.828965e+01
      endloop
   endfacet
   facet normal -0.000000e+00 -1.160930e-01 -9.932383e-01
      outer loop
         vertex 6.640635e+01 1.891100e+01 1.828965e+01
         vertex 6.340635e+01 1.891100e+01 1.828965e+01
         vertex 6.640635e+01 1.954519e+01 1.821552e+01
      endloop
   endfacet
   facet normal -0.000000e+00 -1.160930e-01 -9.932383e-01
      outer loop
         vertex 6.640635e+01 1.954519e+01 1.821552e+01
         vertex 6.340635e+01 1.891100e+01 1.828965e+01
         vertex 6.340635e+01 1.954519e+01 1.821552e+01
      endloop
   endfacet
   facet normal -0.000000e+00 -3.420202e-01 -9.396926e-01
      outer loop
         vertex 6.640635e+01 1.954519e+01 1.821552e+01
         vertex 6.340635e+01 1.954519e+01 1.821552e+01
         vertex 6.640635e+01 2.014520e+01 1.799714e+01
      endloop
   endfacet
   facet normal -0.000000e+00 -3.420202e-01 -9.396926e-01
      outer loop
         vertex 6.640635e+01 2.014520e+01 1.799714e+01
         vertex 6.340635e+01 1.954519e+01 1.821552e+01
         vertex 6.340635e+01 2.014520e+01 1.799714e+01
      endloop
   endfacet
   facet normal -0.000000e+00 -5.495094e-01 -8.354875e-01
      outer loop
         vertex 6.640635e+01 2.014520e+01 1.799714e+01
         vertex 6.340635e+01 2.014520e+01 1.799714e+01
         vertex 6.640635e+01 2.067867e+01 1.764627e+01
      endloop
   endfacet
   facet normal -0.000000e+00 -5.495094e-01 -8.354875e-01
      outer loop
         vertex 6.640635e+01 2.067867e+01 1.764627e+01
         vertex 6.340635e+01 2.014520e+01 1.799714e+01
         vertex 6.340635e+01 2.067867e+01 1.764627e+01
      endloop
   endfacet
   facet normal -0.000000e+00 -7.273737e-01 -6.862416e-01
      outer loop
         vertex 6.640635e+01 2.067867e+01 1.764627e+01
         vertex 6.340635e+01 2.067867e+01 1.764627e+01
         vertex 6.640635e+01 2.111684e+01 1.718183e+01
      endloop
   endfacet
   facet normal -0.000000e+00 -7.273737e-01 -6.862416e-01
      outer loop
         vertex 6.640635e+01 2.111684e+01 1.718183e+01
         vertex 6.340635e+01 2.067867e+01 1.764627e+01
         vertex 6.340635e+01 2.111684e+01 1.718183e+01
      endloop
   endfacet
   facet normal -0.000000e+00 -8.660254e-01 -5.000000e-01
      outer loop
         vertex 6.640635e+01 2.111684e+01 1.718183e+01
         vertex 6.340635e+01 2.111684e+01 1.718183e+01
         vertex 6.640635e+01 2.143609e+01 1.662887e+01
      endloop
   endfacet
   facet normal -0.000000e+00 -8.660254e-01 -5.000000e-01
      outer loop
         vertex 6.640635e+01 2.143609e+01 1.662887e+01
         vertex 6.340635e+01 2.111684e+01 1.718183e+01
         vertex 6.340635e+01 2.143609e+01 1.662887e+01
      endloop
   endfacet
   facet normal -0.000000e+00 -9.579893e-01 -2.868039e-01
      outer loop
         vertex 6.640635e+01 2.143609e+01 1.662887e+01
         vertex 6.340635e+01 2.143609e+01 1.662887e+01
         vertex 6.340635e+01 2.159103e+01 1.611135e+01
      endloop
   endfacet
   facet normal -1.000000e+00 0.000000e+00 0.000000e+00
      outer loop
         vertex 6.640635e+01 1.761196e+01 1.628965e+01
         vertex 6.640635e+01 1.670516e+01 1.718183e+01
         vertex 6.640635e+01 1.785034e+01 1.660031e+01
      endloop
   endfacet
   facet normal -1.000000e+00 0.000000e+00 0.000000e+00
      outer loop
         vertex 6.640635e+01 1.785034e+01 1.660031e+01
         vertex 6.640635e+01 1.670516e+01 1.718183e+01
         vertex 6.640635e+01 1.714333e+01 1.764627e+01
      endloop
   endfacet
   facet normal -1.000000e+00 0.000000e+00 0.000000e+00
      outer loop
         vertex 6.640635e+01 1.785034e+01 1.660031e+01
         vertex 6.640635e+01 1.714333e+01 1.764627e+01
         vertex 6.640635e+01 1.816100e+01 1.683868e+01
      endloop
   endfacet
   facet normal -1.000000e+00 0.000000e+00 0.000000e+00
      outer loop
         vertex 6.640635e+01 1.816100e+01 1.683868e+01
         vertex 6.640635e+01 1.714333e+01 1.764627e+01
         vertex 6.640635e+01 1.767680e+01 1.799714e+01
      endloop
   endfacet
   facet normal -1.000000e+00 0.000000e+00 0.000000e+00
      outer loop
         vertex 6.640635e+01 1.816100e+01 1.683868e+01
         vertex 6.640635e+01 1.767680e+01 1.799714e+01
         vertex 6.640635e+01 1.852277e+01 1.698854e+01
      endloop
   endfacet
   facet normal -1.000000e+00 0.000000e+00 0.000000e+00
      outer loop
         vertex 6.640635e+01 1.852277e+01 1.698854e+01
         vertex 6.640635e+01 1.767680e+01 1.799714e+01
         vertex 6.640635e+01 1.827681e+01 1.821552e+01
      endloop
   endfacet
   facet normal -1.000000e+00 0.000000e+00 0.000000e+00
      outer loop
         vertex 6.640635e+01 1.852277e+01 1.698854e+01
         vertex 6.640635e+01 1.827681e+01 1.821552e+01
         vertex 6.640635e+01 1.891100e+01 1.703965e+01
      endloop
   endfacet
   facet normal -1.000000e+00 0.000000e+00 0.000000e+00
      outer loop
         vertex 6.640635e+01 1.891100e+01 1.703965e+01
         vertex 6.640635e+01 1.827681e+01 1.821552e+01
         vertex 6.640635e+01 1.891100e+01 1.828965e+01
      endloop
   endfacet
   facet normal -1.000000e+00 0.000000e+00 0.000000e+00
      outer loop
         vertex 6.640635e+01 1.891100e+01 1.703965e+01
         vertex 6.640635e+01 1.891100e+01 1.828965e+01
         vertex 6.640635e+01 1.929923e+01 1.698854e+01
      endloop
   endfacet
   facet normal -1.000000e+00 0.000000e+00 0.000000e+00
      outer loop
         vertex 6.640635e+01 1.929923e+01 1.698854e+01
         vertex 6.640635e+01 1.891100e+01 1.828965e+01
         vertex 6.640635e+01 1.954519e+01 1.821552e+01
      endloop
   endfacet
   facet normal -1.000000e+00 0.000000e+00 0.000000e+00
      outer loop
         vertex 6.640635e+01 1.929923e+01 1.698854e+01
         vertex 6.640635e+01 1.954519e+01 1.821552e+01
         vertex 6.640635e+01 1.966100e+01 1.683868e+01
      endloop
   endfacet
   facet normal -1.000000e+00 0.000000e+00 0.000000e+00
      outer loop
         vertex 6.640635e+01 1.966100e+01 1.683868e+01
         vertex 6.640635e+01 1.954519e+01 1.821552e+01
         vertex 6.640635e+01 2.014520e+01 1.799714e+01
      endloop
   endfacet
   facet normal -1.000000e+00 0.000000e+00 0.000000e+00
      outer loop
         vertex 6.640635e+01 1.966100e+01 1.683868e+01
         vertex 6.640635e+01 2.014520e+01 1.799714e+01
         vertex 6.640635e+01 1.997166e+01 1.660031e+01
      endloop
   endfacet
   facet normal -1.000000e+00 0.000000e+00 0.000000e+00
      outer loop
         vertex 6.640635e+01 1.997166e+01 1.660031e+01
         vertex 6.640635e+01 2.014520e+01 1.799714e+01
         vertex 6.640635e+01 2.067867e+01 1.764627e+01
      endloop
   endfacet
   facet normal -1.000000e+00 0.000000e+00 0.000000e+00
      outer loop
         vertex 6.640635e+01 1.997166e+01 1.660031e+01
         vertex 6.640635e+01 2.067867e+01 1.764627e+01
         vertex 6.640635e+01 2.021004e+01 1.628965e+01
      endloop
   endfacet
   facet normal -1.000000e+00 0.000000e+00 0.000000e+00
      outer loop
         vertex 6.640635e+01 1.929923e+01 1.409076e+01
         vertex 6.640635e+01 1.923025e+01 1.280824e+01
         vertex 6.640635e+01 1.891100e+01 1.403965e+01
      endloop
   endfacet
   facet normal -1.000000e+00 0.000000e+00 -0.000000e+00
      outer loop
         vertex 6.640635e+01 1.891100e+01 1.403965e+01
         vertex 6.640635e+01 1.923025e+01 1.280824e+01
         vertex 6.640635e+01 1.859174e+01 1.280824e+01
      endloop
   endfacet
   facet normal -1.000000e+00 -0.000000e+00 0.000000e+00
      outer loop
         vertex 6.640635e+01 1.891100e+01 1.403965e+01
         vertex 6.640635e+01 1.859174e+01 1.280824e+01
         vertex 6.640635e+01 1.852277e+01 1.409076e+01
      endloop
   endfacet
   facet normal -1.000000e+00 0.000000e+00 -0.000000e+00
      outer loop
         vertex 6.640635e+01 1.852277e+01 1.409076e+01
         vertex 6.640635e+01 1.859174e+01 1.280824e+01
         vertex 6.640635e+01 1.797044e+01 1.295549e+01
      endloop
   endfacet
   facet normal -1.000000e+00 -0.000000e+00 0.000000e+00
      outer loop
         vertex 6.640635e+01 1.852277e+01 1.409076e+01
         vertex 6.640635e+01 1.797044e+01 1.295549e+01
         vertex 6.640635e+01 1.816100e+01 1.424061e+01
      endloop
   endfacet
   facet normal -1.000000e+00 0.000000e+00 0.000000e+00
      outer loop
         vertex 6.640635e+01 1.816100e+01 1.424061e+01
         vertex 6.640635e+01 1.797044e+01 1.295549e+01
         vertex 6.640635e+01 1.739985e+01 1.324205e+01
      endloop
   endfacet
   facet normal -1.000000e+00 -0.000000e+00 0.000000e+00
      outer loop
         vertex 6.640635e+01 1.816100e+01 1.424061e+01
         vertex 6.640635e+01 1.739985e+01 1.324205e+01
         vertex 6.640635e+01 1.785034e+01 1.447899e+01
      endloop
   endfacet
   facet normal -1.000000e+00 0.000000e+00 0.000000e+00
      outer loop
         vertex 6.640635e+01 1.785034e+01 1.447899e+01
         vertex 6.640635e+01 1.739985e+01 1.324205e+01
         vertex 6.640635e+01 1.691072e+01 1.365248e+01
      endloop
   endfacet
   facet normal -1.000000e+00 -0.000000e+00 0.000000e+00
      outer loop
         vertex 6.640635e+01 1.785034e+01 1.447899e+01
         vertex 6.640635e+01 1.691072e+01 1.365248e+01
         vertex 6.640635e+01 1.761196e+01 1.478965e+01
      endloop
   endfacet
   facet normal -1.000000e+00 0.000000e+00 0.000000e+00
      outer loop
         vertex 6.640635e+01 1.761196e+01 1.478965e+01
         vertex 6.640635e+01 1.691072e+01 1.365248e+01
         vertex 6.640635e+01 1.652943e+01 1.416465e+01
      endloop
   endfacet
   facet normal -1.000000e+00 -0.000000e+00 0.000000e+00
      outer loop
         vertex 6.640635e+01 1.761196e+01 1.478965e+01
         vertex 6.640635e+01 1.652943e+01 1.416465e+01
         vertex 6.640635e+01 1.746211e+01 1.515142e+01
      endloop
   endfacet
   facet normal -1.000000e+00 0.000000e+00 0.000000e+00
      outer loop
         vertex 6.640635e+01 1.746211e+01 1.515142e+01
         vertex 6.640635e+01 1.652943e+01 1.416465e+01
         vertex 6.640635e+01 1.627653e+01 1.475094e+01
      endloop
   endfacet
   facet normal -1.000000e+00 -0.000000e+00 0.000000e+00
      outer loop
         vertex 6.640635e+01 1.746211e+01 1.515142e+01
         vertex 6.640635e+01 1.627653e+01 1.475094e+01
         vertex 6.640635e+01 1.741100e+01 1.553965e+01
      endloop
   endfacet
   facet normal -1.000000e+00 0.000000e+00 0.000000e+00
      outer loop
         vertex 6.640635e+01 1.741100e+01 1.553965e+01
         vertex 6.640635e+01 1.627653e+01 1.475094e+01
         vertex 6.640635e+01 1.616565e+01 1.537975e+01
      endloop
   endfacet
   facet normal -1.000000e+00 -0.000000e+00 0.000000e+00
      outer loop
         vertex 6.640635e+01 1.741100e+01 1.553965e+01
         vertex 6.640635e+01 1.616565e+01 1.537975e+01
         vertex 6.640635e+01 1.746211e+01 1.592787e+01
      endloop
   endfacet
   facet normal -1.000000e+00 -0.000000e+00 0.000000e+00
      outer loop
         vertex 6.640635e+01 1.746211e+01 1.592787e+01
         vertex 6.640635e+01 1.616565e+01 1.537975e+01
         vertex 6.640635e+01 1.620278e+01 1.601718e+01
      endloop
   endfacet
   facet normal -1.000000e+00 0.000000e+00 0.000000e+00
      outer loop
         vertex 6.640635e+01 1.746211e+01 1.592787e+01
         vertex 6.640635e+01 1.620278e+01 1.601718e+01
         vertex 6.640635e+01 1.761196e+01 1.628965e+01
      endloop
   endfacet
   facet normal -1.000000e+00 -0.000000e+00 0.000000e+00
      outer loop
         vertex 6.640635e+01 1.761196e+01 1.628965e+01
         vertex 6.640635e+01 1.620278e+01 1.601718e+01
         vertex 6.640635e+01 1.638591e+01 1.662887e+01
      endloop
   endfacet
   facet normal -1.000000e+00 0.000000e+00 0.000000e+00
      outer loop
         vertex 6.640635e+01 1.761196e+01 1.628965e+01
         vertex 6.640635e+01 1.638591e+01 1.662887e+01
         vertex 6.640635e+01 1.670516e+01 1.718183e+01
      endloop
   endfacet
   facet normal -1.000000e+00 0.000000e+00 -0.000000e+00
      outer loop
         vertex 6.640635e+01 2.067867e+01 1.764627e+01
         vertex 6.640635e+01 2.111684e+01 1.718183e+01
         vertex 6.640635e+01 2.021004e+01 1.628965e+01
      endloop
   endfacet
   facet normal -1.000000e+00 0.000000e+00 0.000000e+00
      outer loop
         vertex 6.640635e+01 2.021004e+01 1.628965e+01
         vertex 6.640635e+01 2.111684e+01 1.718183e+01
         vertex 6.640635e+01 2.143609e+01 1.662887e+01
      endloop
   endfacet
   facet normal -1.000000e+00 0.000000e+00 0.000000e+00
      outer loop
         vertex 6.640635e+01 2.021004e+01 1.628965e+01
         vertex 6.640635e+01 2.143609e+01 1.662887e+01
         vertex 6.640635e+01 2.035989e+01 1.592787e+01
      endloop
   endfacet
   facet normal -1.000000e+00 0.000000e+00 0.000000e+00
      outer loop
         vertex 6.640635e+01 2.035989e+01 1.592787e+01
         vertex 6.640635e+01 2.143609e+01 1.662887e+01
         vertex 6.640635e+01 2.161922e+01 1.601718e+01
      endloop
   endfacet
   facet normal -1.000000e+00 0.000000e+00 0.000000e+00
      outer loop
         vertex 6.640635e+01 2.035989e+01 1.592787e+01
         vertex 6.640635e+01 2.161922e+01 1.601718e+01
         vertex 6.640635e+01 2.041100e+01 1.553965e+01
      endloop
   endfacet
   facet normal -1.000000e+00 0.000000e+00 0.000000e+00
      outer loop
         vertex 6.640635e+01 2.041100e+01 1.553965e+01
         vertex 6.640635e+01 2.161922e+01 1.601718e+01
         vertex 6.640635e+01 2.165635e+01 1.537975e+01
      endloop
   endfacet
   facet normal -1.000000e+00 0.000000e+00 -0.000000e+00
      outer loop
         vertex 6.640635e+01 2.041100e+01 1.553965e+01
         vertex 6.640635e+01 2.165635e+01 1.537975e+01
         vertex 6.640635e+01 2.035989e+01 1.515142e+01
      endloop
   endfacet
   facet normal -1.000000e+00 0.000000e+00 0.000000e+00
      outer loop
         vertex 6.640635e+01 2.035989e+01 1.515142e+01
         vertex 6.640635e+01 2.165635e+01 1.537975e+01
         vertex 6.640635e+01 2.154547e+01 1.475094e+01
      endloop
   endfacet
   facet normal -1.000000e+00 0.000000e+00 -0.000000e+00
      outer loop
         vertex 6.640635e+01 2.035989e+01 1.515142e+01
         vertex 6.640635e+01 2.154547e+01 1.475094e+01
         vertex 6.640635e+01 2.021004e+01 1.478965e+01
      endloop
   endfacet
   facet normal -1.000000e+00 0.000000e+00 0.000000e+00
      outer loop
         vertex 6.640635e+01 2.021004e+01 1.478965e+01
         vertex 6.640635e+01 2.154547e+01 1.475094e+01
         vertex 6.640635e+01 2.129257e+01 1.416465e+01
      endloop
   endfacet
   facet normal -1.000000e+00 0.000000e+00 -0.000000e+00
      outer loop
         vertex 6.640635e+01 2.021004e+01 1.478965e+01
         vertex 6.640635e+01 2.129257e+01 1.416465e+01
         vertex 6.640635e+01 1.997166e+01 1.447899e+01
      endloop
   endfacet
   facet normal -1.000000e+00 0.000000e+00 0.000000e+00
      outer loop
         vertex 6.640635e+01 1.997166e+01 1.447899e+01
         vertex 6.640635e+01 2.129257e+01 1.416465e+01
         vertex 6.640635e+01 2.091128e+01 1.365248e+01
      endloop
   endfacet
   facet normal -1.000000e+00 0.000000e+00 -0.000000e+00
      outer loop
         vertex 6.640635e+01 1.997166e+01 1.447899e+01
         vertex 6.640635e+01 2.091128e+01 1.365248e+01
         vertex 6.640635e+01 1.966100e+01 1.424061e+01
      endloop
   endfacet
   facet normal -1.000000e+00 0.000000e+00 0.000000e+00
      outer loop
         vertex 6.640635e+01 1.966100e+01 1.424061e+01
         vertex 6.640635e+01 2.091128e+01 1.365248e+01
         vertex 6.640635e+01 2.042215e+01 1.324205e+01
      endloop
   endfacet
   facet normal -1.000000e+00 0.000000e+00 -0.000000e+00
      outer loop
         vertex 6.640635e+01 1.966100e+01 1.424061e+01
         vertex 6.640635e+01 2.042215e+01 1.324205e+01
         vertex 6.640635e+01 1.929923e+01 1.409076e+01
      endloop
   endfacet
   facet normal -1.000000e+00 0.000000e+00 0.000000e+00
      outer loop
         vertex 6.640635e+01 1.929923e+01 1.409076e+01
         vertex 6.640635e+01 2.042215e+01 1.324205e+01
         vertex 6.640635e+01 1.985156e+01 1.295549e+01
      endloop
   endfacet
   facet normal -1.000000e+00 0.000000e+00 -0.000000e+00
      outer loop
         vertex 6.640635e+01 1.929923e+01 1.409076e+01
         vertex 6.640635e+01 1.985156e+01 1.295549e+01
         vertex 6.640635e+01 1.923025e+01 1.280824e+01
      endloop
   endfacet
   facet normal 2.371609e-08 -1.160928e-01 -9.932384e-01
      outer loop
         vertex 6.640635e+01 1.141100e+01 2.578965e+01
         vertex 6.340635e+01 1.198270e+01 2.572282e+01
         vertex 6.640635e+01 1.204519e+01 2.571552e+01
      endloop
   endfacet
   facet normal -0.000000e+00 -1.160917e-01 -9.932385e-01
      outer loop
         vertex 6.640635e+01 1.204519e+01 2.571552e+01
         vertex 6.340635e+01 1.198270e+01 2.572282e+01
         vertex 6.340635e+01 1.204519e+01 2.571552e+01
      endloop
   endfacet
   facet normal -0.000000e+00 -3.420200e-01 -9.396927e-01
      outer loop
         vertex 6.640635e+01 1.204519e+01 2.571552e+01
         vertex 6.340635e+01 1.204519e+01 2.571552e+01
         vertex 6.640635e+01 1.264520e+01 2.549714e+01
      endloop
   endfacet
   facet normal -0.000000e+00 -3.420200e-01 -9.396927e-01
      outer loop
         vertex 6.640635e+01 1.264520e+01 2.549714e+01
         vertex 6.340635e+01 1.204519e+01 2.571552e+01
         vertex 6.340635e+01 1.264520e+01 2.549714e+01
      endloop
   endfacet
   facet normal -0.000000e+00 -5.495096e-01 -8.354874e-01
      outer loop
         vertex 6.640635e+01 1.264520e+01 2.549714e+01
         vertex 6.340635e+01 1.264520e+01 2.549714e+01
         vertex 6.640635e+01 1.317867e+01 2.514627e+01
      endloop
   endfacet
   facet normal -0.000000e+00 -5.495096e-01 -8.354874e-01
      outer loop
         vertex 6.640635e+01 1.317867e+01 2.514627e+01
         vertex 6.340635e+01 1.264520e+01 2.549714e+01
         vertex 6.340635e+01 1.317867e+01 2.514627e+01
      endloop
   endfacet
   facet normal -0.000000e+00 -7.273734e-01 -6.862419e-01
      outer loop
         vertex 6.640635e+01 1.317867e+01 2.514627e+01
         vertex 6.340635e+01 1.317867e+01 2.514627e+01
         vertex 6.640635e+01 1.361684e+01 2.468183e+01
      endloop
   endfacet
   facet normal -0.000000e+00 -7.273734e-01 -6.862419e-01
      outer loop
         vertex 6.640635e+01 1.361684e+01 2.468183e+01
         vertex 6.340635e+01 1.317867e+01 2.514627e+01
         vertex 6.340635e+01 1.361684e+01 2.468183e+01
      endloop
   endfacet
   facet normal -0.000000e+00 -8.660254e-01 -5.000000e-01
      outer loop
         vertex 6.640635e+01 1.361684e+01 2.468183e+01
         vertex 6.340635e+01 1.361684e+01 2.468183e+01
         vertex 6.640635e+01 1.393609e+01 2.412887e+01
      endloop
   endfacet
   facet normal -0.000000e+00 -8.660254e-01 -5.000000e-01
      outer loop
         vertex 6.640635e+01 1.393609e+01 2.412887e+01
         vertex 6.340635e+01 1.361684e+01 2.468183e+01
         vertex 6.340635e+01 1.393609e+01 2.412887e+01
      endloop
   endfacet
   facet normal -0.000000e+00 -9.579896e-01 -2.868030e-01
      outer loop
         vertex 6.640635e+01 1.393609e+01 2.412887e+01
         vertex 6.340635e+01 1.393609e+01 2.412887e+01
         vertex 6.640635e+01 1.411922e+01 2.351718e+01
      endloop
   endfacet
   facet normal -0.000000e+00 -9.579896e-01 -2.868030e-01
      outer loop
         vertex 6.640635e+01 1.411922e+01 2.351718e+01
         vertex 6.340635e+01 1.393609e+01 2.412887e+01
         vertex 6.340635e+01 1.411922e+01 2.351718e+01
      endloop
   endfacet
   facet normal -0.000000e+00 -9.983081e-01 -5.814503e-02
      outer loop
         vertex 6.640635e+01 1.411922e+01 2.351718e+01
         vertex 6.340635e+01 1.411922e+01 2.351718e+01
         vertex 6.640635e+01 1.415635e+01 2.287975e+01
      endloop
   endfacet
   facet normal -0.000000e+00 -9.983081e-01 -5.814503e-02
      outer loop
         vertex 6.640635e+01 1.415635e+01 2.287975e+01
         vertex 6.340635e+01 1.411922e+01 2.351718e+01
         vertex 6.340635e+01 1.415635e+01 2.287975e+01
      endloop
   endfacet
   facet normal 0.000000e+00 -9.848076e-01 1.736489e-01
      outer loop
         vertex 6.640635e+01 1.415635e+01 2.287975e+01
         vertex 6.340635e+01 1.415635e+01 2.287975e+01
         vertex 6.640635e+01 1.404547e+01 2.225094e+01
      endloop
   endfacet
   facet normal 0.000000e+00 -9.848076e-01 1.736489e-01
      outer loop
         vertex 6.640635e+01 1.404547e+01 2.225094e+01
         vertex 6.340635e+01 1.415635e+01 2.287975e+01
         vertex 6.340635e+01 1.404547e+01 2.225094e+01
      endloop
   endfacet
   facet normal 0.000000e+00 -9.182165e-01 3.960789e-01
      outer loop
         vertex 6.640635e+01 1.404547e+01 2.225094e+01
         vertex 6.340635e+01 1.404547e+01 2.225094e+01
         vertex 6.640635e+01 1.379257e+01 2.166465e+01
      endloop
   endfacet
   facet normal 0.000000e+00 -9.182165e-01 3.960789e-01
      outer loop
         vertex 6.640635e+01 1.379257e+01 2.166465e+01
         vertex 6.340635e+01 1.404547e+01 2.225094e+01
         vertex 6.340635e+01 1.379257e+01 2.166465e+01
      endloop
   endfacet
   facet normal 0.000000e+00 -8.021229e-01 5.971590e-01
      outer loop
         vertex 6.640635e+01 1.379257e+01 2.166465e+01
         vertex 6.340635e+01 1.379257e+01 2.166465e+01
         vertex 6.640635e+01 1.341128e+01 2.115248e+01
      endloop
   endfacet
   facet normal 0.000000e+00 -8.021229e-01 5.971590e-01
      outer loop
         vertex 6.640635e+01 1.341128e+01 2.115248e+01
         vertex 6.340635e+01 1.379257e+01 2.166465e+01
         vertex 6.340635e+01 1.341128e+01 2.115248e+01
      endloop
   endfacet
   facet normal 0.000000e+00 -6.427875e-01 7.660445e-01
      outer loop
         vertex 6.640635e+01 1.341128e+01 2.115248e+01
         vertex 6.340635e+01 1.341128e+01 2.115248e+01
         vertex 6.640635e+01 1.292215e+01 2.074206e+01
      endloop
   endfacet
   facet normal 0.000000e+00 -6.427875e-01 7.660445e-01
      outer loop
         vertex 6.640635e+01 1.292215e+01 2.074206e+01
         vertex 6.340635e+01 1.341128e+01 2.115248e+01
         vertex 6.340635e+01 1.292215e+01 2.074206e+01
      endloop
   endfacet
   facet normal 0.000000e+00 -4.487998e-01 8.936323e-01
      outer loop
         vertex 6.640635e+01 1.292215e+01 2.074206e+01
         vertex 6.340635e+01 1.292215e+01 2.074206e+01
         vertex 6.640635e+01 1.235156e+01 2.045549e+01
      endloop
   endfacet
   facet normal 0.000000e+00 -4.487998e-01 8.936323e-01
      outer loop
         vertex 6.340635e+01 1.292215e+01 2.074206e+01
         vertex 6.340635e+01 1.235156e+01 2.045549e+01
         vertex 6.640635e+01 1.235156e+01 2.045549e+01
      endloop
   endfacet
   facet normal 0.000000e+00 -2.306148e-01 9.730451e-01
      outer loop
         vertex 6.640635e+01 1.235156e+01 2.045549e+01
         vertex 6.340635e+01 1.235156e+01 2.045549e+01
         vertex 6.340635e+01 1.198270e+01 2.036807e+01
      endloop
   endfacet
   facet normal 1.158112e-07 -2.306157e-01 9.730449e-01
      outer loop
         vertex 6.640635e+01 1.235156e+01 2.045549e+01
         vertex 6.340635e+01 1.198270e+01 2.036807e+01
         vertex 6.640635e+01 1.173026e+01 2.030824e+01
      endloop
   endfacet
   facet normal 0.000000e+00 -2.306170e-01 9.730446e-01
      outer loop
         vertex 6.640635e+01 1.173026e+01 2.030824e+01
         vertex 6.340635e+01 1.198270e+01 2.036807e+01
         vertex 6.340635e+01 1.173026e+01 2.030824e+01
      endloop
   endfacet
   facet normal 0.000000e+00 0.000000e+00 1.000000e+00
      outer loop
         vertex 6.640635e+01 1.173026e+01 2.030824e+01
         vertex 6.340635e+01 1.173026e+01 2.030824e+01
         vertex 6.640635e+01 1.109174e+01 2.030824e+01
      endloop
   endfacet
   facet normal 0.000000e+00 0.000000e+00 1.000000e+00
      outer loop
         vertex 6.640635e+01 1.109174e+01 2.030824e+01
         vertex 6.340635e+01 1.173026e+01 2.030824e+01
         vertex 6.340635e+01 1.109174e+01 2.030824e+01
      endloop
   endfacet
   facet normal 0.000000e+00 2.306157e-01 9.730449e-01
      outer loop
         vertex 6.640635e+01 1.109174e+01 2.030824e+01
         vertex 6.340635e+01 1.109174e+01 2.030824e+01
         vertex 6.640635e+01 1.047044e+01 2.045549e+01
      endloop
   endfacet
   facet normal 0.000000e+00 2.306157e-01 9.730449e-01
      outer loop
         vertex 6.640635e+01 1.047044e+01 2.045549e+01
         vertex 6.340635e+01 1.109174e+01 2.030824e+01
         vertex 6.340635e+01 1.047044e+01 2.045549e+01
      endloop
   endfacet
   facet normal 0.000000e+00 4.487998e-01 8.936323e-01
      outer loop
         vertex 6.640635e+01 1.047044e+01 2.045549e+01
         vertex 6.340635e+01 1.047044e+01 2.045549e+01
         vertex 6.640635e+01 9.899851e+00 2.074206e+01
      endloop
   endfacet
   facet normal 0.000000e+00 4.487998e-01 8.936323e-01
      outer loop
         vertex 6.640635e+01 9.899851e+00 2.074206e+01
         vertex 6.340635e+01 1.047044e+01 2.045549e+01
         vertex 6.340635e+01 9.899851e+00 2.074206e+01
      endloop
   endfacet
   facet normal 0.000000e+00 6.427868e-01 7.660451e-01
      outer loop
         vertex 6.640635e+01 9.899851e+00 2.074206e+01
         vertex 6.340635e+01 9.899851e+00 2.074206e+01
         vertex 6.640635e+01 9.410722e+00 2.115248e+01
      endloop
   endfacet
   facet normal 0.000000e+00 6.427868e-01 7.660451e-01
      outer loop
         vertex 6.640635e+01 9.410722e+00 2.115248e+01
         vertex 6.340635e+01 9.899851e+00 2.074206e+01
         vertex 6.340635e+01 9.410722e+00 2.115248e+01
      endloop
   endfacet
   facet normal 0.000000e+00 8.021229e-01 5.971590e-01
      outer loop
         vertex 6.640635e+01 9.410722e+00 2.115248e+01
         vertex 6.340635e+01 9.410722e+00 2.115248e+01
         vertex 6.640635e+01 9.029429e+00 2.166465e+01
      endloop
   endfacet
   facet normal 0.000000e+00 8.021229e-01 5.971590e-01
      outer loop
         vertex 6.640635e+01 9.029429e+00 2.166465e+01
         vertex 6.340635e+01 9.410722e+00 2.115248e+01
         vertex 6.340635e+01 9.029429e+00 2.166465e+01
      endloop
   endfacet
   facet normal 0.000000e+00 9.182165e-01 3.960789e-01
      outer loop
         vertex 6.640635e+01 9.029429e+00 2.166465e+01
         vertex 6.340635e+01 9.029429e+00 2.166465e+01
         vertex 6.640635e+01 8.776529e+00 2.225094e+01
      endloop
   endfacet
   facet normal 0.000000e+00 9.182165e-01 3.960789e-01
      outer loop
         vertex 6.640635e+01 8.776529e+00 2.225094e+01
         vertex 6.340635e+01 9.029429e+00 2.166465e+01
         vertex 6.340635e+01 8.776529e+00 2.225094e+01
      endloop
   endfacet
   facet normal 0.000000e+00 9.848079e-01 1.736475e-01
      outer loop
         vertex 6.640635e+01 8.776529e+00 2.225094e+01
         vertex 6.340635e+01 8.776529e+00 2.225094e+01
         vertex 6.640635e+01 8.665653e+00 2.287975e+01
      endloop
   endfacet
   facet normal 0.000000e+00 9.848079e-01 1.736475e-01
      outer loop
         vertex 6.640635e+01 8.665653e+00 2.287975e+01
         vertex 6.340635e+01 8.776529e+00 2.225094e+01
         vertex 6.340635e+01 8.665653e+00 2.287975e+01
      endloop
   endfacet
   facet normal 0.000000e+00 9.983081e-01 -5.814503e-02
      outer loop
         vertex 6.640635e+01 8.665653e+00 2.287975e+01
         vertex 6.340635e+01 8.665653e+00 2.287975e+01
         vertex 6.640635e+01 8.702779e+00 2.351718e+01
      endloop
   endfacet
   facet normal 0.000000e+00 9.983081e-01 -5.814503e-02
      outer loop
         vertex 6.640635e+01 8.702779e+00 2.351718e+01
         vertex 6.340635e+01 8.665653e+00 2.287975e+01
         vertex 6.340635e+01 8.702779e+00 2.351718e+01
      endloop
   endfacet
   facet normal 0.000000e+00 9.579900e-01 -2.868017e-01
      outer loop
         vertex 6.640635e+01 8.702779e+00 2.351718e+01
         vertex 6.340635e+01 8.702779e+00 2.351718e+01
         vertex 6.640635e+01 8.885905e+00 2.412887e+01
      endloop
   endfacet
   facet normal 0.000000e+00 9.579900e-01 -2.868017e-01
      outer loop
         vertex 6.640635e+01 8.885905e+00 2.412887e+01
         vertex 6.340635e+01 8.702779e+00 2.351718e+01
         vertex 6.340635e+01 8.885905e+00 2.412887e+01
      endloop
   endfacet
   facet normal 0.000000e+00 8.660254e-01 -5.000000e-01
      outer loop
         vertex 6.640635e+01 8.885905e+00 2.412887e+01
         vertex 6.340635e+01 8.885905e+00 2.412887e+01
         vertex 6.640635e+01 9.205161e+00 2.468183e+01
      endloop
   endfacet
   facet normal 0.000000e+00 8.660254e-01 -5.000000e-01
      outer loop
         vertex 6.640635e+01 9.205161e+00 2.468183e+01
         vertex 6.340635e+01 8.885905e+00 2.412887e+01
         vertex 6.340635e+01 9.205161e+00 2.468183e+01
      endloop
   endfacet
   facet normal 0.000000e+00 7.273741e-01 -6.862411e-01
      outer loop
         vertex 6.640635e+01 9.205161e+00 2.468183e+01
         vertex 6.340635e+01 9.205161e+00 2.468183e+01
         vertex 6.640635e+01 9.643333e+00 2.514627e+01
      endloop
   endfacet
   facet normal 0.000000e+00 7.273741e-01 -6.862411e-01
      outer loop
         vertex 6.640635e+01 9.643333e+00 2.514627e+01
         vertex 6.340635e+01 9.205161e+00 2.468183e+01
         vertex 6.340635e+01 9.643333e+00 2.514627e+01
      endloop
   endfacet
   facet normal 0.000000e+00 5.495082e-01 -8.354883e-01
      outer loop
         vertex 6.640635e+01 9.643333e+00 2.514627e+01
         vertex 6.340635e+01 9.643333e+00 2.514627e+01
         vertex 6.640635e+01 1.017680e+01 2.549714e+01
      endloop
   endfacet
   facet normal 0.000000e+00 5.495082e-01 -8.354883e-01
      outer loop
         vertex 6.640635e+01 1.017680e+01 2.549714e+01
         vertex 6.340635e+01 9.643333e+00 2.514627e+01
         vertex 6.340635e+01 1.017680e+01 2.549714e+01
      endloop
   endfacet
   facet normal 0.000000e+00 3.420200e-01 -9.396927e-01
      outer loop
         vertex 6.640635e+01 1.017680e+01 2.549714e+01
         vertex 6.340635e+01 1.017680e+01 2.549714e+01
         vertex 6.640635e+01 1.077681e+01 2.571552e+01
      endloop
   endfacet
   facet normal 0.000000e+00 3.420200e-01 -9.396927e-01
      outer loop
         vertex 6.640635e+01 1.077681e+01 2.571552e+01
         vertex 6.340635e+01 1.017680e+01 2.549714e+01
         vertex 6.340635e+01 1.077681e+01 2.571552e+01
      endloop
   endfacet
   facet normal 0.000000e+00 1.160928e-01 -9.932384e-01
      outer loop
         vertex 6.640635e+01 1.077681e+01 2.571552e+01
         vertex 6.340635e+01 1.077681e+01 2.571552e+01
         vertex 6.640635e+01 1.141100e+01 2.578965e+01
      endloop
   endfacet
   facet normal 0.000000e+00 1.160928e-01 -9.932384e-01
      outer loop
         vertex 6.640635e+01 1.141100e+01 2.578965e+01
         vertex 6.340635e+01 1.077681e+01 2.571552e+01
         vertex 6.340635e+01 1.141100e+01 2.578965e+01
      endloop
   endfacet
   facet normal -0.000000e+00 -1.160930e-01 -9.932384e-01
      outer loop
         vertex 6.640635e+01 1.141100e+01 2.578965e+01
         vertex 6.340635e+01 1.141100e+01 2.578965e+01
         vertex 6.340635e+01 1.198270e+01 2.572282e+01
      endloop
   endfacet
   facet normal -1.000000e+00 0.000000e+00 0.000000e+00
      outer loop
         vertex 6.640635e+01 1.247166e+01 2.410031e+01
         vertex 6.640635e+01 1.361684e+01 2.468183e+01
         vertex 6.640635e+01 1.271004e+01 2.378965e+01
      endloop
   endfacet
   facet normal -1.000000e+00 0.000000e+00 0.000000e+00
      outer loop
         vertex 6.640635e+01 1.271004e+01 2.378965e+01
         vertex 6.640635e+01 1.361684e+01 2.468183e+01
         vertex 6.640635e+01 1.393609e+01 2.412887e+01
      endloop
   endfacet
   facet normal -1.000000e+00 0.000000e+00 0.000000e+00
      outer loop
         vertex 6.640635e+01 1.271004e+01 2.378965e+01
         vertex 6.640635e+01 1.393609e+01 2.412887e+01
         vertex 6.640635e+01 1.285989e+01 2.342788e+01
      endloop
   endfacet
   facet normal -1.000000e+00 0.000000e+00 0.000000e+00
      outer loop
         vertex 6.640635e+01 1.285989e+01 2.342788e+01
         vertex 6.640635e+01 1.393609e+01 2.412887e+01
         vertex 6.640635e+01 1.411922e+01 2.351718e+01
      endloop
   endfacet
   facet normal -1.000000e+00 0.000000e+00 0.000000e+00
      outer loop
         vertex 6.640635e+01 1.285989e+01 2.342788e+01
         vertex 6.640635e+01 1.411922e+01 2.351718e+01
         vertex 6.640635e+01 1.291100e+01 2.303965e+01
      endloop
   endfacet
   facet normal -1.000000e+00 0.000000e+00 0.000000e+00
      outer loop
         vertex 6.640635e+01 1.291100e+01 2.303965e+01
         vertex 6.640635e+01 1.411922e+01 2.351718e+01
         vertex 6.640635e+01 1.415635e+01 2.287975e+01
      endloop
   endfacet
   facet normal -1.000000e+00 0.000000e+00 -0.000000e+00
      outer loop
         vertex 6.640635e+01 1.291100e+01 2.303965e+01
         vertex 6.640635e+01 1.415635e+01 2.287975e+01
         vertex 6.640635e+01 1.285989e+01 2.265142e+01
      endloop
   endfacet
   facet normal -1.000000e+00 0.000000e+00 0.000000e+00
      outer loop
         vertex 6.640635e+01 1.285989e+01 2.265142e+01
         vertex 6.640635e+01 1.415635e+01 2.287975e+01
         vertex 6.640635e+01 1.404547e+01 2.225094e+01
      endloop
   endfacet
   facet normal -1.000000e+00 0.000000e+00 -0.000000e+00
      outer loop
         vertex 6.640635e+01 1.285989e+01 2.265142e+01
         vertex 6.640635e+01 1.404547e+01 2.225094e+01
         vertex 6.640635e+01 1.271004e+01 2.228965e+01
      endloop
   endfacet
   facet normal -1.000000e+00 0.000000e+00 0.000000e+00
      outer loop
         vertex 6.640635e+01 1.271004e+01 2.228965e+01
         vertex 6.640635e+01 1.404547e+01 2.225094e+01
         vertex 6.640635e+01 1.379257e+01 2.166465e+01
      endloop
   endfacet
   facet normal -1.000000e+00 0.000000e+00 -0.000000e+00
      outer loop
         vertex 6.640635e+01 1.271004e+01 2.228965e+01
         vertex 6.640635e+01 1.379257e+01 2.166465e+01
         vertex 6.640635e+01 1.247166e+01 2.197899e+01
      endloop
   endfacet
   facet normal -1.000000e+00 0.000000e+00 0.000000e+00
      outer loop
         vertex 6.640635e+01 1.247166e+01 2.197899e+01
         vertex 6.640635e+01 1.379257e+01 2.166465e+01
         vertex 6.640635e+01 1.341128e+01 2.115248e+01
      endloop
   endfacet
   facet normal -1.000000e+00 0.000000e+00 -0.000000e+00
      outer loop
         vertex 6.640635e+01 1.247166e+01 2.197899e+01
         vertex 6.640635e+01 1.341128e+01 2.115248e+01
         vertex 6.640635e+01 1.216100e+01 2.174061e+01
      endloop
   endfacet
   facet normal -1.000000e+00 0.000000e+00 0.000000e+00
      outer loop
         vertex 6.640635e+01 1.216100e+01 2.174061e+01
         vertex 6.640635e+01 1.341128e+01 2.115248e+01
         vertex 6.640635e+01 1.292215e+01 2.074206e+01
      endloop
   endfacet
   facet normal -1.000000e+00 0.000000e+00 -0.000000e+00
      outer loop
         vertex 6.640635e+01 1.216100e+01 2.174061e+01
         vertex 6.640635e+01 1.292215e+01 2.074206e+01
         vertex 6.640635e+01 1.179923e+01 2.159076e+01
      endloop
   endfacet
   facet normal -1.000000e+00 0.000000e+00 0.000000e+00
      outer loop
         vertex 6.640635e+01 9.962112e+00 2.342788e+01
         vertex 6.640635e+01 8.885905e+00 2.412887e+01
         vertex 6.640635e+01 1.011196e+01 2.378965e+01
      endloop
   endfacet
   facet normal -1.000000e+00 0.000000e+00 0.000000e+00
      outer loop
         vertex 6.640635e+01 1.011196e+01 2.378965e+01
         vertex 6.640635e+01 8.885905e+00 2.412887e+01
         vertex 6.640635e+01 9.205161e+00 2.468183e+01
      endloop
   endfacet
   facet normal -1.000000e+00 0.000000e+00 0.000000e+00
      outer loop
         vertex 6.640635e+01 1.011196e+01 2.378965e+01
         vertex 6.640635e+01 9.205161e+00 2.468183e+01
         vertex 6.640635e+01 1.035034e+01 2.410031e+01
      endloop
   endfacet
   facet normal -1.000000e+00 0.000000e+00 0.000000e+00
      outer loop
         vertex 6.640635e+01 1.035034e+01 2.410031e+01
         vertex 6.640635e+01 9.205161e+00 2.468183e+01
         vertex 6.640635e+01 9.643333e+00 2.514627e+01
      endloop
   endfacet
   facet normal -1.000000e+00 0.000000e+00 0.000000e+00
      outer loop
         vertex 6.640635e+01 1.035034e+01 2.410031e+01
         vertex 6.640635e+01 9.643333e+00 2.514627e+01
         vertex 6.640635e+01 1.066100e+01 2.433868e+01
      endloop
   endfacet
   facet normal -1.000000e+00 0.000000e+00 0.000000e+00
      outer loop
         vertex 6.640635e+01 1.066100e+01 2.433868e+01
         vertex 6.640635e+01 9.643333e+00 2.514627e+01
         vertex 6.640635e+01 1.017680e+01 2.549714e+01
      endloop
   endfacet
   facet normal -1.000000e+00 0.000000e+00 0.000000e+00
      outer loop
         vertex 6.640635e+01 1.066100e+01 2.433868e+01
         vertex 6.640635e+01 1.017680e+01 2.549714e+01
         vertex 6.640635e+01 1.102277e+01 2.448854e+01
      endloop
   endfacet
   facet normal -1.000000e+00 0.000000e+00 0.000000e+00
      outer loop
         vertex 6.640635e+01 1.102277e+01 2.448854e+01
         vertex 6.640635e+01 1.017680e+01 2.549714e+01
         vertex 6.640635e+01 1.077681e+01 2.571552e+01
      endloop
   endfacet
   facet normal -1.000000e+00 0.000000e+00 0.000000e+00
      outer loop
         vertex 6.640635e+01 1.102277e+01 2.448854e+01
         vertex 6.640635e+01 1.077681e+01 2.571552e+01
         vertex 6.640635e+01 1.141100e+01 2.453965e+01
      endloop
   endfacet
   facet normal -1.000000e+00 0.000000e+00 0.000000e+00
      outer loop
         vertex 6.640635e+01 1.141100e+01 2.453965e+01
         vertex 6.640635e+01 1.077681e+01 2.571552e+01
         vertex 6.640635e+01 1.141100e+01 2.578965e+01
      endloop
   endfacet
   facet normal -1.000000e+00 0.000000e+00 0.000000e+00
      outer loop
         vertex 6.640635e+01 1.141100e+01 2.453965e+01
         vertex 6.640635e+01 1.141100e+01 2.578965e+01
         vertex 6.640635e+01 1.179923e+01 2.448854e+01
      endloop
   endfacet
   facet normal -1.000000e+00 0.000000e+00 0.000000e+00
      outer loop
         vertex 6.640635e+01 1.179923e+01 2.448854e+01
         vertex 6.640635e+01 1.141100e+01 2.578965e+01
         vertex 6.640635e+01 1.204519e+01 2.571552e+01
      endloop
   endfacet
   facet normal -1.000000e+00 0.000000e+00 0.000000e+00
      outer loop
         vertex 6.640635e+01 1.179923e+01 2.448854e+01
         vertex 6.640635e+01 1.204519e+01 2.571552e+01
         vertex 6.640635e+01 1.216100e+01 2.433868e+01
      endloop
   endfacet
   facet normal -1.000000e+00 0.000000e+00 0.000000e+00
      outer loop
         vertex 6.640635e+01 1.216100e+01 2.433868e+01
         vertex 6.640635e+01 1.204519e+01 2.571552e+01
         vertex 6.640635e+01 1.264520e+01 2.549714e+01
      endloop
   endfacet
   facet normal -1.000000e+00 0.000000e+00 0.000000e+00
      outer loop
         vertex 6.640635e+01 1.216100e+01 2.433868e+01
         vertex 6.640635e+01 1.264520e+01 2.549714e+01
         vertex 6.640635e+01 1.247166e+01 2.410031e+01
      endloop
   endfacet
   facet normal -1.000000e+00 0.000000e+00 0.000000e+00
      outer loop
         vertex 6.640635e+01 1.247166e+01 2.410031e+01
         vertex 6.640635e+01 1.264520e+01 2.549714e+01
         vertex 6.640635e+01 1.317867e+01 2.514627e+01
      endloop
   endfacet
   facet normal -1.000000e+00 0.000000e+00 0.000000e+00
      outer loop
         vertex 6.640635e+01 1.247166e+01 2.410031e+01
         vertex 6.640635e+01 1.317867e+01 2.514627e+01
         vertex 6.640635e+01 1.361684e+01 2.468183e+01
      endloop
   endfacet
   facet normal -1.000000e+00 -0.000000e+00 0.000000e+00
      outer loop
         vertex 6.640635e+01 1.292215e+01 2.074206e+01
         vertex 6.640635e+01 1.235156e+01 2.045549e+01
         vertex 6.640635e+01 1.179923e+01 2.159076e+01
      endloop
   endfacet
   facet normal -1.000000e+00 0.000000e+00 -0.000000e+00
      outer loop
         vertex 6.640635e+01 1.179923e+01 2.159076e+01
         vertex 6.640635e+01 1.235156e+01 2.045549e+01
         vertex 6.640635e+01 1.173026e+01 2.030824e+01
      endloop
   endfacet
   facet normal -1.000000e+00 0.000000e+00 0.000000e+00
      outer loop
         vertex 6.640635e+01 1.179923e+01 2.159076e+01
         vertex 6.640635e+01 1.173026e+01 2.030824e+01
         vertex 6.640635e+01 1.141100e+01 2.153965e+01
      endloop
   endfacet
   facet normal -1.000000e+00 0.000000e+00 -0.000000e+00
      outer loop
         vertex 6.640635e+01 1.141100e+01 2.153965e+01
         vertex 6.640635e+01 1.173026e+01 2.030824e+01
         vertex 6.640635e+01 1.109174e+01 2.030824e+01
      endloop
   endfacet
   facet normal -1.000000e+00 -0.000000e+00 0.000000e+00
      outer loop
         vertex 6.640635e+01 1.141100e+01 2.153965e+01
         vertex 6.640635e+01 1.109174e+01 2.030824e+01
         vertex 6.640635e+01 1.102277e+01 2.159076e+01
      endloop
   endfacet
   facet normal -1.000000e+00 0.000000e+00 -0.000000e+00
      outer loop
         vertex 6.640635e+01 1.102277e+01 2.159076e+01
         vertex 6.640635e+01 1.109174e+01 2.030824e+01
         vertex 6.640635e+01 1.047044e+01 2.045549e+01
      endloop
   endfacet
   facet normal -1.000000e+00 -0.000000e+00 0.000000e+00
      outer loop
         vertex 6.640635e+01 1.102277e+01 2.159076e+01
         vertex 6.640635e+01 1.047044e+01 2.045549e+01
         vertex 6.640635e+01 1.066100e+01 2.174061e+01
      endloop
   endfacet
   facet normal -1.000000e+00 0.000000e+00 0.000000e+00
      outer loop
         vertex 6.640635e+01 1.066100e+01 2.174061e+01
         vertex 6.640635e+01 1.047044e+01 2.045549e+01
         vertex 6.640635e+01 9.899851e+00 2.074206e+01
      endloop
   endfacet
   facet normal -1.000000e+00 -0.000000e+00 0.000000e+00
      outer loop
         vertex 6.640635e+01 1.066100e+01 2.174061e+01
         vertex 6.640635e+01 9.899851e+00 2.074206e+01
         vertex 6.640635e+01 1.035034e+01 2.197899e+01
      endloop
   endfacet
   facet normal -1.000000e+00 0.000000e+00 0.000000e+00
      outer loop
         vertex 6.640635e+01 1.035034e+01 2.197899e+01
         vertex 6.640635e+01 9.899851e+00 2.074206e+01
         vertex 6.640635e+01 9.410722e+00 2.115248e+01
      endloop
   endfacet
   facet normal -1.000000e+00 -0.000000e+00 0.000000e+00
      outer loop
         vertex 6.640635e+01 1.035034e+01 2.197899e+01
         vertex 6.640635e+01 9.410722e+00 2.115248e+01
         vertex 6.640635e+01 1.011196e+01 2.228965e+01
      endloop
   endfacet
   facet normal -1.000000e+00 0.000000e+00 0.000000e+00
      outer loop
         vertex 6.640635e+01 1.011196e+01 2.228965e+01
         vertex 6.640635e+01 9.410722e+00 2.115248e+01
         vertex 6.640635e+01 9.029429e+00 2.166465e+01
      endloop
   endfacet
   facet normal -1.000000e+00 -0.000000e+00 0.000000e+00
      outer loop
         vertex 6.640635e+01 1.011196e+01 2.228965e+01
         vertex 6.640635e+01 9.029429e+00 2.166465e+01
         vertex 6.640635e+01 9.962112e+00 2.265142e+01
      endloop
   endfacet
   facet normal -1.000000e+00 0.000000e+00 0.000000e+00
      outer loop
         vertex 6.640635e+01 9.962112e+00 2.265142e+01
         vertex 6.640635e+01 9.029429e+00 2.166465e+01
         vertex 6.640635e+01 8.776529e+00 2.225094e+01
      endloop
   endfacet
   facet normal -1.000000e+00 -0.000000e+00 0.000000e+00
      outer loop
         vertex 6.640635e+01 9.962112e+00 2.265142e+01
         vertex 6.640635e+01 8.776529e+00 2.225094e+01
         vertex 6.640635e+01 9.910999e+00 2.303965e+01
      endloop
   endfacet
   facet normal -1.000000e+00 0.000000e+00 0.000000e+00
      outer loop
         vertex 6.640635e+01 9.910999e+00 2.303965e+01
         vertex 6.640635e+01 8.776529e+00 2.225094e+01
         vertex 6.640635e+01 8.665653e+00 2.287975e+01
      endloop
   endfacet
   facet normal -1.000000e+00 -0.000000e+00 0.000000e+00
      outer loop
         vertex 6.640635e+01 9.910999e+00 2.303965e+01
         vertex 6.640635e+01 8.665653e+00 2.287975e+01
         vertex 6.640635e+01 9.962112e+00 2.342788e+01
      endloop
   endfacet
   facet normal -1.000000e+00 -0.000000e+00 0.000000e+00
      outer loop
         vertex 6.640635e+01 9.962112e+00 2.342788e+01
         vertex 6.640635e+01 8.665653e+00 2.287975e+01
         vertex 6.640635e+01 8.702779e+00 2.351718e+01
      endloop
   endfacet
   facet normal -1.000000e+00 0.000000e+00 0.000000e+00
      outer loop
         vertex 6.640635e+01 9.962112e+00 2.342788e+01
         vertex 6.640635e+01 8.702779e+00 2.351718e+01
         vertex 6.640635e+01 8.885905e+00 2.412887e+01
      endloop
   endfacet
   facet normal -2.826122e-08 -9.848077e-01 1.736482e-01
      outer loop
         vertex 6.640635e+01 2.165635e+01 3.037975e+01
         vertex 6.340635e+01 2.158374e+01 2.996795e+01
         vertex 6.640635e+01 2.154547e+01 2.975094e+01
      endloop
   endfacet
   facet normal 0.000000e+00 -9.848077e-01 1.736486e-01
      outer loop
         vertex 6.640635e+01 2.154547e+01 2.975094e+01
         vertex 6.340635e+01 2.158374e+01 2.996795e+01
         vertex 6.340635e+01 2.154547e+01 2.975094e+01
      endloop
   endfacet
   facet normal 0.000000e+00 -9.182163e-01 3.960794e-01
      outer loop
         vertex 6.640635e+01 2.154547e+01 2.975094e+01
         vertex 6.340635e+01 2.154547e+01 2.975094e+01
         vertex 6.640635e+01 2.129257e+01 2.916465e+01
      endloop
   endfacet
   facet normal 0.000000e+00 -9.182163e-01 3.960794e-01
      outer loop
         vertex 6.640635e+01 2.129257e+01 2.916465e+01
         vertex 6.340635e+01 2.154547e+01 2.975094e+01
         vertex 6.340635e+01 2.129257e+01 2.916465e+01
      endloop
   endfacet
   facet normal 0.000000e+00 -8.021232e-01 5.971585e-01
      outer loop
         vertex 6.640635e+01 2.129257e+01 2.916465e+01
         vertex 6.340635e+01 2.129257e+01 2.916465e+01
         vertex 6.640635e+01 2.091128e+01 2.865248e+01
      endloop
   endfacet
   facet normal 0.000000e+00 -8.021232e-01 5.971585e-01
      outer loop
         vertex 6.640635e+01 2.091128e+01 2.865248e+01
         vertex 6.340635e+01 2.129257e+01 2.916465e+01
         vertex 6.340635e+01 2.091128e+01 2.865248e+01
      endloop
   endfacet
   facet normal 0.000000e+00 -6.427875e-01 7.660445e-01
      outer loop
         vertex 6.640635e+01 2.091128e+01 2.865248e+01
         vertex 6.340635e+01 2.091128e+01 2.865248e+01
         vertex 6.640635e+01 2.042215e+01 2.824205e+01
      endloop
   endfacet
   facet normal 0.000000e+00 -6.427875e-01 7.660445e-01
      outer loop
         vertex 6.640635e+01 2.042215e+01 2.824205e+01
         vertex 6.340635e+01 2.091128e+01 2.865248e+01
         vertex 6.340635e+01 2.042215e+01 2.824205e+01
      endloop
   endfacet
   facet normal 0.000000e+00 -4.487992e-01 8.936326e-01
      outer loop
         vertex 6.640635e+01 2.042215e+01 2.824205e+01
         vertex 6.340635e+01 2.042215e+01 2.824205e+01
         vertex 6.640635e+01 1.985156e+01 2.795549e+01
      endloop
   endfacet
   facet normal 0.000000e+00 -4.487992e-01 8.936326e-01
      outer loop
         vertex 6.640635e+01 1.985156e+01 2.795549e+01
         vertex 6.340635e+01 2.042215e+01 2.824205e+01
         vertex 6.340635e+01 1.985156e+01 2.795549e+01
      endloop
   endfacet
   facet normal 0.000000e+00 -2.306153e-01 9.730450e-01
      outer loop
         vertex 6.640635e+01 1.985156e+01 2.795549e+01
         vertex 6.340635e+01 1.985156e+01 2.795549e+01
         vertex 6.640635e+01 1.923025e+01 2.780824e+01
      endloop
   endfacet
   facet normal 0.000000e+00 -2.306153e-01 9.730450e-01
      outer loop
         vertex 6.640635e+01 1.923025e+01 2.780824e+01
         vertex 6.340635e+01 1.985156e+01 2.795549e+01
         vertex 6.340635e+01 1.923025e+01 2.780824e+01
      endloop
   endfacet
   facet normal 0.000000e+00 0.000000e+00 1.000000e+00
      outer loop
         vertex 6.640635e+01 1.923025e+01 2.780824e+01
         vertex 6.340635e+01 1.923025e+01 2.780824e+01
         vertex 6.640635e+01 1.859174e+01 2.780824e+01
      endloop
   endfacet
   facet normal 0.000000e+00 0.000000e+00 1.000000e+00
      outer loop
         vertex 6.640635e+01 1.859174e+01 2.780824e+01
         vertex 6.340635e+01 1.923025e+01 2.780824e+01
         vertex 6.340635e+01 1.859174e+01 2.780824e+01
      endloop
   endfacet
   facet normal 0.000000e+00 2.306157e-01 9.730449e-01
      outer loop
         vertex 6.640635e+01 1.859174e+01 2.780824e+01
         vertex 6.340635e+01 1.859174e+01 2.780824e+01
         vertex 6.640635e+01 1.797044e+01 2.795549e+01
      endloop
   endfacet
   facet normal 0.000000e+00 2.306157e-01 9.730449e-01
      outer loop
         vertex 6.640635e+01 1.797044e+01 2.795549e+01
         vertex 6.340635e+01 1.859174e+01 2.780824e+01
         vertex 6.340635e+01 1.797044e+01 2.795549e+01
      endloop
   endfacet
   facet normal 0.000000e+00 4.487992e-01 8.936326e-01
      outer loop
         vertex 6.640635e+01 1.797044e+01 2.795549e+01
         vertex 6.340635e+01 1.797044e+01 2.795549e+01
         vertex 6.640635e+01 1.739985e+01 2.824205e+01
      endloop
   endfacet
   facet normal 0.000000e+00 4.487992e-01 8.936326e-01
      outer loop
         vertex 6.640635e+01 1.739985e+01 2.824205e+01
         vertex 6.340635e+01 1.797044e+01 2.795549e+01
         vertex 6.340635e+01 1.739985e+01 2.824205e+01
      endloop
   endfacet
   facet normal 0.000000e+00 6.427875e-01 7.660445e-01
      outer loop
         vertex 6.640635e+01 1.739985e+01 2.824205e+01
         vertex 6.340635e+01 1.739985e+01 2.824205e+01
         vertex 6.640635e+01 1.691072e+01 2.865248e+01
      endloop
   endfacet
   facet normal 0.000000e+00 6.427875e-01 7.660445e-01
      outer loop
         vertex 6.640635e+01 1.691072e+01 2.865248e+01
         vertex 6.340635e+01 1.739985e+01 2.824205e+01
         vertex 6.340635e+01 1.691072e+01 2.865248e+01
      endloop
   endfacet
   facet normal 0.000000e+00 8.021229e-01 5.971590e-01
      outer loop
         vertex 6.640635e+01 1.691072e+01 2.865248e+01
         vertex 6.340635e+01 1.691072e+01 2.865248e+01
         vertex 6.640635e+01 1.652943e+01 2.916465e+01
      endloop
   endfacet
   facet normal 0.000000e+00 8.021229e-01 5.971590e-01
      outer loop
         vertex 6.640635e+01 1.652943e+01 2.916465e+01
         vertex 6.340635e+01 1.691072e+01 2.865248e+01
         vertex 6.340635e+01 1.652943e+01 2.916465e+01
      endloop
   endfacet
   facet normal 0.000000e+00 9.182160e-01 3.960800e-01
      outer loop
         vertex 6.640635e+01 1.652943e+01 2.916465e+01
         vertex 6.340635e+01 1.652943e+01 2.916465e+01
         vertex 6.640635e+01 1.627653e+01 2.975094e+01
      endloop
   endfacet
   facet normal 0.000000e+00 9.182160e-01 3.960800e-01
      outer loop
         vertex 6.340635e+01 1.652943e+01 2.916465e+01
         vertex 6.340635e+01 1.627653e+01 2.975094e+01
         vertex 6.640635e+01 1.627653e+01 2.975094e+01
      endloop
   endfacet
   facet normal 0.000000e+00 9.848080e-01 1.736466e-01
      outer loop
         vertex 6.640635e+01 1.627653e+01 2.975094e+01
         vertex 6.340635e+01 1.627653e+01 2.975094e+01
         vertex 6.340635e+01 1.623826e+01 2.996795e+01
      endloop
   endfacet
   facet normal 7.184649e-08 9.848079e-01 1.736475e-01
      outer loop
         vertex 6.640635e+01 1.627653e+01 2.975094e+01
         vertex 6.340635e+01 1.623826e+01 2.996795e+01
         vertex 6.640635e+01 1.616565e+01 3.037975e+01
      endloop
   endfacet
   facet normal 0.000000e+00 9.848078e-01 1.736480e-01
      outer loop
         vertex 6.640635e+01 1.616565e+01 3.037975e+01
         vertex 6.340635e+01 1.623826e+01 2.996795e+01
         vertex 6.340635e+01 1.616565e+01 3.037975e+01
      endloop
   endfacet
   facet normal 0.000000e+00 9.983081e-01 -5.814504e-02
      outer loop
         vertex 6.640635e+01 1.616565e+01 3.037975e+01
         vertex 6.340635e+01 1.616565e+01 3.037975e+01
         vertex 6.640635e+01 1.620278e+01 3.101718e+01
      endloop
   endfacet
   facet normal 0.000000e+00 9.983081e-01 -5.814504e-02
      outer loop
         vertex 6.640635e+01 1.620278e+01 3.101718e+01
         vertex 6.340635e+01 1.616565e+01 3.037975e+01
         vertex 6.340635e+01 1.620278e+01 3.101718e+01
      endloop
   endfacet
   facet normal 0.000000e+00 9.579896e-01 -2.868029e-01
      outer loop
         vertex 6.640635e+01 1.620278e+01 3.101718e+01
         vertex 6.340635e+01 1.620278e+01 3.101718e+01
         vertex 6.640635e+01 1.638591e+01 3.162887e+01
      endloop
   endfacet
   facet normal 0.000000e+00 9.579896e-01 -2.868029e-01
      outer loop
         vertex 6.640635e+01 1.638591e+01 3.162887e+01
         vertex 6.340635e+01 1.620278e+01 3.101718e+01
         vertex 6.340635e+01 1.638591e+01 3.162887e+01
      endloop
   endfacet
   facet normal 0.000000e+00 8.660256e-01 -4.999997e-01
      outer loop
         vertex 6.640635e+01 1.638591e+01 3.162887e+01
         vertex 6.340635e+01 1.638591e+01 3.162887e+01
         vertex 6.640635e+01 1.670516e+01 3.218183e+01
      endloop
   endfacet
   facet normal 0.000000e+00 8.660256e-01 -4.999997e-01
      outer loop
         vertex 6.640635e+01 1.670516e+01 3.218183e+01
         vertex 6.340635e+01 1.638591e+01 3.162887e+01
         vertex 6.340635e+01 1.670516e+01 3.218183e+01
      endloop
   endfacet
   facet normal 0.000000e+00 7.273737e-01 -6.862416e-01
      outer loop
         vertex 6.640635e+01 1.670516e+01 3.218183e+01
         vertex 6.340635e+01 1.670516e+01 3.218183e+01
         vertex 6.640635e+01 1.714333e+01 3.264627e+01
      endloop
   endfacet
   facet normal 0.000000e+00 7.273737e-01 -6.862416e-01
      outer loop
         vertex 6.640635e+01 1.714333e+01 3.264627e+01
         vertex 6.340635e+01 1.670516e+01 3.218183e+01
         vertex 6.340635e+01 1.714333e+01 3.264627e+01
      endloop
   endfacet
   facet normal 0.000000e+00 5.495082e-01 -8.354883e-01
      outer loop
         vertex 6.640635e+01 1.714333e+01 3.264627e+01
         vertex 6.340635e+01 1.714333e+01 3.264627e+01
         vertex 6.640635e+01 1.767680e+01 3.299714e+01
      endloop
   endfacet
   facet normal 0.000000e+00 5.495082e-01 -8.354883e-01
      outer loop
         vertex 6.640635e+01 1.767680e+01 3.299714e+01
         vertex 6.340635e+01 1.714333e+01 3.264627e+01
         vertex 6.340635e+01 1.767680e+01 3.299714e+01
      endloop
   endfacet
   facet normal 0.000000e+00 3.420208e-01 -9.396924e-01
      outer loop
         vertex 6.640635e+01 1.767680e+01 3.299714e+01
         vertex 6.340635e+01 1.767680e+01 3.299714e+01
         vertex 6.640635e+01 1.827681e+01 3.321552e+01
      endloop
   endfacet
   facet normal 0.000000e+00 3.420208e-01 -9.396924e-01
      outer loop
         vertex 6.640635e+01 1.827681e+01 3.321552e+01
         vertex 6.340635e+01 1.767680e+01 3.299714e+01
         vertex 6.340635e+01 1.827681e+01 3.321552e+01
      endloop
   endfacet
   facet normal 0.000000e+00 1.160932e-01 -9.932383e-01
      outer loop
         vertex 6.640635e+01 1.827681e+01 3.321552e+01
         vertex 6.340635e+01 1.827681e+01 3.321552e+01
         vertex 6.640635e+01 1.891100e+01 3.328965e+01
      endloop
   endfacet
   facet normal 0.000000e+00 1.160932e-01 -9.932383e-01
      outer loop
         vertex 6.640635e+01 1.891100e+01 3.328965e+01
         vertex 6.340635e+01 1.827681e+01 3.321552e+01
         vertex 6.340635e+01 1.891100e+01 3.328965e+01
      endloop
   endfacet
   facet normal -0.000000e+00 -1.160930e-01 -9.932383e-01
      outer loop
         vertex 6.640635e+01 1.891100e+01 3.328965e+01
         vertex 6.340635e+01 1.891100e+01 3.328965e+01
         vertex 6.640635e+01 1.954519e+01 3.321552e+01
      endloop
   endfacet
   facet normal -0.000000e+00 -1.160930e-01 -9.932383e-01
      outer loop
         vertex 6.640635e+01 1.954519e+01 3.321552e+01
         vertex 6.340635e+01 1.891100e+01 3.328965e+01
         vertex 6.340635e+01 1.954519e+01 3.321552e+01
      endloop
   endfacet
   facet normal -0.000000e+00 -3.420208e-01 -9.396924e-01
      outer loop
         vertex 6.640635e+01 1.954519e+01 3.321552e+01
         vertex 6.340635e+01 1.954519e+01 3.321552e+01
         vertex 6.640635e+01 2.014520e+01 3.299714e+01
      endloop
   endfacet
   facet normal -0.000000e+00 -3.420208e-01 -9.396924e-01
      outer loop
         vertex 6.640635e+01 2.014520e+01 3.299714e+01
         vertex 6.340635e+01 1.954519e+01 3.321552e+01
         vertex 6.340635e+01 2.014520e+01 3.299714e+01
      endloop
   endfacet
   facet normal -0.000000e+00 -5.495089e-01 -8.354879e-01
      outer loop
         vertex 6.640635e+01 2.014520e+01 3.299714e+01
         vertex 6.340635e+01 2.014520e+01 3.299714e+01
         vertex 6.640635e+01 2.067867e+01 3.264627e+01
      endloop
   endfacet
   facet normal -0.000000e+00 -5.495089e-01 -8.354879e-01
      outer loop
         vertex 6.640635e+01 2.067867e+01 3.264627e+01
         vertex 6.340635e+01 2.014520e+01 3.299714e+01
         vertex 6.340635e+01 2.067867e+01 3.264627e+01
      endloop
   endfacet
   facet normal -0.000000e+00 -7.273733e-01 -6.862420e-01
      outer loop
         vertex 6.640635e+01 2.067867e+01 3.264627e+01
         vertex 6.340635e+01 2.067867e+01 3.264627e+01
         vertex 6.640635e+01 2.111684e+01 3.218183e+01
      endloop
   endfacet
   facet normal -0.000000e+00 -7.273733e-01 -6.862420e-01
      outer loop
         vertex 6.640635e+01 2.111684e+01 3.218183e+01
         vertex 6.340635e+01 2.067867e+01 3.264627e+01
         vertex 6.340635e+01 2.111684e+01 3.218183e+01
      endloop
   endfacet
   facet normal -0.000000e+00 -8.660256e-01 -4.999997e-01
      outer loop
         vertex 6.640635e+01 2.111684e+01 3.218183e+01
         vertex 6.340635e+01 2.111684e+01 3.218183e+01
         vertex 6.640635e+01 2.143609e+01 3.162887e+01
      endloop
   endfacet
   facet normal -0.000000e+00 -8.660256e-01 -4.999997e-01
      outer loop
         vertex 6.640635e+01 2.143609e+01 3.162887e+01
         vertex 6.340635e+01 2.111684e+01 3.218183e+01
         vertex 6.340635e+01 2.143609e+01 3.162887e+01
      endloop
   endfacet
   facet normal -0.000000e+00 -9.579894e-01 -2.868036e-01
      outer loop
         vertex 6.640635e+01 2.143609e+01 3.162887e+01
         vertex 6.340635e+01 2.143609e+01 3.162887e+01
         vertex 6.640635e+01 2.161922e+01 3.101718e+01
      endloop
   endfacet
   facet normal -0.000000e+00 -9.579894e-01 -2.868036e-01
      outer loop
         vertex 6.640635e+01 2.161922e+01 3.101718e+01
         vertex 6.340635e+01 2.143609e+01 3.162887e+01
         vertex 6.340635e+01 2.161922e+01 3.101718e+01
      endloop
   endfacet
   facet normal -0.000000e+00 -9.983082e-01 -5.814431e-02
      outer loop
         vertex 6.640635e+01 2.161922e+01 3.101718e+01
         vertex 6.340635e+01 2.161922e+01 3.101718e+01
         vertex 6.640635e+01 2.165635e+01 3.037975e+01
      endloop
   endfacet
   facet normal -0.000000e+00 -9.983082e-01 -5.814431e-02
      outer loop
         vertex 6.640635e+01 2.165635e+01 3.037975e+01
         vertex 6.340635e+01 2.161922e+01 3.101718e+01
         vertex 6.340635e+01 2.165635e+01 3.037975e+01
      endloop
   endfacet
   facet normal 0.000000e+00 -9.848078e-01 1.736480e-01
      outer loop
         vertex 6.640635e+01 2.165635e+01 3.037975e+01
         vertex 6.340635e+01 2.165635e+01 3.037975e+01
         vertex 6.340635e+01 2.158374e+01 2.996795e+01
      endloop
   endfacet
   facet normal -1.000000e+00 0.000000e+00 0.000000e+00
      outer loop
         vertex 6.640635e+01 1.761196e+01 3.128965e+01
         vertex 6.640635e+01 1.670516e+01 3.218183e+01
         vertex 6.640635e+01 1.785034e+01 3.160031e+01
      endloop
   endfacet
   facet normal -1.000000e+00 0.000000e+00 0.000000e+00
      outer loop
         vertex 6.640635e+01 1.785034e+01 3.160031e+01
         vertex 6.640635e+01 1.670516e+01 3.218183e+01
         vertex 6.640635e+01 1.714333e+01 3.264627e+01
      endloop
   endfacet
   facet normal -1.000000e+00 0.000000e+00 0.000000e+00
      outer loop
         vertex 6.640635e+01 1.785034e+01 3.160031e+01
         vertex 6.640635e+01 1.714333e+01 3.264627e+01
         vertex 6.640635e+01 1.816100e+01 3.183868e+01
      endloop
   endfacet
   facet normal -1.000000e+00 0.000000e+00 0.000000e+00
      outer loop
         vertex 6.640635e+01 1.816100e+01 3.183868e+01
         vertex 6.640635e+01 1.714333e+01 3.264627e+01
         vertex 6.640635e+01 1.767680e+01 3.299714e+01
      endloop
   endfacet
   facet normal -1.000000e+00 0.000000e+00 0.000000e+00
      outer loop
         vertex 6.640635e+01 1.816100e+01 3.183868e+01
         vertex 6.640635e+01 1.767680e+01 3.299714e+01
         vertex 6.640635e+01 1.852277e+01 3.198854e+01
      endloop
   endfacet
   facet normal -1.000000e+00 0.000000e+00 0.000000e+00
      outer loop
         vertex 6.640635e+01 1.852277e+01 3.198854e+01
         vertex 6.640635e+01 1.767680e+01 3.299714e+01
         vertex 6.640635e+01 1.827681e+01 3.321552e+01
      endloop
   endfacet
   facet normal -1.000000e+00 0.000000e+00 0.000000e+00
      outer loop
         vertex 6.640635e+01 1.852277e+01 3.198854e+01
         vertex 6.640635e+01 1.827681e+01 3.321552e+01
         vertex 6.640635e+01 1.891100e+01 3.203965e+01
      endloop
   endfacet
   facet normal -1.000000e+00 0.000000e+00 0.000000e+00
      outer loop
         vertex 6.640635e+01 1.891100e+01 3.203965e+01
         vertex 6.640635e+01 1.827681e+01 3.321552e+01
         vertex 6.640635e+01 1.891100e+01 3.328965e+01
      endloop
   endfacet
   facet normal -1.000000e+00 0.000000e+00 0.000000e+00
      outer loop
         vertex 6.640635e+01 1.891100e+01 3.203965e+01
         vertex 6.640635e+01 1.891100e+01 3.328965e+01
         vertex 6.640635e+01 1.929923e+01 3.198854e+01
      endloop
   endfacet
   facet normal -1.000000e+00 0.000000e+00 0.000000e+00
      outer loop
         vertex 6.640635e+01 1.929923e+01 3.198854e+01
         vertex 6.640635e+01 1.891100e+01 3.328965e+01
         vertex 6.640635e+01 1.954519e+01 3.321552e+01
      endloop
   endfacet
   facet normal -1.000000e+00 0.000000e+00 0.000000e+00
      outer loop
         vertex 6.640635e+01 1.929923e+01 3.198854e+01
         vertex 6.640635e+01 1.954519e+01 3.321552e+01
         vertex 6.640635e+01 1.966100e+01 3.183868e+01
      endloop
   endfacet
   facet normal -1.000000e+00 0.000000e+00 0.000000e+00
      outer loop
         vertex 6.640635e+01 1.966100e+01 3.183868e+01
         vertex 6.640635e+01 1.954519e+01 3.321552e+01
         vertex 6.640635e+01 2.014520e+01 3.299714e+01
      endloop
   endfacet
   facet normal -1.000000e+00 0.000000e+00 0.000000e+00
      outer loop
         vertex 6.640635e+01 1.966100e+01 3.183868e+01
         vertex 6.640635e+01 2.014520e+01 3.299714e+01
         vertex 6.640635e+01 1.997166e+01 3.160031e+01
      endloop
   endfacet
   facet normal -1.000000e+00 0.000000e+00 -0.000000e+00
      outer loop
         vertex 6.640635e+01 2.014520e+01 3.299714e+01
         vertex 6.640635e+01 2.067867e+01 3.264627e+01
         vertex 6.640635e+01 1.997166e+01 3.160031e+01
      endloop
   endfacet
   facet normal -1.000000e+00 0.000000e+00 0.000000e+00
      outer loop
         vertex 6.640635e+01 1.997166e+01 3.160031e+01
         vertex 6.640635e+01 2.067867e+01 3.264627e+01
         vertex 6.640635e+01 2.111684e+01 3.218183e+01
      endloop
   endfacet
   facet normal -1.000000e+00 0.000000e+00 0.000000e+00
      outer loop
         vertex 6.640635e+01 1.997166e+01 3.160031e+01
         vertex 6.640635e+01 2.111684e+01 3.218183e+01
         vertex 6.640635e+01 2.021004e+01 3.128965e+01
      endloop
   endfacet
   facet normal -1.000000e+00 0.000000e+00 0.000000e+00
      outer loop
         vertex 6.640635e+01 2.021004e+01 3.128965e+01
         vertex 6.640635e+01 2.111684e+01 3.218183e+01
         vertex 6.640635e+01 2.143609e+01 3.162887e+01
      endloop
   endfacet
   facet normal -1.000000e+00 0.000000e+00 0.000000e+00
      outer loop
         vertex 6.640635e+01 2.021004e+01 3.128965e+01
         vertex 6.640635e+01 2.143609e+01 3.162887e+01
         vertex 6.640635e+01 2.035989e+01 3.092788e+01
      endloop
   endfacet
   facet normal -1.000000e+00 0.000000e+00 0.000000e+00
      outer loop
         vertex 6.640635e+01 2.035989e+01 3.092788e+01
         vertex 6.640635e+01 2.143609e+01 3.162887e+01
         vertex 6.640635e+01 2.161922e+01 3.101718e+01
      endloop
   endfacet
   facet normal -1.000000e+00 0.000000e+00 0.000000e+00
      outer loop
         vertex 6.640635e+01 2.035989e+01 3.092788e+01
         vertex 6.640635e+01 2.161922e+01 3.101718e+01
         vertex 6.640635e+01 2.041100e+01 3.053965e+01
      endloop
   endfacet
   facet normal -1.000000e+00 0.000000e+00 0.000000e+00
      outer loop
         vertex 6.640635e+01 2.041100e+01 3.053965e+01
         vertex 6.640635e+01 2.161922e+01 3.101718e+01
         vertex 6.640635e+01 2.165635e+01 3.037975e+01
      endloop
   endfacet
   facet normal -1.000000e+00 0.000000e+00 -0.000000e+00
      outer loop
         vertex 6.640635e+01 2.041100e+01 3.053965e+01
         vertex 6.640635e+01 2.165635e+01 3.037975e+01
         vertex 6.640635e+01 2.035989e+01 3.015142e+01
      endloop
   endfacet
   facet normal -1.000000e+00 0.000000e+00 0.000000e+00
      outer loop
         vertex 6.640635e+01 2.035989e+01 3.015142e+01
         vertex 6.640635e+01 2.165635e+01 3.037975e+01
         vertex 6.640635e+01 2.154547e+01 2.975094e+01
      endloop
   endfacet
   facet normal -1.000000e+00 0.000000e+00 -0.000000e+00
      outer loop
         vertex 6.640635e+01 2.035989e+01 3.015142e+01
         vertex 6.640635e+01 2.154547e+01 2.975094e+01
         vertex 6.640635e+01 2.021004e+01 2.978965e+01
      endloop
   endfacet
   facet normal -1.000000e+00 0.000000e+00 0.000000e+00
      outer loop
         vertex 6.640635e+01 2.021004e+01 2.978965e+01
         vertex 6.640635e+01 2.154547e+01 2.975094e+01
         vertex 6.640635e+01 2.129257e+01 2.916465e+01
      endloop
   endfacet
   facet normal -1.000000e+00 0.000000e+00 -0.000000e+00
      outer loop
         vertex 6.640635e+01 2.021004e+01 2.978965e+01
         vertex 6.640635e+01 2.129257e+01 2.916465e+01
         vertex 6.640635e+01 1.997166e+01 2.947899e+01
      endloop
   endfacet
   facet normal -1.000000e+00 0.000000e+00 0.000000e+00
      outer loop
         vertex 6.640635e+01 1.997166e+01 2.947899e+01
         vertex 6.640635e+01 2.129257e+01 2.916465e+01
         vertex 6.640635e+01 2.091128e+01 2.865248e+01
      endloop
   endfacet
   facet normal -1.000000e+00 0.000000e+00 -0.000000e+00
      outer loop
         vertex 6.640635e+01 1.997166e+01 2.947899e+01
         vertex 6.640635e+01 2.091128e+01 2.865248e+01
         vertex 6.640635e+01 1.966100e+01 2.924061e+01
      endloop
   endfacet
   facet normal -1.000000e+00 0.000000e+00 0.000000e+00
      outer loop
         vertex 6.640635e+01 1.966100e+01 2.924061e+01
         vertex 6.640635e+01 2.091128e+01 2.865248e+01
         vertex 6.640635e+01 2.042215e+01 2.824205e+01
      endloop
   endfacet
   facet normal -1.000000e+00 0.000000e+00 -0.000000e+00
      outer loop
         vertex 6.640635e+01 1.966100e+01 2.924061e+01
         vertex 6.640635e+01 2.042215e+01 2.824205e+01
         vertex 6.640635e+01 1.929923e+01 2.909076e+01
      endloop
   endfacet
   facet normal -1.000000e+00 0.000000e+00 0.000000e+00
      outer loop
         vertex 6.640635e+01 1.929923e+01 2.909076e+01
         vertex 6.640635e+01 2.042215e+01 2.824205e+01
         vertex 6.640635e+01 1.985156e+01 2.795549e+01
      endloop
   endfacet
   facet normal -1.000000e+00 0.000000e+00 -0.000000e+00
      outer loop
         vertex 6.640635e+01 1.929923e+01 2.909076e+01
         vertex 6.640635e+01 1.985156e+01 2.795549e+01
         vertex 6.640635e+01 1.891100e+01 2.903965e+01
      endloop
   endfacet
   facet normal -1.000000e+00 -0.000000e+00 0.000000e+00
      outer loop
         vertex 6.640635e+01 1.985156e+01 2.795549e+01
         vertex 6.640635e+01 1.923025e+01 2.780824e+01
         vertex 6.640635e+01 1.891100e+01 2.903965e+01
      endloop
   endfacet
   facet normal -1.000000e+00 0.000000e+00 -0.000000e+00
      outer loop
         vertex 6.640635e+01 1.891100e+01 2.903965e+01
         vertex 6.640635e+01 1.923025e+01 2.780824e+01
         vertex 6.640635e+01 1.859174e+01 2.780824e+01
      endloop
   endfacet
   facet normal -1.000000e+00 -0.000000e+00 0.000000e+00
      outer loop
         vertex 6.640635e+01 1.891100e+01 2.903965e+01
         vertex 6.640635e+01 1.859174e+01 2.780824e+01
         vertex 6.640635e+01 1.852277e+01 2.909076e+01
      endloop
   endfacet
   facet normal -1.000000e+00 0.000000e+00 -0.000000e+00
      outer loop
         vertex 6.640635e+01 1.852277e+01 2.909076e+01
         vertex 6.640635e+01 1.859174e+01 2.780824e+01
         vertex 6.640635e+01 1.797044e+01 2.795549e+01
      endloop
   endfacet
   facet normal -1.000000e+00 -0.000000e+00 0.000000e+00
      outer loop
         vertex 6.640635e+01 1.852277e+01 2.909076e+01
         vertex 6.640635e+01 1.797044e+01 2.795549e+01
         vertex 6.640635e+01 1.816100e+01 2.924061e+01
      endloop
   endfacet
   facet normal -1.000000e+00 0.000000e+00 0.000000e+00
      outer loop
         vertex 6.640635e+01 1.816100e+01 2.924061e+01
         vertex 6.640635e+01 1.797044e+01 2.795549e+01
         vertex 6.640635e+01 1.739985e+01 2.824205e+01
      endloop
   endfacet
   facet normal -1.000000e+00 -0.000000e+00 0.000000e+00
      outer loop
         vertex 6.640635e+01 1.816100e+01 2.924061e+01
         vertex 6.640635e+01 1.739985e+01 2.824205e+01
         vertex 6.640635e+01 1.785034e+01 2.947899e+01
      endloop
   endfacet
   facet normal -1.000000e+00 0.000000e+00 0.000000e+00
      outer loop
         vertex 6.640635e+01 1.785034e+01 2.947899e+01
         vertex 6.640635e+01 1.739985e+01 2.824205e+01
         vertex 6.640635e+01 1.691072e+01 2.865248e+01
      endloop
   endfacet
   facet normal -1.000000e+00 -0.000000e+00 0.000000e+00
      outer loop
         vertex 6.640635e+01 1.785034e+01 2.947899e+01
         vertex 6.640635e+01 1.691072e+01 2.865248e+01
         vertex 6.640635e+01 1.761196e+01 2.978965e+01
      endloop
   endfacet
   facet normal -1.000000e+00 0.000000e+00 0.000000e+00
      outer loop
         vertex 6.640635e+01 1.761196e+01 2.978965e+01
         vertex 6.640635e+01 1.691072e+01 2.865248e+01
         vertex 6.640635e+01 1.652943e+01 2.916465e+01
      endloop
   endfacet
   facet normal -1.000000e+00 -0.000000e+00 0.000000e+00
      outer loop
         vertex 6.640635e+01 1.761196e+01 2.978965e+01
         vertex 6.640635e+01 1.652943e+01 2.916465e+01
         vertex 6.640635e+01 1.746211e+01 3.015142e+01
      endloop
   endfacet
   facet normal -1.000000e+00 0.000000e+00 0.000000e+00
      outer loop
         vertex 6.640635e+01 1.746211e+01 3.015142e+01
         vertex 6.640635e+01 1.652943e+01 2.916465e+01
         vertex 6.640635e+01 1.627653e+01 2.975094e+01
      endloop
   endfacet
   facet normal -1.000000e+00 -0.000000e+00 0.000000e+00
      outer loop
         vertex 6.640635e+01 1.746211e+01 3.015142e+01
         vertex 6.640635e+01 1.627653e+01 2.975094e+01
         vertex 6.640635e+01 1.741100e+01 3.053965e+01
      endloop
   endfacet
   facet normal -1.000000e+00 0.000000e+00 0.000000e+00
      outer loop
         vertex 6.640635e+01 1.741100e+01 3.053965e+01
         vertex 6.640635e+01 1.627653e+01 2.975094e+01
         vertex 6.640635e+01 1.616565e+01 3.037975e+01
      endloop
   endfacet
   facet normal -1.000000e+00 -0.000000e+00 0.000000e+00
      outer loop
         vertex 6.640635e+01 1.741100e+01 3.053965e+01
         vertex 6.640635e+01 1.616565e+01 3.037975e+01
         vertex 6.640635e+01 1.746211e+01 3.092788e+01
      endloop
   endfacet
   facet normal -1.000000e+00 -0.000000e+00 0.000000e+00
      outer loop
         vertex 6.640635e+01 1.746211e+01 3.092788e+01
         vertex 6.640635e+01 1.616565e+01 3.037975e+01
         vertex 6.640635e+01 1.620278e+01 3.101718e+01
      endloop
   endfacet
   facet normal -1.000000e+00 0.000000e+00 0.000000e+00
      outer loop
         vertex 6.640635e+01 1.746211e+01 3.092788e+01
         vertex 6.640635e+01 1.620278e+01 3.101718e+01
         vertex 6.640635e+01 1.761196e+01 3.128965e+01
      endloop
   endfacet
   facet normal -1.000000e+00 -0.000000e+00 0.000000e+00
      outer loop
         vertex 6.640635e+01 1.761196e+01 3.128965e+01
         vertex 6.640635e+01 1.620278e+01 3.101718e+01
         vertex 6.640635e+01 1.638591e+01 3.162887e+01
      endloop
   endfacet
   facet normal -1.000000e+00 0.000000e+00 0.000000e+00
      outer loop
         vertex 6.640635e+01 1.761196e+01 3.128965e+01
         vertex 6.640635e+01 1.638591e+01 3.162887e+01
         vertex 6.640635e+01 1.670516e+01 3.218183e+01
      endloop
   endfacet
   facet normal 1.904829e-08 2.306158e-01 9.730449e-01
      outer loop
         vertex 6.640635e+01 2.609174e+01 2.030824e+01
         vertex 6.340635e+01 2.583930e+01 2.036807e+01
         vertex 6.640635e+01 2.547044e+01 2.045549e+01
      endloop
   endfacet
   facet normal 0.000000e+00 2.306156e-01 9.730449e-01
      outer loop
         vertex 6.640635e+01 2.547044e+01 2.045549e+01
         vertex 6.340635e+01 2.583930e+01 2.036807e+01
         vertex 6.340635e+01 2.547044e+01 2.045549e+01
      endloop
   endfacet
   facet normal 0.000000e+00 4.487994e-01 8.936325e-01
      outer loop
         vertex 6.640635e+01 2.547044e+01 2.045549e+01
         vertex 6.340635e+01 2.547044e+01 2.045549e+01
         vertex 6.640635e+01 2.489985e+01 2.074206e+01
      endloop
   endfacet
   facet normal 0.000000e+00 4.487994e-01 8.936325e-01
      outer loop
         vertex 6.640635e+01 2.489985e+01 2.074206e+01
         vertex 6.340635e+01 2.547044e+01 2.045549e+01
         vertex 6.340635e+01 2.489985e+01 2.074206e+01
      endloop
   endfacet
   facet normal 0.000000e+00 6.427875e-01 7.660445e-01
      outer loop
         vertex 6.640635e+01 2.489985e+01 2.074206e+01
         vertex 6.340635e+01 2.489985e+01 2.074206e+01
         vertex 6.640635e+01 2.441072e+01 2.115248e+01
      endloop
   endfacet
   facet normal 0.000000e+00 6.427875e-01 7.660445e-01
      outer loop
         vertex 6.640635e+01 2.441072e+01 2.115248e+01
         vertex 6.340635e+01 2.489985e+01 2.074206e+01
         vertex 6.340635e+01 2.441072e+01 2.115248e+01
      endloop
   endfacet
   facet normal 0.000000e+00 8.021232e-01 5.971585e-01
      outer loop
         vertex 6.640635e+01 2.441072e+01 2.115248e+01
         vertex 6.340635e+01 2.441072e+01 2.115248e+01
         vertex 6.640635e+01 2.402943e+01 2.166465e+01
      endloop
   endfacet
   facet normal 0.000000e+00 8.021232e-01 5.971585e-01
      outer loop
         vertex 6.640635e+01 2.402943e+01 2.166465e+01
         vertex 6.340635e+01 2.441072e+01 2.115248e+01
         vertex 6.340635e+01 2.402943e+01 2.166465e+01
      endloop
   endfacet
   facet normal 0.000000e+00 9.182159e-01 3.960802e-01
      outer loop
         vertex 6.640635e+01 2.402943e+01 2.166465e+01
         vertex 6.340635e+01 2.402943e+01 2.166465e+01
         vertex 6.640635e+01 2.377653e+01 2.225094e+01
      endloop
   endfacet
   facet normal 0.000000e+00 9.182159e-01 3.960802e-01
      outer loop
         vertex 6.640635e+01 2.377653e+01 2.225094e+01
         vertex 6.340635e+01 2.402943e+01 2.166465e+01
         vertex 6.340635e+01 2.377653e+01 2.225094e+01
      endloop
   endfacet
   facet normal 0.000000e+00 9.848078e-01 1.736482e-01
      outer loop
         vertex 6.640635e+01 2.377653e+01 2.225094e+01
         vertex 6.340635e+01 2.377653e+01 2.225094e+01
         vertex 6.640635e+01 2.366565e+01 2.287975e+01
      endloop
   endfacet
   facet normal 0.000000e+00 9.848078e-01 1.736482e-01
      outer loop
         vertex 6.640635e+01 2.366565e+01 2.287975e+01
         vertex 6.340635e+01 2.377653e+01 2.225094e+01
         vertex 6.340635e+01 2.366565e+01 2.287975e+01
      endloop
   endfacet
   facet normal 0.000000e+00 9.983081e-01 -5.814503e-02
      outer loop
         vertex 6.640635e+01 2.366565e+01 2.287975e+01
         vertex 6.340635e+01 2.366565e+01 2.287975e+01
         vertex 6.640635e+01 2.370278e+01 2.351718e+01
      endloop
   endfacet
   facet normal 0.000000e+00 9.983081e-01 -5.814503e-02
      outer loop
         vertex 6.640635e+01 2.370278e+01 2.351718e+01
         vertex 6.340635e+01 2.366565e+01 2.287975e+01
         vertex 6.340635e+01 2.370278e+01 2.351718e+01
      endloop
   endfacet
   facet normal 0.000000e+00 9.579896e-01 -2.868030e-01
      outer loop
         vertex 6.640635e+01 2.370278e+01 2.351718e+01
         vertex 6.340635e+01 2.370278e+01 2.351718e+01
         vertex 6.640635e+01 2.388591e+01 2.412887e+01
      endloop
   endfacet
   facet normal 0.000000e+00 9.579896e-01 -2.868030e-01
      outer loop
         vertex 6.640635e+01 2.388591e+01 2.412887e+01
         vertex 6.340635e+01 2.370278e+01 2.351718e+01
         vertex 6.340635e+01 2.388591e+01 2.412887e+01
      endloop
   endfacet
   facet normal 0.000000e+00 8.660254e-01 -5.000000e-01
      outer loop
         vertex 6.640635e+01 2.388591e+01 2.412887e+01
         vertex 6.340635e+01 2.388591e+01 2.412887e+01
         vertex 6.640635e+01 2.420516e+01 2.468183e+01
      endloop
   endfacet
   facet normal 0.000000e+00 8.660254e-01 -5.000000e-01
      outer loop
         vertex 6.640635e+01 2.420516e+01 2.468183e+01
         vertex 6.340635e+01 2.388591e+01 2.412887e+01
         vertex 6.340635e+01 2.420516e+01 2.468183e+01
      endloop
   endfacet
   facet normal 0.000000e+00 7.273738e-01 -6.862415e-01
      outer loop
         vertex 6.640635e+01 2.420516e+01 2.468183e+01
         vertex 6.340635e+01 2.420516e+01 2.468183e+01
         vertex 6.640635e+01 2.464333e+01 2.514627e+01
      endloop
   endfacet
   facet normal 0.000000e+00 7.273738e-01 -6.862415e-01
      outer loop
         vertex 6.640635e+01 2.464333e+01 2.514627e+01
         vertex 6.340635e+01 2.420516e+01 2.468183e+01
         vertex 6.340635e+01 2.464333e+01 2.514627e+01
      endloop
   endfacet
   facet normal 0.000000e+00 5.495087e-01 -8.354880e-01
      outer loop
         vertex 6.640635e+01 2.464333e+01 2.514627e+01
         vertex 6.340635e+01 2.464333e+01 2.514627e+01
         vertex 6.640635e+01 2.517680e+01 2.549714e+01
      endloop
   endfacet
   facet normal 0.000000e+00 5.495087e-01 -8.354880e-01
      outer loop
         vertex 6.640635e+01 2.517680e+01 2.549714e+01
         vertex 6.340635e+01 2.464333e+01 2.514627e+01
         vertex 6.340635e+01 2.517680e+01 2.549714e+01
      endloop
   endfacet
   facet normal 0.000000e+00 3.420203e-01 -9.396926e-01
      outer loop
         vertex 6.640635e+01 2.517680e+01 2.549714e+01
         vertex 6.340635e+01 2.517680e+01 2.549714e+01
         vertex 6.640635e+01 2.577681e+01 2.571552e+01
      endloop
   endfacet
   facet normal 0.000000e+00 3.420203e-01 -9.396926e-01
      outer loop
         vertex 6.340635e+01 2.517680e+01 2.549714e+01
         vertex 6.340635e+01 2.577681e+01 2.571552e+01
         vertex 6.640635e+01 2.577681e+01 2.571552e+01
      endloop
   endfacet
   facet normal 0.000000e+00 1.160934e-01 -9.932383e-01
      outer loop
         vertex 6.640635e+01 2.577681e+01 2.571552e+01
         vertex 6.340635e+01 2.577681e+01 2.571552e+01
         vertex 6.340635e+01 2.583930e+01 2.572282e+01
      endloop
   endfacet
   facet normal -1.321173e-08 1.160928e-01 -9.932384e-01
      outer loop
         vertex 6.640635e+01 2.577681e+01 2.571552e+01
         vertex 6.340635e+01 2.583930e+01 2.572282e+01
         vertex 6.640635e+01 2.641100e+01 2.578965e+01
      endloop
   endfacet
   facet normal 0.000000e+00 1.160927e-01 -9.932384e-01
      outer loop
         vertex 6.640635e+01 2.641100e+01 2.578965e+01
         vertex 6.340635e+01 2.583930e+01 2.572282e+01
         vertex 6.340635e+01 2.641100e+01 2.578965e+01
      endloop
   endfacet
   facet normal -0.000000e+00 -1.160928e-01 -9.932384e-01
      outer loop
         vertex 6.640635e+01 2.641100e+01 2.578965e+01
         vertex 6.340635e+01 2.641100e+01 2.578965e+01
         vertex 6.640635e+01 2.704519e+01 2.571552e+01
      endloop
   endfacet
   facet normal -0.000000e+00 -1.160928e-01 -9.932384e-01
      outer loop
         vertex 6.640635e+01 2.704519e+01 2.571552e+01
         vertex 6.340635e+01 2.641100e+01 2.578965e+01
         vertex 6.340635e+01 2.704519e+01 2.571552e+01
      endloop
   endfacet
   facet normal -0.000000e+00 -3.420203e-01 -9.396926e-01
      outer loop
         vertex 6.640635e+01 2.704519e+01 2.571552e+01
         vertex 6.340635e+01 2.704519e+01 2.571552e+01
         vertex 6.640635e+01 2.764520e+01 2.549714e+01
      endloop
   endfacet
   facet normal -0.000000e+00 -3.420203e-01 -9.396926e-01
      outer loop
         vertex 6.640635e+01 2.764520e+01 2.549714e+01
         vertex 6.340635e+01 2.704519e+01 2.571552e+01
         vertex 6.340635e+01 2.764520e+01 2.549714e+01
      endloop
   endfacet
   facet normal -0.000000e+00 -5.495088e-01 -8.354879e-01
      outer loop
         vertex 6.640635e+01 2.764520e+01 2.549714e+01
         vertex 6.340635e+01 2.764520e+01 2.549714e+01
         vertex 6.640635e+01 2.817867e+01 2.514627e+01
      endloop
   endfacet
   facet normal -0.000000e+00 -5.495088e-01 -8.354879e-01
      outer loop
         vertex 6.640635e+01 2.817867e+01 2.514627e+01
         vertex 6.340635e+01 2.764520e+01 2.549714e+01
         vertex 6.340635e+01 2.817867e+01 2.514627e+01
      endloop
   endfacet
   facet normal -0.000000e+00 -7.273737e-01 -6.862415e-01
      outer loop
         vertex 6.640635e+01 2.817867e+01 2.514627e+01
         vertex 6.340635e+01 2.817867e+01 2.514627e+01
         vertex 6.640635e+01 2.861684e+01 2.468183e+01
      endloop
   endfacet
   facet normal -0.000000e+00 -7.273737e-01 -6.862415e-01
      outer loop
         vertex 6.640635e+01 2.861684e+01 2.468183e+01
         vertex 6.340635e+01 2.817867e+01 2.514627e+01
         vertex 6.340635e+01 2.861684e+01 2.468183e+01
      endloop
   endfacet
   facet normal -0.000000e+00 -8.660254e-01 -5.000000e-01
      outer loop
         vertex 6.640635e+01 2.861684e+01 2.468183e+01
         vertex 6.340635e+01 2.861684e+01 2.468183e+01
         vertex 6.640635e+01 2.893609e+01 2.412887e+01
      endloop
   endfacet
   facet normal -0.000000e+00 -8.660254e-01 -5.000000e-01
      outer loop
         vertex 6.640635e+01 2.893609e+01 2.412887e+01
         vertex 6.340635e+01 2.861684e+01 2.468183e+01
         vertex 6.340635e+01 2.893609e+01 2.412887e+01
      endloop
   endfacet
   facet normal -0.000000e+00 -9.579895e-01 -2.868032e-01
      outer loop
         vertex 6.640635e+01 2.893609e+01 2.412887e+01
         vertex 6.340635e+01 2.893609e+01 2.412887e+01
         vertex 6.640635e+01 2.911922e+01 2.351718e+01
      endloop
   endfacet
   facet normal -0.000000e+00 -9.579895e-01 -2.868032e-01
      outer loop
         vertex 6.640635e+01 2.911922e+01 2.351718e+01
         vertex 6.340635e+01 2.893609e+01 2.412887e+01
         vertex 6.340635e+01 2.911922e+01 2.351718e+01
      endloop
   endfacet
   facet normal -0.000000e+00 -9.983082e-01 -5.814483e-02
      outer loop
         vertex 6.640635e+01 2.911922e+01 2.351718e+01
         vertex 6.340635e+01 2.911922e+01 2.351718e+01
         vertex 6.640635e+01 2.915635e+01 2.287975e+01
      endloop
   endfacet
   facet normal -0.000000e+00 -9.983082e-01 -5.814483e-02
      outer loop
         vertex 6.640635e+01 2.915635e+01 2.287975e+01
         vertex 6.340635e+01 2.911922e+01 2.351718e+01
         vertex 6.340635e+01 2.915635e+01 2.287975e+01
      endloop
   endfacet
   facet normal 0.000000e+00 -9.848078e-01 1.736482e-01
      outer loop
         vertex 6.640635e+01 2.915635e+01 2.287975e+01
         vertex 6.340635e+01 2.915635e+01 2.287975e+01
         vertex 6.640635e+01 2.904547e+01 2.225094e+01
      endloop
   endfacet
   facet normal 0.000000e+00 -9.848078e-01 1.736482e-01
      outer loop
         vertex 6.640635e+01 2.904547e+01 2.225094e+01
         vertex 6.340635e+01 2.915635e+01 2.287975e+01
         vertex 6.340635e+01 2.904547e+01 2.225094e+01
      endloop
   endfacet
   facet normal 0.000000e+00 -9.182161e-01 3.960798e-01
      outer loop
         vertex 6.640635e+01 2.904547e+01 2.225094e+01
         vertex 6.340635e+01 2.904547e+01 2.225094e+01
         vertex 6.640635e+01 2.879257e+01 2.166465e+01
      endloop
   endfacet
   facet normal 0.000000e+00 -9.182161e-01 3.960798e-01
      outer loop
         vertex 6.640635e+01 2.879257e+01 2.166465e+01
         vertex 6.340635e+01 2.904547e+01 2.225094e+01
         vertex 6.340635e+01 2.879257e+01 2.166465e+01
      endloop
   endfacet
   facet normal 0.000000e+00 -8.021232e-01 5.971585e-01
      outer loop
         vertex 6.640635e+01 2.879257e+01 2.166465e+01
         vertex 6.340635e+01 2.879257e+01 2.166465e+01
         vertex 6.640635e+01 2.841128e+01 2.115248e+01
      endloop
   endfacet
   facet normal 0.000000e+00 -8.021232e-01 5.971585e-01
      outer loop
         vertex 6.640635e+01 2.841128e+01 2.115248e+01
         vertex 6.340635e+01 2.879257e+01 2.166465e+01
         vertex 6.340635e+01 2.841128e+01 2.115248e+01
      endloop
   endfacet
   facet normal 0.000000e+00 -6.427875e-01 7.660445e-01
      outer loop
         vertex 6.640635e+01 2.841128e+01 2.115248e+01
         vertex 6.340635e+01 2.841128e+01 2.115248e+01
         vertex 6.640635e+01 2.792215e+01 2.074206e+01
      endloop
   endfacet
   facet normal 0.000000e+00 -6.427875e-01 7.660445e-01
      outer loop
         vertex 6.640635e+01 2.792215e+01 2.074206e+01
         vertex 6.340635e+01 2.841128e+01 2.115248e+01
         vertex 6.340635e+01 2.792215e+01 2.074206e+01
      endloop
   endfacet
   facet normal 0.000000e+00 -4.487992e-01 8.936326e-01
      outer loop
         vertex 6.640635e+01 2.792215e+01 2.074206e+01
         vertex 6.340635e+01 2.792215e+01 2.074206e+01
         vertex 6.640635e+01 2.735156e+01 2.045549e+01
      endloop
   endfacet
   facet normal 0.000000e+00 -4.487992e-01 8.936326e-01
      outer loop
         vertex 6.640635e+01 2.735156e+01 2.045549e+01
         vertex 6.340635e+01 2.792215e+01 2.074206e+01
         vertex 6.340635e+01 2.735156e+01 2.045549e+01
      endloop
   endfacet
   facet normal 0.000000e+00 -2.306158e-01 9.730449e-01
      outer loop
         vertex 6.640635e+01 2.735156e+01 2.045549e+01
         vertex 6.340635e+01 2.735156e+01 2.045549e+01
         vertex 6.640635e+01 2.673026e+01 2.030824e+01
      endloop
   endfacet
   facet normal 0.000000e+00 -2.306158e-01 9.730449e-01
      outer loop
         vertex 6.640635e+01 2.673026e+01 2.030824e+01
         vertex 6.340635e+01 2.735156e+01 2.045549e+01
         vertex 6.340635e+01 2.673026e+01 2.030824e+01
      endloop
   endfacet
   facet normal 0.000000e+00 0.000000e+00 1.000000e+00
      outer loop
         vertex 6.640635e+01 2.673026e+01 2.030824e+01
         vertex 6.340635e+01 2.673026e+01 2.030824e+01
         vertex 6.640635e+01 2.609174e+01 2.030824e+01
      endloop
   endfacet
   facet normal 0.000000e+00 0.000000e+00 1.000000e+00
      outer loop
         vertex 6.640635e+01 2.609174e+01 2.030824e+01
         vertex 6.340635e+01 2.673026e+01 2.030824e+01
         vertex 6.340635e+01 2.609174e+01 2.030824e+01
      endloop
   endfacet
   facet normal 0.000000e+00 2.306160e-01 9.730448e-01
      outer loop
         vertex 6.640635e+01 2.609174e+01 2.030824e+01
         vertex 6.340635e+01 2.609174e+01 2.030824e+01
         vertex 6.340635e+01 2.583930e+01 2.036807e+01
      endloop
   endfacet
   facet normal -1.000000e+00 -0.000000e+00 0.000000e+00
      outer loop
         vertex 6.640635e+01 2.641100e+01 2.153965e+01
         vertex 6.640635e+01 2.609174e+01 2.030824e+01
         vertex 6.640635e+01 2.602277e+01 2.159076e+01
      endloop
   endfacet
   facet normal -1.000000e+00 0.000000e+00 -0.000000e+00
      outer loop
         vertex 6.640635e+01 2.602277e+01 2.159076e+01
         vertex 6.640635e+01 2.609174e+01 2.030824e+01
         vertex 6.640635e+01 2.547044e+01 2.045549e+01
      endloop
   endfacet
   facet normal -1.000000e+00 -0.000000e+00 0.000000e+00
      outer loop
         vertex 6.640635e+01 2.602277e+01 2.159076e+01
         vertex 6.640635e+01 2.547044e+01 2.045549e+01
         vertex 6.640635e+01 2.566100e+01 2.174061e+01
      endloop
   endfacet
   facet normal -1.000000e+00 0.000000e+00 0.000000e+00
      outer loop
         vertex 6.640635e+01 2.566100e+01 2.174061e+01
         vertex 6.640635e+01 2.547044e+01 2.045549e+01
         vertex 6.640635e+01 2.489985e+01 2.074206e+01
      endloop
   endfacet
   facet normal -1.000000e+00 -0.000000e+00 0.000000e+00
      outer loop
         vertex 6.640635e+01 2.566100e+01 2.174061e+01
         vertex 6.640635e+01 2.489985e+01 2.074206e+01
         vertex 6.640635e+01 2.535034e+01 2.197899e+01
      endloop
   endfacet
   facet normal -1.000000e+00 0.000000e+00 0.000000e+00
      outer loop
         vertex 6.640635e+01 2.535034e+01 2.197899e+01
         vertex 6.640635e+01 2.489985e+01 2.074206e+01
         vertex 6.640635e+01 2.441072e+01 2.115248e+01
      endloop
   endfacet
   facet normal -1.000000e+00 -0.000000e+00 0.000000e+00
      outer loop
         vertex 6.640635e+01 2.535034e+01 2.197899e+01
         vertex 6.640635e+01 2.441072e+01 2.115248e+01
         vertex 6.640635e+01 2.511196e+01 2.228965e+01
      endloop
   endfacet
   facet normal -1.000000e+00 0.000000e+00 0.000000e+00
      outer loop
         vertex 6.640635e+01 2.511196e+01 2.228965e+01
         vertex 6.640635e+01 2.441072e+01 2.115248e+01
         vertex 6.640635e+01 2.402943e+01 2.166465e+01
      endloop
   endfacet
   facet normal -1.000000e+00 -0.000000e+00 0.000000e+00
      outer loop
         vertex 6.640635e+01 2.511196e+01 2.228965e+01
         vertex 6.640635e+01 2.402943e+01 2.166465e+01
         vertex 6.640635e+01 2.496211e+01 2.265142e+01
      endloop
   endfacet
   facet normal -1.000000e+00 0.000000e+00 0.000000e+00
      outer loop
         vertex 6.640635e+01 2.496211e+01 2.265142e+01
         vertex 6.640635e+01 2.402943e+01 2.166465e+01
         vertex 6.640635e+01 2.377653e+01 2.225094e+01
      endloop
   endfacet
   facet normal -1.000000e+00 -0.000000e+00 0.000000e+00
      outer loop
         vertex 6.640635e+01 2.496211e+01 2.265142e+01
         vertex 6.640635e+01 2.377653e+01 2.225094e+01
         vertex 6.640635e+01 2.491100e+01 2.303965e+01
      endloop
   endfacet
   facet normal -1.000000e+00 0.000000e+00 0.000000e+00
      outer loop
         vertex 6.640635e+01 2.491100e+01 2.303965e+01
         vertex 6.640635e+01 2.377653e+01 2.225094e+01
         vertex 6.640635e+01 2.366565e+01 2.287975e+01
      endloop
   endfacet
   facet normal -1.000000e+00 -0.000000e+00 0.000000e+00
      outer loop
         vertex 6.640635e+01 2.491100e+01 2.303965e+01
         vertex 6.640635e+01 2.366565e+01 2.287975e+01
         vertex 6.640635e+01 2.496211e+01 2.342788e+01
      endloop
   endfacet
   facet normal -1.000000e+00 -0.000000e+00 0.000000e+00
      outer loop
         vertex 6.640635e+01 2.496211e+01 2.342788e+01
         vertex 6.640635e+01 2.366565e+01 2.287975e+01
         vertex 6.640635e+01 2.370278e+01 2.351718e+01
      endloop
   endfacet
   facet normal -1.000000e+00 0.000000e+00 0.000000e+00
      outer loop
         vertex 6.640635e+01 2.496211e+01 2.342788e+01
         vertex 6.640635e+01 2.370278e+01 2.351718e+01
         vertex 6.640635e+01 2.511196e+01 2.378965e+01
      endloop
   endfacet
   facet normal -1.000000e+00 0.000000e+00 0.000000e+00
      outer loop
         vertex 6.640635e+01 2.370278e+01 2.351718e+01
         vertex 6.640635e+01 2.388591e+01 2.412887e+01
         vertex 6.640635e+01 2.511196e+01 2.378965e+01
      endloop
   endfacet
   facet normal -1.000000e+00 0.000000e+00 0.000000e+00
      outer loop
         vertex 6.640635e+01 2.511196e+01 2.378965e+01
         vertex 6.640635e+01 2.388591e+01 2.412887e+01
         vertex 6.640635e+01 2.420516e+01 2.468183e+01
      endloop
   endfacet
   facet normal -1.000000e+00 0.000000e+00 0.000000e+00
      outer loop
         vertex 6.640635e+01 2.511196e+01 2.378965e+01
         vertex 6.640635e+01 2.420516e+01 2.468183e+01
         vertex 6.640635e+01 2.535034e+01 2.410031e+01
      endloop
   endfacet
   facet normal -1.000000e+00 0.000000e+00 0.000000e+00
      outer loop
         vertex 6.640635e+01 2.535034e+01 2.410031e+01
         vertex 6.640635e+01 2.420516e+01 2.468183e+01
         vertex 6.640635e+01 2.464333e+01 2.514627e+01
      endloop
   endfacet
   facet normal -1.000000e+00 0.000000e+00 0.000000e+00
      outer loop
         vertex 6.640635e+01 2.535034e+01 2.410031e+01
         vertex 6.640635e+01 2.464333e+01 2.514627e+01
         vertex 6.640635e+01 2.566100e+01 2.433868e+01
      endloop
   endfacet
   facet normal -1.000000e+00 0.000000e+00 0.000000e+00
      outer loop
         vertex 6.640635e+01 2.566100e+01 2.433868e+01
         vertex 6.640635e+01 2.464333e+01 2.514627e+01
         vertex 6.640635e+01 2.517680e+01 2.549714e+01
      endloop
   endfacet
   facet normal -1.000000e+00 0.000000e+00 0.000000e+00
      outer loop
         vertex 6.640635e+01 2.566100e+01 2.433868e+01
         vertex 6.640635e+01 2.517680e+01 2.549714e+01
         vertex 6.640635e+01 2.602277e+01 2.448854e+01
      endloop
   endfacet
   facet normal -1.000000e+00 0.000000e+00 0.000000e+00
      outer loop
         vertex 6.640635e+01 2.602277e+01 2.448854e+01
         vertex 6.640635e+01 2.517680e+01 2.549714e+01
         vertex 6.640635e+01 2.577681e+01 2.571552e+01
      endloop
   endfacet
   facet normal -1.000000e+00 0.000000e+00 0.000000e+00
      outer loop
         vertex 6.640635e+01 2.602277e+01 2.448854e+01
         vertex 6.640635e+01 2.577681e+01 2.571552e+01
         vertex 6.640635e+01 2.641100e+01 2.453965e+01
      endloop
   endfacet
   facet normal -1.000000e+00 0.000000e+00 0.000000e+00
      outer loop
         vertex 6.640635e+01 2.641100e+01 2.453965e+01
         vertex 6.640635e+01 2.577681e+01 2.571552e+01
         vertex 6.640635e+01 2.641100e+01 2.578965e+01
      endloop
   endfacet
   facet normal -1.000000e+00 0.000000e+00 0.000000e+00
      outer loop
         vertex 6.640635e+01 2.641100e+01 2.453965e+01
         vertex 6.640635e+01 2.641100e+01 2.578965e+01
         vertex 6.640635e+01 2.679923e+01 2.448854e+01
      endloop
   endfacet
   facet normal -1.000000e+00 0.000000e+00 0.000000e+00
      outer loop
         vertex 6.640635e+01 2.679923e+01 2.448854e+01
         vertex 6.640635e+01 2.641100e+01 2.578965e+01
         vertex 6.640635e+01 2.704519e+01 2.571552e+01
      endloop
   endfacet
   facet normal -1.000000e+00 0.000000e+00 0.000000e+00
      outer loop
         vertex 6.640635e+01 2.679923e+01 2.448854e+01
         vertex 6.640635e+01 2.704519e+01 2.571552e+01
         vertex 6.640635e+01 2.716100e+01 2.433868e+01
      endloop
   endfacet
   facet normal -1.000000e+00 0.000000e+00 0.000000e+00
      outer loop
         vertex 6.640635e+01 2.716100e+01 2.433868e+01
         vertex 6.640635e+01 2.704519e+01 2.571552e+01
         vertex 6.640635e+01 2.764520e+01 2.549714e+01
      endloop
   endfacet
   facet normal -1.000000e+00 0.000000e+00 0.000000e+00
      outer loop
         vertex 6.640635e+01 2.716100e+01 2.433868e+01
         vertex 6.640635e+01 2.764520e+01 2.549714e+01
         vertex 6.640635e+01 2.747166e+01 2.410031e+01
      endloop
   endfacet
   facet normal -1.000000e+00 0.000000e+00 -0.000000e+00
      outer loop
         vertex 6.640635e+01 2.764520e+01 2.549714e+01
         vertex 6.640635e+01 2.817867e+01 2.514627e+01
         vertex 6.640635e+01 2.747166e+01 2.410031e+01
      endloop
   endfacet
   facet normal -1.000000e+00 0.000000e+00 0.000000e+00
      outer loop
         vertex 6.640635e+01 2.747166e+01 2.410031e+01
         vertex 6.640635e+01 2.817867e+01 2.514627e+01
         vertex 6.640635e+01 2.861684e+01 2.468183e+01
      endloop
   endfacet
   facet normal -1.000000e+00 0.000000e+00 0.000000e+00
      outer loop
         vertex 6.640635e+01 2.747166e+01 2.410031e+01
         vertex 6.640635e+01 2.861684e+01 2.468183e+01
         vertex 6.640635e+01 2.771004e+01 2.378965e+01
      endloop
   endfacet
   facet normal -1.000000e+00 0.000000e+00 0.000000e+00
      outer loop
         vertex 6.640635e+01 2.771004e+01 2.378965e+01
         vertex 6.640635e+01 2.861684e+01 2.468183e+01
         vertex 6.640635e+01 2.893609e+01 2.412887e+01
      endloop
   endfacet
   facet normal -1.000000e+00 0.000000e+00 0.000000e+00
      outer loop
         vertex 6.640635e+01 2.771004e+01 2.378965e+01
         vertex 6.640635e+01 2.893609e+01 2.412887e+01
         vertex 6.640635e+01 2.785989e+01 2.342788e+01
      endloop
   endfacet
   facet normal -1.000000e+00 0.000000e+00 0.000000e+00
      outer loop
         vertex 6.640635e+01 2.785989e+01 2.342788e+01
         vertex 6.640635e+01 2.893609e+01 2.412887e+01
         vertex 6.640635e+01 2.911922e+01 2.351718e+01
      endloop
   endfacet
   facet normal -1.000000e+00 0.000000e+00 0.000000e+00
      outer loop
         vertex 6.640635e+01 2.785989e+01 2.342788e+01
         vertex 6.640635e+01 2.911922e+01 2.351718e+01
         vertex 6.640635e+01 2.791100e+01 2.303965e+01
      endloop
   endfacet
   facet normal -1.000000e+00 0.000000e+00 0.000000e+00
      outer loop
         vertex 6.640635e+01 2.791100e+01 2.303965e+01
         vertex 6.640635e+01 2.911922e+01 2.351718e+01
         vertex 6.640635e+01 2.915635e+01 2.287975e+01
      endloop
   endfacet
   facet normal -1.000000e+00 0.000000e+00 -0.000000e+00
      outer loop
         vertex 6.640635e+01 2.791100e+01 2.303965e+01
         vertex 6.640635e+01 2.915635e+01 2.287975e+01
         vertex 6.640635e+01 2.785989e+01 2.265142e+01
      endloop
   endfacet
   facet normal -1.000000e+00 0.000000e+00 0.000000e+00
      outer loop
         vertex 6.640635e+01 2.785989e+01 2.265142e+01
         vertex 6.640635e+01 2.915635e+01 2.287975e+01
         vertex 6.640635e+01 2.904547e+01 2.225094e+01
      endloop
   endfacet
   facet normal -1.000000e+00 0.000000e+00 -0.000000e+00
      outer loop
         vertex 6.640635e+01 2.785989e+01 2.265142e+01
         vertex 6.640635e+01 2.904547e+01 2.225094e+01
         vertex 6.640635e+01 2.771004e+01 2.228965e+01
      endloop
   endfacet
   facet normal -1.000000e+00 0.000000e+00 0.000000e+00
      outer loop
         vertex 6.640635e+01 2.771004e+01 2.228965e+01
         vertex 6.640635e+01 2.904547e+01 2.225094e+01
         vertex 6.640635e+01 2.879257e+01 2.166465e+01
      endloop
   endfacet
   facet normal -1.000000e+00 0.000000e+00 -0.000000e+00
      outer loop
         vertex 6.640635e+01 2.771004e+01 2.228965e+01
         vertex 6.640635e+01 2.879257e+01 2.166465e+01
         vertex 6.640635e+01 2.747166e+01 2.197899e+01
      endloop
   endfacet
   facet normal -1.000000e+00 0.000000e+00 0.000000e+00
      outer loop
         vertex 6.640635e+01 2.747166e+01 2.197899e+01
         vertex 6.640635e+01 2.879257e+01 2.166465e+01
         vertex 6.640635e+01 2.841128e+01 2.115248e+01
      endloop
   endfacet
   facet normal -1.000000e+00 0.000000e+00 -0.000000e+00
      outer loop
         vertex 6.640635e+01 2.747166e+01 2.197899e+01
         vertex 6.640635e+01 2.841128e+01 2.115248e+01
         vertex 6.640635e+01 2.716100e+01 2.174061e+01
      endloop
   endfacet
   facet normal -1.000000e+00 0.000000e+00 0.000000e+00
      outer loop
         vertex 6.640635e+01 2.716100e+01 2.174061e+01
         vertex 6.640635e+01 2.841128e+01 2.115248e+01
         vertex 6.640635e+01 2.792215e+01 2.074206e+01
      endloop
   endfacet
   facet normal -1.000000e+00 0.000000e+00 -0.000000e+00
      outer loop
         vertex 6.640635e+01 2.716100e+01 2.174061e+01
         vertex 6.640635e+01 2.792215e+01 2.074206e+01
         vertex 6.640635e+01 2.679923e+01 2.159076e+01
      endloop
   endfacet
   facet normal -1.000000e+00 0.000000e+00 0.000000e+00
      outer loop
         vertex 6.640635e+01 2.679923e+01 2.159076e+01
         vertex 6.640635e+01 2.792215e+01 2.074206e+01
         vertex 6.640635e+01 2.735156e+01 2.045549e+01
      endloop
   endfacet
   facet normal -1.000000e+00 0.000000e+00 -0.000000e+00
      outer loop
         vertex 6.640635e+01 2.679923e+01 2.159076e+01
         vertex 6.640635e+01 2.735156e+01 2.045549e+01
         vertex 6.640635e+01 2.641100e+01 2.153965e+01
      endloop
   endfacet
   facet normal -1.000000e+00 0.000000e+00 0.000000e+00
      outer loop
         vertex 6.640635e+01 2.641100e+01 2.153965e+01
         vertex 6.640635e+01 2.735156e+01 2.045549e+01
         vertex 6.640635e+01 2.673026e+01 2.030824e+01
      endloop
   endfacet
   facet normal -1.000000e+00 0.000000e+00 -0.000000e+00
      outer loop
         vertex 6.640635e+01 2.641100e+01 2.153965e+01
         vertex 6.640635e+01 2.673026e+01 2.030824e+01
         vertex 6.640635e+01 2.609174e+01 2.030824e+01
      endloop
   endfacet
   facet normal -1.000000e+00 -0.000000e+00 0.000000e+00
      outer loop
         vertex 6.840635e+01 1.966100e+01 1.424061e+01
         vertex 6.840635e+01 1.929923e+01 1.409076e+01
         vertex 6.840635e+01 1.891100e+01 1.553965e+01
      endloop
   endfacet
   facet normal -1.000000e+00 0.000000e+00 0.000000e+00
      outer loop
         vertex 6.840635e+01 1.891100e+01 1.553965e+01
         vertex 6.840635e+01 1.929923e+01 1.409076e+01
         vertex 6.840635e+01 1.891100e+01 1.403965e+01
      endloop
   endfacet
   facet normal -1.000000e+00 0.000000e+00 -0.000000e+00
      outer loop
         vertex 6.840635e+01 1.891100e+01 1.553965e+01
         vertex 6.840635e+01 1.891100e+01 1.403965e+01
         vertex 6.840635e+01 1.852277e+01 1.409076e+01
      endloop
   endfacet
   facet normal -1.000000e+00 -0.000000e+00 0.000000e+00
      outer loop
         vertex 6.840635e+01 2.035989e+01 1.515142e+01
         vertex 6.840635e+01 2.021004e+01 1.478965e+01
         vertex 6.840635e+01 1.891100e+01 1.553965e+01
      endloop
   endfacet
   facet normal -1.000000e+00 0.000000e+00 0.000000e+00
      outer loop
         vertex 6.840635e+01 1.891100e+01 1.553965e+01
         vertex 6.840635e+01 2.021004e+01 1.478965e+01
         vertex 6.840635e+01 1.997166e+01 1.447899e+01
      endloop
   endfacet
   facet normal -1.000000e+00 0.000000e+00 0.000000e+00
      outer loop
         vertex 6.840635e+01 1.891100e+01 1.553965e+01
         vertex 6.840635e+01 1.997166e+01 1.447899e+01
         vertex 6.840635e+01 1.966100e+01 1.424061e+01
      endloop
   endfacet
   facet normal -1.000000e+00 0.000000e+00 -0.000000e+00
      outer loop
         vertex 6.840635e+01 2.021004e+01 1.628965e+01
         vertex 6.840635e+01 2.035989e+01 1.592787e+01
         vertex 6.840635e+01 1.891100e+01 1.553965e+01
      endloop
   endfacet
   facet normal -1.000000e+00 0.000000e+00 0.000000e+00
      outer loop
         vertex 6.840635e+01 1.891100e+01 1.553965e+01
         vertex 6.840635e+01 2.035989e+01 1.592787e+01
         vertex 6.840635e+01 2.041100e+01 1.553965e+01
      endloop
   endfacet
   facet normal -1.000000e+00 0.000000e+00 0.000000e+00
      outer loop
         vertex 6.840635e+01 1.891100e+01 1.553965e+01
         vertex 6.840635e+01 2.041100e+01 1.553965e+01
         vertex 6.840635e+01 2.035989e+01 1.515142e+01
      endloop
   endfacet
   facet normal -1.000000e+00 0.000000e+00 -0.000000e+00
      outer loop
         vertex 6.840635e+01 1.929923e+01 1.698854e+01
         vertex 6.840635e+01 1.966100e+01 1.683868e+01
         vertex 6.840635e+01 1.891100e+01 1.553965e+01
      endloop
   endfacet
   facet normal -1.000000e+00 0.000000e+00 0.000000e+00
      outer loop
         vertex 6.840635e+01 1.891100e+01 1.553965e+01
         vertex 6.840635e+01 1.966100e+01 1.683868e+01
         vertex 6.840635e+01 1.997166e+01 1.660031e+01
      endloop
   endfacet
   facet normal -1.000000e+00 0.000000e+00 0.000000e+00
      outer loop
         vertex 6.840635e+01 1.891100e+01 1.553965e+01
         vertex 6.840635e+01 1.997166e+01 1.660031e+01
         vertex 6.840635e+01 2.021004e+01 1.628965e+01
      endloop
   endfacet
   facet normal -1.000000e+00 0.000000e+00 0.000000e+00
      outer loop
         vertex 6.840635e+01 1.816100e+01 1.683868e+01
         vertex 6.840635e+01 1.852277e+01 1.698854e+01
         vertex 6.840635e+01 1.891100e+01 1.553965e+01
      endloop
   endfacet
   facet normal -1.000000e+00 0.000000e+00 0.000000e+00
      outer loop
         vertex 6.840635e+01 1.891100e+01 1.553965e+01
         vertex 6.840635e+01 1.852277e+01 1.698854e+01
         vertex 6.840635e+01 1.891100e+01 1.703965e+01
      endloop
   endfacet
   facet normal -1.000000e+00 0.000000e+00 0.000000e+00
      outer loop
         vertex 6.840635e+01 1.891100e+01 1.553965e+01
         vertex 6.840635e+01 1.891100e+01 1.703965e+01
         vertex 6.840635e+01 1.929923e+01 1.698854e+01
      endloop
   endfacet
   facet normal -1.000000e+00 0.000000e+00 0.000000e+00
      outer loop
         vertex 6.840635e+01 1.746211e+01 1.592787e+01
         vertex 6.840635e+01 1.761196e+01 1.628965e+01
         vertex 6.840635e+01 1.891100e+01 1.553965e+01
      endloop
   endfacet
   facet normal -1.000000e+00 0.000000e+00 0.000000e+00
      outer loop
         vertex 6.840635e+01 1.891100e+01 1.553965e+01
         vertex 6.840635e+01 1.761196e+01 1.628965e+01
         vertex 6.840635e+01 1.785034e+01 1.660031e+01
      endloop
   endfacet
   facet normal -1.000000e+00 0.000000e+00 0.000000e+00
      outer loop
         vertex 6.840635e+01 1.891100e+01 1.553965e+01
         vertex 6.840635e+01 1.785034e+01 1.660031e+01
         vertex 6.840635e+01 1.816100e+01 1.683868e+01
      endloop
   endfacet
   facet normal -1.000000e+00 0.000000e+00 0.000000e+00
      outer loop
         vertex 6.840635e+01 1.761196e+01 1.478965e+01
         vertex 6.840635e+01 1.746211e+01 1.515142e+01
         vertex 6.840635e+01 1.891100e+01 1.553965e+01
      endloop
   endfacet
   facet normal -1.000000e+00 -0.000000e+00 0.000000e+00
      outer loop
         vertex 6.840635e+01 1.891100e+01 1.553965e+01
         vertex 6.840635e+01 1.746211e+01 1.515142e+01
         vertex 6.840635e+01 1.741100e+01 1.553965e+01
      endloop
   endfacet
   facet normal -1.000000e+00 0.000000e+00 0.000000e+00
      outer loop
         vertex 6.840635e+01 1.891100e+01 1.553965e+01
         vertex 6.840635e+01 1.741100e+01 1.553965e+01
         vertex 6.840635e+01 1.746211e+01 1.592787e+01
      endloop
   endfacet
   facet normal -1.000000e+00 0.000000e+00 0.000000e+00
      outer loop
         vertex 6.840635e+01 1.852277e+01 1.409076e+01
         vertex 6.840635e+01 1.816100e+01 1.424061e+01
         vertex 6.840635e+01 1.891100e+01 1.553965e+01
      endloop
   endfacet
   facet normal -1.000000e+00 0.000000e+00 0.000000e+00
      outer loop
         vertex 6.840635e+01 1.891100e+01 1.553965e+01
         vertex 6.840635e+01 1.816100e+01 1.424061e+01
         vertex 6.840635e+01 1.785034e+01 1.447899e+01
      endloop
   endfacet
   facet normal -1.000000e+00 0.000000e+00 0.000000e+00
      outer loop
         vertex 6.840635e+01 1.891100e+01 1.553965e+01
         vertex 6.840635e+01 1.785034e+01 1.447899e+01
         vertex 6.840635e+01 1.761196e+01 1.478965e+01
      endloop
   endfacet
   facet normal -0.000000e+00 -1.305253e-01 -9.914450e-01
      outer loop
         vertex 6.840635e+01 1.891100e+01 1.703965e+01
         vertex 6.640635e+01 1.891100e+01 1.703965e+01
         vertex 6.840635e+01 1.929923e+01 1.698854e+01
      endloop
   endfacet
   facet normal -0.000000e+00 -1.305253e-01 -9.914450e-01
      outer loop
         vertex 6.840635e+01 1.929923e+01 1.698854e+01
         vertex 6.640635e+01 1.891100e+01 1.703965e+01
         vertex 6.640635e+01 1.929923e+01 1.698854e+01
      endloop
   endfacet
   facet normal -0.000000e+00 -3.826837e-01 -9.238794e-01
      outer loop
         vertex 6.840635e+01 1.929923e+01 1.698854e+01
         vertex 6.640635e+01 1.929923e+01 1.698854e+01
         vertex 6.840635e+01 1.966100e+01 1.683868e+01
      endloop
   endfacet
   facet normal -0.000000e+00 -3.826837e-01 -9.238794e-01
      outer loop
         vertex 6.840635e+01 1.966100e+01 1.683868e+01
         vertex 6.640635e+01 1.929923e+01 1.698854e+01
         vertex 6.640635e+01 1.966100e+01 1.683868e+01
      endloop
   endfacet
   facet normal -0.000000e+00 -6.087626e-01 -7.933525e-01
      outer loop
         vertex 6.840635e+01 1.966100e+01 1.683868e+01
         vertex 6.640635e+01 1.966100e+01 1.683868e+01
         vertex 6.840635e+01 1.997166e+01 1.660031e+01
      endloop
   endfacet
   facet normal -0.000000e+00 -6.087626e-01 -7.933525e-01
      outer loop
         vertex 6.840635e+01 1.997166e+01 1.660031e+01
         vertex 6.640635e+01 1.966100e+01 1.683868e+01
         vertex 6.640635e+01 1.997166e+01 1.660031e+01
      endloop
   endfacet
   facet normal -0.000000e+00 -7.933528e-01 -6.087622e-01
      outer loop
         vertex 6.840635e+01 1.997166e+01 1.660031e+01
         vertex 6.640635e+01 1.997166e+01 1.660031e+01
         vertex 6.840635e+01 2.021004e+01 1.628965e+01
      endloop
   endfacet
   facet normal -0.000000e+00 -7.933528e-01 -6.087622e-01
      outer loop
         vertex 6.840635e+01 2.021004e+01 1.628965e+01
         vertex 6.640635e+01 1.997166e+01 1.660031e+01
         vertex 6.640635e+01 2.021004e+01 1.628965e+01
      endloop
   endfacet
   facet normal -0.000000e+00 -9.238794e-01 -3.826837e-01
      outer loop
         vertex 6.840635e+01 2.021004e+01 1.628965e+01
         vertex 6.640635e+01 2.021004e+01 1.628965e+01
         vertex 6.840635e+01 2.035989e+01 1.592787e+01
      endloop
   endfacet
   facet normal -0.000000e+00 -9.238794e-01 -3.826837e-01
      outer loop
         vertex 6.840635e+01 2.035989e+01 1.592787e+01
         vertex 6.640635e+01 2.021004e+01 1.628965e+01
         vertex 6.640635e+01 2.035989e+01 1.592787e+01
      endloop
   endfacet
   facet normal -0.000000e+00 -9.914449e-01 -1.305256e-01
      outer loop
         vertex 6.840635e+01 2.035989e+01 1.592787e+01
         vertex 6.640635e+01 2.035989e+01 1.592787e+01
         vertex 6.840635e+01 2.041100e+01 1.553965e+01
      endloop
   endfacet
   facet normal -0.000000e+00 -9.914449e-01 -1.305256e-01
      outer loop
         vertex 6.840635e+01 2.041100e+01 1.553965e+01
         vertex 6.640635e+01 2.035989e+01 1.592787e+01
         vertex 6.640635e+01 2.041100e+01 1.553965e+01
      endloop
   endfacet
   facet normal 0.000000e+00 -9.914450e-01 1.305254e-01
      outer loop
         vertex 6.840635e+01 2.041100e+01 1.553965e+01
         vertex 6.640635e+01 2.041100e+01 1.553965e+01
         vertex 6.840635e+01 2.035989e+01 1.515142e+01
      endloop
   endfacet
   facet normal 0.000000e+00 -9.914450e-01 1.305254e-01
      outer loop
         vertex 6.840635e+01 2.035989e+01 1.515142e+01
         vertex 6.640635e+01 2.041100e+01 1.553965e+01
         vertex 6.640635e+01 2.035989e+01 1.515142e+01
      endloop
   endfacet
   facet normal 0.000000e+00 -9.238794e-01 3.826837e-01
      outer loop
         vertex 6.840635e+01 2.035989e+01 1.515142e+01
         vertex 6.640635e+01 2.035989e+01 1.515142e+01
         vertex 6.840635e+01 2.021004e+01 1.478965e+01
      endloop
   endfacet
   facet normal 0.000000e+00 -9.238794e-01 3.826837e-01
      outer loop
         vertex 6.840635e+01 2.021004e+01 1.478965e+01
         vertex 6.640635e+01 2.035989e+01 1.515142e+01
         vertex 6.640635e+01 2.021004e+01 1.478965e+01
      endloop
   endfacet
   facet normal 0.000000e+00 -7.933528e-01 6.087622e-01
      outer loop
         vertex 6.840635e+01 2.021004e+01 1.478965e+01
         vertex 6.640635e+01 2.021004e+01 1.478965e+01
         vertex 6.840635e+01 1.997166e+01 1.447899e+01
      endloop
   endfacet
   facet normal 0.000000e+00 -7.933528e-01 6.087622e-01
      outer loop
         vertex 6.840635e+01 1.997166e+01 1.447899e+01
         vertex 6.640635e+01 2.021004e+01 1.478965e+01
         vertex 6.640635e+01 1.997166e+01 1.447899e+01
      endloop
   endfacet
   facet normal 0.000000e+00 -6.087618e-01 7.933530e-01
      outer loop
         vertex 6.840635e+01 1.997166e+01 1.447899e+01
         vertex 6.640635e+01 1.997166e+01 1.447899e+01
         vertex 6.840635e+01 1.966100e+01 1.424061e+01
      endloop
   endfacet
   facet normal 0.000000e+00 -6.087618e-01 7.933530e-01
      outer loop
         vertex 6.840635e+01 1.966100e+01 1.424061e+01
         vertex 6.640635e+01 1.997166e+01 1.447899e+01
         vertex 6.640635e+01 1.966100e+01 1.424061e+01
      endloop
   endfacet
   facet normal 0.000000e+00 -3.826837e-01 9.238794e-01
      outer loop
         vertex 6.840635e+01 1.966100e+01 1.424061e+01
         vertex 6.640635e+01 1.966100e+01 1.424061e+01
         vertex 6.840635e+01 1.929923e+01 1.409076e+01
      endloop
   endfacet
   facet normal 0.000000e+00 -3.826837e-01 9.238794e-01
      outer loop
         vertex 6.840635e+01 1.929923e+01 1.409076e+01
         vertex 6.640635e+01 1.966100e+01 1.424061e+01
         vertex 6.640635e+01 1.929923e+01 1.409076e+01
      endloop
   endfacet
   facet normal 0.000000e+00 -1.305253e-01 9.914450e-01
      outer loop
         vertex 6.840635e+01 1.929923e+01 1.409076e+01
         vertex 6.640635e+01 1.929923e+01 1.409076e+01
         vertex 6.840635e+01 1.891100e+01 1.403965e+01
      endloop
   endfacet
   facet normal 0.000000e+00 -1.305253e-01 9.914450e-01
      outer loop
         vertex 6.840635e+01 1.891100e+01 1.403965e+01
         vertex 6.640635e+01 1.929923e+01 1.409076e+01
         vertex 6.640635e+01 1.891100e+01 1.403965e+01
      endloop
   endfacet
   facet normal 0.000000e+00 1.305256e-01 9.914449e-01
      outer loop
         vertex 6.840635e+01 1.891100e+01 1.403965e+01
         vertex 6.640635e+01 1.891100e+01 1.403965e+01
         vertex 6.840635e+01 1.852277e+01 1.409076e+01
      endloop
   endfacet
   facet normal 0.000000e+00 1.305256e-01 9.914449e-01
      outer loop
         vertex 6.840635e+01 1.852277e+01 1.409076e+01
         vertex 6.640635e+01 1.891100e+01 1.403965e+01
         vertex 6.640635e+01 1.852277e+01 1.409076e+01
      endloop
   endfacet
   facet normal 0.000000e+00 3.826837e-01 9.238794e-01
      outer loop
         vertex 6.840635e+01 1.852277e+01 1.409076e+01
         vertex 6.640635e+01 1.852277e+01 1.409076e+01
         vertex 6.840635e+01 1.816100e+01 1.424061e+01
      endloop
   endfacet
   facet normal 0.000000e+00 3.826837e-01 9.238794e-01
      outer loop
         vertex 6.840635e+01 1.816100e+01 1.424061e+01
         vertex 6.640635e+01 1.852277e+01 1.409076e+01
         vertex 6.640635e+01 1.816100e+01 1.424061e+01
      endloop
   endfacet
   facet normal 0.000000e+00 6.087607e-01 7.933539e-01
      outer loop
         vertex 6.840635e+01 1.816100e+01 1.424061e+01
         vertex 6.640635e+01 1.816100e+01 1.424061e+01
         vertex 6.840635e+01 1.785034e+01 1.447899e+01
      endloop
   endfacet
   facet normal 0.000000e+00 6.087607e-01 7.933539e-01
      outer loop
         vertex 6.840635e+01 1.785034e+01 1.447899e+01
         vertex 6.640635e+01 1.816100e+01 1.424061e+01
         vertex 6.640635e+01 1.785034e+01 1.447899e+01
      endloop
   endfacet
   facet normal 0.000000e+00 7.933539e-01 6.087607e-01
      outer loop
         vertex 6.840635e+01 1.785034e+01 1.447899e+01
         vertex 6.640635e+01 1.785034e+01 1.447899e+01
         vertex 6.840635e+01 1.761196e+01 1.478965e+01
      endloop
   endfacet
   facet normal 0.000000e+00 7.933539e-01 6.087607e-01
      outer loop
         vertex 6.840635e+01 1.761196e+01 1.478965e+01
         vertex 6.640635e+01 1.785034e+01 1.447899e+01
         vertex 6.640635e+01 1.761196e+01 1.478965e+01
      endloop
   endfacet
   facet normal 0.000000e+00 9.238794e-01 3.826837e-01
      outer loop
         vertex 6.840635e+01 1.761196e+01 1.478965e+01
         vertex 6.640635e+01 1.761196e+01 1.478965e+01
         vertex 6.840635e+01 1.746211e+01 1.515142e+01
      endloop
   endfacet
   facet normal 0.000000e+00 9.238794e-01 3.826837e-01
      outer loop
         vertex 6.840635e+01 1.746211e+01 1.515142e+01
         vertex 6.640635e+01 1.761196e+01 1.478965e+01
         vertex 6.640635e+01 1.746211e+01 1.515142e+01
      endloop
   endfacet
   facet normal 0.000000e+00 9.914450e-01 1.305254e-01
      outer loop
         vertex 6.840635e+01 1.746211e+01 1.515142e+01
         vertex 6.640635e+01 1.746211e+01 1.515142e+01
         vertex 6.840635e+01 1.741100e+01 1.553965e+01
      endloop
   endfacet
   facet normal 0.000000e+00 9.914450e-01 1.305254e-01
      outer loop
         vertex 6.840635e+01 1.741100e+01 1.553965e+01
         vertex 6.640635e+01 1.746211e+01 1.515142e+01
         vertex 6.640635e+01 1.741100e+01 1.553965e+01
      endloop
   endfacet
   facet normal 0.000000e+00 9.914449e-01 -1.305256e-01
      outer loop
         vertex 6.840635e+01 1.741100e+01 1.553965e+01
         vertex 6.640635e+01 1.741100e+01 1.553965e+01
         vertex 6.840635e+01 1.746211e+01 1.592787e+01
      endloop
   endfacet
   facet normal 0.000000e+00 9.914449e-01 -1.305256e-01
      outer loop
         vertex 6.840635e+01 1.746211e+01 1.592787e+01
         vertex 6.640635e+01 1.741100e+01 1.553965e+01
         vertex 6.640635e+01 1.746211e+01 1.592787e+01
      endloop
   endfacet
   facet normal 0.000000e+00 9.238794e-01 -3.826837e-01
      outer loop
         vertex 6.840635e+01 1.746211e+01 1.592787e+01
         vertex 6.640635e+01 1.746211e+01 1.592787e+01
         vertex 6.840635e+01 1.761196e+01 1.628965e+01
      endloop
   endfacet
   facet normal 0.000000e+00 9.238794e-01 -3.826837e-01
      outer loop
         vertex 6.840635e+01 1.761196e+01 1.628965e+01
         vertex 6.640635e+01 1.746211e+01 1.592787e+01
         vertex 6.640635e+01 1.761196e+01 1.628965e+01
      endloop
   endfacet
   facet normal 0.000000e+00 7.933539e-01 -6.087607e-01
      outer loop
         vertex 6.840635e+01 1.761196e+01 1.628965e+01
         vertex 6.640635e+01 1.761196e+01 1.628965e+01
         vertex 6.840635e+01 1.785034e+01 1.660031e+01
      endloop
   endfacet
   facet normal 0.000000e+00 7.933539e-01 -6.087607e-01
      outer loop
         vertex 6.840635e+01 1.785034e+01 1.660031e+01
         vertex 6.640635e+01 1.761196e+01 1.628965e+01
         vertex 6.640635e+01 1.785034e+01 1.660031e+01
      endloop
   endfacet
   facet normal 0.000000e+00 6.087614e-01 -7.933533e-01
      outer loop
         vertex 6.840635e+01 1.785034e+01 1.660031e+01
         vertex 6.640635e+01 1.785034e+01 1.660031e+01
         vertex 6.840635e+01 1.816100e+01 1.683868e+01
      endloop
   endfacet
   facet normal 0.000000e+00 6.087614e-01 -7.933533e-01
      outer loop
         vertex 6.840635e+01 1.816100e+01 1.683868e+01
         vertex 6.640635e+01 1.785034e+01 1.660031e+01
         vertex 6.640635e+01 1.816100e+01 1.683868e+01
      endloop
   endfacet
   facet normal 0.000000e+00 3.826837e-01 -9.238794e-01
      outer loop
         vertex 6.840635e+01 1.816100e+01 1.683868e+01
         vertex 6.640635e+01 1.816100e+01 1.683868e+01
         vertex 6.840635e+01 1.852277e+01 1.698854e+01
      endloop
   endfacet
   facet normal 0.000000e+00 3.826837e-01 -9.238794e-01
      outer loop
         vertex 6.840635e+01 1.852277e+01 1.698854e+01
         vertex 6.640635e+01 1.816100e+01 1.683868e+01
         vertex 6.640635e+01 1.852277e+01 1.698854e+01
      endloop
   endfacet
   facet normal 0.000000e+00 1.305256e-01 -9.914449e-01
      outer loop
         vertex 6.840635e+01 1.852277e+01 1.698854e+01
         vertex 6.640635e+01 1.852277e+01 1.698854e+01
         vertex 6.840635e+01 1.891100e+01 1.703965e+01
      endloop
   endfacet
   facet normal 0.000000e+00 1.305256e-01 -9.914449e-01
      outer loop
         vertex 6.840635e+01 1.891100e+01 1.703965e+01
         vertex 6.640635e+01 1.852277e+01 1.698854e+01
         vertex 6.640635e+01 1.891100e+01 1.703965e+01
      endloop
   endfacet
   facet normal -1.000000e+00 -0.000000e+00 0.000000e+00
      outer loop
         vertex 6.840635e+01 2.716100e+01 2.174061e+01
         vertex 6.840635e+01 2.679923e+01 2.159076e+01
         vertex 6.840635e+01 2.641100e+01 2.303965e+01
      endloop
   endfacet
   facet normal -1.000000e+00 0.000000e+00 0.000000e+00
      outer loop
         vertex 6.840635e+01 2.641100e+01 2.303965e+01
         vertex 6.840635e+01 2.679923e+01 2.159076e+01
         vertex 6.840635e+01 2.641100e+01 2.153965e+01
      endloop
   endfacet
   facet normal -1.000000e+00 0.000000e+00 -0.000000e+00
      outer loop
         vertex 6.840635e+01 2.641100e+01 2.303965e+01
         vertex 6.840635e+01 2.641100e+01 2.153965e+01
         vertex 6.840635e+01 2.602277e+01 2.159076e+01
      endloop
   endfacet
   facet normal -1.000000e+00 -0.000000e+00 0.000000e+00
      outer loop
         vertex 6.840635e+01 2.785989e+01 2.265142e+01
         vertex 6.840635e+01 2.771004e+01 2.228965e+01
         vertex 6.840635e+01 2.641100e+01 2.303965e+01
      endloop
   endfacet
   facet normal -1.000000e+00 0.000000e+00 0.000000e+00
      outer loop
         vertex 6.840635e+01 2.641100e+01 2.303965e+01
         vertex 6.840635e+01 2.771004e+01 2.228965e+01
         vertex 6.840635e+01 2.747166e+01 2.197899e+01
      endloop
   endfacet
   facet normal -1.000000e+00 0.000000e+00 0.000000e+00
      outer loop
         vertex 6.840635e+01 2.641100e+01 2.303965e+01
         vertex 6.840635e+01 2.747166e+01 2.197899e+01
         vertex 6.840635e+01 2.716100e+01 2.174061e+01
      endloop
   endfacet
   facet normal -1.000000e+00 0.000000e+00 -0.000000e+00
      outer loop
         vertex 6.840635e+01 2.771004e+01 2.378965e+01
         vertex 6.840635e+01 2.785989e+01 2.342788e+01
         vertex 6.840635e+01 2.641100e+01 2.303965e+01
      endloop
   endfacet
   facet normal -1.000000e+00 0.000000e+00 0.000000e+00
      outer loop
         vertex 6.840635e+01 2.641100e+01 2.303965e+01
         vertex 6.840635e+01 2.785989e+01 2.342788e+01
         vertex 6.840635e+01 2.791100e+01 2.303965e+01
      endloop
   endfacet
   facet normal -1.000000e+00 0.000000e+00 0.000000e+00
      outer loop
         vertex 6.840635e+01 2.641100e+01 2.303965e+01
         vertex 6.840635e+01 2.791100e+01 2.303965e+01
         vertex 6.840635e+01 2.785989e+01 2.265142e+01
      endloop
   endfacet
   facet normal -1.000000e+00 0.000000e+00 -0.000000e+00
      outer loop
         vertex 6.840635e+01 2.679923e+01 2.448854e+01
         vertex 6.840635e+01 2.716100e+01 2.433868e+01
         vertex 6.840635e+01 2.641100e+01 2.303965e+01
      endloop
   endfacet
   facet normal -1.000000e+00 0.000000e+00 0.000000e+00
      outer loop
         vertex 6.840635e+01 2.641100e+01 2.303965e+01
         vertex 6.840635e+01 2.716100e+01 2.433868e+01
         vertex 6.840635e+01 2.747166e+01 2.410031e+01
      endloop
   endfacet
   facet normal -1.000000e+00 0.000000e+00 0.000000e+00
      outer loop
         vertex 6.840635e+01 2.641100e+01 2.303965e+01
         vertex 6.840635e+01 2.747166e+01 2.410031e+01
         vertex 6.840635e+01 2.771004e+01 2.378965e+01
      endloop
   endfacet
   facet normal -1.000000e+00 0.000000e+00 0.000000e+00
      outer loop
         vertex 6.840635e+01 2.566100e+01 2.433868e+01
         vertex 6.840635e+01 2.602277e+01 2.448854e+01
         vertex 6.840635e+01 2.641100e+01 2.303965e+01
      endloop
   endfacet
   facet normal -1.000000e+00 0.000000e+00 0.000000e+00
      outer loop
         vertex 6.840635e+01 2.641100e+01 2.303965e+01
         vertex 6.840635e+01 2.602277e+01 2.448854e+01
         vertex 6.840635e+01 2.641100e+01 2.453965e+01
      endloop
   endfacet
   facet normal -1.000000e+00 0.000000e+00 0.000000e+00
      outer loop
         vertex 6.840635e+01 2.641100e+01 2.303965e+01
         vertex 6.840635e+01 2.641100e+01 2.453965e+01
         vertex 6.840635e+01 2.679923e+01 2.448854e+01
      endloop
   endfacet
   facet normal -1.000000e+00 0.000000e+00 0.000000e+00
      outer loop
         vertex 6.840635e+01 2.496211e+01 2.342788e+01
         vertex 6.840635e+01 2.511196e+01 2.378965e+01
         vertex 6.840635e+01 2.641100e+01 2.303965e+01
      endloop
   endfacet
   facet normal -1.000000e+00 0.000000e+00 0.000000e+00
      outer loop
         vertex 6.840635e+01 2.641100e+01 2.303965e+01
         vertex 6.840635e+01 2.511196e+01 2.378965e+01
         vertex 6.840635e+01 2.535034e+01 2.410031e+01
      endloop
   endfacet
   facet normal -1.000000e+00 0.000000e+00 0.000000e+00
      outer loop
         vertex 6.840635e+01 2.641100e+01 2.303965e+01
         vertex 6.840635e+01 2.535034e+01 2.410031e+01
         vertex 6.840635e+01 2.566100e+01 2.433868e+01
      endloop
   endfacet
   facet normal -1.000000e+00 0.000000e+00 0.000000e+00
      outer loop
         vertex 6.840635e+01 2.511196e+01 2.228965e+01
         vertex 6.840635e+01 2.496211e+01 2.265142e+01
         vertex 6.840635e+01 2.641100e+01 2.303965e+01
      endloop
   endfacet
   facet normal -1.000000e+00 0.000000e+00 0.000000e+00
      outer loop
         vertex 6.840635e+01 2.641100e+01 2.303965e+01
         vertex 6.840635e+01 2.496211e+01 2.265142e+01
         vertex 6.840635e+01 2.491100e+01 2.303965e+01
      endloop
   endfacet
   facet normal -1.000000e+00 -0.000000e+00 0.000000e+00
      outer loop
         vertex 6.840635e+01 2.641100e+01 2.303965e+01
         vertex 6.840635e+01 2.491100e+01 2.303965e+01
         vertex 6.840635e+01 2.496211e+01 2.342788e+01
      endloop
   endfacet
   facet normal -1.000000e+00 0.000000e+00 0.000000e+00
      outer loop
         vertex 6.840635e+01 2.602277e+01 2.159076e+01
         vertex 6.840635e+01 2.566100e+01 2.174061e+01
         vertex 6.840635e+01 2.641100e+01 2.303965e+01
      endloop
   endfacet
   facet normal -1.000000e+00 0.000000e+00 0.000000e+00
      outer loop
         vertex 6.840635e+01 2.641100e+01 2.303965e+01
         vertex 6.840635e+01 2.566100e+01 2.174061e+01
         vertex 6.840635e+01 2.535034e+01 2.197899e+01
      endloop
   endfacet
   facet normal -1.000000e+00 0.000000e+00 0.000000e+00
      outer loop
         vertex 6.840635e+01 2.641100e+01 2.303965e+01
         vertex 6.840635e+01 2.535034e+01 2.197899e+01
         vertex 6.840635e+01 2.511196e+01 2.228965e+01
      endloop
   endfacet
   facet normal -0.000000e+00 -1.305261e-01 -9.914449e-01
      outer loop
         vertex 6.840635e+01 2.641100e+01 2.453965e+01
         vertex 6.640635e+01 2.641100e+01 2.453965e+01
         vertex 6.840635e+01 2.679923e+01 2.448854e+01
      endloop
   endfacet
   facet normal -0.000000e+00 -1.305261e-01 -9.914449e-01
      outer loop
         vertex 6.840635e+01 2.679923e+01 2.448854e+01
         vertex 6.640635e+01 2.641100e+01 2.453965e+01
         vertex 6.640635e+01 2.679923e+01 2.448854e+01
      endloop
   endfacet
   facet normal -0.000000e+00 -3.826836e-01 -9.238794e-01
      outer loop
         vertex 6.840635e+01 2.679923e+01 2.448854e+01
         vertex 6.640635e+01 2.679923e+01 2.448854e+01
         vertex 6.840635e+01 2.716100e+01 2.433868e+01
      endloop
   endfacet
   facet normal -0.000000e+00 -3.826836e-01 -9.238794e-01
      outer loop
         vertex 6.840635e+01 2.716100e+01 2.433868e+01
         vertex 6.640635e+01 2.679923e+01 2.448854e+01
         vertex 6.640635e+01 2.716100e+01 2.433868e+01
      endloop
   endfacet
   facet normal -0.000000e+00 -6.087615e-01 -7.933533e-01
      outer loop
         vertex 6.840635e+01 2.716100e+01 2.433868e+01
         vertex 6.640635e+01 2.716100e+01 2.433868e+01
         vertex 6.840635e+01 2.747166e+01 2.410031e+01
      endloop
   endfacet
   facet normal -0.000000e+00 -6.087615e-01 -7.933533e-01
      outer loop
         vertex 6.840635e+01 2.747166e+01 2.410031e+01
         vertex 6.640635e+01 2.716100e+01 2.433868e+01
         vertex 6.640635e+01 2.747166e+01 2.410031e+01
      endloop
   endfacet
   facet normal -0.000000e+00 -7.933533e-01 -6.087615e-01
      outer loop
         vertex 6.840635e+01 2.747166e+01 2.410031e+01
         vertex 6.640635e+01 2.747166e+01 2.410031e+01
         vertex 6.840635e+01 2.771004e+01 2.378965e+01
      endloop
   endfacet
   facet normal -0.000000e+00 -7.933533e-01 -6.087615e-01
      outer loop
         vertex 6.840635e+01 2.771004e+01 2.378965e+01
         vertex 6.640635e+01 2.747166e+01 2.410031e+01
         vertex 6.640635e+01 2.771004e+01 2.378965e+01
      endloop
   endfacet
   facet normal -0.000000e+00 -9.238796e-01 -3.826834e-01
      outer loop
         vertex 6.840635e+01 2.771004e+01 2.378965e+01
         vertex 6.640635e+01 2.771004e+01 2.378965e+01
         vertex 6.840635e+01 2.785989e+01 2.342788e+01
      endloop
   endfacet
   facet normal -0.000000e+00 -9.238796e-01 -3.826834e-01
      outer loop
         vertex 6.840635e+01 2.785989e+01 2.342788e+01
         vertex 6.640635e+01 2.771004e+01 2.378965e+01
         vertex 6.640635e+01 2.785989e+01 2.342788e+01
      endloop
   endfacet
   facet normal -0.000000e+00 -9.914448e-01 -1.305264e-01
      outer loop
         vertex 6.840635e+01 2.785989e+01 2.342788e+01
         vertex 6.640635e+01 2.785989e+01 2.342788e+01
         vertex 6.840635e+01 2.791100e+01 2.303965e+01
      endloop
   endfacet
   facet normal -0.000000e+00 -9.914448e-01 -1.305264e-01
      outer loop
         vertex 6.840635e+01 2.791100e+01 2.303965e+01
         vertex 6.640635e+01 2.785989e+01 2.342788e+01
         vertex 6.640635e+01 2.791100e+01 2.303965e+01
      endloop
   endfacet
   facet normal 0.000000e+00 -9.914448e-01 1.305264e-01
      outer loop
         vertex 6.840635e+01 2.791100e+01 2.303965e+01
         vertex 6.640635e+01 2.791100e+01 2.303965e+01
         vertex 6.840635e+01 2.785989e+01 2.265142e+01
      endloop
   endfacet
   facet normal 0.000000e+00 -9.914448e-01 1.305264e-01
      outer loop
         vertex 6.840635e+01 2.785989e+01 2.265142e+01
         vertex 6.640635e+01 2.791100e+01 2.303965e+01
         vertex 6.640635e+01 2.785989e+01 2.265142e+01
      endloop
   endfacet
   facet normal 0.000000e+00 -9.238796e-01 3.826834e-01
      outer loop
         vertex 6.840635e+01 2.785989e+01 2.265142e+01
         vertex 6.640635e+01 2.785989e+01 2.265142e+01
         vertex 6.840635e+01 2.771004e+01 2.228965e+01
      endloop
   endfacet
   facet normal 0.000000e+00 -9.238796e-01 3.826834e-01
      outer loop
         vertex 6.840635e+01 2.771004e+01 2.228965e+01
         vertex 6.640635e+01 2.785989e+01 2.265142e+01
         vertex 6.640635e+01 2.771004e+01 2.228965e+01
      endloop
   endfacet
   facet normal 0.000000e+00 -7.933533e-01 6.087615e-01
      outer loop
         vertex 6.840635e+01 2.771004e+01 2.228965e+01
         vertex 6.640635e+01 2.771004e+01 2.228965e+01
         vertex 6.840635e+01 2.747166e+01 2.197899e+01
      endloop
   endfacet
   facet normal 0.000000e+00 -7.933533e-01 6.087615e-01
      outer loop
         vertex 6.840635e+01 2.747166e+01 2.197899e+01
         vertex 6.640635e+01 2.771004e+01 2.228965e+01
         vertex 6.640635e+01 2.747166e+01 2.197899e+01
      endloop
   endfacet
   facet normal 0.000000e+00 -6.087615e-01 7.933533e-01
      outer loop
         vertex 6.840635e+01 2.747166e+01 2.197899e+01
         vertex 6.640635e+01 2.747166e+01 2.197899e+01
         vertex 6.840635e+01 2.716100e+01 2.174061e+01
      endloop
   endfacet
   facet normal 0.000000e+00 -6.087615e-01 7.933533e-01
      outer loop
         vertex 6.840635e+01 2.716100e+01 2.174061e+01
         vertex 6.640635e+01 2.747166e+01 2.197899e+01
         vertex 6.640635e+01 2.716100e+01 2.174061e+01
      endloop
   endfacet
   facet normal 0.000000e+00 -3.826836e-01 9.238794e-01
      outer loop
         vertex 6.840635e+01 2.716100e+01 2.174061e+01
         vertex 6.640635e+01 2.716100e+01 2.174061e+01
         vertex 6.840635e+01 2.679923e+01 2.159076e+01
      endloop
   endfacet
   facet normal 0.000000e+00 -3.826836e-01 9.238794e-01
      outer loop
         vertex 6.840635e+01 2.679923e+01 2.159076e+01
         vertex 6.640635e+01 2.716100e+01 2.174061e+01
         vertex 6.640635e+01 2.679923e+01 2.159076e+01
      endloop
   endfacet
   facet normal 0.000000e+00 -1.305261e-01 9.914449e-01
      outer loop
         vertex 6.840635e+01 2.679923e+01 2.159076e+01
         vertex 6.640635e+01 2.679923e+01 2.159076e+01
         vertex 6.840635e+01 2.641100e+01 2.153965e+01
      endloop
   endfacet
   facet normal 0.000000e+00 -1.305261e-01 9.914449e-01
      outer loop
         vertex 6.840635e+01 2.641100e+01 2.153965e+01
         vertex 6.640635e+01 2.679923e+01 2.159076e+01
         vertex 6.640635e+01 2.641100e+01 2.153965e+01
      endloop
   endfacet
   facet normal 0.000000e+00 1.305261e-01 9.914449e-01
      outer loop
         vertex 6.840635e+01 2.641100e+01 2.153965e+01
         vertex 6.640635e+01 2.641100e+01 2.153965e+01
         vertex 6.840635e+01 2.602277e+01 2.159076e+01
      endloop
   endfacet
   facet normal 0.000000e+00 1.305261e-01 9.914449e-01
      outer loop
         vertex 6.840635e+01 2.602277e+01 2.159076e+01
         vertex 6.640635e+01 2.641100e+01 2.153965e+01
         vertex 6.640635e+01 2.602277e+01 2.159076e+01
      endloop
   endfacet
   facet normal 0.000000e+00 3.826835e-01 9.238795e-01
      outer loop
         vertex 6.840635e+01 2.602277e+01 2.159076e+01
         vertex 6.640635e+01 2.602277e+01 2.159076e+01
         vertex 6.840635e+01 2.566100e+01 2.174061e+01
      endloop
   endfacet
   facet normal 0.000000e+00 3.826835e-01 9.238795e-01
      outer loop
         vertex 6.840635e+01 2.566100e+01 2.174061e+01
         vertex 6.640635e+01 2.602277e+01 2.159076e+01
         vertex 6.640635e+01 2.566100e+01 2.174061e+01
      endloop
   endfacet
   facet normal 0.000000e+00 6.087615e-01 7.933533e-01
      outer loop
         vertex 6.840635e+01 2.566100e+01 2.174061e+01
         vertex 6.640635e+01 2.566100e+01 2.174061e+01
         vertex 6.840635e+01 2.535034e+01 2.197899e+01
      endloop
   endfacet
   facet normal 0.000000e+00 6.087615e-01 7.933533e-01
      outer loop
         vertex 6.840635e+01 2.535034e+01 2.197899e+01
         vertex 6.640635e+01 2.566100e+01 2.174061e+01
         vertex 6.640635e+01 2.535034e+01 2.197899e+01
      endloop
   endfacet
   facet normal 0.000000e+00 7.933534e-01 6.087613e-01
      outer loop
         vertex 6.840635e+01 2.535034e+01 2.197899e+01
         vertex 6.640635e+01 2.535034e+01 2.197899e+01
         vertex 6.840635e+01 2.511196e+01 2.228965e+01
      endloop
   endfacet
   facet normal 0.000000e+00 7.933534e-01 6.087613e-01
      outer loop
         vertex 6.840635e+01 2.511196e+01 2.228965e+01
         vertex 6.640635e+01 2.535034e+01 2.197899e+01
         vertex 6.640635e+01 2.511196e+01 2.228965e+01
      endloop
   endfacet
   facet normal 0.000000e+00 9.238794e-01 3.826836e-01
      outer loop
         vertex 6.840635e+01 2.511196e+01 2.228965e+01
         vertex 6.640635e+01 2.511196e+01 2.228965e+01
         vertex 6.840635e+01 2.496211e+01 2.265142e+01
      endloop
   endfacet
   facet normal 0.000000e+00 9.238794e-01 3.826836e-01
      outer loop
         vertex 6.840635e+01 2.496211e+01 2.265142e+01
         vertex 6.640635e+01 2.511196e+01 2.228965e+01
         vertex 6.640635e+01 2.496211e+01 2.265142e+01
      endloop
   endfacet
   facet normal 0.000000e+00 9.914448e-01 1.305267e-01
      outer loop
         vertex 6.840635e+01 2.496211e+01 2.265142e+01
         vertex 6.640635e+01 2.496211e+01 2.265142e+01
         vertex 6.840635e+01 2.491100e+01 2.303965e+01
      endloop
   endfacet
   facet normal 0.000000e+00 9.914448e-01 1.305267e-01
      outer loop
         vertex 6.840635e+01 2.491100e+01 2.303965e+01
         vertex 6.640635e+01 2.496211e+01 2.265142e+01
         vertex 6.640635e+01 2.491100e+01 2.303965e+01
      endloop
   endfacet
   facet normal 0.000000e+00 9.914448e-01 -1.305267e-01
      outer loop
         vertex 6.840635e+01 2.491100e+01 2.303965e+01
         vertex 6.640635e+01 2.491100e+01 2.303965e+01
         vertex 6.840635e+01 2.496211e+01 2.342788e+01
      endloop
   endfacet
   facet normal 0.000000e+00 9.914448e-01 -1.305267e-01
      outer loop
         vertex 6.840635e+01 2.496211e+01 2.342788e+01
         vertex 6.640635e+01 2.491100e+01 2.303965e+01
         vertex 6.640635e+01 2.496211e+01 2.342788e+01
      endloop
   endfacet
   facet normal 0.000000e+00 9.238794e-01 -3.826836e-01
      outer loop
         vertex 6.840635e+01 2.496211e+01 2.342788e+01
         vertex 6.640635e+01 2.496211e+01 2.342788e+01
         vertex 6.840635e+01 2.511196e+01 2.378965e+01
      endloop
   endfacet
   facet normal 0.000000e+00 9.238794e-01 -3.826836e-01
      outer loop
         vertex 6.840635e+01 2.511196e+01 2.378965e+01
         vertex 6.640635e+01 2.496211e+01 2.342788e+01
         vertex 6.640635e+01 2.511196e+01 2.378965e+01
      endloop
   endfacet
   facet normal 0.000000e+00 7.933534e-01 -6.087613e-01
      outer loop
         vertex 6.840635e+01 2.511196e+01 2.378965e+01
         vertex 6.640635e+01 2.511196e+01 2.378965e+01
         vertex 6.840635e+01 2.535034e+01 2.410031e+01
      endloop
   endfacet
   facet normal 0.000000e+00 7.933534e-01 -6.087613e-01
      outer loop
         vertex 6.840635e+01 2.535034e+01 2.410031e+01
         vertex 6.640635e+01 2.511196e+01 2.378965e+01
         vertex 6.640635e+01 2.535034e+01 2.410031e+01
      endloop
   endfacet
   facet normal 0.000000e+00 6.087615e-01 -7.933533e-01
      outer loop
         vertex 6.840635e+01 2.535034e+01 2.410031e+01
         vertex 6.640635e+01 2.535034e+01 2.410031e+01
         vertex 6.840635e+01 2.566100e+01 2.433868e+01
      endloop
   endfacet
   facet normal 0.000000e+00 6.087615e-01 -7.933533e-01
      outer loop
         vertex 6.840635e+01 2.566100e+01 2.433868e+01
         vertex 6.640635e+01 2.535034e+01 2.410031e+01
         vertex 6.640635e+01 2.566100e+01 2.433868e+01
      endloop
   endfacet
   facet normal 0.000000e+00 3.826835e-01 -9.238795e-01
      outer loop
         vertex 6.840635e+01 2.566100e+01 2.433868e+01
         vertex 6.640635e+01 2.566100e+01 2.433868e+01
         vertex 6.840635e+01 2.602277e+01 2.448854e+01
      endloop
   endfacet
   facet normal 0.000000e+00 3.826835e-01 -9.238795e-01
      outer loop
         vertex 6.840635e+01 2.602277e+01 2.448854e+01
         vertex 6.640635e+01 2.566100e+01 2.433868e+01
         vertex 6.640635e+01 2.602277e+01 2.448854e+01
      endloop
   endfacet
   facet normal 0.000000e+00 1.305261e-01 -9.914449e-01
      outer loop
         vertex 6.840635e+01 2.602277e+01 2.448854e+01
         vertex 6.640635e+01 2.602277e+01 2.448854e+01
         vertex 6.840635e+01 2.641100e+01 2.453965e+01
      endloop
   endfacet
   facet normal 0.000000e+00 1.305261e-01 -9.914449e-01
      outer loop
         vertex 6.840635e+01 2.641100e+01 2.453965e+01
         vertex 6.640635e+01 2.602277e+01 2.448854e+01
         vertex 6.640635e+01 2.641100e+01 2.453965e+01
      endloop
   endfacet
   facet normal -1.000000e+00 -0.000000e+00 0.000000e+00
      outer loop
         vertex 6.840635e+01 1.966100e+01 2.924061e+01
         vertex 6.840635e+01 1.929923e+01 2.909076e+01
         vertex 6.840635e+01 1.891100e+01 3.053965e+01
      endloop
   endfacet
   facet normal -1.000000e+00 0.000000e+00 0.000000e+00
      outer loop
         vertex 6.840635e+01 1.891100e+01 3.053965e+01
         vertex 6.840635e+01 1.929923e+01 2.909076e+01
         vertex 6.840635e+01 1.891100e+01 2.903965e+01
      endloop
   endfacet
   facet normal -1.000000e+00 0.000000e+00 -0.000000e+00
      outer loop
         vertex 6.840635e+01 1.891100e+01 3.053965e+01
         vertex 6.840635e+01 1.891100e+01 2.903965e+01
         vertex 6.840635e+01 1.852277e+01 2.909076e+01
      endloop
   endfacet
   facet normal -1.000000e+00 -0.000000e+00 0.000000e+00
      outer loop
         vertex 6.840635e+01 2.035989e+01 3.015142e+01
         vertex 6.840635e+01 2.021004e+01 2.978965e+01
         vertex 6.840635e+01 1.891100e+01 3.053965e+01
      endloop
   endfacet
   facet normal -1.000000e+00 0.000000e+00 0.000000e+00
      outer loop
         vertex 6.840635e+01 1.891100e+01 3.053965e+01
         vertex 6.840635e+01 2.021004e+01 2.978965e+01
         vertex 6.840635e+01 1.997166e+01 2.947899e+01
      endloop
   endfacet
   facet normal -1.000000e+00 0.000000e+00 0.000000e+00
      outer loop
         vertex 6.840635e+01 1.891100e+01 3.053965e+01
         vertex 6.840635e+01 1.997166e+01 2.947899e+01
         vertex 6.840635e+01 1.966100e+01 2.924061e+01
      endloop
   endfacet
   facet normal -1.000000e+00 0.000000e+00 -0.000000e+00
      outer loop
         vertex 6.840635e+01 2.021004e+01 3.128965e+01
         vertex 6.840635e+01 2.035989e+01 3.092788e+01
         vertex 6.840635e+01 1.891100e+01 3.053965e+01
      endloop
   endfacet
   facet normal -1.000000e+00 0.000000e+00 0.000000e+00
      outer loop
         vertex 6.840635e+01 1.891100e+01 3.053965e+01
         vertex 6.840635e+01 2.035989e+01 3.092788e+01
         vertex 6.840635e+01 2.041100e+01 3.053965e+01
      endloop
   endfacet
   facet normal -1.000000e+00 0.000000e+00 0.000000e+00
      outer loop
         vertex 6.840635e+01 1.891100e+01 3.053965e+01
         vertex 6.840635e+01 2.041100e+01 3.053965e+01
         vertex 6.840635e+01 2.035989e+01 3.015142e+01
      endloop
   endfacet
   facet normal -1.000000e+00 0.000000e+00 -0.000000e+00
      outer loop
         vertex 6.840635e+01 1.929923e+01 3.198854e+01
         vertex 6.840635e+01 1.966100e+01 3.183868e+01
         vertex 6.840635e+01 1.891100e+01 3.053965e+01
      endloop
   endfacet
   facet normal -1.000000e+00 0.000000e+00 0.000000e+00
      outer loop
         vertex 6.840635e+01 1.891100e+01 3.053965e+01
         vertex 6.840635e+01 1.966100e+01 3.183868e+01
         vertex 6.840635e+01 1.997166e+01 3.160031e+01
      endloop
   endfacet
   facet normal -1.000000e+00 0.000000e+00 0.000000e+00
      outer loop
         vertex 6.840635e+01 1.891100e+01 3.053965e+01
         vertex 6.840635e+01 1.997166e+01 3.160031e+01
         vertex 6.840635e+01 2.021004e+01 3.128965e+01
      endloop
   endfacet
   facet normal -1.000000e+00 0.000000e+00 0.000000e+00
      outer loop
         vertex 6.840635e+01 1.816100e+01 3.183868e+01
         vertex 6.840635e+01 1.852277e+01 3.198854e+01
         vertex 6.840635e+01 1.891100e+01 3.053965e+01
      endloop
   endfacet
   facet normal -1.000000e+00 0.000000e+00 0.000000e+00
      outer loop
         vertex 6.840635e+01 1.891100e+01 3.053965e+01
         vertex 6.840635e+01 1.852277e+01 3.198854e+01
         vertex 6.840635e+01 1.891100e+01 3.203965e+01
      endloop
   endfacet
   facet normal -1.000000e+00 0.000000e+00 0.000000e+00
      outer loop
         vertex 6.840635e+01 1.891100e+01 3.053965e+01
         vertex 6.840635e+01 1.891100e+01 3.203965e+01
         vertex 6.840635e+01 1.929923e+01 3.198854e+01
      endloop
   endfacet
   facet normal -1.000000e+00 0.000000e+00 0.000000e+00
      outer loop
         vertex 6.840635e+01 1.746211e+01 3.092788e+01
         vertex 6.840635e+01 1.761196e+01 3.128965e+01
         vertex 6.840635e+01 1.891100e+01 3.053965e+01
      endloop
   endfacet
   facet normal -1.000000e+00 0.000000e+00 0.000000e+00
      outer loop
         vertex 6.840635e+01 1.891100e+01 3.053965e+01
         vertex 6.840635e+01 1.761196e+01 3.128965e+01
         vertex 6.840635e+01 1.785034e+01 3.160031e+01
      endloop
   endfacet
   facet normal -1.000000e+00 0.000000e+00 0.000000e+00
      outer loop
         vertex 6.840635e+01 1.891100e+01 3.053965e+01
         vertex 6.840635e+01 1.785034e+01 3.160031e+01
         vertex 6.840635e+01 1.816100e+01 3.183868e+01
      endloop
   endfacet
   facet normal -1.000000e+00 0.000000e+00 0.000000e+00
      outer loop
         vertex 6.840635e+01 1.761196e+01 2.978965e+01
         vertex 6.840635e+01 1.746211e+01 3.015142e+01
         vertex 6.840635e+01 1.891100e+01 3.053965e+01
      endloop
   endfacet
   facet normal -1.000000e+00 -0.000000e+00 0.000000e+00
      outer loop
         vertex 6.840635e+01 1.891100e+01 3.053965e+01
         vertex 6.840635e+01 1.746211e+01 3.015142e+01
         vertex 6.840635e+01 1.741100e+01 3.053965e+01
      endloop
   endfacet
   facet normal -1.000000e+00 0.000000e+00 0.000000e+00
      outer loop
         vertex 6.840635e+01 1.891100e+01 3.053965e+01
         vertex 6.840635e+01 1.741100e+01 3.053965e+01
         vertex 6.840635e+01 1.746211e+01 3.092788e+01
      endloop
   endfacet
   facet normal -1.000000e+00 0.000000e+00 0.000000e+00
      outer loop
         vertex 6.840635e+01 1.852277e+01 2.909076e+01
         vertex 6.840635e+01 1.816100e+01 2.924061e+01
         vertex 6.840635e+01 1.891100e+01 3.053965e+01
      endloop
   endfacet
   facet normal -1.000000e+00 0.000000e+00 0.000000e+00
      outer loop
         vertex 6.840635e+01 1.891100e+01 3.053965e+01
         vertex 6.840635e+01 1.816100e+01 2.924061e+01
         vertex 6.840635e+01 1.785034e+01 2.947899e+01
      endloop
   endfacet
   facet normal -1.000000e+00 0.000000e+00 0.000000e+00
      outer loop
         vertex 6.840635e+01 1.891100e+01 3.053965e+01
         vertex 6.840635e+01 1.785034e+01 2.947899e+01
         vertex 6.840635e+01 1.761196e+01 2.978965e+01
      endloop
   endfacet
   facet normal -0.000000e+00 -1.305253e-01 -9.914450e-01
      outer loop
         vertex 6.840635e+01 1.891100e+01 3.203965e+01
         vertex 6.640635e+01 1.891100e+01 3.203965e+01
         vertex 6.840635e+01 1.929923e+01 3.198854e+01
      endloop
   endfacet
   facet normal -0.000000e+00 -1.305253e-01 -9.914450e-01
      outer loop
         vertex 6.840635e+01 1.929923e+01 3.198854e+01
         vertex 6.640635e+01 1.891100e+01 3.203965e+01
         vertex 6.640635e+01 1.929923e+01 3.198854e+01
      endloop
   endfacet
   facet normal -0.000000e+00 -3.826837e-01 -9.238794e-01
      outer loop
         vertex 6.840635e+01 1.929923e+01 3.198854e+01
         vertex 6.640635e+01 1.929923e+01 3.198854e+01
         vertex 6.840635e+01 1.966100e+01 3.183868e+01
      endloop
   endfacet
   facet normal -0.000000e+00 -3.826837e-01 -9.238794e-01
      outer loop
         vertex 6.840635e+01 1.966100e+01 3.183868e+01
         vertex 6.640635e+01 1.929923e+01 3.198854e+01
         vertex 6.640635e+01 1.966100e+01 3.183868e+01
      endloop
   endfacet
   facet normal -0.000000e+00 -6.087618e-01 -7.933530e-01
      outer loop
         vertex 6.840635e+01 1.966100e+01 3.183868e+01
         vertex 6.640635e+01 1.966100e+01 3.183868e+01
         vertex 6.840635e+01 1.997166e+01 3.160031e+01
      endloop
   endfacet
   facet normal -0.000000e+00 -6.087618e-01 -7.933530e-01
      outer loop
         vertex 6.840635e+01 1.997166e+01 3.160031e+01
         vertex 6.640635e+01 1.966100e+01 3.183868e+01
         vertex 6.640635e+01 1.997166e+01 3.160031e+01
      endloop
   endfacet
   facet normal -0.000000e+00 -7.933528e-01 -6.087622e-01
      outer loop
         vertex 6.840635e+01 1.997166e+01 3.160031e+01
         vertex 6.640635e+01 1.997166e+01 3.160031e+01
         vertex 6.840635e+01 2.021004e+01 3.128965e+01
      endloop
   endfacet
   facet normal -0.000000e+00 -7.933528e-01 -6.087622e-01
      outer loop
         vertex 6.840635e+01 2.021004e+01 3.128965e+01
         vertex 6.640635e+01 1.997166e+01 3.160031e+01
         vertex 6.640635e+01 2.021004e+01 3.128965e+01
      endloop
   endfacet
   facet normal -0.000000e+00 -9.238794e-01 -3.826837e-01
      outer loop
         vertex 6.840635e+01 2.021004e+01 3.128965e+01
         vertex 6.640635e+01 2.021004e+01 3.128965e+01
         vertex 6.840635e+01 2.035989e+01 3.092788e+01
      endloop
   endfacet
   facet normal -0.000000e+00 -9.238794e-01 -3.826837e-01
      outer loop
         vertex 6.840635e+01 2.035989e+01 3.092788e+01
         vertex 6.640635e+01 2.021004e+01 3.128965e+01
         vertex 6.640635e+01 2.035989e+01 3.092788e+01
      endloop
   endfacet
   facet normal -0.000000e+00 -9.914450e-01 -1.305254e-01
      outer loop
         vertex 6.840635e+01 2.035989e+01 3.092788e+01
         vertex 6.640635e+01 2.035989e+01 3.092788e+01
         vertex 6.840635e+01 2.041100e+01 3.053965e+01
      endloop
   endfacet
   facet normal -0.000000e+00 -9.914450e-01 -1.305254e-01
      outer loop
         vertex 6.840635e+01 2.041100e+01 3.053965e+01
         vertex 6.640635e+01 2.035989e+01 3.092788e+01
         vertex 6.640635e+01 2.041100e+01 3.053965e+01
      endloop
   endfacet
   facet normal 0.000000e+00 -9.914449e-01 1.305256e-01
      outer loop
         vertex 6.840635e+01 2.041100e+01 3.053965e+01
         vertex 6.640635e+01 2.041100e+01 3.053965e+01
         vertex 6.840635e+01 2.035989e+01 3.015142e+01
      endloop
   endfacet
   facet normal 0.000000e+00 -9.914449e-01 1.305256e-01
      outer loop
         vertex 6.840635e+01 2.035989e+01 3.015142e+01
         vertex 6.640635e+01 2.041100e+01 3.053965e+01
         vertex 6.640635e+01 2.035989e+01 3.015142e+01
      endloop
   endfacet
   facet normal 0.000000e+00 -9.238794e-01 3.826837e-01
      outer loop
         vertex 6.840635e+01 2.035989e+01 3.015142e+01
         vertex 6.640635e+01 2.035989e+01 3.015142e+01
         vertex 6.840635e+01 2.021004e+01 2.978965e+01
      endloop
   endfacet
   facet normal 0.000000e+00 -9.238794e-01 3.826837e-01
      outer loop
         vertex 6.840635e+01 2.021004e+01 2.978965e+01
         vertex 6.640635e+01 2.035989e+01 3.015142e+01
         vertex 6.640635e+01 2.021004e+01 2.978965e+01
      endloop
   endfacet
   facet normal 0.000000e+00 -7.933528e-01 6.087622e-01
      outer loop
         vertex 6.840635e+01 2.021004e+01 2.978965e+01
         vertex 6.640635e+01 2.021004e+01 2.978965e+01
         vertex 6.840635e+01 1.997166e+01 2.947899e+01
      endloop
   endfacet
   facet normal 0.000000e+00 -7.933528e-01 6.087622e-01
      outer loop
         vertex 6.840635e+01 1.997166e+01 2.947899e+01
         vertex 6.640635e+01 2.021004e+01 2.978965e+01
         vertex 6.640635e+01 1.997166e+01 2.947899e+01
      endloop
   endfacet
   facet normal 0.000000e+00 -6.087626e-01 7.933525e-01
      outer loop
         vertex 6.840635e+01 1.997166e+01 2.947899e+01
         vertex 6.640635e+01 1.997166e+01 2.947899e+01
         vertex 6.840635e+01 1.966100e+01 2.924061e+01
      endloop
   endfacet
   facet normal 0.000000e+00 -6.087626e-01 7.933525e-01
      outer loop
         vertex 6.840635e+01 1.966100e+01 2.924061e+01
         vertex 6.640635e+01 1.997166e+01 2.947899e+01
         vertex 6.640635e+01 1.966100e+01 2.924061e+01
      endloop
   endfacet
   facet normal 0.000000e+00 -3.826837e-01 9.238794e-01
      outer loop
         vertex 6.840635e+01 1.966100e+01 2.924061e+01
         vertex 6.640635e+01 1.966100e+01 2.924061e+01
         vertex 6.840635e+01 1.929923e+01 2.909076e+01
      endloop
   endfacet
   facet normal 0.000000e+00 -3.826837e-01 9.238794e-01
      outer loop
         vertex 6.840635e+01 1.929923e+01 2.909076e+01
         vertex 6.640635e+01 1.966100e+01 2.924061e+01
         vertex 6.640635e+01 1.929923e+01 2.909076e+01
      endloop
   endfacet
   facet normal 0.000000e+00 -1.305253e-01 9.914450e-01
      outer loop
         vertex 6.840635e+01 1.929923e+01 2.909076e+01
         vertex 6.640635e+01 1.929923e+01 2.909076e+01
         vertex 6.840635e+01 1.891100e+01 2.903965e+01
      endloop
   endfacet
   facet normal 0.000000e+00 -1.305253e-01 9.914450e-01
      outer loop
         vertex 6.840635e+01 1.891100e+01 2.903965e+01
         vertex 6.640635e+01 1.929923e+01 2.909076e+01
         vertex 6.640635e+01 1.891100e+01 2.903965e+01
      endloop
   endfacet
   facet normal 0.000000e+00 1.305256e-01 9.914449e-01
      outer loop
         vertex 6.840635e+01 1.891100e+01 2.903965e+01
         vertex 6.640635e+01 1.891100e+01 2.903965e+01
         vertex 6.840635e+01 1.852277e+01 2.909076e+01
      endloop
   endfacet
   facet normal 0.000000e+00 1.305256e-01 9.914449e-01
      outer loop
         vertex 6.840635e+01 1.852277e+01 2.909076e+01
         vertex 6.640635e+01 1.891100e+01 2.903965e+01
         vertex 6.640635e+01 1.852277e+01 2.909076e+01
      endloop
   endfacet
   facet normal 0.000000e+00 3.826837e-01 9.238794e-01
      outer loop
         vertex 6.840635e+01 1.852277e+01 2.909076e+01
         vertex 6.640635e+01 1.852277e+01 2.909076e+01
         vertex 6.840635e+01 1.816100e+01 2.924061e+01
      endloop
   endfacet
   facet normal 0.000000e+00 3.826837e-01 9.238794e-01
      outer loop
         vertex 6.840635e+01 1.816100e+01 2.924061e+01
         vertex 6.640635e+01 1.852277e+01 2.909076e+01
         vertex 6.640635e+01 1.816100e+01 2.924061e+01
      endloop
   endfacet
   facet normal 0.000000e+00 6.087614e-01 7.933533e-01
      outer loop
         vertex 6.840635e+01 1.816100e+01 2.924061e+01
         vertex 6.640635e+01 1.816100e+01 2.924061e+01
         vertex 6.840635e+01 1.785034e+01 2.947899e+01
      endloop
   endfacet
   facet normal 0.000000e+00 6.087614e-01 7.933533e-01
      outer loop
         vertex 6.840635e+01 1.785034e+01 2.947899e+01
         vertex 6.640635e+01 1.816100e+01 2.924061e+01
         vertex 6.640635e+01 1.785034e+01 2.947899e+01
      endloop
   endfacet
   facet normal 0.000000e+00 7.933539e-01 6.087607e-01
      outer loop
         vertex 6.840635e+01 1.785034e+01 2.947899e+01
         vertex 6.640635e+01 1.785034e+01 2.947899e+01
         vertex 6.840635e+01 1.761196e+01 2.978965e+01
      endloop
   endfacet
   facet normal 0.000000e+00 7.933539e-01 6.087607e-01
      outer loop
         vertex 6.840635e+01 1.761196e+01 2.978965e+01
         vertex 6.640635e+01 1.785034e+01 2.947899e+01
         vertex 6.640635e+01 1.761196e+01 2.978965e+01
      endloop
   endfacet
   facet normal 0.000000e+00 9.238794e-01 3.826837e-01
      outer loop
         vertex 6.840635e+01 1.761196e+01 2.978965e+01
         vertex 6.640635e+01 1.761196e+01 2.978965e+01
         vertex 6.840635e+01 1.746211e+01 3.015142e+01
      endloop
   endfacet
   facet normal 0.000000e+00 9.238794e-01 3.826837e-01
      outer loop
         vertex 6.840635e+01 1.746211e+01 3.015142e+01
         vertex 6.640635e+01 1.761196e+01 2.978965e+01
         vertex 6.640635e+01 1.746211e+01 3.015142e+01
      endloop
   endfacet
   facet normal 0.000000e+00 9.914449e-01 1.305256e-01
      outer loop
         vertex 6.840635e+01 1.746211e+01 3.015142e+01
         vertex 6.640635e+01 1.746211e+01 3.015142e+01
         vertex 6.840635e+01 1.741100e+01 3.053965e+01
      endloop
   endfacet
   facet normal 0.000000e+00 9.914449e-01 1.305256e-01
      outer loop
         vertex 6.840635e+01 1.741100e+01 3.053965e+01
         vertex 6.640635e+01 1.746211e+01 3.015142e+01
         vertex 6.640635e+01 1.741100e+01 3.053965e+01
      endloop
   endfacet
   facet normal 0.000000e+00 9.914450e-01 -1.305254e-01
      outer loop
         vertex 6.840635e+01 1.741100e+01 3.053965e+01
         vertex 6.640635e+01 1.741100e+01 3.053965e+01
         vertex 6.840635e+01 1.746211e+01 3.092788e+01
      endloop
   endfacet
   facet normal 0.000000e+00 9.914450e-01 -1.305254e-01
      outer loop
         vertex 6.840635e+01 1.746211e+01 3.092788e+01
         vertex 6.640635e+01 1.741100e+01 3.053965e+01
         vertex 6.640635e+01 1.746211e+01 3.092788e+01
      endloop
   endfacet
   facet normal 0.000000e+00 9.238794e-01 -3.826837e-01
      outer loop
         vertex 6.840635e+01 1.746211e+01 3.092788e+01
         vertex 6.640635e+01 1.746211e+01 3.092788e+01
         vertex 6.840635e+01 1.761196e+01 3.128965e+01
      endloop
   endfacet
   facet normal 0.000000e+00 9.238794e-01 -3.826837e-01
      outer loop
         vertex 6.840635e+01 1.761196e+01 3.128965e+01
         vertex 6.640635e+01 1.746211e+01 3.092788e+01
         vertex 6.640635e+01 1.761196e+01 3.128965e+01
      endloop
   endfacet
   facet normal 0.000000e+00 7.933539e-01 -6.087607e-01
      outer loop
         vertex 6.840635e+01 1.761196e+01 3.128965e+01
         vertex 6.640635e+01 1.761196e+01 3.128965e+01
         vertex 6.840635e+01 1.785034e+01 3.160031e+01
      endloop
   endfacet
   facet normal 0.000000e+00 7.933539e-01 -6.087607e-01
      outer loop
         vertex 6.840635e+01 1.785034e+01 3.160031e+01
         vertex 6.640635e+01 1.761196e+01 3.128965e+01
         vertex 6.640635e+01 1.785034e+01 3.160031e+01
      endloop
   endfacet
   facet normal 0.000000e+00 6.087607e-01 -7.933539e-01
      outer loop
         vertex 6.840635e+01 1.785034e+01 3.160031e+01
         vertex 6.640635e+01 1.785034e+01 3.160031e+01
         vertex 6.840635e+01 1.816100e+01 3.183868e+01
      endloop
   endfacet
   facet normal 0.000000e+00 6.087607e-01 -7.933539e-01
      outer loop
         vertex 6.840635e+01 1.816100e+01 3.183868e+01
         vertex 6.640635e+01 1.785034e+01 3.160031e+01
         vertex 6.640635e+01 1.816100e+01 3.183868e+01
      endloop
   endfacet
   facet normal 0.000000e+00 3.826837e-01 -9.238794e-01
      outer loop
         vertex 6.840635e+01 1.816100e+01 3.183868e+01
         vertex 6.640635e+01 1.816100e+01 3.183868e+01
         vertex 6.840635e+01 1.852277e+01 3.198854e+01
      endloop
   endfacet
   facet normal 0.000000e+00 3.826837e-01 -9.238794e-01
      outer loop
         vertex 6.840635e+01 1.852277e+01 3.198854e+01
         vertex 6.640635e+01 1.816100e+01 3.183868e+01
         vertex 6.640635e+01 1.852277e+01 3.198854e+01
      endloop
   endfacet
   facet normal 0.000000e+00 1.305256e-01 -9.914449e-01
      outer loop
         vertex 6.840635e+01 1.852277e+01 3.198854e+01
         vertex 6.640635e+01 1.852277e+01 3.198854e+01
         vertex 6.840635e+01 1.891100e+01 3.203965e+01
      endloop
   endfacet
   facet normal 0.000000e+00 1.305256e-01 -9.914449e-01
      outer loop
         vertex 6.840635e+01 1.891100e+01 3.203965e+01
         vertex 6.640635e+01 1.852277e+01 3.198854e+01
         vertex 6.640635e+01 1.891100e+01 3.203965e+01
      endloop
   endfacet
   facet normal -1.000000e+00 -0.000000e+00 0.000000e+00
      outer loop
         vertex 6.840635e+01 1.216100e+01 2.174061e+01
         vertex 6.840635e+01 1.179923e+01 2.159076e+01
         vertex 6.840635e+01 1.141100e+01 2.303965e+01
      endloop
   endfacet
   facet normal -1.000000e+00 0.000000e+00 0.000000e+00
      outer loop
         vertex 6.840635e+01 1.141100e+01 2.303965e+01
         vertex 6.840635e+01 1.179923e+01 2.159076e+01
         vertex 6.840635e+01 1.141100e+01 2.153965e+01
      endloop
   endfacet
   facet normal -1.000000e+00 0.000000e+00 -0.000000e+00
      outer loop
         vertex 6.840635e+01 1.141100e+01 2.303965e+01
         vertex 6.840635e+01 1.141100e+01 2.153965e+01
         vertex 6.840635e+01 1.102277e+01 2.159076e+01
      endloop
   endfacet
   facet normal -1.000000e+00 -0.000000e+00 0.000000e+00
      outer loop
         vertex 6.840635e+01 1.285989e+01 2.265142e+01
         vertex 6.840635e+01 1.271004e+01 2.228965e+01
         vertex 6.840635e+01 1.141100e+01 2.303965e+01
      endloop
   endfacet
   facet normal -1.000000e+00 0.000000e+00 0.000000e+00
      outer loop
         vertex 6.840635e+01 1.141100e+01 2.303965e+01
         vertex 6.840635e+01 1.271004e+01 2.228965e+01
         vertex 6.840635e+01 1.247166e+01 2.197899e+01
      endloop
   endfacet
   facet normal -1.000000e+00 0.000000e+00 0.000000e+00
      outer loop
         vertex 6.840635e+01 1.141100e+01 2.303965e+01
         vertex 6.840635e+01 1.247166e+01 2.197899e+01
         vertex 6.840635e+01 1.216100e+01 2.174061e+01
      endloop
   endfacet
   facet normal -1.000000e+00 0.000000e+00 -0.000000e+00
      outer loop
         vertex 6.840635e+01 1.271004e+01 2.378965e+01
         vertex 6.840635e+01 1.285989e+01 2.342788e+01
         vertex 6.840635e+01 1.141100e+01 2.303965e+01
      endloop
   endfacet
   facet normal -1.000000e+00 0.000000e+00 0.000000e+00
      outer loop
         vertex 6.840635e+01 1.141100e+01 2.303965e+01
         vertex 6.840635e+01 1.285989e+01 2.342788e+01
         vertex 6.840635e+01 1.291100e+01 2.303965e+01
      endloop
   endfacet
   facet normal -1.000000e+00 0.000000e+00 0.000000e+00
      outer loop
         vertex 6.840635e+01 1.141100e+01 2.303965e+01
         vertex 6.840635e+01 1.291100e+01 2.303965e+01
         vertex 6.840635e+01 1.285989e+01 2.265142e+01
      endloop
   endfacet
   facet normal -1.000000e+00 0.000000e+00 -0.000000e+00
      outer loop
         vertex 6.840635e+01 1.179923e+01 2.448854e+01
         vertex 6.840635e+01 1.216100e+01 2.433868e+01
         vertex 6.840635e+01 1.141100e+01 2.303965e+01
      endloop
   endfacet
   facet normal -1.000000e+00 0.000000e+00 0.000000e+00
      outer loop
         vertex 6.840635e+01 1.141100e+01 2.303965e+01
         vertex 6.840635e+01 1.216100e+01 2.433868e+01
         vertex 6.840635e+01 1.247166e+01 2.410031e+01
      endloop
   endfacet
   facet normal -1.000000e+00 0.000000e+00 0.000000e+00
      outer loop
         vertex 6.840635e+01 1.141100e+01 2.303965e+01
         vertex 6.840635e+01 1.247166e+01 2.410031e+01
         vertex 6.840635e+01 1.271004e+01 2.378965e+01
      endloop
   endfacet
   facet normal -1.000000e+00 0.000000e+00 0.000000e+00
      outer loop
         vertex 6.840635e+01 1.066100e+01 2.433868e+01
         vertex 6.840635e+01 1.102277e+01 2.448854e+01
         vertex 6.840635e+01 1.141100e+01 2.303965e+01
      endloop
   endfacet
   facet normal -1.000000e+00 0.000000e+00 0.000000e+00
      outer loop
         vertex 6.840635e+01 1.141100e+01 2.303965e+01
         vertex 6.840635e+01 1.102277e+01 2.448854e+01
         vertex 6.840635e+01 1.141100e+01 2.453965e+01
      endloop
   endfacet
   facet normal -1.000000e+00 0.000000e+00 0.000000e+00
      outer loop
         vertex 6.840635e+01 1.141100e+01 2.303965e+01
         vertex 6.840635e+01 1.141100e+01 2.453965e+01
         vertex 6.840635e+01 1.179923e+01 2.448854e+01
      endloop
   endfacet
   facet normal -1.000000e+00 0.000000e+00 0.000000e+00
      outer loop
         vertex 6.840635e+01 9.962112e+00 2.342788e+01
         vertex 6.840635e+01 1.011196e+01 2.378965e+01
         vertex 6.840635e+01 1.141100e+01 2.303965e+01
      endloop
   endfacet
   facet normal -1.000000e+00 0.000000e+00 0.000000e+00
      outer loop
         vertex 6.840635e+01 1.141100e+01 2.303965e+01
         vertex 6.840635e+01 1.011196e+01 2.378965e+01
         vertex 6.840635e+01 1.035034e+01 2.410031e+01
      endloop
   endfacet
   facet normal -1.000000e+00 0.000000e+00 0.000000e+00
      outer loop
         vertex 6.840635e+01 1.141100e+01 2.303965e+01
         vertex 6.840635e+01 1.035034e+01 2.410031e+01
         vertex 6.840635e+01 1.066100e+01 2.433868e+01
      endloop
   endfacet
   facet normal -1.000000e+00 0.000000e+00 0.000000e+00
      outer loop
         vertex 6.840635e+01 1.011196e+01 2.228965e+01
         vertex 6.840635e+01 9.962112e+00 2.265142e+01
         vertex 6.840635e+01 1.141100e+01 2.303965e+01
      endloop
   endfacet
   facet normal -1.000000e+00 0.000000e+00 0.000000e+00
      outer loop
         vertex 6.840635e+01 1.141100e+01 2.303965e+01
         vertex 6.840635e+01 9.962112e+00 2.265142e+01
         vertex 6.840635e+01 9.910999e+00 2.303965e+01
      endloop
   endfacet
   facet normal -1.000000e+00 -0.000000e+00 0.000000e+00
      outer loop
         vertex 6.840635e+01 1.141100e+01 2.303965e+01
         vertex 6.840635e+01 9.910999e+00 2.303965e+01
         vertex 6.840635e+01 9.962112e+00 2.342788e+01
      endloop
   endfacet
   facet normal -1.000000e+00 0.000000e+00 0.000000e+00
      outer loop
         vertex 6.840635e+01 1.102277e+01 2.159076e+01
         vertex 6.840635e+01 1.066100e+01 2.174061e+01
         vertex 6.840635e+01 1.141100e+01 2.303965e+01
      endloop
   endfacet
   facet normal -1.000000e+00 0.000000e+00 0.000000e+00
      outer loop
         vertex 6.840635e+01 1.141100e+01 2.303965e+01
         vertex 6.840635e+01 1.066100e+01 2.174061e+01
         vertex 6.840635e+01 1.035034e+01 2.197899e+01
      endloop
   endfacet
   facet normal -1.000000e+00 0.000000e+00 0.000000e+00
      outer loop
         vertex 6.840635e+01 1.141100e+01 2.303965e+01
         vertex 6.840635e+01 1.035034e+01 2.197899e+01
         vertex 6.840635e+01 1.011196e+01 2.228965e+01
      endloop
   endfacet
   facet normal -0.000000e+00 -1.305265e-01 -9.914448e-01
      outer loop
         vertex 6.840635e+01 1.141100e+01 2.453965e+01
         vertex 6.640635e+01 1.141100e+01 2.453965e+01
         vertex 6.840635e+01 1.179923e+01 2.448854e+01
      endloop
   endfacet
   facet normal -0.000000e+00 -1.305265e-01 -9.914448e-01
      outer loop
         vertex 6.840635e+01 1.179923e+01 2.448854e+01
         vertex 6.640635e+01 1.141100e+01 2.453965e+01
         vertex 6.640635e+01 1.179923e+01 2.448854e+01
      endloop
   endfacet
   facet normal -0.000000e+00 -3.826829e-01 -9.238797e-01
      outer loop
         vertex 6.840635e+01 1.179923e+01 2.448854e+01
         vertex 6.640635e+01 1.179923e+01 2.448854e+01
         vertex 6.840635e+01 1.216100e+01 2.433868e+01
      endloop
   endfacet
   facet normal -0.000000e+00 -3.826829e-01 -9.238797e-01
      outer loop
         vertex 6.840635e+01 1.216100e+01 2.433868e+01
         vertex 6.640635e+01 1.179923e+01 2.448854e+01
         vertex 6.640635e+01 1.216100e+01 2.433868e+01
      endloop
   endfacet
   facet normal -0.000000e+00 -6.087624e-01 -7.933526e-01
      outer loop
         vertex 6.840635e+01 1.216100e+01 2.433868e+01
         vertex 6.640635e+01 1.216100e+01 2.433868e+01
         vertex 6.840635e+01 1.247166e+01 2.410031e+01
      endloop
   endfacet
   facet normal -0.000000e+00 -6.087624e-01 -7.933526e-01
      outer loop
         vertex 6.840635e+01 1.247166e+01 2.410031e+01
         vertex 6.640635e+01 1.216100e+01 2.433868e+01
         vertex 6.640635e+01 1.247166e+01 2.410031e+01
      endloop
   endfacet
   facet normal -0.000000e+00 -7.933514e-01 -6.087640e-01
      outer loop
         vertex 6.840635e+01 1.247166e+01 2.410031e+01
         vertex 6.640635e+01 1.247166e+01 2.410031e+01
         vertex 6.840635e+01 1.271004e+01 2.378965e+01
      endloop
   endfacet
   facet normal -0.000000e+00 -7.933514e-01 -6.087640e-01
      outer loop
         vertex 6.840635e+01 1.271004e+01 2.378965e+01
         vertex 6.640635e+01 1.247166e+01 2.410031e+01
         vertex 6.640635e+01 1.271004e+01 2.378965e+01
      endloop
   endfacet
   facet normal -0.000000e+00 -9.238803e-01 -3.826816e-01
      outer loop
         vertex 6.840635e+01 1.271004e+01 2.378965e+01
         vertex 6.640635e+01 1.271004e+01 2.378965e+01
         vertex 6.840635e+01 1.285989e+01 2.342788e+01
      endloop
   endfacet
   facet normal -0.000000e+00 -9.238803e-01 -3.826816e-01
      outer loop
         vertex 6.840635e+01 1.285989e+01 2.342788e+01
         vertex 6.640635e+01 1.271004e+01 2.378965e+01
         vertex 6.640635e+01 1.285989e+01 2.342788e+01
      endloop
   endfacet
   facet normal -0.000000e+00 -9.914450e-01 -1.305255e-01
      outer loop
         vertex 6.840635e+01 1.285989e+01 2.342788e+01
         vertex 6.640635e+01 1.285989e+01 2.342788e+01
         vertex 6.840635e+01 1.291100e+01 2.303965e+01
      endloop
   endfacet
   facet normal -0.000000e+00 -9.914450e-01 -1.305255e-01
      outer loop
         vertex 6.840635e+01 1.291100e+01 2.303965e+01
         vertex 6.640635e+01 1.285989e+01 2.342788e+01
         vertex 6.640635e+01 1.291100e+01 2.303965e+01
      endloop
   endfacet
   facet normal 0.000000e+00 -9.914450e-01 1.305255e-01
      outer loop
         vertex 6.840635e+01 1.291100e+01 2.303965e+01
         vertex 6.640635e+01 1.291100e+01 2.303965e+01
         vertex 6.840635e+01 1.285989e+01 2.265142e+01
      endloop
   endfacet
   facet normal 0.000000e+00 -9.914450e-01 1.305255e-01
      outer loop
         vertex 6.840635e+01 1.285989e+01 2.265142e+01
         vertex 6.640635e+01 1.291100e+01 2.303965e+01
         vertex 6.640635e+01 1.285989e+01 2.265142e+01
      endloop
   endfacet
   facet normal 0.000000e+00 -9.238803e-01 3.826816e-01
      outer loop
         vertex 6.840635e+01 1.285989e+01 2.265142e+01
         vertex 6.640635e+01 1.285989e+01 2.265142e+01
         vertex 6.840635e+01 1.271004e+01 2.228965e+01
      endloop
   endfacet
   facet normal 0.000000e+00 -9.238803e-01 3.826816e-01
      outer loop
         vertex 6.840635e+01 1.271004e+01 2.228965e+01
         vertex 6.640635e+01 1.285989e+01 2.265142e+01
         vertex 6.640635e+01 1.271004e+01 2.228965e+01
      endloop
   endfacet
   facet normal 0.000000e+00 -7.933514e-01 6.087640e-01
      outer loop
         vertex 6.840635e+01 1.271004e+01 2.228965e+01
         vertex 6.640635e+01 1.271004e+01 2.228965e+01
         vertex 6.840635e+01 1.247166e+01 2.197899e+01
      endloop
   endfacet
   facet normal 0.000000e+00 -7.933514e-01 6.087640e-01
      outer loop
         vertex 6.840635e+01 1.247166e+01 2.197899e+01
         vertex 6.640635e+01 1.271004e+01 2.228965e+01
         vertex 6.640635e+01 1.247166e+01 2.197899e+01
      endloop
   endfacet
   facet normal 0.000000e+00 -6.087624e-01 7.933526e-01
      outer loop
         vertex 6.840635e+01 1.247166e+01 2.197899e+01
         vertex 6.640635e+01 1.247166e+01 2.197899e+01
         vertex 6.840635e+01 1.216100e+01 2.174061e+01
      endloop
   endfacet
   facet normal 0.000000e+00 -6.087624e-01 7.933526e-01
      outer loop
         vertex 6.840635e+01 1.216100e+01 2.174061e+01
         vertex 6.640635e+01 1.247166e+01 2.197899e+01
         vertex 6.640635e+01 1.216100e+01 2.174061e+01
      endloop
   endfacet
   facet normal 0.000000e+00 -3.826829e-01 9.238797e-01
      outer loop
         vertex 6.840635e+01 1.216100e+01 2.174061e+01
         vertex 6.640635e+01 1.216100e+01 2.174061e+01
         vertex 6.840635e+01 1.179923e+01 2.159076e+01
      endloop
   endfacet
   facet normal 0.000000e+00 -3.826829e-01 9.238797e-01
      outer loop
         vertex 6.840635e+01 1.179923e+01 2.159076e+01
         vertex 6.640635e+01 1.216100e+01 2.174061e+01
         vertex 6.640635e+01 1.179923e+01 2.159076e+01
      endloop
   endfacet
   facet normal 0.000000e+00 -1.305265e-01 9.914448e-01
      outer loop
         vertex 6.840635e+01 1.179923e+01 2.159076e+01
         vertex 6.640635e+01 1.179923e+01 2.159076e+01
         vertex 6.840635e+01 1.141100e+01 2.153965e+01
      endloop
   endfacet
   facet normal 0.000000e+00 -1.305265e-01 9.914448e-01
      outer loop
         vertex 6.840635e+01 1.141100e+01 2.153965e+01
         vertex 6.640635e+01 1.179923e+01 2.159076e+01
         vertex 6.640635e+01 1.141100e+01 2.153965e+01
      endloop
   endfacet
   facet normal 0.000000e+00 1.305258e-01 9.914449e-01
      outer loop
         vertex 6.840635e+01 1.141100e+01 2.153965e+01
         vertex 6.640635e+01 1.141100e+01 2.153965e+01
         vertex 6.840635e+01 1.102277e+01 2.159076e+01
      endloop
   endfacet
   facet normal 0.000000e+00 1.305258e-01 9.914449e-01
      outer loop
         vertex 6.840635e+01 1.102277e+01 2.159076e+01
         vertex 6.640635e+01 1.141100e+01 2.153965e+01
         vertex 6.640635e+01 1.102277e+01 2.159076e+01
      endloop
   endfacet
   facet normal 0.000000e+00 3.826846e-01 9.238791e-01
      outer loop
         vertex 6.840635e+01 1.102277e+01 2.159076e+01
         vertex 6.640635e+01 1.102277e+01 2.159076e+01
         vertex 6.840635e+01 1.066100e+01 2.174061e+01
      endloop
   endfacet
   facet normal 0.000000e+00 3.826846e-01 9.238791e-01
      outer loop
         vertex 6.840635e+01 1.066100e+01 2.174061e+01
         vertex 6.640635e+01 1.102277e+01 2.159076e+01
         vertex 6.640635e+01 1.066100e+01 2.174061e+01
      endloop
   endfacet
   facet normal 0.000000e+00 6.087601e-01 7.933544e-01
      outer loop
         vertex 6.840635e+01 1.066100e+01 2.174061e+01
         vertex 6.640635e+01 1.066100e+01 2.174061e+01
         vertex 6.840635e+01 1.035034e+01 2.197899e+01
      endloop
   endfacet
   facet normal 0.000000e+00 6.087601e-01 7.933544e-01
      outer loop
         vertex 6.840635e+01 1.035034e+01 2.197899e+01
         vertex 6.640635e+01 1.066100e+01 2.174061e+01
         vertex 6.640635e+01 1.035034e+01 2.197899e+01
      endloop
   endfacet
   facet normal 0.000000e+00 7.933537e-01 6.087610e-01
      outer loop
         vertex 6.840635e+01 1.035034e+01 2.197899e+01
         vertex 6.640635e+01 1.035034e+01 2.197899e+01
         vertex 6.840635e+01 1.011196e+01 2.228965e+01
      endloop
   endfacet
   facet normal 0.000000e+00 7.933537e-01 6.087610e-01
      outer loop
         vertex 6.840635e+01 1.011196e+01 2.228965e+01
         vertex 6.640635e+01 1.035034e+01 2.197899e+01
         vertex 6.640635e+01 1.011196e+01 2.228965e+01
      endloop
   endfacet
   facet normal 0.000000e+00 9.238803e-01 3.826816e-01
      outer loop
         vertex 6.840635e+01 1.011196e+01 2.228965e+01
         vertex 6.640635e+01 1.011196e+01 2.228965e+01
         vertex 6.840635e+01 9.962112e+00 2.265142e+01
      endloop
   endfacet
   facet normal 0.000000e+00 9.238803e-01 3.826816e-01
      outer loop
         vertex 6.840635e+01 9.962112e+00 2.265142e+01
         vertex 6.640635e+01 1.011196e+01 2.228965e+01
         vertex 6.640635e+01 9.962112e+00 2.265142e+01
      endloop
   endfacet
   facet normal 0.000000e+00 9.914443e-01 1.305302e-01
      outer loop
         vertex 6.840635e+01 9.962112e+00 2.265142e+01
         vertex 6.640635e+01 9.962112e+00 2.265142e+01
         vertex 6.840635e+01 9.910999e+00 2.303965e+01
      endloop
   endfacet
   facet normal 0.000000e+00 9.914443e-01 1.305302e-01
      outer loop
         vertex 6.840635e+01 9.910999e+00 2.303965e+01
         vertex 6.640635e+01 9.962112e+00 2.265142e+01
         vertex 6.640635e+01 9.910999e+00 2.303965e+01
      endloop
   endfacet
   facet normal 0.000000e+00 9.914443e-01 -1.305302e-01
      outer loop
         vertex 6.840635e+01 9.910999e+00 2.303965e+01
         vertex 6.640635e+01 9.910999e+00 2.303965e+01
         vertex 6.840635e+01 9.962112e+00 2.342788e+01
      endloop
   endfacet
   facet normal 0.000000e+00 9.914443e-01 -1.305302e-01
      outer loop
         vertex 6.840635e+01 9.962112e+00 2.342788e+01
         vertex 6.640635e+01 9.910999e+00 2.303965e+01
         vertex 6.640635e+01 9.962112e+00 2.342788e+01
      endloop
   endfacet
   facet normal 0.000000e+00 9.238803e-01 -3.826816e-01
      outer loop
         vertex 6.840635e+01 9.962112e+00 2.342788e+01
         vertex 6.640635e+01 9.962112e+00 2.342788e+01
         vertex 6.840635e+01 1.011196e+01 2.378965e+01
      endloop
   endfacet
   facet normal 0.000000e+00 9.238803e-01 -3.826816e-01
      outer loop
         vertex 6.840635e+01 1.011196e+01 2.378965e+01
         vertex 6.640635e+01 9.962112e+00 2.342788e+01
         vertex 6.640635e+01 1.011196e+01 2.378965e+01
      endloop
   endfacet
   facet normal 0.000000e+00 7.933537e-01 -6.087610e-01
      outer loop
         vertex 6.840635e+01 1.011196e+01 2.378965e+01
         vertex 6.640635e+01 1.011196e+01 2.378965e+01
         vertex 6.840635e+01 1.035034e+01 2.410031e+01
      endloop
   endfacet
   facet normal 0.000000e+00 7.933537e-01 -6.087610e-01
      outer loop
         vertex 6.840635e+01 1.035034e+01 2.410031e+01
         vertex 6.640635e+01 1.011196e+01 2.378965e+01
         vertex 6.640635e+01 1.035034e+01 2.410031e+01
      endloop
   endfacet
   facet normal 0.000000e+00 6.087601e-01 -7.933544e-01
      outer loop
         vertex 6.840635e+01 1.035034e+01 2.410031e+01
         vertex 6.640635e+01 1.035034e+01 2.410031e+01
         vertex 6.840635e+01 1.066100e+01 2.433868e+01
      endloop
   endfacet
   facet normal 0.000000e+00 6.087601e-01 -7.933544e-01
      outer loop
         vertex 6.840635e+01 1.066100e+01 2.433868e+01
         vertex 6.640635e+01 1.035034e+01 2.410031e+01
         vertex 6.640635e+01 1.066100e+01 2.433868e+01
      endloop
   endfacet
   facet normal 0.000000e+00 3.826846e-01 -9.238791e-01
      outer loop
         vertex 6.840635e+01 1.066100e+01 2.433868e+01
         vertex 6.640635e+01 1.066100e+01 2.433868e+01
         vertex 6.840635e+01 1.102277e+01 2.448854e+01
      endloop
   endfacet
   facet normal 0.000000e+00 3.826846e-01 -9.238791e-01
      outer loop
         vertex 6.840635e+01 1.102277e+01 2.448854e+01
         vertex 6.640635e+01 1.066100e+01 2.433868e+01
         vertex 6.640635e+01 1.102277e+01 2.448854e+01
      endloop
   endfacet
   facet normal 0.000000e+00 1.305258e-01 -9.914449e-01
      outer loop
         vertex 6.840635e+01 1.102277e+01 2.448854e+01
         vertex 6.640635e+01 1.102277e+01 2.448854e+01
         vertex 6.840635e+01 1.141100e+01 2.453965e+01
      endloop
   endfacet
   facet normal 0.000000e+00 1.305258e-01 -9.914449e-01
      outer loop
         vertex 6.840635e+01 1.141100e+01 2.453965e+01
         vertex 6.640635e+01 1.102277e+01 2.448854e+01
         vertex 6.640635e+01 1.141100e+01 2.453965e+01
      endloop
   endfacet
   facet normal 0.000000e+00 -1.160932e-01 9.932383e-01
      outer loop
         vertex 6.540635e+01 8.304399e+00 3.089625e+01
         vertex 6.840635e+01 8.304399e+00 3.089625e+01
         vertex 6.540635e+01 8.938592e+00 3.097038e+01
      endloop
   endfacet
   facet normal 0.000000e+00 -1.160932e-01 9.932383e-01
      outer loop
         vertex 6.540635e+01 8.938592e+00 3.097038e+01
         vertex 6.840635e+01 8.304399e+00 3.089625e+01
         vertex 6.840635e+01 8.938592e+00 3.097038e+01
      endloop
   endfacet
   facet normal 0.000000e+00 -3.420191e-01 9.396930e-01
      outer loop
         vertex 6.540635e+01 8.938592e+00 3.097038e+01
         vertex 6.840635e+01 8.938592e+00 3.097038e+01
         vertex 6.540635e+01 9.538596e+00 3.118876e+01
      endloop
   endfacet
   facet normal 0.000000e+00 -3.420191e-01 9.396930e-01
      outer loop
         vertex 6.540635e+01 9.538596e+00 3.118876e+01
         vertex 6.840635e+01 8.938592e+00 3.097038e+01
         vertex 6.840635e+01 9.538596e+00 3.118876e+01
      endloop
   endfacet
   facet normal 0.000000e+00 -5.495096e-01 8.354874e-01
      outer loop
         vertex 6.540635e+01 9.538596e+00 3.118876e+01
         vertex 6.840635e+01 9.538596e+00 3.118876e+01
         vertex 6.540635e+01 1.007206e+01 3.153963e+01
      endloop
   endfacet
   facet normal 0.000000e+00 -5.495096e-01 8.354874e-01
      outer loop
         vertex 6.540635e+01 1.007206e+01 3.153963e+01
         vertex 6.840635e+01 9.538596e+00 3.118876e+01
         vertex 6.840635e+01 1.007206e+01 3.153963e+01
      endloop
   endfacet
   facet normal 0.000000e+00 -7.273744e-01 6.862408e-01
      outer loop
         vertex 6.540635e+01 1.007206e+01 3.153963e+01
         vertex 6.840635e+01 1.007206e+01 3.153963e+01
         vertex 6.540635e+01 1.051024e+01 3.200406e+01
      endloop
   endfacet
   facet normal 0.000000e+00 -7.273744e-01 6.862408e-01
      outer loop
         vertex 6.540635e+01 1.051024e+01 3.200406e+01
         vertex 6.840635e+01 1.007206e+01 3.153963e+01
         vertex 6.840635e+01 1.051024e+01 3.200406e+01
      endloop
   endfacet
   facet normal 0.000000e+00 -8.660252e-01 5.000003e-01
      outer loop
         vertex 6.540635e+01 1.051024e+01 3.200406e+01
         vertex 6.840635e+01 1.051024e+01 3.200406e+01
         vertex 6.540635e+01 1.082949e+01 3.255703e+01
      endloop
   endfacet
   facet normal 0.000000e+00 -8.660252e-01 5.000003e-01
      outer loop
         vertex 6.540635e+01 1.082949e+01 3.255703e+01
         vertex 6.840635e+01 1.051024e+01 3.200406e+01
         vertex 6.840635e+01 1.082949e+01 3.255703e+01
      endloop
   endfacet
   facet normal 0.000000e+00 -9.579892e-01 2.868043e-01
      outer loop
         vertex 6.540635e+01 1.082949e+01 3.255703e+01
         vertex 6.840635e+01 1.082949e+01 3.255703e+01
         vertex 6.540635e+01 1.101262e+01 3.316872e+01
      endloop
   endfacet
   facet normal 0.000000e+00 -9.579892e-01 2.868043e-01
      outer loop
         vertex 6.540635e+01 1.101262e+01 3.316872e+01
         vertex 6.840635e+01 1.082949e+01 3.255703e+01
         vertex 6.840635e+01 1.101262e+01 3.316872e+01
      endloop
   endfacet
   facet normal 0.000000e+00 -9.983081e-01 5.814504e-02
      outer loop
         vertex 6.540635e+01 1.101262e+01 3.316872e+01
         vertex 6.840635e+01 1.101262e+01 3.316872e+01
         vertex 6.540635e+01 1.104975e+01 3.380615e+01
      endloop
   endfacet
   facet normal 0.000000e+00 -9.983081e-01 5.814504e-02
      outer loop
         vertex 6.540635e+01 1.104975e+01 3.380615e+01
         vertex 6.840635e+01 1.101262e+01 3.316872e+01
         vertex 6.840635e+01 1.104975e+01 3.380615e+01
      endloop
   endfacet
   facet normal 0.000000e+00 -9.848079e-01 -1.736473e-01
      outer loop
         vertex 6.540635e+01 1.104975e+01 3.380615e+01
         vertex 6.840635e+01 1.104975e+01 3.380615e+01
         vertex 6.540635e+01 1.093887e+01 3.443496e+01
      endloop
   endfacet
   facet normal 0.000000e+00 -9.848079e-01 -1.736473e-01
      outer loop
         vertex 6.540635e+01 1.093887e+01 3.443496e+01
         vertex 6.840635e+01 1.104975e+01 3.380615e+01
         vertex 6.840635e+01 1.093887e+01 3.443496e+01
      endloop
   endfacet
   facet normal 0.000000e+00 -9.182154e-01 -3.960815e-01
      outer loop
         vertex 6.540635e+01 1.093887e+01 3.443496e+01
         vertex 6.840635e+01 1.093887e+01 3.443496e+01
         vertex 6.540635e+01 1.068597e+01 3.502125e+01
      endloop
   endfacet
   facet normal 0.000000e+00 -9.182154e-01 -3.960815e-01
      outer loop
         vertex 6.540635e+01 1.068597e+01 3.502125e+01
         vertex 6.840635e+01 1.093887e+01 3.443496e+01
         vertex 6.840635e+01 1.068597e+01 3.502125e+01
      endloop
   endfacet
   facet normal 0.000000e+00 -8.021240e-01 -5.971575e-01
      outer loop
         vertex 6.540635e+01 1.068597e+01 3.502125e+01
         vertex 6.840635e+01 1.068597e+01 3.502125e+01
         vertex 6.540635e+01 1.030468e+01 3.553341e+01
      endloop
   endfacet
   facet normal 0.000000e+00 -8.021240e-01 -5.971575e-01
      outer loop
         vertex 6.540635e+01 1.030468e+01 3.553341e+01
         vertex 6.840635e+01 1.068597e+01 3.502125e+01
         vertex 6.840635e+01 1.030468e+01 3.553341e+01
      endloop
   endfacet
   facet normal 0.000000e+00 -6.427872e-01 -7.660448e-01
      outer loop
         vertex 6.540635e+01 1.030468e+01 3.553341e+01
         vertex 6.840635e+01 1.030468e+01 3.553341e+01
         vertex 6.540635e+01 9.815548e+00 3.594384e+01
      endloop
   endfacet
   facet normal 0.000000e+00 -6.427872e-01 -7.660448e-01
      outer loop
         vertex 6.540635e+01 9.815548e+00 3.594384e+01
         vertex 6.840635e+01 1.030468e+01 3.553341e+01
         vertex 6.840635e+01 9.815548e+00 3.594384e+01
      endloop
   endfacet
   facet normal 0.000000e+00 -4.487998e-01 -8.936323e-01
      outer loop
         vertex 6.540635e+01 9.815548e+00 3.594384e+01
         vertex 6.840635e+01 9.815548e+00 3.594384e+01
         vertex 6.540635e+01 9.244954e+00 3.623040e+01
      endloop
   endfacet
   facet normal 0.000000e+00 -4.487998e-01 -8.936323e-01
      outer loop
         vertex 6.540635e+01 9.244954e+00 3.623040e+01
         vertex 6.840635e+01 9.815548e+00 3.594384e+01
         vertex 6.840635e+01 9.244954e+00 3.623040e+01
      endloop
   endfacet
   facet normal 0.000000e+00 -2.306153e-01 -9.730450e-01
      outer loop
         vertex 6.540635e+01 9.244954e+00 3.623040e+01
         vertex 6.840635e+01 9.244954e+00 3.623040e+01
         vertex 6.540635e+01 8.623654e+00 3.637765e+01
      endloop
   endfacet
   facet normal 0.000000e+00 -2.306153e-01 -9.730450e-01
      outer loop
         vertex 6.540635e+01 8.623654e+00 3.637765e+01
         vertex 6.840635e+01 9.244954e+00 3.623040e+01
         vertex 6.840635e+01 8.623654e+00 3.637765e+01
      endloop
   endfacet
   facet normal 0.000000e+00 0.000000e+00 -1.000000e+00
      outer loop
         vertex 6.540635e+01 8.623654e+00 3.637765e+01
         vertex 6.840635e+01 8.623654e+00 3.637765e+01
         vertex 6.540635e+01 7.985143e+00 3.637765e+01
      endloop
   endfacet
   facet normal 0.000000e+00 0.000000e+00 -1.000000e+00
      outer loop
         vertex 6.540635e+01 7.985143e+00 3.637765e+01
         vertex 6.840635e+01 8.623654e+00 3.637765e+01
         vertex 6.840635e+01 7.985143e+00 3.637765e+01
      endloop
   endfacet
   facet normal 0.000000e+00 2.306153e-01 -9.730450e-01
      outer loop
         vertex 6.540635e+01 7.985143e+00 3.637765e+01
         vertex 6.840635e+01 7.985143e+00 3.637765e+01
         vertex 6.540635e+01 7.363843e+00 3.623040e+01
      endloop
   endfacet
   facet normal 0.000000e+00 2.306153e-01 -9.730450e-01
      outer loop
         vertex 6.540635e+01 7.363843e+00 3.623040e+01
         vertex 6.840635e+01 7.985143e+00 3.637765e+01
         vertex 6.840635e+01 7.363843e+00 3.623040e+01
      endloop
   endfacet
   facet normal 0.000000e+00 4.487987e-01 -8.936329e-01
      outer loop
         vertex 6.540635e+01 7.363843e+00 3.623040e+01
         vertex 6.840635e+01 7.363843e+00 3.623040e+01
         vertex 6.540635e+01 6.793248e+00 3.594384e+01
      endloop
   endfacet
   facet normal 0.000000e+00 4.487987e-01 -8.936329e-01
      outer loop
         vertex 6.540635e+01 6.793248e+00 3.594384e+01
         vertex 6.840635e+01 7.363843e+00 3.623040e+01
         vertex 6.840635e+01 6.793248e+00 3.594384e+01
      endloop
   endfacet
   facet normal 0.000000e+00 6.427887e-01 -7.660436e-01
      outer loop
         vertex 6.540635e+01 6.793248e+00 3.594384e+01
         vertex 6.840635e+01 6.793248e+00 3.594384e+01
         vertex 6.540635e+01 6.304121e+00 3.553341e+01
      endloop
   endfacet
   facet normal 0.000000e+00 6.427887e-01 -7.660436e-01
      outer loop
         vertex 6.540635e+01 6.304121e+00 3.553341e+01
         vertex 6.840635e+01 6.793248e+00 3.594384e+01
         vertex 6.840635e+01 6.304121e+00 3.553341e+01
      endloop
   endfacet
   facet normal 0.000000e+00 8.021226e-01 -5.971593e-01
      outer loop
         vertex 6.540635e+01 6.304121e+00 3.553341e+01
         vertex 6.840635e+01 6.304121e+00 3.553341e+01
         vertex 6.540635e+01 5.922828e+00 3.502125e+01
      endloop
   endfacet
   facet normal 0.000000e+00 8.021226e-01 -5.971593e-01
      outer loop
         vertex 6.540635e+01 5.922828e+00 3.502125e+01
         vertex 6.840635e+01 6.304121e+00 3.553341e+01
         vertex 6.840635e+01 5.922828e+00 3.502125e+01
      endloop
   endfacet
   facet normal 0.000000e+00 9.182164e-01 -3.960791e-01
      outer loop
         vertex 6.540635e+01 5.922828e+00 3.502125e+01
         vertex 6.840635e+01 5.922828e+00 3.502125e+01
         vertex 6.540635e+01 5.669927e+00 3.443496e+01
      endloop
   endfacet
   facet normal 0.000000e+00 9.182164e-01 -3.960791e-01
      outer loop
         vertex 6.540635e+01 5.669927e+00 3.443496e+01
         vertex 6.840635e+01 5.922828e+00 3.502125e+01
         vertex 6.840635e+01 5.669927e+00 3.443496e+01
      endloop
   endfacet
   facet normal 0.000000e+00 9.848079e-01 -1.736473e-01
      outer loop
         vertex 6.540635e+01 5.669927e+00 3.443496e+01
         vertex 6.840635e+01 5.669927e+00 3.443496e+01
         vertex 6.540635e+01 5.559051e+00 3.380615e+01
      endloop
   endfacet
   facet normal 0.000000e+00 9.848079e-01 -1.736473e-01
      outer loop
         vertex 6.540635e+01 5.559051e+00 3.380615e+01
         vertex 6.840635e+01 5.669927e+00 3.443496e+01
         vertex 6.840635e+01 5.559051e+00 3.380615e+01
      endloop
   endfacet
   facet normal -0.000000e+00 9.983083e-01 5.814213e-02
      outer loop
         vertex 6.540635e+01 5.559051e+00 3.380615e+01
         vertex 6.840635e+01 5.559051e+00 3.380615e+01
         vertex 6.540635e+01 5.596176e+00 3.316872e+01
      endloop
   endfacet
   facet normal -0.000000e+00 9.983083e-01 5.814213e-02
      outer loop
         vertex 6.540635e+01 5.596176e+00 3.316872e+01
         vertex 6.840635e+01 5.559051e+00 3.380615e+01
         vertex 6.840635e+01 5.596176e+00 3.316872e+01
      endloop
   endfacet
   facet normal -0.000000e+00 9.579892e-01 2.868043e-01
      outer loop
         vertex 6.540635e+01 5.596176e+00 3.316872e+01
         vertex 6.840635e+01 5.596176e+00 3.316872e+01
         vertex 6.540635e+01 5.779304e+00 3.255703e+01
      endloop
   endfacet
   facet normal -0.000000e+00 9.579892e-01 2.868043e-01
      outer loop
         vertex 6.540635e+01 5.779304e+00 3.255703e+01
         vertex 6.840635e+01 5.596176e+00 3.316872e+01
         vertex 6.840635e+01 5.779304e+00 3.255703e+01
      endloop
   endfacet
   facet normal -0.000000e+00 8.660252e-01 5.000003e-01
      outer loop
         vertex 6.540635e+01 5.779304e+00 3.255703e+01
         vertex 6.840635e+01 5.779304e+00 3.255703e+01
         vertex 6.540635e+01 6.098559e+00 3.200406e+01
      endloop
   endfacet
   facet normal -0.000000e+00 8.660252e-01 5.000003e-01
      outer loop
         vertex 6.540635e+01 6.098559e+00 3.200406e+01
         vertex 6.840635e+01 5.779304e+00 3.255703e+01
         vertex 6.840635e+01 6.098559e+00 3.200406e+01
      endloop
   endfacet
   facet normal -0.000000e+00 7.273744e-01 6.862408e-01
      outer loop
         vertex 6.540635e+01 6.098559e+00 3.200406e+01
         vertex 6.840635e+01 6.098559e+00 3.200406e+01
         vertex 6.540635e+01 6.536731e+00 3.153963e+01
      endloop
   endfacet
   facet normal -0.000000e+00 7.273744e-01 6.862408e-01
      outer loop
         vertex 6.540635e+01 6.536731e+00 3.153963e+01
         vertex 6.840635e+01 6.098559e+00 3.200406e+01
         vertex 6.840635e+01 6.536731e+00 3.153963e+01
      endloop
   endfacet
   facet normal -0.000000e+00 5.495082e-01 8.354883e-01
      outer loop
         vertex 6.540635e+01 6.536731e+00 3.153963e+01
         vertex 6.840635e+01 6.536731e+00 3.153963e+01
         vertex 6.540635e+01 7.070201e+00 3.118876e+01
      endloop
   endfacet
   facet normal -0.000000e+00 5.495082e-01 8.354883e-01
      outer loop
         vertex 6.540635e+01 7.070201e+00 3.118876e+01
         vertex 6.840635e+01 6.536731e+00 3.153963e+01
         vertex 6.840635e+01 7.070201e+00 3.118876e+01
      endloop
   endfacet
   facet normal -0.000000e+00 3.420191e-01 9.396930e-01
      outer loop
         vertex 6.540635e+01 7.070201e+00 3.118876e+01
         vertex 6.840635e+01 7.070201e+00 3.118876e+01
         vertex 6.540635e+01 7.670205e+00 3.097038e+01
      endloop
   endfacet
   facet normal -0.000000e+00 3.420191e-01 9.396930e-01
      outer loop
         vertex 6.540635e+01 7.670205e+00 3.097038e+01
         vertex 6.840635e+01 7.070201e+00 3.118876e+01
         vertex 6.840635e+01 7.670205e+00 3.097038e+01
      endloop
   endfacet
   facet normal -0.000000e+00 1.160932e-01 9.932383e-01
      outer loop
         vertex 6.540635e+01 7.670205e+00 3.097038e+01
         vertex 6.840635e+01 7.670205e+00 3.097038e+01
         vertex 6.540635e+01 8.304399e+00 3.089625e+01
      endloop
   endfacet
   facet normal -0.000000e+00 1.160932e-01 9.932383e-01
      outer loop
         vertex 6.540635e+01 8.304399e+00 3.089625e+01
         vertex 6.840635e+01 7.670205e+00 3.097038e+01
         vertex 6.840635e+01 8.304399e+00 3.089625e+01
      endloop
   endfacet
   facet normal 1.000000e+00 0.000000e+00 0.000000e+00
      outer loop
         vertex 6.540635e+01 6.855508e+00 3.325802e+01
         vertex 6.540635e+01 5.779304e+00 3.255703e+01
         vertex 6.540635e+01 7.005360e+00 3.289625e+01
      endloop
   endfacet
   facet normal 1.000000e+00 0.000000e+00 0.000000e+00
      outer loop
         vertex 6.540635e+01 7.005360e+00 3.289625e+01
         vertex 6.540635e+01 5.779304e+00 3.255703e+01
         vertex 6.540635e+01 6.098559e+00 3.200406e+01
      endloop
   endfacet
   facet normal 1.000000e+00 0.000000e+00 0.000000e+00
      outer loop
         vertex 6.540635e+01 7.005360e+00 3.289625e+01
         vertex 6.540635e+01 6.098559e+00 3.200406e+01
         vertex 6.540635e+01 7.243738e+00 3.258559e+01
      endloop
   endfacet
   facet normal 1.000000e+00 0.000000e+00 0.000000e+00
      outer loop
         vertex 6.540635e+01 7.243738e+00 3.258559e+01
         vertex 6.540635e+01 6.098559e+00 3.200406e+01
         vertex 6.540635e+01 6.536731e+00 3.153963e+01
      endloop
   endfacet
   facet normal 1.000000e+00 0.000000e+00 0.000000e+00
      outer loop
         vertex 6.540635e+01 7.243738e+00 3.258559e+01
         vertex 6.540635e+01 6.536731e+00 3.153963e+01
         vertex 6.540635e+01 7.554399e+00 3.234721e+01
      endloop
   endfacet
   facet normal 1.000000e+00 0.000000e+00 0.000000e+00
      outer loop
         vertex 6.540635e+01 7.554399e+00 3.234721e+01
         vertex 6.540635e+01 6.536731e+00 3.153963e+01
         vertex 6.540635e+01 7.070201e+00 3.118876e+01
      endloop
   endfacet
   facet normal 1.000000e+00 0.000000e+00 0.000000e+00
      outer loop
         vertex 6.540635e+01 7.554399e+00 3.234721e+01
         vertex 6.540635e+01 7.070201e+00 3.118876e+01
         vertex 6.540635e+01 7.916169e+00 3.219736e+01
      endloop
   endfacet
   facet normal 1.000000e+00 0.000000e+00 0.000000e+00
      outer loop
         vertex 6.540635e+01 7.916169e+00 3.219736e+01
         vertex 6.540635e+01 7.070201e+00 3.118876e+01
         vertex 6.540635e+01 7.670205e+00 3.097038e+01
      endloop
   endfacet
   facet normal 1.000000e+00 0.000000e+00 0.000000e+00
      outer loop
         vertex 6.540635e+01 7.916169e+00 3.219736e+01
         vertex 6.540635e+01 7.670205e+00 3.097038e+01
         vertex 6.540635e+01 8.304399e+00 3.214625e+01
      endloop
   endfacet
   facet normal 1.000000e+00 0.000000e+00 0.000000e+00
      outer loop
         vertex 6.540635e+01 8.304399e+00 3.214625e+01
         vertex 6.540635e+01 7.670205e+00 3.097038e+01
         vertex 6.540635e+01 8.304399e+00 3.089625e+01
      endloop
   endfacet
   facet normal 1.000000e+00 -0.000000e+00 0.000000e+00
      outer loop
         vertex 6.540635e+01 8.304399e+00 3.214625e+01
         vertex 6.540635e+01 8.304399e+00 3.089625e+01
         vertex 6.540635e+01 8.692626e+00 3.219736e+01
      endloop
   endfacet
   facet normal 1.000000e+00 0.000000e+00 0.000000e+00
      outer loop
         vertex 6.540635e+01 8.692626e+00 3.219736e+01
         vertex 6.540635e+01 8.304399e+00 3.089625e+01
         vertex 6.540635e+01 8.938592e+00 3.097038e+01
      endloop
   endfacet
   facet normal 1.000000e+00 -0.000000e+00 0.000000e+00
      outer loop
         vertex 6.540635e+01 8.692626e+00 3.219736e+01
         vertex 6.540635e+01 8.938592e+00 3.097038e+01
         vertex 6.540635e+01 9.054398e+00 3.234721e+01
      endloop
   endfacet
   facet normal 1.000000e+00 0.000000e+00 0.000000e+00
      outer loop
         vertex 6.540635e+01 9.054398e+00 3.234721e+01
         vertex 6.540635e+01 8.938592e+00 3.097038e+01
         vertex 6.540635e+01 9.538596e+00 3.118876e+01
      endloop
   endfacet
   facet normal 1.000000e+00 -0.000000e+00 0.000000e+00
      outer loop
         vertex 6.540635e+01 9.054398e+00 3.234721e+01
         vertex 6.540635e+01 9.538596e+00 3.118876e+01
         vertex 6.540635e+01 9.365058e+00 3.258559e+01
      endloop
   endfacet
   facet normal 1.000000e+00 0.000000e+00 0.000000e+00
      outer loop
         vertex 6.540635e+01 8.692626e+00 3.509514e+01
         vertex 6.540635e+01 8.623654e+00 3.637765e+01
         vertex 6.540635e+01 8.304399e+00 3.514625e+01
      endloop
   endfacet
   facet normal 1.000000e+00 0.000000e+00 -0.000000e+00
      outer loop
         vertex 6.540635e+01 8.304399e+00 3.514625e+01
         vertex 6.540635e+01 8.623654e+00 3.637765e+01
         vertex 6.540635e+01 7.985143e+00 3.637765e+01
      endloop
   endfacet
   facet normal 1.000000e+00 0.000000e+00 0.000000e+00
      outer loop
         vertex 6.540635e+01 8.304399e+00 3.514625e+01
         vertex 6.540635e+01 7.985143e+00 3.637765e+01
         vertex 6.540635e+01 7.916169e+00 3.509514e+01
      endloop
   endfacet
   facet normal 1.000000e+00 0.000000e+00 -0.000000e+00
      outer loop
         vertex 6.540635e+01 7.916169e+00 3.509514e+01
         vertex 6.540635e+01 7.985143e+00 3.637765e+01
         vertex 6.540635e+01 7.363843e+00 3.623040e+01
      endloop
   endfacet
   facet normal 1.000000e+00 0.000000e+00 0.000000e+00
      outer loop
         vertex 6.540635e+01 7.916169e+00 3.509514e+01
         vertex 6.540635e+01 7.363843e+00 3.623040e+01
         vertex 6.540635e+01 7.554399e+00 3.494529e+01
      endloop
   endfacet
   facet normal 1.000000e+00 0.000000e+00 0.000000e+00
      outer loop
         vertex 6.540635e+01 7.554399e+00 3.494529e+01
         vertex 6.540635e+01 7.363843e+00 3.623040e+01
         vertex 6.540635e+01 6.793248e+00 3.594384e+01
      endloop
   endfacet
   facet normal 1.000000e+00 0.000000e+00 0.000000e+00
      outer loop
         vertex 6.540635e+01 7.554399e+00 3.494529e+01
         vertex 6.540635e+01 6.793248e+00 3.594384e+01
         vertex 6.540635e+01 7.243738e+00 3.470691e+01
      endloop
   endfacet
   facet normal 1.000000e+00 0.000000e+00 0.000000e+00
      outer loop
         vertex 6.540635e+01 7.243738e+00 3.470691e+01
         vertex 6.540635e+01 6.793248e+00 3.594384e+01
         vertex 6.540635e+01 6.304121e+00 3.553341e+01
      endloop
   endfacet
   facet normal 1.000000e+00 0.000000e+00 0.000000e+00
      outer loop
         vertex 6.540635e+01 7.243738e+00 3.470691e+01
         vertex 6.540635e+01 6.304121e+00 3.553341e+01
         vertex 6.540635e+01 7.005360e+00 3.439625e+01
      endloop
   endfacet
   facet normal 1.000000e+00 0.000000e+00 0.000000e+00
      outer loop
         vertex 6.540635e+01 7.005360e+00 3.439625e+01
         vertex 6.540635e+01 6.304121e+00 3.553341e+01
         vertex 6.540635e+01 5.922828e+00 3.502125e+01
      endloop
   endfacet
   facet normal 1.000000e+00 0.000000e+00 0.000000e+00
      outer loop
         vertex 6.540635e+01 7.005360e+00 3.439625e+01
         vertex 6.540635e+01 5.922828e+00 3.502125e+01
         vertex 6.540635e+01 6.855508e+00 3.403448e+01
      endloop
   endfacet
   facet normal 1.000000e+00 0.000000e+00 0.000000e+00
      outer loop
         vertex 6.540635e+01 6.855508e+00 3.403448e+01
         vertex 6.540635e+01 5.922828e+00 3.502125e+01
         vertex 6.540635e+01 5.669927e+00 3.443496e+01
      endloop
   endfacet
   facet normal 1.000000e+00 0.000000e+00 0.000000e+00
      outer loop
         vertex 6.540635e+01 6.855508e+00 3.403448e+01
         vertex 6.540635e+01 5.669927e+00 3.443496e+01
         vertex 6.540635e+01 6.804397e+00 3.364625e+01
      endloop
   endfacet
   facet normal 1.000000e+00 0.000000e+00 0.000000e+00
      outer loop
         vertex 6.540635e+01 6.804397e+00 3.364625e+01
         vertex 6.540635e+01 5.669927e+00 3.443496e+01
         vertex 6.540635e+01 5.559051e+00 3.380615e+01
      endloop
   endfacet
   facet normal 1.000000e+00 0.000000e+00 0.000000e+00
      outer loop
         vertex 6.540635e+01 6.804397e+00 3.364625e+01
         vertex 6.540635e+01 5.559051e+00 3.380615e+01
         vertex 6.540635e+01 6.855508e+00 3.325802e+01
      endloop
   endfacet
   facet normal 1.000000e+00 0.000000e+00 0.000000e+00
      outer loop
         vertex 6.540635e+01 6.855508e+00 3.325802e+01
         vertex 6.540635e+01 5.559051e+00 3.380615e+01
         vertex 6.540635e+01 5.596176e+00 3.316872e+01
      endloop
   endfacet
   facet normal 1.000000e+00 0.000000e+00 0.000000e+00
      outer loop
         vertex 6.540635e+01 6.855508e+00 3.325802e+01
         vertex 6.540635e+01 5.596176e+00 3.316872e+01
         vertex 6.540635e+01 5.779304e+00 3.255703e+01
      endloop
   endfacet
   facet normal 1.000000e+00 0.000000e+00 -0.000000e+00
      outer loop
         vertex 6.540635e+01 9.538596e+00 3.118876e+01
         vertex 6.540635e+01 1.007206e+01 3.153963e+01
         vertex 6.540635e+01 9.365058e+00 3.258559e+01
      endloop
   endfacet
   facet normal 1.000000e+00 0.000000e+00 0.000000e+00
      outer loop
         vertex 6.540635e+01 9.365058e+00 3.258559e+01
         vertex 6.540635e+01 1.007206e+01 3.153963e+01
         vertex 6.540635e+01 1.051024e+01 3.200406e+01
      endloop
   endfacet
   facet normal 1.000000e+00 -0.000000e+00 0.000000e+00
      outer loop
         vertex 6.540635e+01 9.365058e+00 3.258559e+01
         vertex 6.540635e+01 1.051024e+01 3.200406e+01
         vertex 6.540635e+01 9.603435e+00 3.289625e+01
      endloop
   endfacet
   facet normal 1.000000e+00 0.000000e+00 0.000000e+00
      outer loop
         vertex 6.540635e+01 9.603435e+00 3.289625e+01
         vertex 6.540635e+01 1.051024e+01 3.200406e+01
         vertex 6.540635e+01 1.082949e+01 3.255703e+01
      endloop
   endfacet
   facet normal 1.000000e+00 -0.000000e+00 0.000000e+00
      outer loop
         vertex 6.540635e+01 9.603435e+00 3.289625e+01
         vertex 6.540635e+01 1.082949e+01 3.255703e+01
         vertex 6.540635e+01 9.753287e+00 3.325802e+01
      endloop
   endfacet
   facet normal 1.000000e+00 0.000000e+00 0.000000e+00
      outer loop
         vertex 6.540635e+01 9.753287e+00 3.325802e+01
         vertex 6.540635e+01 1.082949e+01 3.255703e+01
         vertex 6.540635e+01 1.101262e+01 3.316872e+01
      endloop
   endfacet
   facet normal 1.000000e+00 -0.000000e+00 0.000000e+00
      outer loop
         vertex 6.540635e+01 9.753287e+00 3.325802e+01
         vertex 6.540635e+01 1.101262e+01 3.316872e+01
         vertex 6.540635e+01 9.804398e+00 3.364625e+01
      endloop
   endfacet
   facet normal 1.000000e+00 -0.000000e+00 0.000000e+00
      outer loop
         vertex 6.540635e+01 9.804398e+00 3.364625e+01
         vertex 6.540635e+01 1.101262e+01 3.316872e+01
         vertex 6.540635e+01 1.104975e+01 3.380615e+01
      endloop
   endfacet
   facet normal 1.000000e+00 0.000000e+00 -0.000000e+00
      outer loop
         vertex 6.540635e+01 9.804398e+00 3.364625e+01
         vertex 6.540635e+01 1.104975e+01 3.380615e+01
         vertex 6.540635e+01 9.753287e+00 3.403448e+01
      endloop
   endfacet
   facet normal 1.000000e+00 -0.000000e+00 0.000000e+00
      outer loop
         vertex 6.540635e+01 9.753287e+00 3.403448e+01
         vertex 6.540635e+01 1.104975e+01 3.380615e+01
         vertex 6.540635e+01 1.093887e+01 3.443496e+01
      endloop
   endfacet
   facet normal 1.000000e+00 0.000000e+00 -0.000000e+00
      outer loop
         vertex 6.540635e+01 9.753287e+00 3.403448e+01
         vertex 6.540635e+01 1.093887e+01 3.443496e+01
         vertex 6.540635e+01 9.603435e+00 3.439625e+01
      endloop
   endfacet
   facet normal 1.000000e+00 0.000000e+00 0.000000e+00
      outer loop
         vertex 6.540635e+01 9.603435e+00 3.439625e+01
         vertex 6.540635e+01 1.093887e+01 3.443496e+01
         vertex 6.540635e+01 1.068597e+01 3.502125e+01
      endloop
   endfacet
   facet normal 1.000000e+00 0.000000e+00 -0.000000e+00
      outer loop
         vertex 6.540635e+01 9.603435e+00 3.439625e+01
         vertex 6.540635e+01 1.068597e+01 3.502125e+01
         vertex 6.540635e+01 9.365058e+00 3.470691e+01
      endloop
   endfacet
   facet normal 1.000000e+00 0.000000e+00 0.000000e+00
      outer loop
         vertex 6.540635e+01 9.365058e+00 3.470691e+01
         vertex 6.540635e+01 1.068597e+01 3.502125e+01
         vertex 6.540635e+01 1.030468e+01 3.553341e+01
      endloop
   endfacet
   facet normal 1.000000e+00 0.000000e+00 -0.000000e+00
      outer loop
         vertex 6.540635e+01 9.365058e+00 3.470691e+01
         vertex 6.540635e+01 1.030468e+01 3.553341e+01
         vertex 6.540635e+01 9.054398e+00 3.494529e+01
      endloop
   endfacet
   facet normal 1.000000e+00 0.000000e+00 0.000000e+00
      outer loop
         vertex 6.540635e+01 9.054398e+00 3.494529e+01
         vertex 6.540635e+01 1.030468e+01 3.553341e+01
         vertex 6.540635e+01 9.815548e+00 3.594384e+01
      endloop
   endfacet
   facet normal 1.000000e+00 0.000000e+00 -0.000000e+00
      outer loop
         vertex 6.540635e+01 9.054398e+00 3.494529e+01
         vertex 6.540635e+01 9.815548e+00 3.594384e+01
         vertex 6.540635e+01 8.692626e+00 3.509514e+01
      endloop
   endfacet
   facet normal 1.000000e+00 0.000000e+00 0.000000e+00
      outer loop
         vertex 6.540635e+01 8.692626e+00 3.509514e+01
         vertex 6.540635e+01 9.815548e+00 3.594384e+01
         vertex 6.540635e+01 9.244954e+00 3.623040e+01
      endloop
   endfacet
   facet normal 1.000000e+00 0.000000e+00 -0.000000e+00
      outer loop
         vertex 6.540635e+01 8.692626e+00 3.509514e+01
         vertex 6.540635e+01 9.244954e+00 3.623040e+01
         vertex 6.540635e+01 8.623654e+00 3.637765e+01
      endloop
   endfacet
   facet normal 0.000000e+00 -1.160932e-01 9.932383e-01
      outer loop
         vertex 6.540635e+01 2.951760e+01 9.683045e+00
         vertex 6.840635e+01 2.951760e+01 9.683045e+00
         vertex 6.540635e+01 3.015180e+01 9.757171e+00
      endloop
   endfacet
   facet normal 0.000000e+00 -1.160932e-01 9.932383e-01
      outer loop
         vertex 6.540635e+01 3.015180e+01 9.757171e+00
         vertex 6.840635e+01 2.951760e+01 9.683045e+00
         vertex 6.840635e+01 3.015180e+01 9.757171e+00
      endloop
   endfacet
   facet normal 0.000000e+00 -3.420206e-01 9.396925e-01
      outer loop
         vertex 6.540635e+01 3.015180e+01 9.757171e+00
         vertex 6.840635e+01 3.015180e+01 9.757171e+00
         vertex 6.540635e+01 3.075180e+01 9.975555e+00
      endloop
   endfacet
   facet normal 0.000000e+00 -3.420206e-01 9.396925e-01
      outer loop
         vertex 6.540635e+01 3.075180e+01 9.975555e+00
         vertex 6.840635e+01 3.015180e+01 9.757171e+00
         vertex 6.840635e+01 3.075180e+01 9.975555e+00
      endloop
   endfacet
   facet normal 0.000000e+00 -5.495088e-01 8.354879e-01
      outer loop
         vertex 6.540635e+01 3.075180e+01 9.975555e+00
         vertex 6.840635e+01 3.075180e+01 9.975555e+00
         vertex 6.540635e+01 3.128527e+01 1.032642e+01
      endloop
   endfacet
   facet normal 0.000000e+00 -5.495088e-01 8.354879e-01
      outer loop
         vertex 6.540635e+01 3.128527e+01 1.032642e+01
         vertex 6.840635e+01 3.075180e+01 9.975555e+00
         vertex 6.840635e+01 3.128527e+01 1.032642e+01
      endloop
   endfacet
   facet normal 0.000000e+00 -7.273733e-01 6.862420e-01
      outer loop
         vertex 6.540635e+01 3.128527e+01 1.032642e+01
         vertex 6.840635e+01 3.128527e+01 1.032642e+01
         vertex 6.540635e+01 3.172344e+01 1.079086e+01
      endloop
   endfacet
   facet normal 0.000000e+00 -7.273733e-01 6.862420e-01
      outer loop
         vertex 6.540635e+01 3.172344e+01 1.079086e+01
         vertex 6.840635e+01 3.128527e+01 1.032642e+01
         vertex 6.840635e+01 3.172344e+01 1.079086e+01
      endloop
   endfacet
   facet normal 0.000000e+00 -8.660256e-01 4.999997e-01
      outer loop
         vertex 6.540635e+01 3.172344e+01 1.079086e+01
         vertex 6.840635e+01 3.172344e+01 1.079086e+01
         vertex 6.540635e+01 3.204270e+01 1.134383e+01
      endloop
   endfacet
   facet normal 0.000000e+00 -8.660256e-01 4.999997e-01
      outer loop
         vertex 6.540635e+01 3.204270e+01 1.134383e+01
         vertex 6.840635e+01 3.172344e+01 1.079086e+01
         vertex 6.840635e+01 3.204270e+01 1.134383e+01
      endloop
   endfacet
   facet normal 0.000000e+00 -9.579895e-01 2.868033e-01
      outer loop
         vertex 6.540635e+01 3.204270e+01 1.134383e+01
         vertex 6.840635e+01 3.204270e+01 1.134383e+01
         vertex 6.540635e+01 3.222582e+01 1.195551e+01
      endloop
   endfacet
   facet normal 0.000000e+00 -9.579895e-01 2.868033e-01
      outer loop
         vertex 6.540635e+01 3.222582e+01 1.195551e+01
         vertex 6.840635e+01 3.204270e+01 1.134383e+01
         vertex 6.840635e+01 3.222582e+01 1.195551e+01
      endloop
   endfacet
   facet normal 0.000000e+00 -9.983082e-01 5.814467e-02
      outer loop
         vertex 6.540635e+01 3.222582e+01 1.195551e+01
         vertex 6.840635e+01 3.222582e+01 1.195551e+01
         vertex 6.540635e+01 3.226295e+01 1.259294e+01
      endloop
   endfacet
   facet normal 0.000000e+00 -9.983082e-01 5.814467e-02
      outer loop
         vertex 6.540635e+01 3.226295e+01 1.259294e+01
         vertex 6.840635e+01 3.222582e+01 1.195551e+01
         vertex 6.840635e+01 3.226295e+01 1.259294e+01
      endloop
   endfacet
   facet normal 0.000000e+00 -9.848077e-01 -1.736482e-01
      outer loop
         vertex 6.540635e+01 3.226295e+01 1.259294e+01
         vertex 6.840635e+01 3.226295e+01 1.259294e+01
         vertex 6.540635e+01 3.215207e+01 1.322175e+01
      endloop
   endfacet
   facet normal 0.000000e+00 -9.848077e-01 -1.736482e-01
      outer loop
         vertex 6.540635e+01 3.215207e+01 1.322175e+01
         vertex 6.840635e+01 3.226295e+01 1.259294e+01
         vertex 6.840635e+01 3.215207e+01 1.322175e+01
      endloop
   endfacet
   facet normal 0.000000e+00 -9.182160e-01 -3.960800e-01
      outer loop
         vertex 6.540635e+01 3.215207e+01 1.322175e+01
         vertex 6.840635e+01 3.215207e+01 1.322175e+01
         vertex 6.540635e+01 3.189917e+01 1.380804e+01
      endloop
   endfacet
   facet normal 0.000000e+00 -9.182160e-01 -3.960800e-01
      outer loop
         vertex 6.540635e+01 3.189917e+01 1.380804e+01
         vertex 6.840635e+01 3.215207e+01 1.322175e+01
         vertex 6.840635e+01 3.189917e+01 1.380804e+01
      endloop
   endfacet
   facet normal 0.000000e+00 -8.021235e-01 -5.971582e-01
      outer loop
         vertex 6.540635e+01 3.189917e+01 1.380804e+01
         vertex 6.840635e+01 3.189917e+01 1.380804e+01
         vertex 6.540635e+01 3.151788e+01 1.432021e+01
      endloop
   endfacet
   facet normal 0.000000e+00 -8.021235e-01 -5.971582e-01
      outer loop
         vertex 6.540635e+01 3.151788e+01 1.432021e+01
         vertex 6.840635e+01 3.189917e+01 1.380804e+01
         vertex 6.840635e+01 3.151788e+01 1.432021e+01
      endloop
   endfacet
   facet normal 0.000000e+00 -6.427871e-01 -7.660449e-01
      outer loop
         vertex 6.540635e+01 3.151788e+01 1.432021e+01
         vertex 6.840635e+01 3.151788e+01 1.432021e+01
         vertex 6.540635e+01 3.102875e+01 1.473064e+01
      endloop
   endfacet
   facet normal 0.000000e+00 -6.427871e-01 -7.660449e-01
      outer loop
         vertex 6.540635e+01 3.102875e+01 1.473064e+01
         vertex 6.840635e+01 3.151788e+01 1.432021e+01
         vertex 6.840635e+01 3.102875e+01 1.473064e+01
      endloop
   endfacet
   facet normal 0.000000e+00 -4.487993e-01 -8.936326e-01
      outer loop
         vertex 6.540635e+01 3.102875e+01 1.473064e+01
         vertex 6.840635e+01 3.102875e+01 1.473064e+01
         vertex 6.540635e+01 3.045816e+01 1.501720e+01
      endloop
   endfacet
   facet normal 0.000000e+00 -4.487993e-01 -8.936326e-01
      outer loop
         vertex 6.540635e+01 3.045816e+01 1.501720e+01
         vertex 6.840635e+01 3.102875e+01 1.473064e+01
         vertex 6.840635e+01 3.045816e+01 1.501720e+01
      endloop
   endfacet
   facet normal 0.000000e+00 -2.306154e-01 -9.730450e-01
      outer loop
         vertex 6.540635e+01 3.045816e+01 1.501720e+01
         vertex 6.840635e+01 3.045816e+01 1.501720e+01
         vertex 6.540635e+01 2.983686e+01 1.516445e+01
      endloop
   endfacet
   facet normal 0.000000e+00 -2.306154e-01 -9.730450e-01
      outer loop
         vertex 6.540635e+01 2.983686e+01 1.516445e+01
         vertex 6.840635e+01 3.045816e+01 1.501720e+01
         vertex 6.840635e+01 2.983686e+01 1.516445e+01
      endloop
   endfacet
   facet normal 0.000000e+00 0.000000e+00 -1.000000e+00
      outer loop
         vertex 6.540635e+01 2.983686e+01 1.516445e+01
         vertex 6.840635e+01 2.983686e+01 1.516445e+01
         vertex 6.540635e+01 2.919835e+01 1.516445e+01
      endloop
   endfacet
   facet normal 0.000000e+00 0.000000e+00 -1.000000e+00
      outer loop
         vertex 6.540635e+01 2.919835e+01 1.516445e+01
         vertex 6.840635e+01 2.983686e+01 1.516445e+01
         vertex 6.840635e+01 2.919835e+01 1.516445e+01
      endloop
   endfacet
   facet normal 0.000000e+00 2.306154e-01 -9.730450e-01
      outer loop
         vertex 6.540635e+01 2.919835e+01 1.516445e+01
         vertex 6.840635e+01 2.919835e+01 1.516445e+01
         vertex 6.540635e+01 2.857705e+01 1.501720e+01
      endloop
   endfacet
   facet normal 0.000000e+00 2.306154e-01 -9.730450e-01
      outer loop
         vertex 6.540635e+01 2.857705e+01 1.501720e+01
         vertex 6.840635e+01 2.919835e+01 1.516445e+01
         vertex 6.840635e+01 2.857705e+01 1.501720e+01
      endloop
   endfacet
   facet normal 0.000000e+00 4.487993e-01 -8.936326e-01
      outer loop
         vertex 6.540635e+01 2.857705e+01 1.501720e+01
         vertex 6.840635e+01 2.857705e+01 1.501720e+01
         vertex 6.540635e+01 2.800645e+01 1.473064e+01
      endloop
   endfacet
   facet normal 0.000000e+00 4.487993e-01 -8.936326e-01
      outer loop
         vertex 6.540635e+01 2.800645e+01 1.473064e+01
         vertex 6.840635e+01 2.857705e+01 1.501720e+01
         vertex 6.840635e+01 2.800645e+01 1.473064e+01
      endloop
   endfacet
   facet normal 0.000000e+00 6.427870e-01 -7.660449e-01
      outer loop
         vertex 6.540635e+01 2.800645e+01 1.473064e+01
         vertex 6.840635e+01 2.800645e+01 1.473064e+01
         vertex 6.540635e+01 2.751732e+01 1.432021e+01
      endloop
   endfacet
   facet normal 0.000000e+00 6.427870e-01 -7.660449e-01
      outer loop
         vertex 6.540635e+01 2.751732e+01 1.432021e+01
         vertex 6.840635e+01 2.800645e+01 1.473064e+01
         vertex 6.840635e+01 2.751732e+01 1.432021e+01
      endloop
   endfacet
   facet normal 0.000000e+00 8.021235e-01 -5.971582e-01
      outer loop
         vertex 6.540635e+01 2.751732e+01 1.432021e+01
         vertex 6.840635e+01 2.751732e+01 1.432021e+01
         vertex 6.540635e+01 2.713603e+01 1.380804e+01
      endloop
   endfacet
   facet normal 0.000000e+00 8.021235e-01 -5.971582e-01
      outer loop
         vertex 6.540635e+01 2.713603e+01 1.380804e+01
         vertex 6.840635e+01 2.751732e+01 1.432021e+01
         vertex 6.840635e+01 2.713603e+01 1.380804e+01
      endloop
   endfacet
   facet normal 0.000000e+00 9.182160e-01 -3.960800e-01
      outer loop
         vertex 6.540635e+01 2.713603e+01 1.380804e+01
         vertex 6.840635e+01 2.713603e+01 1.380804e+01
         vertex 6.540635e+01 2.688313e+01 1.322175e+01
      endloop
   endfacet
   facet normal 0.000000e+00 9.182160e-01 -3.960800e-01
      outer loop
         vertex 6.540635e+01 2.688313e+01 1.322175e+01
         vertex 6.840635e+01 2.713603e+01 1.380804e+01
         vertex 6.840635e+01 2.688313e+01 1.322175e+01
      endloop
   endfacet
   facet normal 0.000000e+00 9.848077e-01 -1.736482e-01
      outer loop
         vertex 6.540635e+01 2.688313e+01 1.322175e+01
         vertex 6.840635e+01 2.688313e+01 1.322175e+01
         vertex 6.540635e+01 2.677225e+01 1.259294e+01
      endloop
   endfacet
   facet normal 0.000000e+00 9.848077e-01 -1.736482e-01
      outer loop
         vertex 6.540635e+01 2.677225e+01 1.259294e+01
         vertex 6.840635e+01 2.688313e+01 1.322175e+01
         vertex 6.840635e+01 2.677225e+01 1.259294e+01
      endloop
   endfacet
   facet normal -0.000000e+00 9.983081e-01 5.814504e-02
      outer loop
         vertex 6.540635e+01 2.677225e+01 1.259294e+01
         vertex 6.840635e+01 2.677225e+01 1.259294e+01
         vertex 6.540635e+01 2.680938e+01 1.195551e+01
      endloop
   endfacet
   facet normal -0.000000e+00 9.983081e-01 5.814504e-02
      outer loop
         vertex 6.540635e+01 2.680938e+01 1.195551e+01
         vertex 6.840635e+01 2.677225e+01 1.259294e+01
         vertex 6.840635e+01 2.680938e+01 1.195551e+01
      endloop
   endfacet
   facet normal -0.000000e+00 9.579895e-01 2.868031e-01
      outer loop
         vertex 6.540635e+01 2.680938e+01 1.195551e+01
         vertex 6.840635e+01 2.680938e+01 1.195551e+01
         vertex 6.540635e+01 2.699251e+01 1.134383e+01
      endloop
   endfacet
   facet normal -0.000000e+00 9.579895e-01 2.868031e-01
      outer loop
         vertex 6.540635e+01 2.699251e+01 1.134383e+01
         vertex 6.840635e+01 2.680938e+01 1.195551e+01
         vertex 6.840635e+01 2.699251e+01 1.134383e+01
      endloop
   endfacet
   facet normal -0.000000e+00 8.660256e-01 4.999997e-01
      outer loop
         vertex 6.540635e+01 2.699251e+01 1.134383e+01
         vertex 6.840635e+01 2.699251e+01 1.134383e+01
         vertex 6.540635e+01 2.731176e+01 1.079086e+01
      endloop
   endfacet
   facet normal -0.000000e+00 8.660256e-01 4.999997e-01
      outer loop
         vertex 6.540635e+01 2.731176e+01 1.079086e+01
         vertex 6.840635e+01 2.699251e+01 1.134383e+01
         vertex 6.840635e+01 2.731176e+01 1.079086e+01
      endloop
   endfacet
   facet normal -0.000000e+00 7.273733e-01 6.862420e-01
      outer loop
         vertex 6.540635e+01 2.731176e+01 1.079086e+01
         vertex 6.840635e+01 2.731176e+01 1.079086e+01
         vertex 6.540635e+01 2.774994e+01 1.032642e+01
      endloop
   endfacet
   facet normal -0.000000e+00 7.273733e-01 6.862420e-01
      outer loop
         vertex 6.540635e+01 2.774994e+01 1.032642e+01
         vertex 6.840635e+01 2.731176e+01 1.079086e+01
         vertex 6.840635e+01 2.774994e+01 1.032642e+01
      endloop
   endfacet
   facet normal -0.000000e+00 5.495088e-01 8.354879e-01
      outer loop
         vertex 6.540635e+01 2.774994e+01 1.032642e+01
         vertex 6.840635e+01 2.774994e+01 1.032642e+01
         vertex 6.540635e+01 2.828340e+01 9.975555e+00
      endloop
   endfacet
   facet normal -0.000000e+00 5.495088e-01 8.354879e-01
      outer loop
         vertex 6.540635e+01 2.828340e+01 9.975555e+00
         vertex 6.840635e+01 2.774994e+01 1.032642e+01
         vertex 6.840635e+01 2.828340e+01 9.975555e+00
      endloop
   endfacet
   facet normal -0.000000e+00 3.420206e-01 9.396925e-01
      outer loop
         vertex 6.540635e+01 2.828340e+01 9.975555e+00
         vertex 6.840635e+01 2.828340e+01 9.975555e+00
         vertex 6.540635e+01 2.888341e+01 9.757171e+00
      endloop
   endfacet
   facet normal -0.000000e+00 3.420206e-01 9.396925e-01
      outer loop
         vertex 6.540635e+01 2.888341e+01 9.757171e+00
         vertex 6.840635e+01 2.828340e+01 9.975555e+00
         vertex 6.840635e+01 2.888341e+01 9.757171e+00
      endloop
   endfacet
   facet normal -0.000000e+00 1.160931e-01 9.932383e-01
      outer loop
         vertex 6.540635e+01 2.888341e+01 9.757171e+00
         vertex 6.840635e+01 2.888341e+01 9.757171e+00
         vertex 6.540635e+01 2.951760e+01 9.683045e+00
      endloop
   endfacet
   facet normal -0.000000e+00 1.160931e-01 9.932383e-01
      outer loop
         vertex 6.540635e+01 2.951760e+01 9.683045e+00
         vertex 6.840635e+01 2.888341e+01 9.757171e+00
         vertex 6.840635e+01 2.951760e+01 9.683045e+00
      endloop
   endfacet
   facet normal 1.000000e+00 0.000000e+00 0.000000e+00
      outer loop
         vertex 6.540635e+01 2.990583e+01 1.388193e+01
         vertex 6.540635e+01 2.983686e+01 1.516445e+01
         vertex 6.540635e+01 2.951760e+01 1.393304e+01
      endloop
   endfacet
   facet normal 1.000000e+00 0.000000e+00 -0.000000e+00
      outer loop
         vertex 6.540635e+01 2.951760e+01 1.393304e+01
         vertex 6.540635e+01 2.983686e+01 1.516445e+01
         vertex 6.540635e+01 2.919835e+01 1.516445e+01
      endloop
   endfacet
   facet normal 1.000000e+00 0.000000e+00 0.000000e+00
      outer loop
         vertex 6.540635e+01 2.951760e+01 1.393304e+01
         vertex 6.540635e+01 2.919835e+01 1.516445e+01
         vertex 6.540635e+01 2.912937e+01 1.388193e+01
      endloop
   endfacet
   facet normal 1.000000e+00 0.000000e+00 -0.000000e+00
      outer loop
         vertex 6.540635e+01 2.912937e+01 1.388193e+01
         vertex 6.540635e+01 2.919835e+01 1.516445e+01
         vertex 6.540635e+01 2.857705e+01 1.501720e+01
      endloop
   endfacet
   facet normal 1.000000e+00 0.000000e+00 0.000000e+00
      outer loop
         vertex 6.540635e+01 2.912937e+01 1.388193e+01
         vertex 6.540635e+01 2.857705e+01 1.501720e+01
         vertex 6.540635e+01 2.876760e+01 1.373208e+01
      endloop
   endfacet
   facet normal 1.000000e+00 0.000000e+00 0.000000e+00
      outer loop
         vertex 6.540635e+01 2.876760e+01 1.373208e+01
         vertex 6.540635e+01 2.857705e+01 1.501720e+01
         vertex 6.540635e+01 2.800645e+01 1.473064e+01
      endloop
   endfacet
   facet normal 1.000000e+00 0.000000e+00 0.000000e+00
      outer loop
         vertex 6.540635e+01 2.876760e+01 1.373208e+01
         vertex 6.540635e+01 2.800645e+01 1.473064e+01
         vertex 6.540635e+01 2.845694e+01 1.349370e+01
      endloop
   endfacet
   facet normal 1.000000e+00 0.000000e+00 0.000000e+00
      outer loop
         vertex 6.540635e+01 2.845694e+01 1.349370e+01
         vertex 6.540635e+01 2.800645e+01 1.473064e+01
         vertex 6.540635e+01 2.751732e+01 1.432021e+01
      endloop
   endfacet
   facet normal 1.000000e+00 0.000000e+00 0.000000e+00
      outer loop
         vertex 6.540635e+01 2.845694e+01 1.349370e+01
         vertex 6.540635e+01 2.751732e+01 1.432021e+01
         vertex 6.540635e+01 2.821856e+01 1.318304e+01
      endloop
   endfacet
   facet normal 1.000000e+00 0.000000e+00 0.000000e+00
      outer loop
         vertex 6.540635e+01 2.821856e+01 1.318304e+01
         vertex 6.540635e+01 2.751732e+01 1.432021e+01
         vertex 6.540635e+01 2.713603e+01 1.380804e+01
      endloop
   endfacet
   facet normal 1.000000e+00 0.000000e+00 0.000000e+00
      outer loop
         vertex 6.540635e+01 2.821856e+01 1.318304e+01
         vertex 6.540635e+01 2.713603e+01 1.380804e+01
         vertex 6.540635e+01 2.806871e+01 1.282127e+01
      endloop
   endfacet
   facet normal 1.000000e+00 0.000000e+00 0.000000e+00
      outer loop
         vertex 6.540635e+01 2.806871e+01 1.282127e+01
         vertex 6.540635e+01 2.713603e+01 1.380804e+01
         vertex 6.540635e+01 2.688313e+01 1.322175e+01
      endloop
   endfacet
   facet normal 1.000000e+00 0.000000e+00 0.000000e+00
      outer loop
         vertex 6.540635e+01 2.806871e+01 1.282127e+01
         vertex 6.540635e+01 2.688313e+01 1.322175e+01
         vertex 6.540635e+01 2.801760e+01 1.243304e+01
      endloop
   endfacet
   facet normal 1.000000e+00 0.000000e+00 0.000000e+00
      outer loop
         vertex 6.540635e+01 2.801760e+01 1.243304e+01
         vertex 6.540635e+01 2.688313e+01 1.322175e+01
         vertex 6.540635e+01 2.677225e+01 1.259294e+01
      endloop
   endfacet
   facet normal 1.000000e+00 0.000000e+00 0.000000e+00
      outer loop
         vertex 6.540635e+01 2.801760e+01 1.243304e+01
         vertex 6.540635e+01 2.677225e+01 1.259294e+01
         vertex 6.540635e+01 2.806871e+01 1.204482e+01
      endloop
   endfacet
   facet normal 1.000000e+00 -0.000000e+00 0.000000e+00
      outer loop
         vertex 6.540635e+01 3.081664e+01 1.168304e+01
         vertex 6.540635e+01 3.204270e+01 1.134383e+01
         vertex 6.540635e+01 3.096649e+01 1.204482e+01
      endloop
   endfacet
   facet normal 1.000000e+00 0.000000e+00 0.000000e+00
      outer loop
         vertex 6.540635e+01 3.096649e+01 1.204482e+01
         vertex 6.540635e+01 3.204270e+01 1.134383e+01
         vertex 6.540635e+01 3.222582e+01 1.195551e+01
      endloop
   endfacet
   facet normal 1.000000e+00 -0.000000e+00 0.000000e+00
      outer loop
         vertex 6.540635e+01 3.096649e+01 1.204482e+01
         vertex 6.540635e+01 3.222582e+01 1.195551e+01
         vertex 6.540635e+01 3.101760e+01 1.243304e+01
      endloop
   endfacet
   facet normal 1.000000e+00 -0.000000e+00 0.000000e+00
      outer loop
         vertex 6.540635e+01 3.101760e+01 1.243304e+01
         vertex 6.540635e+01 3.222582e+01 1.195551e+01
         vertex 6.540635e+01 3.226295e+01 1.259294e+01
      endloop
   endfacet
   facet normal 1.000000e+00 0.000000e+00 -0.000000e+00
      outer loop
         vertex 6.540635e+01 3.101760e+01 1.243304e+01
         vertex 6.540635e+01 3.226295e+01 1.259294e+01
         vertex 6.540635e+01 3.096649e+01 1.282127e+01
      endloop
   endfacet
   facet normal 1.000000e+00 -0.000000e+00 0.000000e+00
      outer loop
         vertex 6.540635e+01 3.096649e+01 1.282127e+01
         vertex 6.540635e+01 3.226295e+01 1.259294e+01
         vertex 6.540635e+01 3.215207e+01 1.322175e+01
      endloop
   endfacet
   facet normal 1.000000e+00 0.000000e+00 -0.000000e+00
      outer loop
         vertex 6.540635e+01 3.096649e+01 1.282127e+01
         vertex 6.540635e+01 3.215207e+01 1.322175e+01
         vertex 6.540635e+01 3.081664e+01 1.318304e+01
      endloop
   endfacet
   facet normal 1.000000e+00 0.000000e+00 0.000000e+00
      outer loop
         vertex 6.540635e+01 3.081664e+01 1.318304e+01
         vertex 6.540635e+01 3.215207e+01 1.322175e+01
         vertex 6.540635e+01 3.189917e+01 1.380804e+01
      endloop
   endfacet
   facet normal 1.000000e+00 0.000000e+00 -0.000000e+00
      outer loop
         vertex 6.540635e+01 3.081664e+01 1.318304e+01
         vertex 6.540635e+01 3.189917e+01 1.380804e+01
         vertex 6.540635e+01 3.057826e+01 1.349370e+01
      endloop
   endfacet
   facet normal 1.000000e+00 0.000000e+00 0.000000e+00
      outer loop
         vertex 6.540635e+01 3.057826e+01 1.349370e+01
         vertex 6.540635e+01 3.189917e+01 1.380804e+01
         vertex 6.540635e+01 3.151788e+01 1.432021e+01
      endloop
   endfacet
   facet normal 1.000000e+00 0.000000e+00 -0.000000e+00
      outer loop
         vertex 6.540635e+01 3.057826e+01 1.349370e+01
         vertex 6.540635e+01 3.151788e+01 1.432021e+01
         vertex 6.540635e+01 3.026760e+01 1.373208e+01
      endloop
   endfacet
   facet normal 1.000000e+00 0.000000e+00 0.000000e+00
      outer loop
         vertex 6.540635e+01 3.026760e+01 1.373208e+01
         vertex 6.540635e+01 3.151788e+01 1.432021e+01
         vertex 6.540635e+01 3.102875e+01 1.473064e+01
      endloop
   endfacet
   facet normal 1.000000e+00 0.000000e+00 -0.000000e+00
      outer loop
         vertex 6.540635e+01 3.026760e+01 1.373208e+01
         vertex 6.540635e+01 3.102875e+01 1.473064e+01
         vertex 6.540635e+01 2.990583e+01 1.388193e+01
      endloop
   endfacet
   facet normal 1.000000e+00 0.000000e+00 0.000000e+00
      outer loop
         vertex 6.540635e+01 2.990583e+01 1.388193e+01
         vertex 6.540635e+01 3.102875e+01 1.473064e+01
         vertex 6.540635e+01 3.045816e+01 1.501720e+01
      endloop
   endfacet
   facet normal 1.000000e+00 0.000000e+00 -0.000000e+00
      outer loop
         vertex 6.540635e+01 2.990583e+01 1.388193e+01
         vertex 6.540635e+01 3.045816e+01 1.501720e+01
         vertex 6.540635e+01 2.983686e+01 1.516445e+01
      endloop
   endfacet
   facet normal 1.000000e+00 0.000000e+00 0.000000e+00
      outer loop
         vertex 6.540635e+01 2.677225e+01 1.259294e+01
         vertex 6.540635e+01 2.680938e+01 1.195551e+01
         vertex 6.540635e+01 2.806871e+01 1.204482e+01
      endloop
   endfacet
   facet normal 1.000000e+00 0.000000e+00 0.000000e+00
      outer loop
         vertex 6.540635e+01 2.806871e+01 1.204482e+01
         vertex 6.540635e+01 2.680938e+01 1.195551e+01
         vertex 6.540635e+01 2.699251e+01 1.134383e+01
      endloop
   endfacet
   facet normal 1.000000e+00 0.000000e+00 0.000000e+00
      outer loop
         vertex 6.540635e+01 2.806871e+01 1.204482e+01
         vertex 6.540635e+01 2.699251e+01 1.134383e+01
         vertex 6.540635e+01 2.821856e+01 1.168304e+01
      endloop
   endfacet
   facet normal 1.000000e+00 0.000000e+00 0.000000e+00
      outer loop
         vertex 6.540635e+01 2.821856e+01 1.168304e+01
         vertex 6.540635e+01 2.699251e+01 1.134383e+01
         vertex 6.540635e+01 2.731176e+01 1.079086e+01
      endloop
   endfacet
   facet normal 1.000000e+00 0.000000e+00 0.000000e+00
      outer loop
         vertex 6.540635e+01 2.821856e+01 1.168304e+01
         vertex 6.540635e+01 2.731176e+01 1.079086e+01
         vertex 6.540635e+01 2.845694e+01 1.137238e+01
      endloop
   endfacet
   facet normal 1.000000e+00 0.000000e+00 0.000000e+00
      outer loop
         vertex 6.540635e+01 2.845694e+01 1.137238e+01
         vertex 6.540635e+01 2.731176e+01 1.079086e+01
         vertex 6.540635e+01 2.774994e+01 1.032642e+01
      endloop
   endfacet
   facet normal 1.000000e+00 0.000000e+00 0.000000e+00
      outer loop
         vertex 6.540635e+01 2.845694e+01 1.137238e+01
         vertex 6.540635e+01 2.774994e+01 1.032642e+01
         vertex 6.540635e+01 2.876760e+01 1.113401e+01
      endloop
   endfacet
   facet normal 1.000000e+00 0.000000e+00 0.000000e+00
      outer loop
         vertex 6.540635e+01 2.876760e+01 1.113401e+01
         vertex 6.540635e+01 2.774994e+01 1.032642e+01
         vertex 6.540635e+01 2.828340e+01 9.975555e+00
      endloop
   endfacet
   facet normal 1.000000e+00 0.000000e+00 0.000000e+00
      outer loop
         vertex 6.540635e+01 2.876760e+01 1.113401e+01
         vertex 6.540635e+01 2.828340e+01 9.975555e+00
         vertex 6.540635e+01 2.912937e+01 1.098416e+01
      endloop
   endfacet
   facet normal 1.000000e+00 0.000000e+00 0.000000e+00
      outer loop
         vertex 6.540635e+01 2.912937e+01 1.098416e+01
         vertex 6.540635e+01 2.828340e+01 9.975555e+00
         vertex 6.540635e+01 2.888341e+01 9.757171e+00
      endloop
   endfacet
   facet normal 1.000000e+00 0.000000e+00 0.000000e+00
      outer loop
         vertex 6.540635e+01 2.912937e+01 1.098416e+01
         vertex 6.540635e+01 2.888341e+01 9.757171e+00
         vertex 6.540635e+01 2.951760e+01 1.093304e+01
      endloop
   endfacet
   facet normal 1.000000e+00 0.000000e+00 0.000000e+00
      outer loop
         vertex 6.540635e+01 2.951760e+01 1.093304e+01
         vertex 6.540635e+01 2.888341e+01 9.757171e+00
         vertex 6.540635e+01 2.951760e+01 9.683045e+00
      endloop
   endfacet
   facet normal 1.000000e+00 -0.000000e+00 0.000000e+00
      outer loop
         vertex 6.540635e+01 2.951760e+01 1.093304e+01
         vertex 6.540635e+01 2.951760e+01 9.683045e+00
         vertex 6.540635e+01 2.990583e+01 1.098416e+01
      endloop
   endfacet
   facet normal 1.000000e+00 0.000000e+00 0.000000e+00
      outer loop
         vertex 6.540635e+01 2.990583e+01 1.098416e+01
         vertex 6.540635e+01 2.951760e+01 9.683045e+00
         vertex 6.540635e+01 3.015180e+01 9.757171e+00
      endloop
   endfacet
   facet normal 1.000000e+00 -0.000000e+00 0.000000e+00
      outer loop
         vertex 6.540635e+01 2.990583e+01 1.098416e+01
         vertex 6.540635e+01 3.015180e+01 9.757171e+00
         vertex 6.540635e+01 3.026760e+01 1.113401e+01
      endloop
   endfacet
   facet normal 1.000000e+00 0.000000e+00 0.000000e+00
      outer loop
         vertex 6.540635e+01 3.026760e+01 1.113401e+01
         vertex 6.540635e+01 3.015180e+01 9.757171e+00
         vertex 6.540635e+01 3.075180e+01 9.975555e+00
      endloop
   endfacet
   facet normal 1.000000e+00 -0.000000e+00 0.000000e+00
      outer loop
         vertex 6.540635e+01 3.026760e+01 1.113401e+01
         vertex 6.540635e+01 3.075180e+01 9.975555e+00
         vertex 6.540635e+01 3.057826e+01 1.137238e+01
      endloop
   endfacet
   facet normal 1.000000e+00 0.000000e+00 0.000000e+00
      outer loop
         vertex 6.540635e+01 3.057826e+01 1.137238e+01
         vertex 6.540635e+01 3.075180e+01 9.975555e+00
         vertex 6.540635e+01 3.128527e+01 1.032642e+01
      endloop
   endfacet
   facet normal 1.000000e+00 -0.000000e+00 0.000000e+00
      outer loop
         vertex 6.540635e+01 3.057826e+01 1.137238e+01
         vertex 6.540635e+01 3.128527e+01 1.032642e+01
         vertex 6.540635e+01 3.081664e+01 1.168304e+01
      endloop
   endfacet
   facet normal 1.000000e+00 0.000000e+00 0.000000e+00
      outer loop
         vertex 6.540635e+01 3.081664e+01 1.168304e+01
         vertex 6.540635e+01 3.128527e+01 1.032642e+01
         vertex 6.540635e+01 3.172344e+01 1.079086e+01
      endloop
   endfacet
   facet normal 1.000000e+00 0.000000e+00 0.000000e+00
      outer loop
         vertex 6.540635e+01 3.081664e+01 1.168304e+01
         vertex 6.540635e+01 3.172344e+01 1.079086e+01
         vertex 6.540635e+01 3.204270e+01 1.134383e+01
      endloop
   endfacet
   facet normal 0.000000e+00 -1.160932e-01 9.932383e-01
      outer loop
         vertex 6.540635e+01 8.304399e+00 9.683045e+00
         vertex 6.840635e+01 8.304399e+00 9.683045e+00
         vertex 6.540635e+01 8.938592e+00 9.757171e+00
      endloop
   endfacet
   facet normal 0.000000e+00 -1.160932e-01 9.932383e-01
      outer loop
         vertex 6.540635e+01 8.938592e+00 9.757171e+00
         vertex 6.840635e+01 8.304399e+00 9.683045e+00
         vertex 6.840635e+01 8.938592e+00 9.757171e+00
      endloop
   endfacet
   facet normal 0.000000e+00 -3.420204e-01 9.396925e-01
      outer loop
         vertex 6.540635e+01 8.938592e+00 9.757171e+00
         vertex 6.840635e+01 8.938592e+00 9.757171e+00
         vertex 6.540635e+01 9.538596e+00 9.975555e+00
      endloop
   endfacet
   facet normal 0.000000e+00 -3.420204e-01 9.396925e-01
      outer loop
         vertex 6.540635e+01 9.538596e+00 9.975555e+00
         vertex 6.840635e+01 8.938592e+00 9.757171e+00
         vertex 6.840635e+01 9.538596e+00 9.975555e+00
      endloop
   endfacet
   facet normal 0.000000e+00 -5.495096e-01 8.354874e-01
      outer loop
         vertex 6.540635e+01 9.538596e+00 9.975555e+00
         vertex 6.840635e+01 9.538596e+00 9.975555e+00
         vertex 6.540635e+01 1.007206e+01 1.032642e+01
      endloop
   endfacet
   facet normal 0.000000e+00 -5.495096e-01 8.354874e-01
      outer loop
         vertex 6.540635e+01 1.007206e+01 1.032642e+01
         vertex 6.840635e+01 9.538596e+00 9.975555e+00
         vertex 6.840635e+01 1.007206e+01 1.032642e+01
      endloop
   endfacet
   facet normal 0.000000e+00 -7.273737e-01 6.862416e-01
      outer loop
         vertex 6.540635e+01 1.007206e+01 1.032642e+01
         vertex 6.840635e+01 1.007206e+01 1.032642e+01
         vertex 6.540635e+01 1.051024e+01 1.079086e+01
      endloop
   endfacet
   facet normal 0.000000e+00 -7.273737e-01 6.862416e-01
      outer loop
         vertex 6.540635e+01 1.051024e+01 1.079086e+01
         vertex 6.840635e+01 1.007206e+01 1.032642e+01
         vertex 6.840635e+01 1.051024e+01 1.079086e+01
      endloop
   endfacet
   facet normal 0.000000e+00 -8.660256e-01 4.999997e-01
      outer loop
         vertex 6.540635e+01 1.051024e+01 1.079086e+01
         vertex 6.840635e+01 1.051024e+01 1.079086e+01
         vertex 6.540635e+01 1.082949e+01 1.134383e+01
      endloop
   endfacet
   facet normal 0.000000e+00 -8.660256e-01 4.999997e-01
      outer loop
         vertex 6.540635e+01 1.082949e+01 1.134383e+01
         vertex 6.840635e+01 1.051024e+01 1.079086e+01
         vertex 6.840635e+01 1.082949e+01 1.134383e+01
      endloop
   endfacet
   facet normal 0.000000e+00 -9.579892e-01 2.868043e-01
      outer loop
         vertex 6.540635e+01 1.082949e+01 1.134383e+01
         vertex 6.840635e+01 1.082949e+01 1.134383e+01
         vertex 6.540635e+01 1.101262e+01 1.195551e+01
      endloop
   endfacet
   facet normal 0.000000e+00 -9.579892e-01 2.868043e-01
      outer loop
         vertex 6.540635e+01 1.101262e+01 1.195551e+01
         vertex 6.840635e+01 1.082949e+01 1.134383e+01
         vertex 6.840635e+01 1.101262e+01 1.195551e+01
      endloop
   endfacet
   facet normal 0.000000e+00 -9.983081e-01 5.814504e-02
      outer loop
         vertex 6.540635e+01 1.101262e+01 1.195551e+01
         vertex 6.840635e+01 1.101262e+01 1.195551e+01
         vertex 6.540635e+01 1.104975e+01 1.259294e+01
      endloop
   endfacet
   facet normal 0.000000e+00 -9.983081e-01 5.814504e-02
      outer loop
         vertex 6.540635e+01 1.104975e+01 1.259294e+01
         vertex 6.840635e+01 1.101262e+01 1.195551e+01
         vertex 6.840635e+01 1.104975e+01 1.259294e+01
      endloop
   endfacet
   facet normal 0.000000e+00 -9.848079e-01 -1.736475e-01
      outer loop
         vertex 6.540635e+01 1.104975e+01 1.259294e+01
         vertex 6.840635e+01 1.104975e+01 1.259294e+01
         vertex 6.540635e+01 1.093887e+01 1.322175e+01
      endloop
   endfacet
   facet normal 0.000000e+00 -9.848079e-01 -1.736475e-01
      outer loop
         vertex 6.540635e+01 1.093887e+01 1.322175e+01
         vertex 6.840635e+01 1.104975e+01 1.259294e+01
         vertex 6.840635e+01 1.093887e+01 1.322175e+01
      endloop
   endfacet
   facet normal 0.000000e+00 -9.182154e-01 -3.960815e-01
      outer loop
         vertex 6.540635e+01 1.093887e+01 1.322175e+01
         vertex 6.840635e+01 1.093887e+01 1.322175e+01
         vertex 6.540635e+01 1.068597e+01 1.380804e+01
      endloop
   endfacet
   facet normal 0.000000e+00 -9.182154e-01 -3.960815e-01
      outer loop
         vertex 6.540635e+01 1.068597e+01 1.380804e+01
         vertex 6.840635e+01 1.093887e+01 1.322175e+01
         vertex 6.840635e+01 1.068597e+01 1.380804e+01
      endloop
   endfacet
   facet normal 0.000000e+00 -8.021246e-01 -5.971568e-01
      outer loop
         vertex 6.540635e+01 1.068597e+01 1.380804e+01
         vertex 6.840635e+01 1.068597e+01 1.380804e+01
         vertex 6.540635e+01 1.030468e+01 1.432021e+01
      endloop
   endfacet
   facet normal 0.000000e+00 -8.021246e-01 -5.971568e-01
      outer loop
         vertex 6.540635e+01 1.030468e+01 1.432021e+01
         vertex 6.840635e+01 1.068597e+01 1.380804e+01
         vertex 6.840635e+01 1.030468e+01 1.432021e+01
      endloop
   endfacet
   facet normal 0.000000e+00 -6.427864e-01 -7.660455e-01
      outer loop
         vertex 6.540635e+01 1.030468e+01 1.432021e+01
         vertex 6.840635e+01 1.030468e+01 1.432021e+01
         vertex 6.540635e+01 9.815548e+00 1.473064e+01
      endloop
   endfacet
   facet normal 0.000000e+00 -6.427864e-01 -7.660455e-01
      outer loop
         vertex 6.540635e+01 9.815548e+00 1.473064e+01
         vertex 6.840635e+01 1.030468e+01 1.432021e+01
         vertex 6.840635e+01 9.815548e+00 1.473064e+01
      endloop
   endfacet
   facet normal 0.000000e+00 -4.487998e-01 -8.936323e-01
      outer loop
         vertex 6.540635e+01 9.815548e+00 1.473064e+01
         vertex 6.840635e+01 9.815548e+00 1.473064e+01
         vertex 6.540635e+01 9.244954e+00 1.501720e+01
      endloop
   endfacet
   facet normal 0.000000e+00 -4.487998e-01 -8.936323e-01
      outer loop
         vertex 6.540635e+01 9.244954e+00 1.501720e+01
         vertex 6.840635e+01 9.815548e+00 1.473064e+01
         vertex 6.840635e+01 9.244954e+00 1.501720e+01
      endloop
   endfacet
   facet normal 0.000000e+00 -2.306153e-01 -9.730450e-01
      outer loop
         vertex 6.540635e+01 9.244954e+00 1.501720e+01
         vertex 6.840635e+01 9.244954e+00 1.501720e+01
         vertex 6.540635e+01 8.623654e+00 1.516445e+01
      endloop
   endfacet
   facet normal 0.000000e+00 -2.306153e-01 -9.730450e-01
      outer loop
         vertex 6.540635e+01 8.623654e+00 1.516445e+01
         vertex 6.840635e+01 9.244954e+00 1.501720e+01
         vertex 6.840635e+01 8.623654e+00 1.516445e+01
      endloop
   endfacet
   facet normal 0.000000e+00 0.000000e+00 -1.000000e+00
      outer loop
         vertex 6.540635e+01 8.623654e+00 1.516445e+01
         vertex 6.840635e+01 8.623654e+00 1.516445e+01
         vertex 6.540635e+01 7.985143e+00 1.516445e+01
      endloop
   endfacet
   facet normal 0.000000e+00 0.000000e+00 -1.000000e+00
      outer loop
         vertex 6.540635e+01 7.985143e+00 1.516445e+01
         vertex 6.840635e+01 8.623654e+00 1.516445e+01
         vertex 6.840635e+01 7.985143e+00 1.516445e+01
      endloop
   endfacet
   facet normal 0.000000e+00 2.306153e-01 -9.730450e-01
      outer loop
         vertex 6.540635e+01 7.985143e+00 1.516445e+01
         vertex 6.840635e+01 7.985143e+00 1.516445e+01
         vertex 6.540635e+01 7.363843e+00 1.501720e+01
      endloop
   endfacet
   facet normal 0.000000e+00 2.306153e-01 -9.730450e-01
      outer loop
         vertex 6.540635e+01 7.363843e+00 1.501720e+01
         vertex 6.840635e+01 7.985143e+00 1.516445e+01
         vertex 6.840635e+01 7.363843e+00 1.501720e+01
      endloop
   endfacet
   facet normal 0.000000e+00 4.487987e-01 -8.936329e-01
      outer loop
         vertex 6.540635e+01 7.363843e+00 1.501720e+01
         vertex 6.840635e+01 7.363843e+00 1.501720e+01
         vertex 6.540635e+01 6.793248e+00 1.473064e+01
      endloop
   endfacet
   facet normal 0.000000e+00 4.487987e-01 -8.936329e-01
      outer loop
         vertex 6.540635e+01 6.793248e+00 1.473064e+01
         vertex 6.840635e+01 7.363843e+00 1.501720e+01
         vertex 6.840635e+01 6.793248e+00 1.473064e+01
      endloop
   endfacet
   facet normal 0.000000e+00 6.427878e-01 -7.660443e-01
      outer loop
         vertex 6.540635e+01 6.793248e+00 1.473064e+01
         vertex 6.840635e+01 6.793248e+00 1.473064e+01
         vertex 6.540635e+01 6.304121e+00 1.432021e+01
      endloop
   endfacet
   facet normal 0.000000e+00 6.427878e-01 -7.660443e-01
      outer loop
         vertex 6.540635e+01 6.304121e+00 1.432021e+01
         vertex 6.840635e+01 6.793248e+00 1.473064e+01
         vertex 6.840635e+01 6.304121e+00 1.432021e+01
      endloop
   endfacet
   facet normal 0.000000e+00 8.021232e-01 -5.971586e-01
      outer loop
         vertex 6.540635e+01 6.304121e+00 1.432021e+01
         vertex 6.840635e+01 6.304121e+00 1.432021e+01
         vertex 6.540635e+01 5.922828e+00 1.380804e+01
      endloop
   endfacet
   facet normal 0.000000e+00 8.021232e-01 -5.971586e-01
      outer loop
         vertex 6.540635e+01 5.922828e+00 1.380804e+01
         vertex 6.840635e+01 6.304121e+00 1.432021e+01
         vertex 6.840635e+01 5.922828e+00 1.380804e+01
      endloop
   endfacet
   facet normal 0.000000e+00 9.182164e-01 -3.960791e-01
      outer loop
         vertex 6.540635e+01 5.922828e+00 1.380804e+01
         vertex 6.840635e+01 5.922828e+00 1.380804e+01
         vertex 6.540635e+01 5.669927e+00 1.322175e+01
      endloop
   endfacet
   facet normal 0.000000e+00 9.182164e-01 -3.960791e-01
      outer loop
         vertex 6.540635e+01 5.669927e+00 1.322175e+01
         vertex 6.840635e+01 5.922828e+00 1.380804e+01
         vertex 6.840635e+01 5.669927e+00 1.322175e+01
      endloop
   endfacet
   facet normal 0.000000e+00 9.848079e-01 -1.736475e-01
      outer loop
         vertex 6.540635e+01 5.669927e+00 1.322175e+01
         vertex 6.840635e+01 5.669927e+00 1.322175e+01
         vertex 6.540635e+01 5.559051e+00 1.259294e+01
      endloop
   endfacet
   facet normal 0.000000e+00 9.848079e-01 -1.736475e-01
      outer loop
         vertex 6.540635e+01 5.559051e+00 1.259294e+01
         vertex 6.840635e+01 5.669927e+00 1.322175e+01
         vertex 6.840635e+01 5.559051e+00 1.259294e+01
      endloop
   endfacet
   facet normal -0.000000e+00 9.983083e-01 5.814213e-02
      outer loop
         vertex 6.540635e+01 5.559051e+00 1.259294e+01
         vertex 6.840635e+01 5.559051e+00 1.259294e+01
         vertex 6.540635e+01 5.596176e+00 1.195551e+01
      endloop
   endfacet
   facet normal -0.000000e+00 9.983083e-01 5.814213e-02
      outer loop
         vertex 6.540635e+01 5.596176e+00 1.195551e+01
         vertex 6.840635e+01 5.559051e+00 1.259294e+01
         vertex 6.840635e+01 5.596176e+00 1.195551e+01
      endloop
   endfacet
   facet normal -0.000000e+00 9.579892e-01 2.868043e-01
      outer loop
         vertex 6.540635e+01 5.596176e+00 1.195551e+01
         vertex 6.840635e+01 5.596176e+00 1.195551e+01
         vertex 6.540635e+01 5.779304e+00 1.134383e+01
      endloop
   endfacet
   facet normal -0.000000e+00 9.579892e-01 2.868043e-01
      outer loop
         vertex 6.540635e+01 5.779304e+00 1.134383e+01
         vertex 6.840635e+01 5.596176e+00 1.195551e+01
         vertex 6.840635e+01 5.779304e+00 1.134383e+01
      endloop
   endfacet
   facet normal -0.000000e+00 8.660256e-01 4.999997e-01
      outer loop
         vertex 6.540635e+01 5.779304e+00 1.134383e+01
         vertex 6.840635e+01 5.779304e+00 1.134383e+01
         vertex 6.540635e+01 6.098559e+00 1.079086e+01
      endloop
   endfacet
   facet normal -0.000000e+00 8.660256e-01 4.999997e-01
      outer loop
         vertex 6.540635e+01 6.098559e+00 1.079086e+01
         vertex 6.840635e+01 5.779304e+00 1.134383e+01
         vertex 6.840635e+01 6.098559e+00 1.079086e+01
      endloop
   endfacet
   facet normal -0.000000e+00 7.273737e-01 6.862416e-01
      outer loop
         vertex 6.540635e+01 6.098559e+00 1.079086e+01
         vertex 6.840635e+01 6.098559e+00 1.079086e+01
         vertex 6.540635e+01 6.536731e+00 1.032642e+01
      endloop
   endfacet
   facet normal -0.000000e+00 7.273737e-01 6.862416e-01
      outer loop
         vertex 6.540635e+01 6.536731e+00 1.032642e+01
         vertex 6.840635e+01 6.098559e+00 1.079086e+01
         vertex 6.840635e+01 6.536731e+00 1.032642e+01
      endloop
   endfacet
   facet normal -0.000000e+00 5.495082e-01 8.354883e-01
      outer loop
         vertex 6.540635e+01 6.536731e+00 1.032642e+01
         vertex 6.840635e+01 6.536731e+00 1.032642e+01
         vertex 6.540635e+01 7.070201e+00 9.975555e+00
      endloop
   endfacet
   facet normal -0.000000e+00 5.495082e-01 8.354883e-01
      outer loop
         vertex 6.540635e+01 7.070201e+00 9.975555e+00
         vertex 6.840635e+01 6.536731e+00 1.032642e+01
         vertex 6.840635e+01 7.070201e+00 9.975555e+00
      endloop
   endfacet
   facet normal -0.000000e+00 3.420204e-01 9.396925e-01
      outer loop
         vertex 6.540635e+01 7.070201e+00 9.975555e+00
         vertex 6.840635e+01 7.070201e+00 9.975555e+00
         vertex 6.540635e+01 7.670205e+00 9.757171e+00
      endloop
   endfacet
   facet normal -0.000000e+00 3.420204e-01 9.396925e-01
      outer loop
         vertex 6.540635e+01 7.670205e+00 9.757171e+00
         vertex 6.840635e+01 7.070201e+00 9.975555e+00
         vertex 6.840635e+01 7.670205e+00 9.757171e+00
      endloop
   endfacet
   facet normal -0.000000e+00 1.160932e-01 9.932383e-01
      outer loop
         vertex 6.540635e+01 7.670205e+00 9.757171e+00
         vertex 6.840635e+01 7.670205e+00 9.757171e+00
         vertex 6.540635e+01 8.304399e+00 9.683045e+00
      endloop
   endfacet
   facet normal -0.000000e+00 1.160932e-01 9.932383e-01
      outer loop
         vertex 6.540635e+01 8.304399e+00 9.683045e+00
         vertex 6.840635e+01 7.670205e+00 9.757171e+00
         vertex 6.840635e+01 8.304399e+00 9.683045e+00
      endloop
   endfacet
   facet normal 1.000000e+00 0.000000e+00 0.000000e+00
      outer loop
         vertex 6.540635e+01 6.855508e+00 1.204482e+01
         vertex 6.540635e+01 5.779304e+00 1.134383e+01
         vertex 6.540635e+01 7.005360e+00 1.168304e+01
      endloop
   endfacet
   facet normal 1.000000e+00 0.000000e+00 0.000000e+00
      outer loop
         vertex 6.540635e+01 7.005360e+00 1.168304e+01
         vertex 6.540635e+01 5.779304e+00 1.134383e+01
         vertex 6.540635e+01 6.098559e+00 1.079086e+01
      endloop
   endfacet
   facet normal 1.000000e+00 0.000000e+00 0.000000e+00
      outer loop
         vertex 6.540635e+01 7.005360e+00 1.168304e+01
         vertex 6.540635e+01 6.098559e+00 1.079086e+01
         vertex 6.540635e+01 7.243738e+00 1.137238e+01
      endloop
   endfacet
   facet normal 1.000000e+00 0.000000e+00 0.000000e+00
      outer loop
         vertex 6.540635e+01 7.243738e+00 1.137238e+01
         vertex 6.540635e+01 6.098559e+00 1.079086e+01
         vertex 6.540635e+01 6.536731e+00 1.032642e+01
      endloop
   endfacet
   facet normal 1.000000e+00 0.000000e+00 0.000000e+00
      outer loop
         vertex 6.540635e+01 7.243738e+00 1.137238e+01
         vertex 6.540635e+01 6.536731e+00 1.032642e+01
         vertex 6.540635e+01 7.554399e+00 1.113401e+01
      endloop
   endfacet
   facet normal 1.000000e+00 0.000000e+00 0.000000e+00
      outer loop
         vertex 6.540635e+01 7.554399e+00 1.113401e+01
         vertex 6.540635e+01 6.536731e+00 1.032642e+01
         vertex 6.540635e+01 7.070201e+00 9.975555e+00
      endloop
   endfacet
   facet normal 1.000000e+00 0.000000e+00 0.000000e+00
      outer loop
         vertex 6.540635e+01 7.554399e+00 1.113401e+01
         vertex 6.540635e+01 7.070201e+00 9.975555e+00
         vertex 6.540635e+01 7.916169e+00 1.098416e+01
      endloop
   endfacet
   facet normal 1.000000e+00 0.000000e+00 0.000000e+00
      outer loop
         vertex 6.540635e+01 7.916169e+00 1.098416e+01
         vertex 6.540635e+01 7.070201e+00 9.975555e+00
         vertex 6.540635e+01 7.670205e+00 9.757171e+00
      endloop
   endfacet
   facet normal 1.000000e+00 0.000000e+00 0.000000e+00
      outer loop
         vertex 6.540635e+01 7.916169e+00 1.098416e+01
         vertex 6.540635e+01 7.670205e+00 9.757171e+00
         vertex 6.540635e+01 8.304399e+00 1.093304e+01
      endloop
   endfacet
   facet normal 1.000000e+00 0.000000e+00 0.000000e+00
      outer loop
         vertex 6.540635e+01 8.304399e+00 1.093304e+01
         vertex 6.540635e+01 7.670205e+00 9.757171e+00
         vertex 6.540635e+01 8.304399e+00 9.683045e+00
      endloop
   endfacet
   facet normal 1.000000e+00 -0.000000e+00 0.000000e+00
      outer loop
         vertex 6.540635e+01 8.304399e+00 1.093304e+01
         vertex 6.540635e+01 8.304399e+00 9.683045e+00
         vertex 6.540635e+01 8.692626e+00 1.098416e+01
      endloop
   endfacet
   facet normal 1.000000e+00 0.000000e+00 0.000000e+00
      outer loop
         vertex 6.540635e+01 8.692626e+00 1.098416e+01
         vertex 6.540635e+01 8.304399e+00 9.683045e+00
         vertex 6.540635e+01 8.938592e+00 9.757171e+00
      endloop
   endfacet
   facet normal 1.000000e+00 -0.000000e+00 0.000000e+00
      outer loop
         vertex 6.540635e+01 8.692626e+00 1.098416e+01
         vertex 6.540635e+01 8.938592e+00 9.757171e+00
         vertex 6.540635e+01 9.054398e+00 1.113401e+01
      endloop
   endfacet
   facet normal 1.000000e+00 0.000000e+00 0.000000e+00
      outer loop
         vertex 6.540635e+01 9.054398e+00 1.113401e+01
         vertex 6.540635e+01 8.938592e+00 9.757171e+00
         vertex 6.540635e+01 9.538596e+00 9.975555e+00
      endloop
   endfacet
   facet normal 1.000000e+00 -0.000000e+00 0.000000e+00
      outer loop
         vertex 6.540635e+01 9.054398e+00 1.113401e+01
         vertex 6.540635e+01 9.538596e+00 9.975555e+00
         vertex 6.540635e+01 9.365058e+00 1.137238e+01
      endloop
   endfacet
   facet normal 1.000000e+00 0.000000e+00 0.000000e+00
      outer loop
         vertex 6.540635e+01 8.692626e+00 1.388193e+01
         vertex 6.540635e+01 8.623654e+00 1.516445e+01
         vertex 6.540635e+01 8.304399e+00 1.393304e+01
      endloop
   endfacet
   facet normal 1.000000e+00 0.000000e+00 -0.000000e+00
      outer loop
         vertex 6.540635e+01 8.304399e+00 1.393304e+01
         vertex 6.540635e+01 8.623654e+00 1.516445e+01
         vertex 6.540635e+01 7.985143e+00 1.516445e+01
      endloop
   endfacet
   facet normal 1.000000e+00 0.000000e+00 0.000000e+00
      outer loop
         vertex 6.540635e+01 8.304399e+00 1.393304e+01
         vertex 6.540635e+01 7.985143e+00 1.516445e+01
         vertex 6.540635e+01 7.916169e+00 1.388193e+01
      endloop
   endfacet
   facet normal 1.000000e+00 0.000000e+00 -0.000000e+00
      outer loop
         vertex 6.540635e+01 7.916169e+00 1.388193e+01
         vertex 6.540635e+01 7.985143e+00 1.516445e+01
         vertex 6.540635e+01 7.363843e+00 1.501720e+01
      endloop
   endfacet
   facet normal 1.000000e+00 0.000000e+00 0.000000e+00
      outer loop
         vertex 6.540635e+01 7.916169e+00 1.388193e+01
         vertex 6.540635e+01 7.363843e+00 1.501720e+01
         vertex 6.540635e+01 7.554399e+00 1.373208e+01
      endloop
   endfacet
   facet normal 1.000000e+00 0.000000e+00 0.000000e+00
      outer loop
         vertex 6.540635e+01 7.554399e+00 1.373208e+01
         vertex 6.540635e+01 7.363843e+00 1.501720e+01
         vertex 6.540635e+01 6.793248e+00 1.473064e+01
      endloop
   endfacet
   facet normal 1.000000e+00 0.000000e+00 0.000000e+00
      outer loop
         vertex 6.540635e+01 7.554399e+00 1.373208e+01
         vertex 6.540635e+01 6.793248e+00 1.473064e+01
         vertex 6.540635e+01 7.243738e+00 1.349370e+01
      endloop
   endfacet
   facet normal 1.000000e+00 0.000000e+00 0.000000e+00
      outer loop
         vertex 6.540635e+01 7.243738e+00 1.349370e+01
         vertex 6.540635e+01 6.793248e+00 1.473064e+01
         vertex 6.540635e+01 6.304121e+00 1.432021e+01
      endloop
   endfacet
   facet normal 1.000000e+00 0.000000e+00 0.000000e+00
      outer loop
         vertex 6.540635e+01 7.243738e+00 1.349370e+01
         vertex 6.540635e+01 6.304121e+00 1.432021e+01
         vertex 6.540635e+01 7.005360e+00 1.318304e+01
      endloop
   endfacet
   facet normal 1.000000e+00 0.000000e+00 0.000000e+00
      outer loop
         vertex 6.540635e+01 7.005360e+00 1.318304e+01
         vertex 6.540635e+01 6.304121e+00 1.432021e+01
         vertex 6.540635e+01 5.922828e+00 1.380804e+01
      endloop
   endfacet
   facet normal 1.000000e+00 0.000000e+00 0.000000e+00
      outer loop
         vertex 6.540635e+01 7.005360e+00 1.318304e+01
         vertex 6.540635e+01 5.922828e+00 1.380804e+01
         vertex 6.540635e+01 6.855508e+00 1.282127e+01
      endloop
   endfacet
   facet normal 1.000000e+00 0.000000e+00 0.000000e+00
      outer loop
         vertex 6.540635e+01 6.855508e+00 1.282127e+01
         vertex 6.540635e+01 5.922828e+00 1.380804e+01
         vertex 6.540635e+01 5.669927e+00 1.322175e+01
      endloop
   endfacet
   facet normal 1.000000e+00 0.000000e+00 0.000000e+00
      outer loop
         vertex 6.540635e+01 6.855508e+00 1.282127e+01
         vertex 6.540635e+01 5.669927e+00 1.322175e+01
         vertex 6.540635e+01 6.804397e+00 1.243304e+01
      endloop
   endfacet
   facet normal 1.000000e+00 0.000000e+00 0.000000e+00
      outer loop
         vertex 6.540635e+01 6.804397e+00 1.243304e+01
         vertex 6.540635e+01 5.669927e+00 1.322175e+01
         vertex 6.540635e+01 5.559051e+00 1.259294e+01
      endloop
   endfacet
   facet normal 1.000000e+00 0.000000e+00 0.000000e+00
      outer loop
         vertex 6.540635e+01 6.804397e+00 1.243304e+01
         vertex 6.540635e+01 5.559051e+00 1.259294e+01
         vertex 6.540635e+01 6.855508e+00 1.204482e+01
      endloop
   endfacet
   facet normal 1.000000e+00 0.000000e+00 0.000000e+00
      outer loop
         vertex 6.540635e+01 6.855508e+00 1.204482e+01
         vertex 6.540635e+01 5.559051e+00 1.259294e+01
         vertex 6.540635e+01 5.596176e+00 1.195551e+01
      endloop
   endfacet
   facet normal 1.000000e+00 0.000000e+00 0.000000e+00
      outer loop
         vertex 6.540635e+01 6.855508e+00 1.204482e+01
         vertex 6.540635e+01 5.596176e+00 1.195551e+01
         vertex 6.540635e+01 5.779304e+00 1.134383e+01
      endloop
   endfacet
   facet normal 1.000000e+00 0.000000e+00 -0.000000e+00
      outer loop
         vertex 6.540635e+01 9.538596e+00 9.975555e+00
         vertex 6.540635e+01 1.007206e+01 1.032642e+01
         vertex 6.540635e+01 9.365058e+00 1.137238e+01
      endloop
   endfacet
   facet normal 1.000000e+00 0.000000e+00 0.000000e+00
      outer loop
         vertex 6.540635e+01 9.365058e+00 1.137238e+01
         vertex 6.540635e+01 1.007206e+01 1.032642e+01
         vertex 6.540635e+01 1.051024e+01 1.079086e+01
      endloop
   endfacet
   facet normal 1.000000e+00 -0.000000e+00 0.000000e+00
      outer loop
         vertex 6.540635e+01 9.365058e+00 1.137238e+01
         vertex 6.540635e+01 1.051024e+01 1.079086e+01
         vertex 6.540635e+01 9.603435e+00 1.168304e+01
      endloop
   endfacet
   facet normal 1.000000e+00 0.000000e+00 0.000000e+00
      outer loop
         vertex 6.540635e+01 9.603435e+00 1.168304e+01
         vertex 6.540635e+01 1.051024e+01 1.079086e+01
         vertex 6.540635e+01 1.082949e+01 1.134383e+01
      endloop
   endfacet
   facet normal 1.000000e+00 -0.000000e+00 0.000000e+00
      outer loop
         vertex 6.540635e+01 9.603435e+00 1.168304e+01
         vertex 6.540635e+01 1.082949e+01 1.134383e+01
         vertex 6.540635e+01 9.753287e+00 1.204482e+01
      endloop
   endfacet
   facet normal 1.000000e+00 0.000000e+00 0.000000e+00
      outer loop
         vertex 6.540635e+01 9.753287e+00 1.204482e+01
         vertex 6.540635e+01 1.082949e+01 1.134383e+01
         vertex 6.540635e+01 1.101262e+01 1.195551e+01
      endloop
   endfacet
   facet normal 1.000000e+00 -0.000000e+00 0.000000e+00
      outer loop
         vertex 6.540635e+01 9.753287e+00 1.204482e+01
         vertex 6.540635e+01 1.101262e+01 1.195551e+01
         vertex 6.540635e+01 9.804398e+00 1.243304e+01
      endloop
   endfacet
   facet normal 1.000000e+00 -0.000000e+00 0.000000e+00
      outer loop
         vertex 6.540635e+01 9.804398e+00 1.243304e+01
         vertex 6.540635e+01 1.101262e+01 1.195551e+01
         vertex 6.540635e+01 1.104975e+01 1.259294e+01
      endloop
   endfacet
   facet normal 1.000000e+00 0.000000e+00 -0.000000e+00
      outer loop
         vertex 6.540635e+01 9.804398e+00 1.243304e+01
         vertex 6.540635e+01 1.104975e+01 1.259294e+01
         vertex 6.540635e+01 9.753287e+00 1.282127e+01
      endloop
   endfacet
   facet normal 1.000000e+00 -0.000000e+00 0.000000e+00
      outer loop
         vertex 6.540635e+01 9.753287e+00 1.282127e+01
         vertex 6.540635e+01 1.104975e+01 1.259294e+01
         vertex 6.540635e+01 1.093887e+01 1.322175e+01
      endloop
   endfacet
   facet normal 1.000000e+00 0.000000e+00 -0.000000e+00
      outer loop
         vertex 6.540635e+01 9.753287e+00 1.282127e+01
         vertex 6.540635e+01 1.093887e+01 1.322175e+01
         vertex 6.540635e+01 9.603435e+00 1.318304e+01
      endloop
   endfacet
   facet normal 1.000000e+00 0.000000e+00 0.000000e+00
      outer loop
         vertex 6.540635e+01 9.603435e+00 1.318304e+01
         vertex 6.540635e+01 1.093887e+01 1.322175e+01
         vertex 6.540635e+01 1.068597e+01 1.380804e+01
      endloop
   endfacet
   facet normal 1.000000e+00 0.000000e+00 -0.000000e+00
      outer loop
         vertex 6.540635e+01 9.603435e+00 1.318304e+01
         vertex 6.540635e+01 1.068597e+01 1.380804e+01
         vertex 6.540635e+01 9.365058e+00 1.349370e+01
      endloop
   endfacet
   facet normal 1.000000e+00 0.000000e+00 0.000000e+00
      outer loop
         vertex 6.540635e+01 9.365058e+00 1.349370e+01
         vertex 6.540635e+01 1.068597e+01 1.380804e+01
         vertex 6.540635e+01 1.030468e+01 1.432021e+01
      endloop
   endfacet
   facet normal 1.000000e+00 0.000000e+00 -0.000000e+00
      outer loop
         vertex 6.540635e+01 9.365058e+00 1.349370e+01
         vertex 6.540635e+01 1.030468e+01 1.432021e+01
         vertex 6.540635e+01 9.054398e+00 1.373208e+01
      endloop
   endfacet
   facet normal 1.000000e+00 0.000000e+00 0.000000e+00
      outer loop
         vertex 6.540635e+01 9.054398e+00 1.373208e+01
         vertex 6.540635e+01 1.030468e+01 1.432021e+01
         vertex 6.540635e+01 9.815548e+00 1.473064e+01
      endloop
   endfacet
   facet normal 1.000000e+00 0.000000e+00 -0.000000e+00
      outer loop
         vertex 6.540635e+01 9.054398e+00 1.373208e+01
         vertex 6.540635e+01 9.815548e+00 1.473064e+01
         vertex 6.540635e+01 8.692626e+00 1.388193e+01
      endloop
   endfacet
   facet normal 1.000000e+00 0.000000e+00 0.000000e+00
      outer loop
         vertex 6.540635e+01 8.692626e+00 1.388193e+01
         vertex 6.540635e+01 9.815548e+00 1.473064e+01
         vertex 6.540635e+01 9.244954e+00 1.501720e+01
      endloop
   endfacet
   facet normal 1.000000e+00 0.000000e+00 -0.000000e+00
      outer loop
         vertex 6.540635e+01 8.692626e+00 1.388193e+01
         vertex 6.540635e+01 9.244954e+00 1.501720e+01
         vertex 6.540635e+01 8.623654e+00 1.516445e+01
      endloop
   endfacet
   facet normal 0.000000e+00 -1.160932e-01 9.932383e-01
      outer loop
         vertex 6.540635e+01 2.951760e+01 3.089625e+01
         vertex 6.840635e+01 2.951760e+01 3.089625e+01
         vertex 6.540635e+01 3.015180e+01 3.097038e+01
      endloop
   endfacet
   facet normal 0.000000e+00 -1.160932e-01 9.932383e-01
      outer loop
         vertex 6.540635e+01 3.015180e+01 3.097038e+01
         vertex 6.840635e+01 2.951760e+01 3.089625e+01
         vertex 6.840635e+01 3.015180e+01 3.097038e+01
      endloop
   endfacet
   facet normal 0.000000e+00 -3.420193e-01 9.396929e-01
      outer loop
         vertex 6.540635e+01 3.015180e+01 3.097038e+01
         vertex 6.840635e+01 3.015180e+01 3.097038e+01
         vertex 6.540635e+01 3.075180e+01 3.118876e+01
      endloop
   endfacet
   facet normal 0.000000e+00 -3.420193e-01 9.396929e-01
      outer loop
         vertex 6.540635e+01 3.075180e+01 3.118876e+01
         vertex 6.840635e+01 3.015180e+01 3.097038e+01
         vertex 6.840635e+01 3.075180e+01 3.118876e+01
      endloop
   endfacet
   facet normal 0.000000e+00 -5.495088e-01 8.354879e-01
      outer loop
         vertex 6.540635e+01 3.075180e+01 3.118876e+01
         vertex 6.840635e+01 3.075180e+01 3.118876e+01
         vertex 6.540635e+01 3.128527e+01 3.153963e+01
      endloop
   endfacet
   facet normal 0.000000e+00 -5.495088e-01 8.354879e-01
      outer loop
         vertex 6.540635e+01 3.128527e+01 3.153963e+01
         vertex 6.840635e+01 3.075180e+01 3.118876e+01
         vertex 6.840635e+01 3.128527e+01 3.153963e+01
      endloop
   endfacet
   facet normal 0.000000e+00 -7.273740e-01 6.862412e-01
      outer loop
         vertex 6.540635e+01 3.128527e+01 3.153963e+01
         vertex 6.840635e+01 3.128527e+01 3.153963e+01
         vertex 6.540635e+01 3.172344e+01 3.200406e+01
      endloop
   endfacet
   facet normal 0.000000e+00 -7.273740e-01 6.862412e-01
      outer loop
         vertex 6.540635e+01 3.172344e+01 3.200406e+01
         vertex 6.840635e+01 3.128527e+01 3.153963e+01
         vertex 6.840635e+01 3.172344e+01 3.200406e+01
      endloop
   endfacet
   facet normal 0.000000e+00 -8.660252e-01 5.000003e-01
      outer loop
         vertex 6.540635e+01 3.172344e+01 3.200406e+01
         vertex 6.840635e+01 3.172344e+01 3.200406e+01
         vertex 6.540635e+01 3.204270e+01 3.255703e+01
      endloop
   endfacet
   facet normal 0.000000e+00 -8.660252e-01 5.000003e-01
      outer loop
         vertex 6.540635e+01 3.204270e+01 3.255703e+01
         vertex 6.840635e+01 3.172344e+01 3.200406e+01
         vertex 6.840635e+01 3.204270e+01 3.255703e+01
      endloop
   endfacet
   facet normal 0.000000e+00 -9.579895e-01 2.868033e-01
      outer loop
         vertex 6.540635e+01 3.204270e+01 3.255703e+01
         vertex 6.840635e+01 3.204270e+01 3.255703e+01
         vertex 6.540635e+01 3.222582e+01 3.316872e+01
      endloop
   endfacet
   facet normal 0.000000e+00 -9.579895e-01 2.868033e-01
      outer loop
         vertex 6.540635e+01 3.222582e+01 3.316872e+01
         vertex 6.840635e+01 3.204270e+01 3.255703e+01
         vertex 6.840635e+01 3.222582e+01 3.316872e+01
      endloop
   endfacet
   facet normal 0.000000e+00 -9.983082e-01 5.814467e-02
      outer loop
         vertex 6.540635e+01 3.222582e+01 3.316872e+01
         vertex 6.840635e+01 3.222582e+01 3.316872e+01
         vertex 6.540635e+01 3.226295e+01 3.380615e+01
      endloop
   endfacet
   facet normal 0.000000e+00 -9.983082e-01 5.814467e-02
      outer loop
         vertex 6.540635e+01 3.226295e+01 3.380615e+01
         vertex 6.840635e+01 3.222582e+01 3.316872e+01
         vertex 6.840635e+01 3.226295e+01 3.380615e+01
      endloop
   endfacet
   facet normal 0.000000e+00 -9.848078e-01 -1.736480e-01
      outer loop
         vertex 6.540635e+01 3.226295e+01 3.380615e+01
         vertex 6.840635e+01 3.226295e+01 3.380615e+01
         vertex 6.540635e+01 3.215207e+01 3.443496e+01
      endloop
   endfacet
   facet normal 0.000000e+00 -9.848078e-01 -1.736480e-01
      outer loop
         vertex 6.540635e+01 3.215207e+01 3.443496e+01
         vertex 6.840635e+01 3.226295e+01 3.380615e+01
         vertex 6.840635e+01 3.215207e+01 3.443496e+01
      endloop
   endfacet
   facet normal 0.000000e+00 -9.182160e-01 -3.960800e-01
      outer loop
         vertex 6.540635e+01 3.215207e+01 3.443496e+01
         vertex 6.840635e+01 3.215207e+01 3.443496e+01
         vertex 6.540635e+01 3.189917e+01 3.502125e+01
      endloop
   endfacet
   facet normal 0.000000e+00 -9.182160e-01 -3.960800e-01
      outer loop
         vertex 6.540635e+01 3.189917e+01 3.502125e+01
         vertex 6.840635e+01 3.215207e+01 3.443496e+01
         vertex 6.840635e+01 3.189917e+01 3.502125e+01
      endloop
   endfacet
   facet normal 0.000000e+00 -8.021230e-01 -5.971589e-01
      outer loop
         vertex 6.540635e+01 3.189917e+01 3.502125e+01
         vertex 6.840635e+01 3.189917e+01 3.502125e+01
         vertex 6.540635e+01 3.151788e+01 3.553341e+01
      endloop
   endfacet
   facet normal 0.000000e+00 -8.021230e-01 -5.971589e-01
      outer loop
         vertex 6.540635e+01 3.151788e+01 3.553341e+01
         vertex 6.840635e+01 3.189917e+01 3.502125e+01
         vertex 6.840635e+01 3.151788e+01 3.553341e+01
      endloop
   endfacet
   facet normal 0.000000e+00 -6.427879e-01 -7.660442e-01
      outer loop
         vertex 6.540635e+01 3.151788e+01 3.553341e+01
         vertex 6.840635e+01 3.151788e+01 3.553341e+01
         vertex 6.540635e+01 3.102875e+01 3.594384e+01
      endloop
   endfacet
   facet normal 0.000000e+00 -6.427879e-01 -7.660442e-01
      outer loop
         vertex 6.540635e+01 3.102875e+01 3.594384e+01
         vertex 6.840635e+01 3.151788e+01 3.553341e+01
         vertex 6.840635e+01 3.102875e+01 3.594384e+01
      endloop
   endfacet
   facet normal 0.000000e+00 -4.487993e-01 -8.936326e-01
      outer loop
         vertex 6.540635e+01 3.102875e+01 3.594384e+01
         vertex 6.840635e+01 3.102875e+01 3.594384e+01
         vertex 6.540635e+01 3.045816e+01 3.623040e+01
      endloop
   endfacet
   facet normal 0.000000e+00 -4.487993e-01 -8.936326e-01
      outer loop
         vertex 6.540635e+01 3.045816e+01 3.623040e+01
         vertex 6.840635e+01 3.102875e+01 3.594384e+01
         vertex 6.840635e+01 3.045816e+01 3.623040e+01
      endloop
   endfacet
   facet normal 0.000000e+00 -2.306154e-01 -9.730450e-01
      outer loop
         vertex 6.540635e+01 3.045816e+01 3.623040e+01
         vertex 6.840635e+01 3.045816e+01 3.623040e+01
         vertex 6.540635e+01 2.983686e+01 3.637765e+01
      endloop
   endfacet
   facet normal 0.000000e+00 -2.306154e-01 -9.730450e-01
      outer loop
         vertex 6.540635e+01 2.983686e+01 3.637765e+01
         vertex 6.840635e+01 3.045816e+01 3.623040e+01
         vertex 6.840635e+01 2.983686e+01 3.637765e+01
      endloop
   endfacet
   facet normal 0.000000e+00 0.000000e+00 -1.000000e+00
      outer loop
         vertex 6.540635e+01 2.983686e+01 3.637765e+01
         vertex 6.840635e+01 2.983686e+01 3.637765e+01
         vertex 6.540635e+01 2.919835e+01 3.637765e+01
      endloop
   endfacet
   facet normal 0.000000e+00 0.000000e+00 -1.000000e+00
      outer loop
         vertex 6.540635e+01 2.919835e+01 3.637765e+01
         vertex 6.840635e+01 2.983686e+01 3.637765e+01
         vertex 6.840635e+01 2.919835e+01 3.637765e+01
      endloop
   endfacet
   facet normal 0.000000e+00 2.306154e-01 -9.730450e-01
      outer loop
         vertex 6.540635e+01 2.919835e+01 3.637765e+01
         vertex 6.840635e+01 2.919835e+01 3.637765e+01
         vertex 6.540635e+01 2.857705e+01 3.623040e+01
      endloop
   endfacet
   facet normal 0.000000e+00 2.306154e-01 -9.730450e-01
      outer loop
         vertex 6.540635e+01 2.857705e+01 3.623040e+01
         vertex 6.840635e+01 2.919835e+01 3.637765e+01
         vertex 6.840635e+01 2.857705e+01 3.623040e+01
      endloop
   endfacet
   facet normal 0.000000e+00 4.487993e-01 -8.936326e-01
      outer loop
         vertex 6.540635e+01 2.857705e+01 3.623040e+01
         vertex 6.840635e+01 2.857705e+01 3.623040e+01
         vertex 6.540635e+01 2.800645e+01 3.594384e+01
      endloop
   endfacet
   facet normal 0.000000e+00 4.487993e-01 -8.936326e-01
      outer loop
         vertex 6.540635e+01 2.800645e+01 3.594384e+01
         vertex 6.840635e+01 2.857705e+01 3.623040e+01
         vertex 6.840635e+01 2.800645e+01 3.594384e+01
      endloop
   endfacet
   facet normal 0.000000e+00 6.427879e-01 -7.660442e-01
      outer loop
         vertex 6.540635e+01 2.800645e+01 3.594384e+01
         vertex 6.840635e+01 2.800645e+01 3.594384e+01
         vertex 6.540635e+01 2.751732e+01 3.553341e+01
      endloop
   endfacet
   facet normal 0.000000e+00 6.427879e-01 -7.660442e-01
      outer loop
         vertex 6.540635e+01 2.751732e+01 3.553341e+01
         vertex 6.840635e+01 2.800645e+01 3.594384e+01
         vertex 6.840635e+01 2.751732e+01 3.553341e+01
      endloop
   endfacet
   facet normal 0.000000e+00 8.021230e-01 -5.971589e-01
      outer loop
         vertex 6.540635e+01 2.751732e+01 3.553341e+01
         vertex 6.840635e+01 2.751732e+01 3.553341e+01
         vertex 6.540635e+01 2.713603e+01 3.502125e+01
      endloop
   endfacet
   facet normal 0.000000e+00 8.021230e-01 -5.971589e-01
      outer loop
         vertex 6.540635e+01 2.713603e+01 3.502125e+01
         vertex 6.840635e+01 2.751732e+01 3.553341e+01
         vertex 6.840635e+01 2.713603e+01 3.502125e+01
      endloop
   endfacet
   facet normal 0.000000e+00 9.182160e-01 -3.960800e-01
      outer loop
         vertex 6.540635e+01 2.713603e+01 3.502125e+01
         vertex 6.840635e+01 2.713603e+01 3.502125e+01
         vertex 6.540635e+01 2.688313e+01 3.443496e+01
      endloop
   endfacet
   facet normal 0.000000e+00 9.182160e-01 -3.960800e-01
      outer loop
         vertex 6.540635e+01 2.688313e+01 3.443496e+01
         vertex 6.840635e+01 2.713603e+01 3.502125e+01
         vertex 6.840635e+01 2.688313e+01 3.443496e+01
      endloop
   endfacet
   facet normal 0.000000e+00 9.848078e-01 -1.736480e-01
      outer loop
         vertex 6.540635e+01 2.688313e+01 3.443496e+01
         vertex 6.840635e+01 2.688313e+01 3.443496e+01
         vertex 6.540635e+01 2.677225e+01 3.380615e+01
      endloop
   endfacet
   facet normal 0.000000e+00 9.848078e-01 -1.736480e-01
      outer loop
         vertex 6.540635e+01 2.677225e+01 3.380615e+01
         vertex 6.840635e+01 2.688313e+01 3.443496e+01
         vertex 6.840635e+01 2.677225e+01 3.380615e+01
      endloop
   endfacet
   facet normal -0.000000e+00 9.983081e-01 5.814504e-02
      outer loop
         vertex 6.540635e+01 2.677225e+01 3.380615e+01
         vertex 6.840635e+01 2.677225e+01 3.380615e+01
         vertex 6.540635e+01 2.680938e+01 3.316872e+01
      endloop
   endfacet
   facet normal -0.000000e+00 9.983081e-01 5.814504e-02
      outer loop
         vertex 6.540635e+01 2.680938e+01 3.316872e+01
         vertex 6.840635e+01 2.677225e+01 3.380615e+01
         vertex 6.840635e+01 2.680938e+01 3.316872e+01
      endloop
   endfacet
   facet normal -0.000000e+00 9.579895e-01 2.868031e-01
      outer loop
         vertex 6.540635e+01 2.680938e+01 3.316872e+01
         vertex 6.840635e+01 2.680938e+01 3.316872e+01
         vertex 6.540635e+01 2.699251e+01 3.255703e+01
      endloop
   endfacet
   facet normal -0.000000e+00 9.579895e-01 2.868031e-01
      outer loop
         vertex 6.540635e+01 2.699251e+01 3.255703e+01
         vertex 6.840635e+01 2.680938e+01 3.316872e+01
         vertex 6.840635e+01 2.699251e+01 3.255703e+01
      endloop
   endfacet
   facet normal -0.000000e+00 8.660252e-01 5.000003e-01
      outer loop
         vertex 6.540635e+01 2.699251e+01 3.255703e+01
         vertex 6.840635e+01 2.699251e+01 3.255703e+01
         vertex 6.540635e+01 2.731176e+01 3.200406e+01
      endloop
   endfacet
   facet normal -0.000000e+00 8.660252e-01 5.000003e-01
      outer loop
         vertex 6.540635e+01 2.731176e+01 3.200406e+01
         vertex 6.840635e+01 2.699251e+01 3.255703e+01
         vertex 6.840635e+01 2.731176e+01 3.200406e+01
      endloop
   endfacet
   facet normal -0.000000e+00 7.273740e-01 6.862412e-01
      outer loop
         vertex 6.540635e+01 2.731176e+01 3.200406e+01
         vertex 6.840635e+01 2.731176e+01 3.200406e+01
         vertex 6.540635e+01 2.774994e+01 3.153963e+01
      endloop
   endfacet
   facet normal -0.000000e+00 7.273740e-01 6.862412e-01
      outer loop
         vertex 6.540635e+01 2.774994e+01 3.153963e+01
         vertex 6.840635e+01 2.731176e+01 3.200406e+01
         vertex 6.840635e+01 2.774994e+01 3.153963e+01
      endloop
   endfacet
   facet normal -0.000000e+00 5.495088e-01 8.354879e-01
      outer loop
         vertex 6.540635e+01 2.774994e+01 3.153963e+01
         vertex 6.840635e+01 2.774994e+01 3.153963e+01
         vertex 6.540635e+01 2.828340e+01 3.118876e+01
      endloop
   endfacet
   facet normal -0.000000e+00 5.495088e-01 8.354879e-01
      outer loop
         vertex 6.540635e+01 2.828340e+01 3.118876e+01
         vertex 6.840635e+01 2.774994e+01 3.153963e+01
         vertex 6.840635e+01 2.828340e+01 3.118876e+01
      endloop
   endfacet
   facet normal -0.000000e+00 3.420193e-01 9.396929e-01
      outer loop
         vertex 6.540635e+01 2.828340e+01 3.118876e+01
         vertex 6.840635e+01 2.828340e+01 3.118876e+01
         vertex 6.540635e+01 2.888341e+01 3.097038e+01
      endloop
   endfacet
   facet normal -0.000000e+00 3.420193e-01 9.396929e-01
      outer loop
         vertex 6.540635e+01 2.888341e+01 3.097038e+01
         vertex 6.840635e+01 2.828340e+01 3.118876e+01
         vertex 6.840635e+01 2.888341e+01 3.097038e+01
      endloop
   endfacet
   facet normal -0.000000e+00 1.160931e-01 9.932383e-01
      outer loop
         vertex 6.540635e+01 2.888341e+01 3.097038e+01
         vertex 6.840635e+01 2.888341e+01 3.097038e+01
         vertex 6.540635e+01 2.951760e+01 3.089625e+01
      endloop
   endfacet
   facet normal -0.000000e+00 1.160931e-01 9.932383e-01
      outer loop
         vertex 6.540635e+01 2.951760e+01 3.089625e+01
         vertex 6.840635e+01 2.888341e+01 3.097038e+01
         vertex 6.840635e+01 2.951760e+01 3.089625e+01
      endloop
   endfacet
   facet normal 1.000000e+00 0.000000e+00 0.000000e+00
      outer loop
         vertex 6.540635e+01 2.990583e+01 3.509514e+01
         vertex 6.540635e+01 2.983686e+01 3.637765e+01
         vertex 6.540635e+01 2.951760e+01 3.514625e+01
      endloop
   endfacet
   facet normal 1.000000e+00 0.000000e+00 -0.000000e+00
      outer loop
         vertex 6.540635e+01 2.951760e+01 3.514625e+01
         vertex 6.540635e+01 2.983686e+01 3.637765e+01
         vertex 6.540635e+01 2.919835e+01 3.637765e+01
      endloop
   endfacet
   facet normal 1.000000e+00 0.000000e+00 0.000000e+00
      outer loop
         vertex 6.540635e+01 2.951760e+01 3.514625e+01
         vertex 6.540635e+01 2.919835e+01 3.637765e+01
         vertex 6.540635e+01 2.912937e+01 3.509514e+01
      endloop
   endfacet
   facet normal 1.000000e+00 0.000000e+00 -0.000000e+00
      outer loop
         vertex 6.540635e+01 2.912937e+01 3.509514e+01
         vertex 6.540635e+01 2.919835e+01 3.637765e+01
         vertex 6.540635e+01 2.857705e+01 3.623040e+01
      endloop
   endfacet
   facet normal 1.000000e+00 0.000000e+00 0.000000e+00
      outer loop
         vertex 6.540635e+01 2.912937e+01 3.509514e+01
         vertex 6.540635e+01 2.857705e+01 3.623040e+01
         vertex 6.540635e+01 2.876760e+01 3.494529e+01
      endloop
   endfacet
   facet normal 1.000000e+00 0.000000e+00 0.000000e+00
      outer loop
         vertex 6.540635e+01 2.876760e+01 3.494529e+01
         vertex 6.540635e+01 2.857705e+01 3.623040e+01
         vertex 6.540635e+01 2.800645e+01 3.594384e+01
      endloop
   endfacet
   facet normal 1.000000e+00 0.000000e+00 0.000000e+00
      outer loop
         vertex 6.540635e+01 2.876760e+01 3.494529e+01
         vertex 6.540635e+01 2.800645e+01 3.594384e+01
         vertex 6.540635e+01 2.845694e+01 3.470691e+01
      endloop
   endfacet
   facet normal 1.000000e+00 0.000000e+00 0.000000e+00
      outer loop
         vertex 6.540635e+01 2.845694e+01 3.470691e+01
         vertex 6.540635e+01 2.800645e+01 3.594384e+01
         vertex 6.540635e+01 2.751732e+01 3.553341e+01
      endloop
   endfacet
   facet normal 1.000000e+00 0.000000e+00 0.000000e+00
      outer loop
         vertex 6.540635e+01 2.845694e+01 3.470691e+01
         vertex 6.540635e+01 2.751732e+01 3.553341e+01
         vertex 6.540635e+01 2.821856e+01 3.439625e+01
      endloop
   endfacet
   facet normal 1.000000e+00 0.000000e+00 0.000000e+00
      outer loop
         vertex 6.540635e+01 2.821856e+01 3.439625e+01
         vertex 6.540635e+01 2.751732e+01 3.553341e+01
         vertex 6.540635e+01 2.713603e+01 3.502125e+01
      endloop
   endfacet
   facet normal 1.000000e+00 0.000000e+00 0.000000e+00
      outer loop
         vertex 6.540635e+01 2.821856e+01 3.439625e+01
         vertex 6.540635e+01 2.713603e+01 3.502125e+01
         vertex 6.540635e+01 2.806871e+01 3.403448e+01
      endloop
   endfacet
   facet normal 1.000000e+00 0.000000e+00 0.000000e+00
      outer loop
         vertex 6.540635e+01 2.806871e+01 3.403448e+01
         vertex 6.540635e+01 2.713603e+01 3.502125e+01
         vertex 6.540635e+01 2.688313e+01 3.443496e+01
      endloop
   endfacet
   facet normal 1.000000e+00 0.000000e+00 0.000000e+00
      outer loop
         vertex 6.540635e+01 2.806871e+01 3.403448e+01
         vertex 6.540635e+01 2.688313e+01 3.443496e+01
         vertex 6.540635e+01 2.801760e+01 3.364625e+01
      endloop
   endfacet
   facet normal 1.000000e+00 0.000000e+00 0.000000e+00
      outer loop
         vertex 6.540635e+01 2.801760e+01 3.364625e+01
         vertex 6.540635e+01 2.688313e+01 3.443496e+01
         vertex 6.540635e+01 2.677225e+01 3.380615e+01
      endloop
   endfacet
   facet normal 1.000000e+00 0.000000e+00 0.000000e+00
      outer loop
         vertex 6.540635e+01 2.801760e+01 3.364625e+01
         vertex 6.540635e+01 2.677225e+01 3.380615e+01
         vertex 6.540635e+01 2.806871e+01 3.325802e+01
      endloop
   endfacet
   facet normal 1.000000e+00 -0.000000e+00 0.000000e+00
      outer loop
         vertex 6.540635e+01 3.081664e+01 3.289625e+01
         vertex 6.540635e+01 3.204270e+01 3.255703e+01
         vertex 6.540635e+01 3.096649e+01 3.325802e+01
      endloop
   endfacet
   facet normal 1.000000e+00 0.000000e+00 0.000000e+00
      outer loop
         vertex 6.540635e+01 3.096649e+01 3.325802e+01
         vertex 6.540635e+01 3.204270e+01 3.255703e+01
         vertex 6.540635e+01 3.222582e+01 3.316872e+01
      endloop
   endfacet
   facet normal 1.000000e+00 -0.000000e+00 0.000000e+00
      outer loop
         vertex 6.540635e+01 3.096649e+01 3.325802e+01
         vertex 6.540635e+01 3.222582e+01 3.316872e+01
         vertex 6.540635e+01 3.101760e+01 3.364625e+01
      endloop
   endfacet
   facet normal 1.000000e+00 -0.000000e+00 0.000000e+00
      outer loop
         vertex 6.540635e+01 3.101760e+01 3.364625e+01
         vertex 6.540635e+01 3.222582e+01 3.316872e+01
         vertex 6.540635e+01 3.226295e+01 3.380615e+01
      endloop
   endfacet
   facet normal 1.000000e+00 0.000000e+00 -0.000000e+00
      outer loop
         vertex 6.540635e+01 3.101760e+01 3.364625e+01
         vertex 6.540635e+01 3.226295e+01 3.380615e+01
         vertex 6.540635e+01 3.096649e+01 3.403448e+01
      endloop
   endfacet
   facet normal 1.000000e+00 -0.000000e+00 0.000000e+00
      outer loop
         vertex 6.540635e+01 3.096649e+01 3.403448e+01
         vertex 6.540635e+01 3.226295e+01 3.380615e+01
         vertex 6.540635e+01 3.215207e+01 3.443496e+01
      endloop
   endfacet
   facet normal 1.000000e+00 0.000000e+00 -0.000000e+00
      outer loop
         vertex 6.540635e+01 3.096649e+01 3.403448e+01
         vertex 6.540635e+01 3.215207e+01 3.443496e+01
         vertex 6.540635e+01 3.081664e+01 3.439625e+01
      endloop
   endfacet
   facet normal 1.000000e+00 0.000000e+00 0.000000e+00
      outer loop
         vertex 6.540635e+01 3.081664e+01 3.439625e+01
         vertex 6.540635e+01 3.215207e+01 3.443496e+01
         vertex 6.540635e+01 3.189917e+01 3.502125e+01
      endloop
   endfacet
   facet normal 1.000000e+00 0.000000e+00 -0.000000e+00
      outer loop
         vertex 6.540635e+01 3.081664e+01 3.439625e+01
         vertex 6.540635e+01 3.189917e+01 3.502125e+01
         vertex 6.540635e+01 3.057826e+01 3.470691e+01
      endloop
   endfacet
   facet normal 1.000000e+00 0.000000e+00 0.000000e+00
      outer loop
         vertex 6.540635e+01 3.057826e+01 3.470691e+01
         vertex 6.540635e+01 3.189917e+01 3.502125e+01
         vertex 6.540635e+01 3.151788e+01 3.553341e+01
      endloop
   endfacet
   facet normal 1.000000e+00 0.000000e+00 -0.000000e+00
      outer loop
         vertex 6.540635e+01 3.057826e+01 3.470691e+01
         vertex 6.540635e+01 3.151788e+01 3.553341e+01
         vertex 6.540635e+01 3.026760e+01 3.494529e+01
      endloop
   endfacet
   facet normal 1.000000e+00 0.000000e+00 0.000000e+00
      outer loop
         vertex 6.540635e+01 3.026760e+01 3.494529e+01
         vertex 6.540635e+01 3.151788e+01 3.553341e+01
         vertex 6.540635e+01 3.102875e+01 3.594384e+01
      endloop
   endfacet
   facet normal 1.000000e+00 0.000000e+00 -0.000000e+00
      outer loop
         vertex 6.540635e+01 3.026760e+01 3.494529e+01
         vertex 6.540635e+01 3.102875e+01 3.594384e+01
         vertex 6.540635e+01 2.990583e+01 3.509514e+01
      endloop
   endfacet
   facet normal 1.000000e+00 0.000000e+00 0.000000e+00
      outer loop
         vertex 6.540635e+01 2.990583e+01 3.509514e+01
         vertex 6.540635e+01 3.102875e+01 3.594384e+01
         vertex 6.540635e+01 3.045816e+01 3.623040e+01
      endloop
   endfacet
   facet normal 1.000000e+00 0.000000e+00 -0.000000e+00
      outer loop
         vertex 6.540635e+01 2.990583e+01 3.509514e+01
         vertex 6.540635e+01 3.045816e+01 3.623040e+01
         vertex 6.540635e+01 2.983686e+01 3.637765e+01
      endloop
   endfacet
   facet normal 1.000000e+00 0.000000e+00 0.000000e+00
      outer loop
         vertex 6.540635e+01 2.677225e+01 3.380615e+01
         vertex 6.540635e+01 2.680938e+01 3.316872e+01
         vertex 6.540635e+01 2.806871e+01 3.325802e+01
      endloop
   endfacet
   facet normal 1.000000e+00 0.000000e+00 0.000000e+00
      outer loop
         vertex 6.540635e+01 2.806871e+01 3.325802e+01
         vertex 6.540635e+01 2.680938e+01 3.316872e+01
         vertex 6.540635e+01 2.699251e+01 3.255703e+01
      endloop
   endfacet
   facet normal 1.000000e+00 0.000000e+00 0.000000e+00
      outer loop
         vertex 6.540635e+01 2.806871e+01 3.325802e+01
         vertex 6.540635e+01 2.699251e+01 3.255703e+01
         vertex 6.540635e+01 2.821856e+01 3.289625e+01
      endloop
   endfacet
   facet normal 1.000000e+00 0.000000e+00 0.000000e+00
      outer loop
         vertex 6.540635e+01 2.821856e+01 3.289625e+01
         vertex 6.540635e+01 2.699251e+01 3.255703e+01
         vertex 6.540635e+01 2.731176e+01 3.200406e+01
      endloop
   endfacet
   facet normal 1.000000e+00 0.000000e+00 0.000000e+00
      outer loop
         vertex 6.540635e+01 2.821856e+01 3.289625e+01
         vertex 6.540635e+01 2.731176e+01 3.200406e+01
         vertex 6.540635e+01 2.845694e+01 3.258559e+01
      endloop
   endfacet
   facet normal 1.000000e+00 0.000000e+00 0.000000e+00
      outer loop
         vertex 6.540635e+01 2.845694e+01 3.258559e+01
         vertex 6.540635e+01 2.731176e+01 3.200406e+01
         vertex 6.540635e+01 2.774994e+01 3.153963e+01
      endloop
   endfacet
   facet normal 1.000000e+00 0.000000e+00 0.000000e+00
      outer loop
         vertex 6.540635e+01 2.845694e+01 3.258559e+01
         vertex 6.540635e+01 2.774994e+01 3.153963e+01
         vertex 6.540635e+01 2.876760e+01 3.234721e+01
      endloop
   endfacet
   facet normal 1.000000e+00 0.000000e+00 0.000000e+00
      outer loop
         vertex 6.540635e+01 2.876760e+01 3.234721e+01
         vertex 6.540635e+01 2.774994e+01 3.153963e+01
         vertex 6.540635e+01 2.828340e+01 3.118876e+01
      endloop
   endfacet
   facet normal 1.000000e+00 0.000000e+00 0.000000e+00
      outer loop
         vertex 6.540635e+01 2.876760e+01 3.234721e+01
         vertex 6.540635e+01 2.828340e+01 3.118876e+01
         vertex 6.540635e+01 2.912937e+01 3.219736e+01
      endloop
   endfacet
   facet normal 1.000000e+00 0.000000e+00 0.000000e+00
      outer loop
         vertex 6.540635e+01 2.912937e+01 3.219736e+01
         vertex 6.540635e+01 2.828340e+01 3.118876e+01
         vertex 6.540635e+01 2.888341e+01 3.097038e+01
      endloop
   endfacet
   facet normal 1.000000e+00 0.000000e+00 0.000000e+00
      outer loop
         vertex 6.540635e+01 2.912937e+01 3.219736e+01
         vertex 6.540635e+01 2.888341e+01 3.097038e+01
         vertex 6.540635e+01 2.951760e+01 3.214625e+01
      endloop
   endfacet
   facet normal 1.000000e+00 0.000000e+00 0.000000e+00
      outer loop
         vertex 6.540635e+01 2.951760e+01 3.214625e+01
         vertex 6.540635e+01 2.888341e+01 3.097038e+01
         vertex 6.540635e+01 2.951760e+01 3.089625e+01
      endloop
   endfacet
   facet normal 1.000000e+00 -0.000000e+00 0.000000e+00
      outer loop
         vertex 6.540635e+01 2.951760e+01 3.214625e+01
         vertex 6.540635e+01 2.951760e+01 3.089625e+01
         vertex 6.540635e+01 2.990583e+01 3.219736e+01
      endloop
   endfacet
   facet normal 1.000000e+00 0.000000e+00 0.000000e+00
      outer loop
         vertex 6.540635e+01 2.990583e+01 3.219736e+01
         vertex 6.540635e+01 2.951760e+01 3.089625e+01
         vertex 6.540635e+01 3.015180e+01 3.097038e+01
      endloop
   endfacet
   facet normal 1.000000e+00 -0.000000e+00 0.000000e+00
      outer loop
         vertex 6.540635e+01 2.990583e+01 3.219736e+01
         vertex 6.540635e+01 3.015180e+01 3.097038e+01
         vertex 6.540635e+01 3.026760e+01 3.234721e+01
      endloop
   endfacet
   facet normal 1.000000e+00 0.000000e+00 0.000000e+00
      outer loop
         vertex 6.540635e+01 3.026760e+01 3.234721e+01
         vertex 6.540635e+01 3.015180e+01 3.097038e+01
         vertex 6.540635e+01 3.075180e+01 3.118876e+01
      endloop
   endfacet
   facet normal 1.000000e+00 -0.000000e+00 0.000000e+00
      outer loop
         vertex 6.540635e+01 3.026760e+01 3.234721e+01
         vertex 6.540635e+01 3.075180e+01 3.118876e+01
         vertex 6.540635e+01 3.057826e+01 3.258559e+01
      endloop
   endfacet
   facet normal 1.000000e+00 0.000000e+00 0.000000e+00
      outer loop
         vertex 6.540635e+01 3.057826e+01 3.258559e+01
         vertex 6.540635e+01 3.075180e+01 3.118876e+01
         vertex 6.540635e+01 3.128527e+01 3.153963e+01
      endloop
   endfacet
   facet normal 1.000000e+00 -0.000000e+00 0.000000e+00
      outer loop
         vertex 6.540635e+01 3.057826e+01 3.258559e+01
         vertex 6.540635e+01 3.128527e+01 3.153963e+01
         vertex 6.540635e+01 3.081664e+01 3.289625e+01
      endloop
   endfacet
   facet normal 1.000000e+00 0.000000e+00 0.000000e+00
      outer loop
         vertex 6.540635e+01 3.081664e+01 3.289625e+01
         vertex 6.540635e+01 3.128527e+01 3.153963e+01
         vertex 6.540635e+01 3.172344e+01 3.200406e+01
      endloop
   endfacet
   facet normal 1.000000e+00 0.000000e+00 0.000000e+00
      outer loop
         vertex 6.540635e+01 3.081664e+01 3.289625e+01
         vertex 6.540635e+01 3.172344e+01 3.200406e+01
         vertex 6.540635e+01 3.204270e+01 3.255703e+01
      endloop
   endfacet
endsolid servo_coupler - shaft_bracket^servo_coupler-1